"Template_ID","Run_ID","Run_Ordinal","Start_u","End_u","Source_Type","Primary_Descriptor","State_Label","Event_Label","Pause_Subtype","Contextual_Separator_Label","Borderline_Gap_Label","Secondary_Event_Label","Secondary_Event_Subtype","Secondary_Scoring_Role","Product_Level_Mapping","Renewal_Family","Regularity_Regime","Tonic_Subtype","Tonic_Rate_Overlap_Stratum","HFS_Rate_Overlap_Stratum","HFS_Support_Contract_Version","Burst_Strength_Stratum","Burst_Quota_ID","Burst_Contrast_Target","Component_Type","Component_Slot","RNG_Seed","RNG_Stream_Registry","Local_ISI_SHA256","Mean_ISI_Parameter_u","Gamma_Shape","Refractory_u","N_ISIs","Duration_u","Observed_Mean_ISI_u","CV","CV2","LV","Generation_Attempts"
"TPL_001","TPL_001_RUN_001",1,0,12.8257610398382,"tonic_shifted_gamma_generic_stress","Tonic:generic_stress","Tonic","none","none","none","none","none","none","none","none","shifted_gamma","generic_stress","generic_stress","core","not_applicable","not_applicable","none","none",,"tonic","tonic_generic_stress",971834811,"point_process=971834811","52b3c11710559c53460bab2531bcb6e6008d21d8cd90b6fead2bf4d9260dc34e",0.963091246765107,15.3015535734594,0.02,12,12.8257610398382,1.06881341998652,0.234500723674635,0.30509725072384,0.0937908613231705,1
"TPL_001","TPL_001_RUN_002",2,12.8257610398382,15.9670527160205,"canonical_mechanism","Pause:canonical","none","Pause","canonical","none","none","none","none","none","none","explicit_gap","canonical","none","not_applicable","not_applicable","not_applicable","none","none",,"pause","canonical_after_tonic",1841288327,"point_process=1841288327","647f8d81690a65d6e0532412b8629cdd178a3c79d4767412e8d82295586ceca6",3.1412916761823,,,1,3.1412916761823,3.1412916761823,0,0,0,1
"TPL_001","TPL_001_RUN_003",3,15.9670527160205,16.5218306627834,"background_shifted_gamma","Background","none","none","none","none","none","none","none","none","none","shifted_gamma","background","none","not_applicable","not_applicable","not_applicable","none","none",,"background","after_tonic_canonical_pause_macro",297472611,"point_process=297472611","855caa39e508fcb3f1484f893d2ea4dc831e1712cf4ed8d15f87a4164be8dbc9",0.653656646970194,2.41282059170771,0.02,1,0.554777946762909,0.554777946762909,0,0,0,1
"TPL_001","TPL_001_RUN_004",4,16.5218306627834,23.418889242705,"tonic_shifted_gamma_stn_like_empirical","Tonic:stn_like_empirical","Tonic","none","none","none","none","none","none","none","none","shifted_gamma","stn_like_empirical","stn_like_empirical","boundary","not_applicable","not_applicable","none","none",,"tonic","tonic_stn_like_empirical",773128855,"point_process=773128855","78f58d1c40002b35ef19155551d5afa07615c8d83614799079b9c1480ab93a38",0.471605431428179,49.0355913806707,0.02,15,6.89705857992156,0.459803905328104,0.162327408125263,0.154382292523751,0.0285546806196312,1
"TPL_001","TPL_001_RUN_005",5,23.418889242705,28.6735463044755,"complex_multi_gap_mechanism","Pause:complex_multi_gap","none","Pause","complex_multi_gap","none","none","none","none","none","none","explicit_gap","complex_multi_gap","none","not_applicable","not_applicable","not_applicable","none","none",,"pause","complex_multi_gap_after_tonic",1851058062,"point_process=1851058062","fb9c22442f00f06d9b1e7f63722eff0786352231788377c9570fdb6bc8378ad7",2.62732853088528,,,2,5.25465706177056,2.62732853088528,0.129533504192011,0.183188038410054,0.0251683930623926,1
"TPL_001","TPL_001_RUN_006",6,28.6735463044755,32.0471790575168,"standalone_background_shifted_gamma","Burst","none","Burst","none","none","none","none","none","none","none","shifted_gamma","standalone_background","none","not_applicable","not_applicable","not_applicable","weak","BQ_001",2.88903102949262,"burst","BQ_001",1540251816,"hfs=1419388088;nested_burst=1655082649;point_process=1540251816","9692fb230909f52ade869c9df69982627562d62902a88e4eb6498817ab20d1da",0.724028901464772,3.82232811078429,0.02,8,3.37363275304122,0.421704094130153,0.596796058628778,0.364808945930332,0.139224185404902,3
"TPL_001","TPL_001_RUN_007",7,32.0471790575168,32.6704756078963,"contextual_gap_mechanism","Contextual_Separator","none","none","none","Contextual_Separator","none","Contextual_Separator","contextual_interburst_gap_separator","secondary_target_excluded_from_primary_pause","Pause","explicit_gap","contextual_separator","none","not_applicable","not_applicable","not_applicable","none","none",,"contextual_separator","separator_1",460194801,"point_process=460194801","ae41db7cae06e5f917bfed747329ca46ec17a5ee4c806ec30a8502d72eae8fbc",0.623296550379503,,,1,0.623296550379503,0.623296550379503,0,0,0,1
"TPL_001","TPL_001_RUN_008",8,32.6704756078963,36.6001193505121,"standalone_background_shifted_gamma","Burst","none","Burst","none","none","none","none","none","none","none","shifted_gamma","standalone_background","none","not_applicable","not_applicable","not_applicable","moderate","BQ_002",3.74765297677368,"burst","BQ_002",478922285,"hfs=1497785234;nested_burst=104640256;point_process=478922285","64bff8345210f331438dddfba1f08566b340a2292ed29570087c59e836b0a8a7",0.501780904177576,4.49280708432198,0.02,11,3.92964374261589,0.357240340237808,0.820010683773303,0.535008779316049,0.287580830804208,2
"TPL_001","TPL_001_RUN_009",9,36.6001193505121,42.0762141064265,"standalone_background_shifted_gamma","Burst","none","Burst","none","none","none","none","none","none","none","shifted_gamma","standalone_background","none","not_applicable","not_applicable","not_applicable","strong","BQ_003",5.00231299572624,"burst","BQ_003",1001180669,"hfs=706866497;nested_burst=633658229;point_process=1001180669","1dfbae76787f9776cea547b35088868c13c497d7a81ee44274576199598034d4",0.788979655271396,2.67938217222691,0.02,12,5.47609475591431,0.456341229659526,0.792866395400959,0.593141696251275,0.433407514356583,2
"TPL_001","TPL_001_RUN_010",10,42.0762141064265,49.6976331014678,"broad_hfs_shifted_gamma","Broad_HFS","Broad_HFS","none","none","none","none","none","none","none","none","shifted_gamma","irregular","none","not_applicable","deep","v2.3_slow_overlap_direct_support_0.65B","none","none",,"hfs","plain_hfs_irregular",144721407,"point_process=144721407","3dda55f02e7c088d4310ef6b10bbfb83291b7b17869fec57ee772e90efe9aca8",0.400550139686093,1.58736596780363,0.02,22,7.62141899504136,0.346428136138243,0.522841389835867,0.585480848421635,0.375656312143157,58
"TPL_001","TPL_001_RUN_011",11,49.6976331014678,50.6430515835706,"background_shifted_gamma","Background","none","none","none","none","none","none","none","none","none","shifted_gamma","background","none","not_applicable","not_applicable","not_applicable","none","none",,"background","after_direct_burst_hfs_macro",373373576,"point_process=373373576","99cf47170a9412e5a0438de96f5000389473155604fd9f88879655fe9e4d1e8b",0.778843645425513,4.35970987996552,0.02,1,0.945418482102832,0.945418482102832,0,0,0,1
"TPL_001","TPL_001_RUN_012",12,50.6430515835706,51.8847260243601,"borderline_gap_mechanism","Borderline_Gap","none","none","none","none","Borderline_Gap","Borderline_Gap","tonic_tail_overlap_gap","secondary_target_excluded_from_primary_pause","Pause","explicit_gap","borderline_gap","none","not_applicable","not_applicable","not_applicable","none","none",,"borderline_gap","borderline_gap_1",1346211654,"point_process=1346211654","82e2f8a2a577c3f6942892b14b38c3529163fd67b4106c3df693bc7fb1d2e53f",1.2416744407895,,,1,1.2416744407895,1.2416744407895,0,0,0,1
"TPL_001","TPL_001_RUN_013",13,51.8847260243601,59.0914650309211,"broad_hfs_shifted_gamma","Burst","Broad_HFS","Burst","none","none","none","none","none","none","none","shifted_gamma","regular","none","not_applicable","core","v2.3_slow_overlap_direct_support_0.65B","weak","BQ_061",2.45703908726573,"hfs_with_nested_burst","BQ_061",1970350167,"hfs=1897142262;nested_burst=652414163;hfs_total=1722008556;point_process=1970350167","b71c82360ae963d402e8c9d0e888ba4a1cc1286ac27cf31dd89f1fa3f42e193d",0.279366957703605,9.38826837670058,0.02,29,7.20673900656092,0.248508241605549,0.457514159143588,0.427803995885316,0.236085210281045,2
"TPL_001","TPL_001_RUN_014",14,59.0914650309211,62.628301259953,"canonical_mechanism","Pause:canonical","none","Pause","canonical","none","none","none","none","none","none","explicit_gap","canonical","none","not_applicable","not_applicable","not_applicable","none","none",,"pause","canonical_composite_hfs_connector",1616116517,"point_process=1616116517","f0dc6fbdd51932daee490578ba857eb6b54458f2d55f0259057640e4c214492b",3.53683622903191,,,1,3.53683622903191,3.53683622903191,0,0,0,1
"TPL_001","TPL_001_RUN_015",15,62.628301259953,73.7933070268073,"broad_hfs_shifted_gamma","Burst","Broad_HFS","Burst","none","none","none","none","none","none","none","shifted_gamma","intermediate","none","not_applicable","boundary","v2.3_slow_overlap_direct_support_0.65B","moderate","BQ_062",3.2499472538475,"hfs_with_nested_burst","BQ_062",742056740,"hfs=1925907122;nested_burst=1530127862;hfs_total=1342711254;point_process=742056740","3c6bb7b5dbe1b642c014fabc85ca0cb2eaa1f50b89bc4e3792d3304df1cd3c72",0.35658081093803,3.5223484987393,0.02,34,11.1650057668544,0.32838252255454,0.561734907789286,0.528017581975603,0.314754863521814,3
"TPL_002","TPL_002_RUN_001",1,0,10.4036592234531,"broad_hfs_shifted_gamma","Broad_HFS","Broad_HFS","none","none","none","none","none","none","none","none","shifted_gamma","regular","none","not_applicable","boundary","v2.3_slow_overlap_direct_support_0.65B","none","none",,"hfs","plain_hfs_regular",725514644,"point_process=725514644","0d767687812ab6c7088db4a9cc5aeef9ad15cee58acb2bc2c011129d59b06241",0.320242547718808,7.33812886616215,0.02,31,10.4036592234531,0.335601910433972,0.304726947156944,0.296748061343357,0.102399343024436,1
"TPL_002","TPL_002_RUN_002",2,10.4036592234531,17.2561805277762,"standalone_background_shifted_gamma","Burst","none","Burst","none","none","none","none","none","none","none","shifted_gamma","standalone_background","none","not_applicable","not_applicable","not_applicable","weak","BQ_004",2.92428292613477,"burst","BQ_004",1977022486,"hfs=1050072087;nested_burst=1265971529;point_process=1977022486","0c33c0a2c2cbd01da205b0a706fbfa496c5d87d8980ad1f7cc2632ed2c8dbcb4",0.615004750248045,4.39656540751457,0.02,17,6.85252130432306,0.403089488489592,0.625525474078724,0.55021531153046,0.331061034541605,8
"TPL_002","TPL_002_RUN_003",3,17.2561805277762,17.9738281537255,"background_shifted_gamma","Background","none","none","none","none","none","none","none","none","none","shifted_gamma","background","none","not_applicable","not_applicable","not_applicable","none","none",,"background","after_direct_burst_hfs_macro",1820948311,"point_process=1820948311","5c2c6f67b9720555d7f539b8c5a2d4755b49b4d83e9a73f6df57f5a5e00d5027",0.558537700516172,2.75206427183002,0.02,1,0.7176476259493,0.7176476259493,0,0,0,1
"TPL_002","TPL_002_RUN_004",4,17.9738281537255,25.1195003960053,"broad_hfs_shifted_gamma","Burst","Broad_HFS","Burst","none","none","none","none","none","none","none","shifted_gamma","irregular","none","not_applicable","core","v2.3_slow_overlap_direct_support_0.65B","strong","BQ_064",4.18995228921995,"hfs_with_nested_burst","BQ_064",714272307,"hfs=1826243712;nested_burst=309052133;hfs_total=1391965712;point_process=714272307","bb96aa5321356344912445d601df49192b5290d7400ab310059855c89de6fe20",0.235331687601283,1.59456288234796,0.02,33,7.14567224227975,0.216535522493326,0.601891085605093,0.455684283476491,0.211535273280537,72
"TPL_002","TPL_002_RUN_005",5,25.1195003960053,26.9749938740381,"background_shifted_gamma","Background","none","none","none","none","none","none","none","none","none","shifted_gamma","background","none","not_applicable","not_applicable","not_applicable","none","none",,"background","after_hfs_overlay_hfs_2",120412952,"point_process=120412952","dae258e8ed5fc942ada033e4991ab375b2f233dda93811215d362babb87d13d4",0.673084430000745,3.49815656105056,0.02,2,1.85549347803283,0.927746739016417,0.422137539440106,0.596992633463005,0.26730015330682,1
"TPL_002","TPL_002_RUN_006",6,26.9749938740381,40.3944281286502,"broad_hfs_shifted_gamma","Burst","Broad_HFS","Burst","none","none","none","none","none","none","none","shifted_gamma","intermediate","none","not_applicable","deep","v2.3_slow_overlap_direct_support_0.65B","weak","BQ_063",2.48357351273298,"hfs_with_nested_burst","BQ_063",621256141,"hfs=1905090391;nested_burst=1457088572;hfs_total=1445736790;point_process=621256141","adff6e9460062398d11b25573b5a18955a3b4c397fe94de97eaf66050c23e113",0.399561310894787,3.86346379253082,0.02,33,13.4194342546121,0.406649522867033,0.445899530526386,0.532120563186904,0.324617153999546,8
"TPL_002","TPL_002_RUN_007",7,40.3944281286502,41.4266013678866,"background_shifted_gamma","Background","none","none","none","none","none","none","none","none","none","shifted_gamma","background","none","not_applicable","not_applicable","not_applicable","none","none",,"background","after_hfs_overlay_hfs_1",141757505,"point_process=141757505","0a4e6f3c23d58d6ed08249794270b6160191306192a0751b8be899e6387d25c4",0.713080905564129,5.09272191522177,0.02,1,1.03217323923645,1.03217323923645,0,0,0,1
"TPL_002","TPL_002_RUN_008",8,41.4266013678866,47.3130818012021,"tonic_shifted_gamma_generic_stress","Tonic:generic_stress","Tonic","none","none","none","none","none","none","none","none","shifted_gamma","generic_stress","generic_stress","boundary","not_applicable","not_applicable","none","none",,"tonic","tonic_generic_stress",859861166,"point_process=859861166","b123041b177ada186a44a556dc385c967539b1d3d667d49ed50838ce152dae9b",0.471658308180049,27.2313225218095,0.02,13,5.8864804333155,0.452806187178116,0.242620255735374,0.234711939915545,0.0582353331739269,1
"TPL_002","TPL_002_RUN_009",9,47.3130818012021,48.6290048413365,"borderline_gap_mechanism","Borderline_Gap","none","none","none","none","Borderline_Gap","Borderline_Gap","tonic_tail_overlap_gap","secondary_target_excluded_from_primary_pause","Pause","explicit_gap","borderline_gap","none","not_applicable","not_applicable","not_applicable","none","none",,"borderline_gap","borderline_gap_1",1271330277,"point_process=1271330277","15f7a5ff8d62840b954c3674146dcdf37091d3e06522a3c14be05e472e14c1da",1.31592304013437,,,1,1.31592304013437,1.31592304013437,0,0,0,1
"TPL_002","TPL_002_RUN_010",10,48.6290048413365,51.9804948037409,"standalone_background_shifted_gamma","Burst","none","Burst","none","none","none","none","none","none","none","shifted_gamma","standalone_background","none","not_applicable","not_applicable","not_applicable","moderate","BQ_005",3.98704726994038,"burst","BQ_005",1428072886,"hfs=1370790560;nested_burst=664068535;point_process=1428072886","8af12f9e7b7d86845adc8d0a3e46fd005e96b07072512d7fe66fb58fc6885501",0.614101021119859,4.59240206032991,0.02,12,3.35148996240437,0.279290830200365,0.898909096851627,0.584642636168083,0.376191731602277,1
"TPL_002","TPL_002_RUN_011",11,51.9804948037409,52.6053321355872,"contextual_gap_mechanism","Contextual_Separator","none","none","none","Contextual_Separator","none","Contextual_Separator","contextual_interburst_gap_separator","secondary_target_excluded_from_primary_pause","Pause","explicit_gap","contextual_separator","none","not_applicable","not_applicable","not_applicable","none","none",,"contextual_separator","separator_1",920149652,"point_process=920149652","26c83f95270de6cc0f5173efe0a88ad1f17c2181cb94d70d4ce780f50a361f8d",0.624837331846356,,,1,0.624837331846356,0.624837331846356,0,0,0,1
"TPL_002","TPL_002_RUN_012",12,52.6053321355872,55.7205017430127,"standalone_background_shifted_gamma","Burst","none","Burst","none","none","none","none","none","none","none","shifted_gamma","standalone_background","none","not_applicable","not_applicable","not_applicable","strong","BQ_006",4.71560554555617,"burst","BQ_006",2091255289,"hfs=609665860;nested_burst=1992768886;point_process=2091255289","32ab981b4518a1f215d6b70d8deecfedcc8c3ada4ef2684565928fce197ceb15",0.523014283692464,3.22144125178456,0.02,11,3.11516960742548,0.28319723703868,1.00520816404033,0.622295137644661,0.403926997087219,9
"TPL_002","TPL_002_RUN_013",13,55.7205017430127,56.0505425838668,"background_shifted_gamma","Background","none","none","none","none","none","none","none","none","none","shifted_gamma","background","none","not_applicable","not_applicable","not_applicable","none","none",,"background","after_contextual_macro",962115692,"point_process=962115692","9e01678e4369284a7e74f937932d65d1c7a3a40045bf94f245625a58963e43f5",0.773042009747587,4.70960755401757,0.02,1,0.330040840854087,0.330040840854087,0,0,0,1
"TPL_002","TPL_002_RUN_014",14,56.0505425838668,60.2724390516903,"canonical_mechanism","Pause:canonical","none","Pause","canonical","none","none","none","none","none","none","explicit_gap","canonical","none","not_applicable","not_applicable","not_applicable","none","none",,"pause","canonical_standalone",407850919,"point_process=407850919","9a6228354b8c3822ffe3960c6c962d57687cad68a056b61b20c549091b81cd2d",4.22189646782354,,,1,4.22189646782354,4.22189646782354,0,0,0,1
"TPL_002","TPL_002_RUN_015",15,60.2724390516903,61.7157838292883,"background_shifted_gamma","Background","none","none","none","none","none","none","none","none","none","shifted_gamma","background","none","not_applicable","not_applicable","not_applicable","none","none",,"background","after_canonical_pause_only",640406263,"point_process=640406263","0127c4840838df1d41a49695759dfc638157eec72dde388ba79d5edbe2f98de3",0.680383849551436,3.71422203490511,0.02,2,1.44334477759793,0.721672388798965,0.0918576078823795,0.129906274874411,0.0126567301888095,1
"TPL_002","TPL_002_RUN_016",16,61.7157838292883,66.9755699529193,"tonic_shifted_gamma_stn_like_empirical","Tonic:stn_like_empirical","Tonic","none","none","none","none","none","none","none","none","shifted_gamma","stn_like_empirical","stn_like_empirical","deep","not_applicable","not_applicable","none","none",,"tonic","tonic_stn_like_empirical",113501397,"point_process=113501397","e4dca2cd9bbcc131af78b85e3bd9ac57b0e0573b753e4c32c446ca86f9049bb1",0.43932096671313,67.1116274548694,0.02,12,5.259786123631,0.438315510302583,0.0634524807700866,0.0965818322017883,0.00804075434608118,1
"TPL_002","TPL_002_RUN_017",17,66.9755699529193,70.1331185742627,"canonical_mechanism","Pause:canonical","none","Pause","canonical","none","none","none","none","none","none","explicit_gap","canonical","none","not_applicable","not_applicable","not_applicable","none","none",,"pause","canonical_after_tonic",1314691074,"point_process=1314691074","62a9fed150766096c055191c53423f0d9823526c1634cfbb468d6ef17744a237",3.15754862134345,,,1,3.15754862134345,3.15754862134345,0,0,0,1
"TPL_003","TPL_003_RUN_001",1,0,6.94657580329266,"broad_hfs_shifted_gamma","Burst","Broad_HFS","Burst","none","none","none","none","none","none","none","shifted_gamma","irregular","none","not_applicable","boundary","v2.3_slow_overlap_direct_support_0.65B","moderate","BQ_065",3.93286679382436,"hfs_with_nested_burst","BQ_065",1536902375,"hfs=801422931;nested_burst=1595552752;hfs_total=1410748138;point_process=1536902375","a03daf12e02153ee5067a394a0bb8eb1dbf29440cc75d06fbe548b4627c15a1a",0.275124340225011,1.26357237040065,0.02,29,6.94657580329266,0.239537096665264,0.754517475965236,0.830026835083592,0.626468881033943,7
"TPL_003","TPL_003_RUN_002",2,6.94657580329266,11.1081357124557,"canonical_mechanism","Pause:canonical","none","Pause","canonical","none","none","none","none","none","none","explicit_gap","canonical","none","not_applicable","not_applicable","not_applicable","none","none",,"pause","canonical_composite_hfs_connector",552212353,"point_process=552212353","19c9705bff05a174bab3a572f366b619bba13a0b25cc0ca1210794211a6df7c3",4.16155990916304,,,1,4.16155990916304,4.16155990916304,0,0,0,1
"TPL_003","TPL_003_RUN_003",3,11.1081357124557,22.0892248882414,"broad_hfs_shifted_gamma","Burst","Broad_HFS","Burst","none","none","none","none","none","none","none","shifted_gamma","regular","none","not_applicable","deep","v2.3_slow_overlap_direct_support_0.65B","strong","BQ_066",4.37931964697782,"hfs_with_nested_burst","BQ_066",787752475,"hfs=1033193807;nested_burst=1383983802;hfs_total=974587343;point_process=787752475","2c7ac6eb1c331c0b2ff3c148437cfc6cfc4d1685ad3e5a3b89d4f6b9df0f469e",0.437399316867813,11.245795651339,0.02,28,10.9810891757856,0.392181756278059,0.456274210585051,0.380192453955345,0.163720205714525,1
"TPL_003","TPL_003_RUN_004",4,22.0892248882414,23.3598443031121,"background_shifted_gamma","Background","none","none","none","none","none","none","none","none","none","shifted_gamma","background","none","not_applicable","not_applicable","not_applicable","none","none",,"background","after_composite_hfs_pause_hfs_macro",169426260,"point_process=169426260","ca543bbbcff791ae2aca4540e334929f4aafe842786a97c560b4c0d96574d41c",0.680580982542597,2.74838532984722,0.02,2,1.27061941487073,0.635309707435363,0.454204774323808,0.64234255194334,0.309452965527812,1
"TPL_003","TPL_003_RUN_005",5,23.3598443031121,26.740273832582,"standalone_background_shifted_gamma","Burst","none","Burst","none","none","none","none","none","none","none","shifted_gamma","standalone_background","none","not_applicable","not_applicable","not_applicable","strong","BQ_009",5.05530832556542,"burst","BQ_009",412821064,"hfs=443537057;nested_burst=56954369;point_process=412821064","3d4415e24d3253fc24e946de28d45413846fe64db057f11bcf76eaca0c588088",0.524117858475074,4.38674603551626,0.02,14,3.38042952946993,0.241459252104995,0.926761502545325,0.349627376475722,0.155545260125873,2
"TPL_003","TPL_003_RUN_006",6,26.740273832582,27.3552488342377,"contextual_gap_mechanism","Contextual_Separator","none","none","none","Contextual_Separator","none","Contextual_Separator","contextual_interburst_gap_separator","secondary_target_excluded_from_primary_pause","Pause","explicit_gap","contextual_separator","none","not_applicable","not_applicable","not_applicable","none","none",,"contextual_separator","separator_1",259151870,"point_process=259151870","e658401b56ed0a6694df9d9c86be2d7c9ab6e3cbdf79c04154851de7a006165b",0.614975001655649,,,1,0.614975001655649,0.614975001655649,0,0,0,1
"TPL_003","TPL_003_RUN_007",7,27.3552488342377,31.0069631999951,"standalone_background_shifted_gamma","Burst","none","Burst","none","none","none","none","none","none","none","shifted_gamma","standalone_background","none","not_applicable","not_applicable","not_applicable","weak","BQ_007",2.49414611514658,"burst","BQ_007",288073460,"hfs=1261178474;nested_burst=1870626324;point_process=288073460","27b73a73e647c62644367bd062133503cb41b8be836280be2324ad76067487d2",0.602887300320435,1.90099224373698,0.02,11,3.65171436575748,0.33197403325068,0.770810610844654,0.904647073830122,0.762348334720531,18
"TPL_003","TPL_003_RUN_008",8,31.0069631999951,36.5507865861703,"tonic_shifted_gamma_generic_stress","Tonic:generic_stress","Tonic","none","none","none","none","none","none","none","none","shifted_gamma","generic_stress","generic_stress","deep","not_applicable","not_applicable","none","none",,"tonic","tonic_generic_stress",979411608,"point_process=979411608","0601a5fcdaa922abb36cde22bacf51491d486e3450d67d0c23e367ca106c48a4",0.428497224799357,14.0334607986733,0.02,13,5.54382338617514,0.426447952782703,0.210370804312222,0.243527311885684,0.0745120039835185,1
"TPL_003","TPL_003_RUN_009",9,36.5507865861703,39.4159699994318,"canonical_mechanism","Pause:canonical","none","Pause","canonical","none","none","none","none","none","none","explicit_gap","canonical","none","not_applicable","not_applicable","not_applicable","none","none",,"pause","canonical_after_tonic",1752437814,"point_process=1752437814","9a3529e17b2fe40c7e1062518922bdfa324c7ee8dfe2247b9e5ea2c3b4595e39",2.86518341326155,,,1,2.86518341326155,2.86518341326155,0,0,0,1
"TPL_003","TPL_003_RUN_010",10,39.4159699994318,40.3707100906012,"background_shifted_gamma","Background","none","none","none","none","none","none","none","none","none","shifted_gamma","background","none","not_applicable","not_applicable","not_applicable","none","none",,"background","after_tonic_canonical_pause_macro",334518915,"point_process=334518915","cf57e4dea4c049025a3b8adf3784d6040c6f77df956cbe3375a68fa63b6dd542",0.581081968860235,3.07663219107781,0.02,2,0.95474009116932,0.47737004558466,0.572158349881297,0.809154098227141,0.491047766008333,1
"TPL_003","TPL_003_RUN_011",11,40.3707100906012,46.4110043524382,"standalone_background_shifted_gamma","Burst","none","Burst","none","none","none","none","none","none","none","shifted_gamma","standalone_background","none","not_applicable","not_applicable","not_applicable","moderate","BQ_008",3.43109659431502,"burst","BQ_008",1556464536,"hfs=950402072;nested_burst=1574814947;point_process=1556464536","83a256fd0be2c78cac3cceb39f3c0715da58246ebb2a4f3636b6f43dd73c68a3",0.584509618300945,3.45078587755561,0.02,16,6.04029426183706,0.377518391364816,0.816562181607134,0.690548769633011,0.567296271104433,21
"TPL_003","TPL_003_RUN_012",12,46.4110043524382,51.718651298982,"broad_hfs_shifted_gamma","Broad_HFS","Broad_HFS","none","none","none","none","none","none","none","none","shifted_gamma","intermediate","none","not_applicable","core","v2.3_slow_overlap_direct_support_0.65B","none","none",,"hfs","plain_hfs_intermediate",476034482,"point_process=476034482","f3ae770a60630393d6f514000539bc0119725379dea50da7382179cfc344ff94",0.207748133763671,3.94790999777615,0.02,25,5.30764694654383,0.212305877861753,0.460565291666003,0.527103731551622,0.30289864599843,2
"TPL_003","TPL_003_RUN_013",13,51.718651298982,53.4151454309161,"background_shifted_gamma","Background","none","none","none","none","none","none","none","none","none","shifted_gamma","background","none","not_applicable","not_applicable","not_applicable","none","none",,"background","after_direct_burst_hfs_macro",886619078,"point_process=886619078","d4ffd7e6bdcdf50310ae32a2ea55e974ebdc024d49df4fb40405bb62f1765375",0.584583727887366,2.91534049389884,0.02,3,1.6964941319341,0.565498043978035,0.44132855405419,0.662008549835683,0.344718344299705,1
"TPL_003","TPL_003_RUN_014",14,53.4151454309161,61.8381688220783,"tonic_shifted_gamma_stn_like_empirical","Tonic:stn_like_empirical","Tonic","none","none","none","none","none","none","none","none","shifted_gamma","stn_like_empirical","stn_like_empirical","core","not_applicable","not_applicable","none","none",,"tonic","tonic_stn_like_empirical",850890452,"point_process=850890452","69193ef49eb0b30b2ff54c185b9dc0e1ff61a9e6d962743b772f6b45afa95186",0.638537079719827,48.7706405669451,0.02,13,8.42302339116217,0.647924876243244,0.103348918161962,0.137294660697815,0.0206619338912644,1
"TPL_003","TPL_003_RUN_015",15,61.8381688220783,67.2476680411383,"complex_multi_gap_mechanism","Pause:complex_multi_gap","none","Pause","complex_multi_gap","none","none","none","none","none","none","explicit_gap","complex_multi_gap","none","not_applicable","not_applicable","not_applicable","none","none",,"pause","complex_multi_gap_after_tonic",698388062,"point_process=698388062","54f4e0749e6342013268b438ff24ddbad50c2a8ea70e1e6d2a4a5ac2ced04975",2.70474960952997,,,2,5.40949921905994,2.70474960952997,0.10689913374891,0.151178204753644,0.0171411371944011,1
"TPL_003","TPL_003_RUN_016",16,67.2476680411383,67.9460023974566,"background_shifted_gamma","Background","none","none","none","none","none","none","none","none","none","shifted_gamma","background","none","not_applicable","not_applicable","not_applicable","none","none",,"background","after_tonic_complex_pause_macro",139124714,"point_process=139124714","e9ad7dbca77a95519d915d602948ad8c8187943dd0cf602ce4f38cd0e1a4798c",0.784240085002966,4.70161796209868,0.02,1,0.698334356318352,0.698334356318352,0,0,0,1
"TPL_003","TPL_003_RUN_017",17,67.9460023974566,69.057993639592,"borderline_gap_mechanism","Borderline_Gap","none","none","none","none","Borderline_Gap","Borderline_Gap","tonic_tail_overlap_gap","secondary_target_excluded_from_primary_pause","Pause","explicit_gap","borderline_gap","none","not_applicable","not_applicable","not_applicable","none","none",,"borderline_gap","borderline_gap_1",1639384339,"point_process=1639384339","e7fc22522763e97011005d11cb7ef3722f09b3672118d11b73659cddccac7dbc",1.11199124213541,,,1,1.11199124213541,1.11199124213541,0,0,0,1
"TPL_004","TPL_004_RUN_001",1,0,7.12657689368673,"broad_hfs_shifted_gamma","Broad_HFS","Broad_HFS","none","none","none","none","none","none","none","none","shifted_gamma","intermediate","none","not_applicable","boundary","v2.3_slow_overlap_direct_support_0.65B","none","none",,"hfs","plain_hfs_intermediate",1818961335,"point_process=1818961335","8337afa7454c0764c14e1e9c0243ce0f131b0c370836ca714c06066fa5944e53",0.335419856961817,4.72724301926792,0.02,21,7.12657689368673,0.339360804461273,0.328275656042772,0.391073424350984,0.15781206836203,1
"TPL_004","TPL_004_RUN_002",2,7.12657689368673,13.3575816384346,"standalone_background_shifted_gamma","Burst","none","Burst","none","none","none","none","none","none","none","shifted_gamma","standalone_background","none","not_applicable","not_applicable","not_applicable","strong","BQ_012",4.97276946471538,"burst","BQ_012",1106771126,"hfs=1514593536;nested_burst=1316150824;point_process=1106771126","5fb0802da0ba769a203986623d36832b65eec8502b6cb6596a2a01f6f86c1ca4",0.75954153072089,4.28955212309957,0.02,10,6.23100474474788,0.623100474474788,0.722967163460837,0.730150351384779,0.463831086352092,3
"TPL_004","TPL_004_RUN_003",3,13.3575816384346,21.7122370693582,"broad_hfs_shifted_gamma","Burst","Broad_HFS","Burst","none","none","none","none","none","none","none","shifted_gamma","irregular","none","not_applicable","deep","v2.3_slow_overlap_direct_support_0.65B","weak","BQ_068",2.31544879171997,"hfs_with_nested_burst","BQ_068",329311119,"hfs=1002435935;nested_burst=256563395;hfs_total=254766606;point_process=329311119","7276ae4f4bd9fb330918cee698a275d309189e17b1c970c774384809fbf0661e",0.360047486769035,1.66165095618926,0.02,30,8.35465543092362,0.278488514364121,0.765790806631016,0.713890937888224,0.57733140170135,622
"TPL_004","TPL_004_RUN_004",4,21.7122370693582,22.6448389862181,"borderline_gap_mechanism","Borderline_Gap","none","none","none","none","Borderline_Gap","Borderline_Gap","tonic_tail_overlap_gap","secondary_target_excluded_from_primary_pause","Pause","explicit_gap","borderline_gap","none","not_applicable","not_applicable","not_applicable","none","none",,"borderline_gap","borderline_gap_1",1167717122,"point_process=1167717122","eb37c6bf347b9e7ff1c0b5d09ae6a305a899046fe32f255f5bde1ad10e52d6c8",0.932601916859858,,,1,0.932601916859858,0.932601916859858,0,0,0,1
"TPL_004","TPL_004_RUN_005",5,22.6448389862181,23.9546660520074,"background_shifted_gamma","Background","none","none","none","none","none","none","none","none","none","shifted_gamma","background","none","not_applicable","not_applicable","not_applicable","none","none",,"background","after_borderline_gap_only",184753078,"point_process=184753078","ba7833c799fab62de824c6729a4c7f5c4bd5ce44a248b30fde54244e581e36f1",0.646693937492091,2.33379844052251,0.02,2,1.30982706578932,0.654913532894661,0.0760039469093546,0.107485812513094,0.00866489991869998,1
"TPL_004","TPL_004_RUN_006",6,23.9546660520074,30.2366679777953,"broad_hfs_shifted_gamma","Burst","Broad_HFS","Burst","none","none","none","none","none","none","none","shifted_gamma","regular","none","not_applicable","core","v2.3_slow_overlap_direct_support_0.65B","moderate","BQ_067",3.03451021015644,"hfs_with_nested_burst","BQ_067",34862677,"hfs=997547101;nested_burst=1812350939;hfs_total=1963919536;point_process=34862677","37f540a67a7fda887923fe7bf3ab6e9c3f332369438ad27cecde3d9d6d82e5fc",0.231151546351612,11.2591788684949,0.02,33,6.28200192578792,0.190363694720846,0.471062075613828,0.285154802491687,0.0935909867993448,3
"TPL_004","TPL_004_RUN_007",7,30.2366679777953,34.1567887628129,"standalone_background_shifted_gamma","Burst","none","Burst","none","none","none","none","none","none","none","shifted_gamma","standalone_background","none","not_applicable","not_applicable","not_applicable","weak","BQ_010",2.66218503937125,"burst","BQ_010",1995563359,"hfs=985706797;nested_burst=2034739474;point_process=1995563359","6e1605bcfd2155f0a8dfcada331ba4ff47e23f6ad08276c15e6b73c4712a1b75",0.524076214595698,2.63114549741149,0.02,11,3.92012078501754,0.356374616819777,0.961345666397778,0.628056318512572,0.482000407498158,36
"TPL_004","TPL_004_RUN_008",8,34.1567887628129,34.6843432653093,"contextual_gap_mechanism","Contextual_Separator","none","none","none","Contextual_Separator","none","Contextual_Separator","contextual_interburst_gap_separator","secondary_target_excluded_from_primary_pause","Pause","explicit_gap","contextual_separator","none","not_applicable","not_applicable","not_applicable","none","none",,"contextual_separator","separator_1",817033182,"point_process=817033182","34cfcb0f8e39cb83dca1095da56150c5a5e7f0d18ed4542babce8e97f353c500",0.527554502496441,,,1,0.527554502496441,0.527554502496441,0,0,0,1
"TPL_004","TPL_004_RUN_009",9,34.6843432653093,38.1739523445741,"standalone_background_shifted_gamma","Burst","none","Burst","none","none","none","none","none","none","none","shifted_gamma","standalone_background","none","not_applicable","not_applicable","not_applicable","moderate","BQ_011",3.92454853467643,"burst","BQ_011",766913624,"hfs=539612748;nested_burst=174483597;point_process=766913624","afdf6d1b9f92c62eb6d4d5b376c60b01fb84955ffa7d4d1f13996beca301ed66",0.507404612703249,2.20902304798365,0.02,15,3.48960907926475,0.232640605284316,0.833124177108098,0.592347425701279,0.411689283425758,157
"TPL_004","TPL_004_RUN_010",10,38.1739523445741,40.7204859619876,"background_shifted_gamma","Background","none","none","none","none","none","none","none","none","none","shifted_gamma","background","none","not_applicable","not_applicable","not_applicable","none","none",,"background","after_contextual_macro",1406665160,"point_process=1406665160","5f93c51c5a9324c914ea42072762d38d3721bd480baad337b11c67b693d21204",0.691180568723939,3.94415685208514,0.02,3,2.54653361741356,0.848844539137855,0.504647066689863,0.948782806274196,0.682679162892963,1
"TPL_004","TPL_004_RUN_011",11,40.7204859619876,46.6489883476452,"tonic_shifted_gamma_stn_like_empirical","Tonic:stn_like_empirical","Tonic","none","none","none","none","none","none","none","none","shifted_gamma","stn_like_empirical","stn_like_empirical","boundary","not_applicable","not_applicable","none","none",,"tonic","tonic_stn_like_empirical",1440968285,"point_process=1440968285","6446127f7a2311ced328f64f1003e1bf8d90a7c3fb1a6d723ae620dd05273e5a",0.462566818422638,20.0553582934663,0.02,12,5.92850238565754,0.494041865471461,0.21454201549924,0.227666119241962,0.063037207472283,1
"TPL_004","TPL_004_RUN_012",12,46.6489883476452,50.7408192590859,"canonical_mechanism","Pause:canonical","none","Pause","canonical","none","none","none","none","none","none","explicit_gap","canonical","none","not_applicable","not_applicable","not_applicable","none","none",,"pause","canonical_after_tonic",1911388359,"point_process=1911388359","b6c963b63afe0a6a1dc14057573220e4856290a3ad07b78aa7178edccc905e40",4.09183091144078,,,1,4.09183091144078,4.09183091144078,0,0,0,1
"TPL_004","TPL_004_RUN_013",13,50.7408192590859,60.534236553152,"tonic_shifted_gamma_generic_stress","Tonic:generic_stress","Tonic","none","none","none","none","none","none","none","none","shifted_gamma","generic_stress","generic_stress","core","not_applicable","not_applicable","none","none",,"tonic","tonic_generic_stress",1569215103,"point_process=1569215103","68d8372edc30af9a3d2065f67abb86c835a20708fb816151a22cdcfa03b55b28",0.942873912975192,23.2528727757744,0.02,11,9.793417294066,0.89031066309691,0.195238098913508,0.206233673070524,0.0368118360080713,1
"TPL_004","TPL_004_RUN_014",14,60.534236553152,62.0180498014404,"background_shifted_gamma","Background","none","none","none","none","none","none","none","none","none","shifted_gamma","background","none","not_applicable","not_applicable","not_applicable","none","none",,"background","after_tonic_only",1290139383,"point_process=1290139383","b6a9f22b925e6a9f882eb8cb70db5b5bc8331cfda549f795d8c382555d341909",0.585753916483372,2.1648031178629,0.02,2,1.48381324828849,0.741906624144243,0.0629058265696908,0.0889622730871465,0.00593571452462402,1
"TPL_004","TPL_004_RUN_015",15,62.0180498014404,66.0965873439531,"canonical_mechanism","Pause:canonical","none","Pause","canonical","none","none","none","none","none","none","explicit_gap","canonical","none","not_applicable","not_applicable","not_applicable","none","none",,"pause","canonical_standalone",1250732982,"point_process=1250732982","e548efc73d58f5f4b6b952b30e47966724b77d381daa16488b7bfb08f7ebfc6d",4.07853754251264,,,1,4.07853754251264,4.07853754251264,0,0,0,1
"TPL_005","TPL_005_RUN_001",1,0,0.969133212284651,"borderline_gap_mechanism","Borderline_Gap","none","none","none","none","Borderline_Gap","Borderline_Gap","tonic_tail_overlap_gap","secondary_target_excluded_from_primary_pause","Pause","explicit_gap","borderline_gap","none","not_applicable","not_applicable","not_applicable","none","none",,"borderline_gap","borderline_gap_1",1032402321,"point_process=1032402321","c4508037e0bc81a97a8c968867d6eb60976242d10a7db5ff16658b66de8c362b",0.969133212284651,,,1,0.969133212284651,0.969133212284651,0,0,0,1
"TPL_005","TPL_005_RUN_002",2,0.969133212284651,11.826606018276,"broad_hfs_shifted_gamma","Burst","Broad_HFS","Burst","none","none","none","none","none","none","none","shifted_gamma","regular","none","not_applicable","boundary","v2.3_slow_overlap_direct_support_0.65B","moderate","BQ_070",3.94662274373695,"hfs_with_nested_burst","BQ_070",1913523802,"hfs=1148150554;nested_burst=1636980439;hfs_total=1870656564;point_process=1913523802","8d01161e3bec7e37e4dd4f4f8ea2f2525309e8484cc90dda61eaf3e87c1b8a8f",0.378279985943809,8.75723863486201,0.02,31,10.8574728059913,0.350241058257785,0.442660597274426,0.401815111693808,0.203882261855588,6
"TPL_005","TPL_005_RUN_003",3,11.826606018276,12.7846630904686,"background_shifted_gamma","Background","none","none","none","none","none","none","none","none","none","shifted_gamma","background","none","not_applicable","not_applicable","not_applicable","none","none",,"background","after_hfs_overlay_hfs_2",1812643845,"point_process=1812643845","b1a4ac04b8e9d4749b9d5f01f5601d4bc56baa785e7791f29fdeebfc37992abf",0.777119328512345,2.30956589232665,0.02,2,0.958057072192665,0.479028536096332,0.156157607384962,0.220840206231546,0.0365777975162938,1
"TPL_005","TPL_005_RUN_004",4,12.7846630904686,16.5909856902764,"canonical_mechanism","Pause:canonical","none","Pause","canonical","none","none","none","none","none","none","explicit_gap","canonical","none","not_applicable","not_applicable","not_applicable","none","none",,"pause","canonical_standalone",1601199254,"point_process=1601199254","f2d604dd426fc6ab067d2823abb0a88a9178fc08dfff4f1fcd75fdda00316bb8",3.80632259980775,,,1,3.80632259980775,3.80632259980775,0,0,0,1
"TPL_005","TPL_005_RUN_005",5,16.5909856902764,17.8888622958664,"background_shifted_gamma","Background","none","none","none","none","none","none","none","none","none","shifted_gamma","background","none","not_applicable","not_applicable","not_applicable","none","none",,"background","after_canonical_pause_only",1717981675,"point_process=1717981675","3c605faee427382d83db66a71b09e3cfcaed13c9b00dbfbab191b143472ba133",0.551114689745009,4.49000509257894,0.02,3,1.29787660559003,0.432625535196676,0.230624329242811,0.370053222961566,0.10418017530236,1
"TPL_005","TPL_005_RUN_006",6,17.8888622958664,25.2973659313743,"tonic_shifted_gamma_stn_like_empirical","Tonic:stn_like_empirical","Tonic","none","none","none","none","none","none","none","none","shifted_gamma","stn_like_empirical","stn_like_empirical","deep","not_applicable","not_applicable","none","none",,"tonic","tonic_stn_like_empirical",451638323,"point_process=451638323","6b2fa0688df65dc9edb958149d7294f287303db80c8880265647b89b86b7c2bc",0.460162132456899,62.556302160956,0.02,16,7.40850363550786,0.463031477219241,0.124725038375592,0.108975260435465,0.0156663340575923,1
"TPL_005","TPL_005_RUN_007",7,25.2973659313743,25.8669115371878,"background_shifted_gamma","Background","none","none","none","none","none","none","none","none","none","shifted_gamma","background","none","not_applicable","not_applicable","not_applicable","none","none",,"background","after_tonic_only",916041946,"point_process=916041946","cac08fddeff1c996803fe81467e287c3e364f1a7129aff646d4f6d5d06afeab2",0.55855418026913,4.26802846649662,0.02,1,0.569545605813564,0.569545605813564,0,0,0,1
"TPL_005","TPL_005_RUN_008",8,25.8669115371878,36.3113496608783,"broad_hfs_shifted_gamma","Burst","Broad_HFS","Burst","none","none","none","none","none","none","none","shifted_gamma","intermediate","none","not_applicable","deep","v2.3_slow_overlap_direct_support_0.65B","strong","BQ_069",4.86865448602475,"hfs_with_nested_burst","BQ_069",519690389,"hfs=284551090;nested_burst=1724233641;hfs_total=1110017018;point_process=519690389","1aa9231dc34afcd20bc04871605d6cb5867161470142bf47b8091107437533c7",0.410518903145567,4.91759365950711,0.02,29,10.4444381236905,0.360153038747948,0.528823457168006,0.435056463676676,0.283615098883837,6
"TPL_005","TPL_005_RUN_009",9,36.3113496608783,37.6757028514729,"background_shifted_gamma","Background","none","none","none","none","none","none","none","none","none","shifted_gamma","background","none","not_applicable","not_applicable","not_applicable","none","none",,"background","after_hfs_overlay_hfs_1",1452055705,"point_process=1452055705","21ff124dab05e9086178508f86615d584438b47262b90cc721feca95a0359ab8",0.651981230836827,4.54874771041796,0.02,3,1.36435319059453,0.454784396864845,0.129498867803527,0.184243962775914,0.0292735117830779,1
"TPL_005","TPL_005_RUN_010",10,37.6757028514729,45.975114445808,"tonic_shifted_gamma_generic_stress","Tonic:generic_stress","Tonic","none","none","none","none","none","none","none","none","shifted_gamma","generic_stress","generic_stress","boundary","not_applicable","not_applicable","none","none",,"tonic","tonic_generic_stress",1115376267,"point_process=1115376267","d191e85c967702878aa5e633e92cf9fa9f5f3aa996100ce766fe19c4b89bf421",0.601819782168604,16.243082057219,0.02,15,8.29941159433513,0.553294106289009,0.245661257847103,0.298330432906327,0.105079446691917,1
"TPL_005","TPL_005_RUN_011",11,45.975114445808,48.8278969198937,"canonical_mechanism","Pause:canonical","none","Pause","canonical","none","none","none","none","none","none","explicit_gap","canonical","none","not_applicable","not_applicable","not_applicable","none","none",,"pause","canonical_after_tonic",819682713,"point_process=819682713","8296eac575ebfa51a6902bd8924da3094727c656f04167d92fa53cb7cc004cd6",2.85278247408569,,,1,2.85278247408569,2.85278247408569,0,0,0,1
"TPL_005","TPL_005_RUN_012",12,48.8278969198937,53.7825062070877,"standalone_background_shifted_gamma","Burst","none","Burst","none","none","none","none","none","none","none","shifted_gamma","standalone_background","none","not_applicable","not_applicable","not_applicable","weak","BQ_013",2.83811633959413,"burst","BQ_013",478897772,"hfs=1340189994;nested_burst=770167114;point_process=478897772","17cc771c3f14da78f923b33e28f206c49f07eeb14c8b98075da5fe778f9b84ef",0.625215321930591,2.25811437293887,0.02,17,4.95460928719402,0.29144760512906,0.860842164870046,0.437205981491842,0.241880321567101,700
"TPL_005","TPL_005_RUN_013",13,53.7825062070877,57.5162362902023,"broad_hfs_shifted_gamma","Broad_HFS","Broad_HFS","none","none","none","none","none","none","none","none","shifted_gamma","irregular","none","not_applicable","core","v2.3_slow_overlap_direct_support_0.65B","none","none",,"hfs","plain_hfs_irregular",701943270,"point_process=701943270","854f03404db0431939b329d660224077d0b24ef229767b4df74650dd237ec588",0.183144297106192,1.14032488439698,0.02,19,3.73373008311457,0.196512109637609,0.671152660537487,0.828464546482495,0.673593669375427,1
"TPL_005","TPL_005_RUN_014",14,57.5162362902023,61.483233324128,"standalone_background_shifted_gamma","Burst","none","Burst","none","none","none","none","none","none","none","shifted_gamma","standalone_background","none","not_applicable","not_applicable","not_applicable","moderate","BQ_014",3.80455390829593,"burst","BQ_014",542993143,"hfs=2131549373;nested_burst=744639028;point_process=542993143","96ade8badf40b7c73b88438844a44a5bc5863ddca7b3d5976f282a2717424087",0.637417367298622,4.72383501976728,0.02,11,3.96699703392569,0.360636093993245,0.891510210042393,0.476118095765865,0.274221608193791,5
"TPL_005","TPL_005_RUN_015",15,61.483233324128,62.0178884262343,"contextual_gap_mechanism","Contextual_Separator","none","none","none","Contextual_Separator","none","Contextual_Separator","contextual_interburst_gap_separator","secondary_target_excluded_from_primary_pause","Pause","explicit_gap","contextual_separator","none","not_applicable","not_applicable","not_applicable","none","none",,"contextual_separator","separator_1",402403232,"point_process=402403232","e1b742b992208c54d170cafb434d8a3463784ca0d0c11936ced98e2dc98dba32",0.53465510210634,,,1,0.53465510210634,0.53465510210634,0,0,0,1
"TPL_005","TPL_005_RUN_016",16,62.0178884262343,65.5726987798982,"standalone_background_shifted_gamma","Burst","none","Burst","none","none","none","none","none","none","none","shifted_gamma","standalone_background","none","not_applicable","not_applicable","not_applicable","strong","BQ_015",5.39731012401171,"burst","BQ_015",1991168663,"hfs=1453273954;nested_burst=3562469;point_process=1991168663","d062ae4abf6f8e98357d40beb943031d56ce90005034ee5231ccaaf845bee7e7",0.812425699725281,2.86499912813306,0.02,7,3.55481035366391,0.507830050523416,1.60221591599386,0.788188824557739,0.711580307360796,5
"TPL_006","TPL_006_RUN_001",1,0,5.5580321586223,"tonic_shifted_gamma_generic_stress","Tonic:generic_stress","Tonic","none","none","none","none","none","none","none","none","shifted_gamma","generic_stress","generic_stress","deep","not_applicable","not_applicable","none","none",,"tonic","tonic_generic_stress",2040222039,"point_process=2040222039","28f4f5cb91cf04853573a2c719c3c04e66278488a3f651d586c4237275f3c217",0.472204856532626,15.703656162601,0.02,12,5.5580321586223,0.463169346551858,0.200725245194808,0.230701763031041,0.0646966780657381,1
"TPL_006","TPL_006_RUN_002",2,5.5580321586223,10.8665090276392,"complex_multi_gap_mechanism","Pause:complex_multi_gap","none","Pause","complex_multi_gap","none","none","none","none","none","none","explicit_gap","complex_multi_gap","none","not_applicable","not_applicable","not_applicable","none","none",,"pause","complex_multi_gap_after_tonic",1407915605,"point_process=1407915605","a46b19d54fe7fdd5da9e353697eda15050053f5d080d3208e0fd50b165e11de6",1.7694922896723,,,3,5.30847686901689,1.7694922896723,0.0672539251594738,0.0833761709158294,0.00695886934065599,1
"TPL_006","TPL_006_RUN_003",3,10.8665090276392,14.52925267474,"background_shifted_gamma","Background","none","none","none","none","none","none","none","none","none","shifted_gamma","background","none","not_applicable","not_applicable","not_applicable","none","none",,"background","after_tonic_complex_pause_macro",1534369434,"point_process=1534369434","7a7f1ad4f4f652d67e201e3a8b24d141f936b94ca158888fbf0c7e22915f2f56",0.629218404716812,2.17983069538604,0.02,3,3.66274364710084,1.22091454903361,0.784119319620662,0.567230910367351,0.44870047632134,1
"TPL_006","TPL_006_RUN_004",4,14.52925267474,23.2825333217824,"tonic_shifted_gamma_stn_like_empirical","Tonic:stn_like_empirical","Tonic","none","none","none","none","none","none","none","none","shifted_gamma","stn_like_empirical","stn_like_empirical","core","not_applicable","not_applicable","none","none",,"tonic","tonic_stn_like_empirical",1210021086,"point_process=1210021086","97692ea7c829c40241c2cc2956f64622df7804fba07bf6f512d28f22a4795afc",0.548216742239892,66.3078092550859,0.02,16,8.7532806470424,0.54708004044015,0.127001047161768,0.18521449987701,0.0361149338884611,1
"TPL_006","TPL_006_RUN_005",5,23.2825333217824,28.1958532098415,"canonical_mechanism","Pause:canonical","none","Pause","canonical","none","none","none","none","none","none","explicit_gap","canonical","none","not_applicable","not_applicable","not_applicable","none","none",,"pause","canonical_after_tonic",1736250486,"point_process=1736250486","a40bef1494c7be0b9b3b4ddc04220f3a5287d0705e8a203b53995f19982d74ee",4.91331988805905,,,1,4.91331988805905,4.91331988805905,0,0,0,1
"TPL_006","TPL_006_RUN_006",6,28.1958532098415,29.31878867607,"borderline_gap_mechanism","Borderline_Gap","none","none","none","none","Borderline_Gap","Borderline_Gap","tonic_tail_overlap_gap","secondary_target_excluded_from_primary_pause","Pause","explicit_gap","borderline_gap","none","not_applicable","not_applicable","not_applicable","none","none",,"borderline_gap","borderline_gap_1",1135975580,"point_process=1135975580","409d51fdfd87bf5a9fdac364df5e06cb07e54260f5f18152669fd6790a90b3a1",1.12293546622852,,,1,1.12293546622852,1.12293546622852,0,0,0,1
"TPL_006","TPL_006_RUN_007",7,29.31878867607,29.491258670929,"background_shifted_gamma","Background","none","none","none","none","none","none","none","none","none","shifted_gamma","background","none","not_applicable","not_applicable","not_applicable","none","none",,"background","after_borderline_gap_only",383590906,"point_process=383590906","0a02ee0aaf8454cb33c6b7ec8bd9880494d9802ee1983d70607f7ce0c82014e4",0.759001149225514,2.42299303249456,0.02,1,0.172469994858984,0.172469994858984,0,0,0,1
"TPL_006","TPL_006_RUN_008",8,29.491258670929,37.7981029111434,"broad_hfs_shifted_gamma","Broad_HFS","Broad_HFS","none","none","none","none","none","none","none","none","shifted_gamma","intermediate","none","not_applicable","core","v2.3_slow_overlap_direct_support_0.65B","none","none",,"hfs","plain_hfs_intermediate",379330112,"point_process=379330112","2516feecc6aebcca59471d11cc9b6f24d1a775d19e44476d54d18fe220c0e19d",0.251008310168982,4.03691189596429,0.02,32,8.30684424021444,0.259588882506701,0.48994463192927,0.491189758071782,0.280387638679029,1
"TPL_006","TPL_006_RUN_009",9,37.7981029111434,44.0458391593836,"standalone_background_shifted_gamma","Burst","none","Burst","none","none","none","none","none","none","none","shifted_gamma","standalone_background","none","not_applicable","not_applicable","not_applicable","moderate","BQ_017",3.62770071066916,"burst","BQ_017",2094449451,"hfs=63226249;nested_burst=640721103;point_process=2094449451","d7758e8b44da1d2f618858f895ab2375c7e26e635cc659cdb14ec49d0c34094a",0.679647487530019,3.59025341793895,0.02,14,6.24773624824021,0.446266874874301,0.580867503285174,0.642206954692909,0.412248377167298,3
"TPL_006","TPL_006_RUN_010",10,44.0458391593836,47.7751620021166,"standalone_background_shifted_gamma","Burst","none","Burst","none","none","none","none","none","none","none","shifted_gamma","standalone_background","none","not_applicable","not_applicable","not_applicable","strong","BQ_018",5.02150268270634,"burst","BQ_018",638193452,"hfs=1538213173;nested_burst=442477112;point_process=638193452","2fa3d930a717f09f24bc06af2f282ba07341948b13f6be54368506c8b4884c0c",0.648221021471545,4.77377908304334,0.02,11,3.72932284273301,0.339029349339364,0.726744634534666,0.485562523213251,0.265724661538119,1
"TPL_006","TPL_006_RUN_011",11,47.7751620021166,48.2836406859553,"contextual_gap_mechanism","Contextual_Separator","none","none","none","Contextual_Separator","none","Contextual_Separator","contextual_interburst_gap_separator","secondary_target_excluded_from_primary_pause","Pause","explicit_gap","contextual_separator","none","not_applicable","not_applicable","not_applicable","none","none",,"contextual_separator","separator_1",968410946,"point_process=968410946","91c6db4d64823ca8e40a967129427394c35f0a9b00b94b5c25f0eddbd7190468",0.508478683838621,,,1,0.508478683838621,0.508478683838621,0,0,0,1
"TPL_006","TPL_006_RUN_012",12,48.2836406859553,51.2942374260685,"standalone_background_shifted_gamma","Burst","none","Burst","none","none","none","none","none","none","none","shifted_gamma","standalone_background","none","not_applicable","not_applicable","not_applicable","weak","BQ_016",2.60012543592602,"burst","BQ_016",283150991,"hfs=1854794158;nested_burst=1448503302;point_process=283150991","fc2072a977c24e065a3c7de31528c6b8e6848576d4ae589a554bb5bcf73ce6f1",0.5095649563591,1.80210864022374,0.02,13,3.01059674011324,0.231584364624095,0.969701820965317,0.517126510599246,0.293137543947235,1964
"TPL_006","TPL_006_RUN_013",13,51.2942374260685,58.0647093863361,"broad_hfs_shifted_gamma","Burst","Broad_HFS","Burst","none","none","none","none","none","none","none","shifted_gamma","irregular","none","not_applicable","boundary","v2.3_slow_overlap_direct_support_0.65B","weak","BQ_071",2.95774052087218,"hfs_with_nested_burst","BQ_071",1280243793,"hfs=1197789220;nested_burst=1020137944;hfs_total=1153315270;point_process=1280243793","ed1e7ee3a6a49014557f05ca110e06d89da23354df01649b1432c41061a3a776",0.261174746137112,1.15119806248695,0.02,32,6.77047196026758,0.211577248758362,1.00257938450094,0.936553272626696,0.862580021153594,71
"TPL_006","TPL_006_RUN_014",14,58.0647093863361,61.0622565723624,"canonical_mechanism","Pause:canonical","none","Pause","canonical","none","none","none","none","none","none","explicit_gap","canonical","none","not_applicable","not_applicable","not_applicable","none","none",,"pause","canonical_composite_hfs_connector",276880836,"point_process=276880836","3a6cfd4c1153eaa18fdc439f576ac56ffb01e01ac5664ebc8960526d1bbe9c98",2.99754718602635,,,1,2.99754718602635,2.99754718602635,0,0,0,1
"TPL_006","TPL_006_RUN_015",15,61.0622565723624,71.885149173853,"broad_hfs_shifted_gamma","Burst","Broad_HFS","Burst","none","none","none","none","none","none","none","shifted_gamma","regular","none","not_applicable","deep","v2.3_slow_overlap_direct_support_0.65B","strong","BQ_072",4.23515867057722,"hfs_with_nested_burst","BQ_072",863017593,"hfs=1373219232;nested_burst=1022044777;hfs_total=143363400;point_process=863017593","3b0c7ead3a6228628dab322d66de33e56ce8316f2325fa7893136c5736e3f22c",0.410093127246946,6.38706322945654,0.02,32,10.8228926014905,0.338215393796579,0.460117448650957,0.488041025582975,0.269541848543089,1
"TPL_007","TPL_007_RUN_001",1,0,5.40619264756919,"tonic_shifted_gamma_stn_like_empirical","Tonic:stn_like_empirical","Tonic","none","none","none","none","none","none","none","none","shifted_gamma","stn_like_empirical","stn_like_empirical","boundary","not_applicable","not_applicable","none","none",,"tonic","tonic_stn_like_empirical",784214334,"point_process=784214334","233c1b6f060192a51be6836fa41b06b03e34b494703e5af98cdf02f6c9f27789",0.540506728016771,48.5858643474057,0.02,11,5.40619264756919,0.491472058869926,0.1164957154219,0.168670140652188,0.0279578917240534,1
"TPL_007","TPL_007_RUN_002",2,5.40619264756919,13.5556965904297,"broad_hfs_shifted_gamma","Burst","Broad_HFS","Burst","none","none","none","none","none","none","none","shifted_gamma","intermediate","none","not_applicable","boundary","v2.3_slow_overlap_direct_support_0.65B","weak","BQ_073",2.2388546474278,"hfs_with_nested_burst","BQ_073",963576826,"hfs=973677831;nested_burst=1579467430;hfs_total=679342781;point_process=963576826","cf72ab4027839e6d160596323b066d52a71450e5354c181cafeaee28c94e8e84",0.359877390377223,4.91885793381371,0.02,21,8.14950394286054,0.388071616326692,0.507576517973306,0.502735939296204,0.265132395113546,1
"TPL_007","TPL_007_RUN_003",3,13.5556965904297,14.7306013083238,"background_shifted_gamma","Background","none","none","none","none","none","none","none","none","none","shifted_gamma","background","none","not_applicable","not_applicable","not_applicable","none","none",,"background","after_hfs_overlay_hfs_1",1880117636,"point_process=1880117636","b2a98ce0ed408bc252ff33ec813e7c898e464896784d467bcd71e98be3c5073e",0.693227222200949,4.96900256897788,0.02,2,1.17490471789411,0.587452358947055,0.343011760034411,0.48509188309413,0.176485601282856,1
"TPL_007","TPL_007_RUN_004",4,14.7306013083238,21.0287496974147,"standalone_background_shifted_gamma","Burst","none","Burst","none","none","none","none","none","none","none","shifted_gamma","standalone_background","none","not_applicable","not_applicable","not_applicable","strong","BQ_021",5.34931773145217,"burst","BQ_021",1494865830,"hfs=843090476;nested_burst=1817203700;point_process=1494865830","e62ada0ef7baa64ac5206b6ae14f7a39d6cacd173f40954d647404b875194883",0.650190168165136,4.99163351655006,0.02,16,6.29814838909084,0.393634274318177,0.660628774665973,0.548978275545971,0.346726251508463,10
"TPL_007","TPL_007_RUN_005",5,21.0287496974147,25.9580523885842,"broad_hfs_shifted_gamma","Broad_HFS","Broad_HFS","none","none","none","none","none","none","none","none","shifted_gamma","regular","none","not_applicable","core","v2.3_slow_overlap_direct_support_0.65B","none","none",,"hfs","plain_hfs_regular",1918946946,"point_process=1918946946","076f8fe666fe61c73e3d168a4efbff7b92fb4917e8d65328603389c8a0a25d22",0.21738961908035,9.20059766666964,0.02,21,4.92930269116955,0.234728699579502,0.370311837297031,0.424032006536124,0.18418032136969,1
"TPL_007","TPL_007_RUN_006",6,25.9580523885842,37.4832283609329,"tonic_shifted_gamma_generic_stress","Tonic:generic_stress","Tonic","none","none","none","none","none","none","none","none","shifted_gamma","generic_stress","generic_stress","core","not_applicable","not_applicable","none","none",,"tonic","tonic_generic_stress",360262841,"point_process=360262841","ca6623460ab8b92f05d1aac7b2741aceb5246339b302e0532d1eaaea47dd18a0",0.738278695493937,23.7661685943604,0.02,16,11.5251759723486,0.72032349827179,0.181216178246577,0.191038121020048,0.0422813046044531,1
"TPL_007","TPL_007_RUN_007",7,37.4832283609329,41.0329856156619,"canonical_mechanism","Pause:canonical","none","Pause","canonical","none","none","none","none","none","none","explicit_gap","canonical","none","not_applicable","not_applicable","not_applicable","none","none",,"pause","canonical_after_tonic",609522793,"point_process=609522793","17fe539aaa314210cb422c5fba007580db140a3fcb23d52cec41ad1ea7d6c31d",3.54975725472905,,,1,3.54975725472905,3.54975725472905,0,0,0,1
"TPL_007","TPL_007_RUN_008",8,41.0329856156619,42.2697699920487,"background_shifted_gamma","Background","none","none","none","none","none","none","none","none","none","shifted_gamma","background","none","not_applicable","not_applicable","not_applicable","none","none",,"background","after_tonic_canonical_pause_macro",1005851862,"point_process=1005851862","ee0cd8593b8d41d584d9936641e71e302beddc7b544fbe75f808380d9736bc48",0.776668206159957,2.56535706226714,0.02,2,1.23678437638681,0.618392188193406,0.212120467728943,0.299983642319196,0.0674926392443186,1
"TPL_007","TPL_007_RUN_009",9,42.2697699920487,45.1958035959144,"canonical_mechanism","Pause:canonical","none","Pause","canonical","none","none","none","none","none","none","explicit_gap","canonical","none","not_applicable","not_applicable","not_applicable","none","none",,"pause","canonical_standalone",2079093739,"point_process=2079093739","ad83e6422f728257ebd659d05c0b0056047e9bd23e52d79dc47566b7bc028df9",2.92603360386565,,,1,2.92603360386565,2.92603360386565,0,0,0,1
"TPL_007","TPL_007_RUN_010",10,45.1958035959144,45.670092780288,"background_shifted_gamma","Background","none","none","none","none","none","none","none","none","none","shifted_gamma","background","none","not_applicable","not_applicable","not_applicable","none","none",,"background","after_canonical_pause_only",1749566701,"point_process=1749566701","e3efb37eca36fd6d874bc1e9b375553a3680eadf48d1bcb349d1e3544e1fe1ab",0.65012394952355,2.7665504119359,0.02,1,0.474289184373635,0.474289184373635,0,0,0,1
"TPL_007","TPL_007_RUN_011",11,45.670092780288,46.8288088844187,"borderline_gap_mechanism","Borderline_Gap","none","none","none","none","Borderline_Gap","Borderline_Gap","tonic_tail_overlap_gap","secondary_target_excluded_from_primary_pause","Pause","explicit_gap","borderline_gap","none","not_applicable","not_applicable","not_applicable","none","none",,"borderline_gap","borderline_gap_1",185639370,"point_process=185639370","f4559965d6206d2c5c0f063e09a59e5b093e19a0bf131bfe17c860846a4725a0",1.15871610413073,,,1,1.15871610413073,1.15871610413073,0,0,0,1
"TPL_007","TPL_007_RUN_012",12,46.8288088844187,47.2776384181114,"background_shifted_gamma","Background","none","none","none","none","none","none","none","none","none","shifted_gamma","background","none","not_applicable","not_applicable","not_applicable","none","none",,"background","after_borderline_gap_only",171953917,"point_process=171953917","319b4a36eb1e55beb8e7c230fe8d34b94f256997414c53cecdfb6678288217ee",0.703802584274672,3.38514409621712,0.02,1,0.448829533692719,0.448829533692719,0,0,0,1
"TPL_007","TPL_007_RUN_013",13,47.2776384181114,50.8328477990042,"standalone_background_shifted_gamma","Burst","none","Burst","none","none","none","none","none","none","none","shifted_gamma","standalone_background","none","not_applicable","not_applicable","not_applicable","weak","BQ_019",2.69299954846501,"burst","BQ_019",646742746,"hfs=1384031074;nested_burst=2031482217;point_process=646742746","53779edde0d74393165021216f0f61eb3df57b24264cc93798d70b76288e380d",0.653961958561558,3.17736354321241,0.02,10,3.55520938089277,0.355520938089277,0.489659916006698,0.45729407405287,0.22689229783956,4
"TPL_007","TPL_007_RUN_014",14,50.8328477990042,51.4776319926439,"contextual_gap_mechanism","Contextual_Separator","none","none","none","Contextual_Separator","none","Contextual_Separator","contextual_interburst_gap_separator","secondary_target_excluded_from_primary_pause","Pause","explicit_gap","contextual_separator","none","not_applicable","not_applicable","not_applicable","none","none",,"contextual_separator","separator_1",631643271,"point_process=631643271","0f964e9b07ae964230c910d87eb948ddb093ece02eca0bdaf964a304b116cd5c",0.644784193639727,,,1,0.644784193639727,0.644784193639727,0,0,0,1
"TPL_007","TPL_007_RUN_015",15,51.4776319926439,54.7234096139229,"standalone_background_shifted_gamma","Burst","none","Burst","none","none","none","none","none","none","none","shifted_gamma","standalone_background","none","not_applicable","not_applicable","not_applicable","moderate","BQ_020",3.67473973636515,"burst","BQ_020",1872540926,"hfs=425386522;nested_burst=1019978259;point_process=1872540926","ad6d1c383245c9b3625f9b811172e93405ca75ab4a6c84203b9ca9a8b9fd102f",0.524517883814406,4.03498419001698,0.02,11,3.24577762127893,0.295070692843539,1.16142114238133,0.722628735410459,0.555851365756926,8
"TPL_007","TPL_007_RUN_016",16,54.7234096139229,56.164823298035,"background_shifted_gamma","Background","none","none","none","none","none","none","none","none","none","shifted_gamma","background","none","not_applicable","not_applicable","not_applicable","none","none",,"background","after_contextual_macro",1598930693,"point_process=1598930693","411895001e4199fe3883a0c56290c519bd7cce3e237f483b6768a882cd852080",0.620907091081608,3.85581932822242,0.02,2,1.44141368411209,0.720706842056047,0.626569327001605,0.886102840012652,0.588883682308866,1
"TPL_007","TPL_007_RUN_017",17,56.164823298035,64.2233646952107,"broad_hfs_shifted_gamma","Burst","Broad_HFS","Burst","none","none","none","none","none","none","none","shifted_gamma","irregular","none","not_applicable","deep","v2.3_slow_overlap_direct_support_0.65B","moderate","BQ_074",3.42329043452628,"hfs_with_nested_burst","BQ_074",1708937661,"hfs=1048010274;nested_burst=1287983298;hfs_total=1980993989;point_process=1708937661","876cceb7e8d67696c4aec02ddd81be0107cbad0e816d3991ece67ff72d319ce5",0.336667677313089,1.25621304432862,0.02,34,8.05854139717572,0.237015923446345,0.617183393153649,0.538712208726695,0.353331320118623,151
"TPL_008","TPL_008_RUN_001",1,0,5.86464570698215,"tonic_shifted_gamma_stn_like_empirical","Tonic:stn_like_empirical","Tonic","none","none","none","none","none","none","none","none","shifted_gamma","stn_like_empirical","stn_like_empirical","deep","not_applicable","not_applicable","none","none",,"tonic","tonic_stn_like_empirical",640750628,"point_process=640750628","e74c75592ab6298b1fa291cbf8b31408c779cde18b44b7dab7c6139f2ff428be",0.463158172927797,51.516428636387,0.02,13,5.86464570698215,0.451126592844781,0.080285693555587,0.106540870572402,0.0128623958703376,1
"TPL_008","TPL_008_RUN_002",2,5.86464570698215,10.7043284435093,"canonical_mechanism","Pause:canonical","none","Pause","canonical","none","none","none","none","none","none","explicit_gap","canonical","none","not_applicable","not_applicable","not_applicable","none","none",,"pause","canonical_after_tonic",1394193774,"point_process=1394193774","ae0d6a7f90bbb66ab02e7e80c1ef168d933cd0529f2900db493862bb7bb3e1a1",4.83968273652718,,,1,4.83968273652718,4.83968273652718,0,0,0,1
"TPL_008","TPL_008_RUN_003",3,10.7043284435093,12.1475041751052,"background_shifted_gamma","Background","none","none","none","none","none","none","none","none","none","shifted_gamma","background","none","not_applicable","not_applicable","not_applicable","none","none",,"background","after_tonic_canonical_pause_macro",1004263402,"point_process=1004263402","c9d539b76494c9cd15aa108405b8b664ed4582add25455087d250333a7e2fe38",0.582755869266111,4.25386310648173,0.02,3,1.44317573159591,0.481058577198636,0.252560213998517,0.25522051392624,0.0662888788454213,1
"TPL_008","TPL_008_RUN_004",4,12.1475041751052,13.607368899989,"borderline_gap_mechanism","Borderline_Gap","none","none","none","none","Borderline_Gap","Borderline_Gap","tonic_tail_overlap_gap","secondary_target_excluded_from_primary_pause","Pause","explicit_gap","borderline_gap","none","not_applicable","not_applicable","not_applicable","none","none",,"borderline_gap","borderline_gap_1",838012381,"point_process=838012381","e0fab4eb266770d810c05066debd4b8d84713bd3c2dc4943f859a5d9508afb3b",1.45986472488381,,,1,1.45986472488381,1.45986472488381,0,0,0,1
"TPL_008","TPL_008_RUN_005",5,13.607368899989,17.3660092686881,"standalone_background_shifted_gamma","Burst","none","Burst","none","none","none","none","none","none","none","shifted_gamma","standalone_background","none","not_applicable","not_applicable","not_applicable","moderate","BQ_023",3.25807621562853,"burst","BQ_023",1107476770,"hfs=999071100;nested_burst=1991106921;point_process=1107476770","bcf5cc66b095872b29473d9124dd59650822c11577131b77bde0b4351517195a",0.517330291506369,3.47806469500065,0.02,14,3.75864036869908,0.268474312049934,0.519234187196397,0.3775689630133,0.153983036840692,2
"TPL_008","TPL_008_RUN_006",6,17.3660092686881,17.8520449058265,"contextual_gap_mechanism","Contextual_Separator","none","none","none","Contextual_Separator","none","Contextual_Separator","contextual_interburst_gap_separator","secondary_target_excluded_from_primary_pause","Pause","explicit_gap","contextual_separator","none","not_applicable","not_applicable","not_applicable","none","none",,"contextual_separator","separator_1",1854308016,"point_process=1854308016","4d1b5e2ffa190771c2de98eefae45278167f01f6ab84e63133fb3f7e3cf5eb20",0.486035637138411,,,1,0.486035637138411,0.486035637138411,0,0,0,1
"TPL_008","TPL_008_RUN_007",7,17.8520449058265,20.3996083109137,"standalone_background_shifted_gamma","Burst","none","Burst","none","none","none","none","none","none","none","shifted_gamma","standalone_background","none","not_applicable","not_applicable","not_applicable","strong","BQ_024",4.28254042402841,"burst","BQ_024",480687341,"hfs=1670171073;nested_burst=1518008645;point_process=480687341","83ab24db5c9f63a98de7dc1815567953cdb1b80adc16d6cab60770f280d7579a",0.612821209686808,2.58414825573564,0.02,10,2.54756340508717,0.254756340508717,1.21081086991043,0.573783764412575,0.34757719960086,1
"TPL_008","TPL_008_RUN_008",8,20.3996083109137,20.9928238329083,"background_shifted_gamma","Background","none","none","none","none","none","none","none","none","none","shifted_gamma","background","none","not_applicable","not_applicable","not_applicable","none","none",,"background","after_contextual_macro",1981848169,"point_process=1981848169","5c4a511f3135cde9453aacbb1fe74447c3dec3eb7db5e732e134ece98ab230b0",0.687419903185219,3.66672943497542,0.02,1,0.593215521994645,0.593215521994645,0,0,0,1
"TPL_008","TPL_008_RUN_009",9,20.9928238329083,31.8905655876459,"broad_hfs_shifted_gamma","Burst","Broad_HFS","Burst","none","none","none","none","none","none","none","shifted_gamma","intermediate","none","not_applicable","deep","v2.3_slow_overlap_direct_support_0.65B","strong","BQ_075",4.69734985125251,"hfs_with_nested_burst","BQ_075",1310544601,"hfs=2128921464;nested_burst=425698236;hfs_total=1296116654;point_process=1310544601","ca141da7e9be189d5afef3ee7fa66f646c85252b95113b33150f809e4ce7d762",0.385615973863751,4.00158258541487,0.02,34,10.8977417547375,0.32052181631581,0.66380387656899,0.597926015861415,0.362713775354505,51
"TPL_008","TPL_008_RUN_010",10,31.8905655876459,36.6662322449223,"canonical_mechanism","Pause:canonical","none","Pause","canonical","none","none","none","none","none","none","explicit_gap","canonical","none","not_applicable","not_applicable","not_applicable","none","none",,"pause","canonical_composite_hfs_connector",2087353265,"point_process=2087353265","232cbd1b247c62c1dcbd1279be2a86159101263733b7e2212ea235b178694c8c",4.77566665727645,,,1,4.77566665727645,4.77566665727645,0,0,0,1
"TPL_008","TPL_008_RUN_011",11,36.6662322449223,42.2299033255372,"broad_hfs_shifted_gamma","Burst","Broad_HFS","Burst","none","none","none","none","none","none","none","shifted_gamma","irregular","none","not_applicable","core","v2.3_slow_overlap_direct_support_0.65B","moderate","BQ_076",3.94795938907191,"hfs_with_nested_burst","BQ_076",1448687887,"hfs=855110069;nested_burst=1010782440;hfs_total=452303623;point_process=1448687887","08b5e07765de2713c79328b23072a80227d12de7f6642bcc9e0eef0f1bf0caf2",0.198922318909317,1.18366587697528,0.02,32,5.56367108061483,0.173864721269213,0.933479222735528,0.87735706567233,0.784668690879551,16
"TPL_008","TPL_008_RUN_012",12,42.2299033255372,50.109121192116,"tonic_shifted_gamma_generic_stress","Tonic:generic_stress","Tonic","none","none","none","none","none","none","none","none","shifted_gamma","generic_stress","generic_stress","boundary","not_applicable","not_applicable","none","none",,"tonic","tonic_generic_stress",1560933758,"point_process=1560933758","006804cab4e8f40d62e76f6b0153bbf313b997b7dc975e36a967dbb973e142b2",0.537143110777251,19.4097309610806,0.02,15,7.87921786657884,0.525281191105256,0.23540641791203,0.226870246512506,0.064624519796312,1
"TPL_008","TPL_008_RUN_013",13,50.109121192116,55.0620748309974,"complex_multi_gap_mechanism","Pause:complex_multi_gap","none","Pause","complex_multi_gap","none","none","none","none","none","none","explicit_gap","complex_multi_gap","none","not_applicable","not_applicable","not_applicable","none","none",,"pause","complex_multi_gap_after_tonic",101482711,"point_process=101482711","56295ee9ce2120f423a59f1af5feb3efd997520bd02efdf05a2dc0abe4114f9c",2.47647681944072,,,2,4.95295363888144,2.47647681944072,0.277291948948132,0.392150034939316,0.11533623742718,1
"TPL_008","TPL_008_RUN_014",14,55.0620748309974,64.7728878324388,"broad_hfs_shifted_gamma","Broad_HFS","Broad_HFS","none","none","none","none","none","none","none","none","shifted_gamma","regular","none","not_applicable","boundary","v2.3_slow_overlap_direct_support_0.65B","none","none",,"hfs","plain_hfs_regular",135860063,"point_process=135860063","4f9f25bbf120c508d73718c949314d89579b7d417b51c0256c2adbdcb3035ede",0.345568977603689,7.52614120719954,0.02,29,9.71081300144136,0.334855620739357,0.288214245714148,0.303895969828895,0.0988603296373183,1
"TPL_008","TPL_008_RUN_015",15,64.7728878324388,70.4801727463278,"standalone_background_shifted_gamma","Burst","none","Burst","none","none","none","none","none","none","none","shifted_gamma","standalone_background","none","not_applicable","not_applicable","not_applicable","weak","BQ_022",2.90757835544646,"burst","BQ_022",1266092700,"hfs=1894184899;nested_burst=292092853;point_process=1266092700","f8d0126870a470c547ffb2b4a44d04c673ae9293ed0351273541259c46d4b55b",0.605880618130323,4.44459131583571,0.02,13,5.707284913889,0.439021916453,0.892247152038832,0.590034833680532,0.382029396681313,9
"TPL_009","TPL_009_RUN_001",1,0,1.44042575463187,"borderline_gap_mechanism","Borderline_Gap","none","none","none","none","Borderline_Gap","Borderline_Gap","tonic_tail_overlap_gap","secondary_target_excluded_from_primary_pause","Pause","explicit_gap","borderline_gap","none","not_applicable","not_applicable","not_applicable","none","none",,"borderline_gap","borderline_gap_1",1286534796,"point_process=1286534796","c1a40670af157b0ef2184b5f9bc060a8cf31b78166faf3294868bd34ab3e1d1d",1.44042575463187,,,1,1.44042575463187,1.44042575463187,0,0,0,1
"TPL_009","TPL_009_RUN_002",2,1.44042575463187,3.02660225900276,"background_shifted_gamma","Background","none","none","none","none","none","none","none","none","none","shifted_gamma","background","none","not_applicable","not_applicable","not_applicable","none","none",,"background","after_borderline_gap_only",907792950,"point_process=907792950","68bad68d2c19999127b63a07b1156cf6e03216d5d3684a66bb2fd5930c03d5a2",0.556819364323746,3.19730096217245,0.02,3,1.58617650437089,0.528725501456965,0.356124500169827,0.34497937459828,0.0922898561538655,1
"TPL_009","TPL_009_RUN_003",3,3.02660225900276,11.2320099421497,"broad_hfs_shifted_gamma","Burst","Broad_HFS","Burst","none","none","none","none","none","none","none","shifted_gamma","irregular","none","not_applicable","boundary","v2.3_slow_overlap_direct_support_0.65B","strong","BQ_078",4.00158266327344,"hfs_with_nested_burst","BQ_078",362970168,"hfs=1471479788;nested_burst=72807461;hfs_total=833314151;point_process=362970168","442e56d9203f588de26a3849dfeabf8a610b79c61e54e230f0e08e2eb930a10f",0.282983399219811,1.73295645019971,0.02,32,8.20540768314696,0.256418990098342,0.873722005040091,0.737308610945658,0.635286919958748,564
"TPL_009","TPL_009_RUN_004",4,11.2320099421497,12.6567710196277,"background_shifted_gamma","Background","none","none","none","none","none","none","none","none","none","shifted_gamma","background","none","not_applicable","not_applicable","not_applicable","none","none",,"background","after_hfs_overlay_hfs_2",843214644,"point_process=843214644","7f7c311c3208ad943e348e464aea607c3fb19d6d76155dedd43b471ef813fe63",0.564210514433216,3.77429773588665,0.02,3,1.42476107747798,0.474920359159327,0.436867352274629,0.703654919779325,0.391736972175501,1
"TPL_009","TPL_009_RUN_005",5,12.6567710196277,17.4915102689417,"tonic_shifted_gamma_generic_stress","Tonic:generic_stress","Tonic","none","none","none","none","none","none","none","none","shifted_gamma","generic_stress","generic_stress","deep","not_applicable","not_applicable","none","none",,"tonic","tonic_generic_stress",1915058228,"point_process=1915058228","7d35638b9c3317e3b9b840c31497f6d5f1d1a113ed505f7f20155936fd9851bd",0.362023934135213,14.2513243281282,0.02,13,4.83473924931401,0.371903019178001,0.289711568540848,0.270617053914859,0.0774466813248433,1
"TPL_009","TPL_009_RUN_006",6,17.4915102689417,22.4398259443587,"canonical_mechanism","Pause:canonical","none","Pause","canonical","none","none","none","none","none","none","explicit_gap","canonical","none","not_applicable","not_applicable","not_applicable","none","none",,"pause","canonical_after_tonic",1561788484,"point_process=1561788484","5891f2497e41593ab493cda77ac8b65c5b7af03f4db75a73eddf0754c77f2d12",4.94831567541696,,,1,4.94831567541696,4.94831567541696,0,0,0,1
"TPL_009","TPL_009_RUN_007",7,22.4398259443587,28.8639300111601,"standalone_background_shifted_gamma","Burst","none","Burst","none","none","none","none","none","none","none","shifted_gamma","standalone_background","none","not_applicable","not_applicable","not_applicable","moderate","BQ_026",3.61188172944821,"burst","BQ_026",299109964,"hfs=913418902;nested_burst=888918800;point_process=299109964","9d3384beedfbda3bee0f0e97111fcc809923d4f53e6f9148118b93bf3c9a57b5",0.505258967611007,3.14476054385304,0.02,17,6.42410406680141,0.37788847451773,0.959851299949709,0.648679904171254,0.483657198619807,10
"TPL_009","TPL_009_RUN_008",8,28.8639300111601,34.8653934767584,"broad_hfs_shifted_gamma","Broad_HFS","Broad_HFS","none","none","none","none","none","none","none","none","shifted_gamma","intermediate","none","not_applicable","core","v2.3_slow_overlap_direct_support_0.65B","none","none",,"hfs","plain_hfs_intermediate",980878959,"point_process=980878959","7511afde58f485d96a78d38dabb6c1592abe74afb74a1ac252da43aba176df66",0.217146503319964,4.8403916306328,0.02,27,6.00146346559835,0.222276424651791,0.356241005865678,0.403548456214625,0.161086519952709,1
"TPL_009","TPL_009_RUN_009",9,34.8653934767584,38.5207859378648,"background_shifted_gamma","Background","none","none","none","none","none","none","none","none","none","shifted_gamma","background","none","not_applicable","not_applicable","not_applicable","none","none",,"background","after_direct_burst_hfs_macro",760350853,"point_process=760350853","522591c30132efaa15b945eb388cf2ba131ff532f6bd6bb051ea604ceb14c4ae",0.712310667627025,3.56041750428267,0.02,3,3.65539246110637,1.21846415370212,0.570979514788005,0.425456661262624,0.26948278357986,1
"TPL_009","TPL_009_RUN_010",10,38.5207859378648,42.2308427947061,"standalone_background_shifted_gamma","Burst","none","Burst","none","none","none","none","none","none","none","shifted_gamma","standalone_background","none","not_applicable","not_applicable","not_applicable","strong","BQ_027",4.0253843262326,"burst","BQ_027",464521333,"hfs=1271635993;nested_burst=496901030;point_process=464521333","51f81920230ae0b5d0ef052b5d3134311ea6202b7c855bcfe0048ea988a3e41c",0.505348600645084,3.27147609218955,0.02,14,3.71005685684135,0.265004061202954,1.04290395189124,0.511241516103772,0.289947169553555,34
"TPL_009","TPL_009_RUN_011",11,42.2308427947061,42.7112881857856,"contextual_gap_mechanism","Contextual_Separator","none","none","none","Contextual_Separator","none","Contextual_Separator","contextual_interburst_gap_separator","secondary_target_excluded_from_primary_pause","Pause","explicit_gap","contextual_separator","none","not_applicable","not_applicable","not_applicable","none","none",,"contextual_separator","separator_1",197471079,"point_process=197471079","0074657f90c650ffd8ce4ceaef7ad20ef0af7596664d0d424265c20d268e588a",0.480445391079411,,,1,0.480445391079411,0.480445391079411,0,0,0,1
"TPL_009","TPL_009_RUN_012",12,42.7112881857856,45.8147767918343,"standalone_background_shifted_gamma","Burst","none","Burst","none","none","none","none","none","none","none","shifted_gamma","standalone_background","none","not_applicable","not_applicable","not_applicable","weak","BQ_025",2.93058489244431,"burst","BQ_025",447169920,"hfs=1879150774;nested_burst=171926561;point_process=447169920","de89dfed47769f80947b6d787889acb75b324b9a5c4da1ca128f55b28aeb116e",0.500363753491547,2.68406229168177,0.02,12,3.10348860604873,0.258624050504061,0.767407210166385,0.71590150945094,0.525573430950007,31
"TPL_009","TPL_009_RUN_013",13,45.8147767918343,48.7105768690976,"canonical_mechanism","Pause:canonical","none","Pause","canonical","none","none","none","none","none","none","explicit_gap","canonical","none","not_applicable","not_applicable","not_applicable","none","none",,"pause","canonical_standalone",1157464186,"point_process=1157464186","23ff2a8b25304b01019cd982561c883493ee402f85640d1b4f6fa932456b54b4",2.89580007726327,,,1,2.89580007726327,2.89580007726327,0,0,0,1
"TPL_009","TPL_009_RUN_014",14,48.7105768690976,54.4094438049785,"tonic_shifted_gamma_stn_like_empirical","Tonic:stn_like_empirical","Tonic","none","none","none","none","none","none","none","none","shifted_gamma","stn_like_empirical","stn_like_empirical","core","not_applicable","not_applicable","none","none",,"tonic","tonic_stn_like_empirical",7698113,"point_process=7698113","ecc85ec1022cd07152afb4290b8dad38399ca61ac4f8e3faa86fe4022116e483",0.55820706255734,75.3892141953111,0.02,11,5.69886693588093,0.518078812352812,0.0873063149895096,0.106387780164606,0.0118247161381242,1
"TPL_009","TPL_009_RUN_015",15,54.4094438049785,63.9867592784231,"broad_hfs_shifted_gamma","Burst","Broad_HFS","Burst","none","none","none","none","none","none","none","shifted_gamma","regular","none","not_applicable","deep","v2.3_slow_overlap_direct_support_0.65B","weak","BQ_077",2.91443673092872,"hfs_with_nested_burst","BQ_077",2076151437,"hfs=1590623871;nested_burst=1068438712;hfs_total=1499222838;point_process=2076151437","3ba02303ac1f6bf5274c59324b78786520ccf5430c90a3ba0d2757461ddda5d4",0.355931409662589,8.79140550876036,0.02,32,9.5773154734446,0.299291108545144,0.336439038479548,0.310027562840325,0.126182933747173,8
"TPL_010","TPL_010_RUN_001",1,0,7.39741868813936,"tonic_shifted_gamma_stn_like_empirical","Tonic:stn_like_empirical","Tonic","none","none","none","none","none","none","none","none","shifted_gamma","stn_like_empirical","stn_like_empirical","boundary","not_applicable","not_applicable","none","none",,"tonic","tonic_stn_like_empirical",1884258521,"point_process=1884258521","38603beb0c2a9692299bd0097befcd8efb73af7b8d2bc1de3bb3d3255d0f7c94",0.556330185281113,41.7528884205967,0.02,13,7.39741868813936,0.569032206779951,0.177603465604394,0.202725654654801,0.0425546484282638,1
"TPL_010","TPL_010_RUN_002",2,7.39741868813936,11.5158661080938,"canonical_mechanism","Pause:canonical","none","Pause","canonical","none","none","none","none","none","none","explicit_gap","canonical","none","not_applicable","not_applicable","not_applicable","none","none",,"pause","canonical_after_tonic",324889363,"point_process=324889363","d72ee8b01de7395e81264a0ca05bc6b2bbfd1a3984e7e334253941b9eddb1248",4.11844741995446,,,1,4.11844741995446,4.11844741995446,0,0,0,1
"TPL_010","TPL_010_RUN_003",3,11.5158661080938,12.2538532584275,"background_shifted_gamma","Background","none","none","none","none","none","none","none","none","none","shifted_gamma","background","none","not_applicable","not_applicable","not_applicable","none","none",,"background","after_tonic_canonical_pause_macro",2081550720,"point_process=2081550720","c4f59f83bf3a056db149ca4d19f7b21a5c26cfb93332152d6543015cf3b1d638",0.590494881686755,5.2037148027448,0.02,1,0.737987150333644,0.737987150333644,0,0,0,1
"TPL_010","TPL_010_RUN_004",4,12.2538532584275,15.6319926082639,"standalone_background_shifted_gamma","Burst","none","Burst","none","none","none","none","none","none","none","shifted_gamma","standalone_background","none","not_applicable","not_applicable","not_applicable","weak","BQ_028",2.98308402691036,"burst","BQ_028",362175655,"hfs=582339368;nested_burst=1701482252;point_process=362175655","80998638d4b03eae262dfb16398ba94a4b01503d7f3f86228254bcdaf2624ac2",0.698078213166445,2.13036981374025,0.02,6,3.37813934983638,0.56302322497273,1.11178300891575,0.764393747454419,0.579765144109647,2
"TPL_010","TPL_010_RUN_005",5,15.6319926082639,16.1052845931668,"contextual_gap_mechanism","Contextual_Separator","none","none","none","Contextual_Separator","none","Contextual_Separator","contextual_interburst_gap_separator","secondary_target_excluded_from_primary_pause","Pause","explicit_gap","contextual_separator","none","not_applicable","not_applicable","not_applicable","none","none",,"contextual_separator","separator_1",1821354914,"point_process=1821354914","dae834ed253ae3ec118f6bb2d7784519bed83288241ef5f4e957739a4d601100",0.473291984902948,,,1,0.473291984902948,0.473291984902948,0,0,0,1
"TPL_010","TPL_010_RUN_006",6,16.1052845931668,19.3949659097538,"standalone_background_shifted_gamma","Burst","none","Burst","none","none","none","none","none","none","none","shifted_gamma","standalone_background","none","not_applicable","not_applicable","not_applicable","moderate","BQ_029",3.98303093761206,"burst","BQ_029",395537575,"hfs=861184593;nested_burst=242152452;point_process=395537575","0d158f08fd4c0ab312ba7eb8bc92544d71e2b330740341be42c54e99c48cc47c",0.612897270929534,2.38836747556925,0.02,12,3.28968131658703,0.274140109715586,1.14142448169789,0.589243507880094,0.331079635652919,100
"TPL_010","TPL_010_RUN_007",7,19.3949659097538,30.821456093794,"tonic_shifted_gamma_generic_stress","Tonic:generic_stress","Tonic","none","none","none","none","none","none","none","none","shifted_gamma","generic_stress","generic_stress","core","not_applicable","not_applicable","none","none",,"tonic","tonic_generic_stress",1254137237,"point_process=1254137237","601b8b8b80fae21165a6c144e855f96e6803cdde513abd1925a41ba39be6a31d",0.882075916733593,14.043847003486,0.02,12,11.4264901840402,0.952207515336683,0.211476431130253,0.286330542043801,0.076233709011436,1
"TPL_010","TPL_010_RUN_008",8,30.821456093794,38.3288854093163,"complex_multi_gap_mechanism","Pause:complex_multi_gap","none","Pause","complex_multi_gap","none","none","none","none","none","none","explicit_gap","complex_multi_gap","none","not_applicable","not_applicable","not_applicable","none","none",,"pause","complex_multi_gap_after_tonic",1522164155,"point_process=1522164155","c54dcfb5cbec203fae27314d0024829825b5b8b6f81d3324816634fca9b293e0",2.50247643850744,,,3,7.50742931552231,2.50247643850744,0.244932334362233,0.25069775710619,0.0507333594468753,3
"TPL_010","TPL_010_RUN_009",9,38.3288854093163,46.4610020988699,"broad_hfs_shifted_gamma","Broad_HFS","Broad_HFS","none","none","none","none","none","none","none","none","shifted_gamma","regular","none","not_applicable","core","v2.3_slow_overlap_direct_support_0.65B","none","none",,"hfs","plain_hfs_regular",427531361,"point_process=427531361","5b945f71b02d876ce8811b129f66917424461d54789bb64863099861841597a6",0.288162809489295,6.89510671840981,0.02,30,8.13211668955358,0.271070556318453,0.334734986096346,0.389822230951889,0.161712441150346,1
"TPL_010","TPL_010_RUN_010",10,46.4610020988699,51.7865771427747,"standalone_background_shifted_gamma","Burst","none","Burst","none","none","none","none","none","none","none","shifted_gamma","standalone_background","none","not_applicable","not_applicable","not_applicable","strong","BQ_030",4.93241150863469,"burst","BQ_030",1721742352,"hfs=1055339807;nested_burst=1786369939;point_process=1721742352","fcaedf9e2b68673c43a2d63b5ca582355bba94cc7e632b85021b3689f8af3f81",0.641828286927193,2.83942905813456,0.02,13,5.32557504390474,0.409659618761903,0.875466497004659,0.834443608406753,0.620315703216329,5
"TPL_010","TPL_010_RUN_011",11,51.7865771427747,52.0554981408734,"background_shifted_gamma","Background","none","none","none","none","none","none","none","none","none","shifted_gamma","background","none","not_applicable","not_applicable","not_applicable","none","none",,"background","after_direct_burst_hfs_macro",1566496857,"point_process=1566496857","ff36d10a62b0b6638ea1f92d49f8ebe0b434d37222cbd7741e908ee1baf91e59",0.562865805590991,5.02130401076283,0.02,1,0.268920998098785,0.268920998098785,0,0,0,1
"TPL_010","TPL_010_RUN_012",12,52.0554981408734,52.930516302865,"borderline_gap_mechanism","Borderline_Gap","none","none","none","none","Borderline_Gap","Borderline_Gap","tonic_tail_overlap_gap","secondary_target_excluded_from_primary_pause","Pause","explicit_gap","borderline_gap","none","not_applicable","not_applicable","not_applicable","none","none",,"borderline_gap","borderline_gap_1",1121945920,"point_process=1121945920","24340480a77812e013c86f9a5c0a7b60dc86d155570b6987c686b45ab2eaa3e4",0.875018161991611,,,1,0.875018161991611,0.875018161991611,0,0,0,1
"TPL_010","TPL_010_RUN_013",13,52.930516302865,54.1666101861306,"background_shifted_gamma","Background","none","none","none","none","none","none","none","none","none","shifted_gamma","background","none","not_applicable","not_applicable","not_applicable","none","none",,"background","after_borderline_gap_only",474003408,"point_process=474003408","c3fff589c332243fab9ee081952f1770edb573f2884d4ff99a1ac795e9e05080",0.581231330125593,4.46389777283184,0.02,2,1.23609388326557,0.618046941632787,0.156339801138655,0.221097867108998,0.0366632001301111,1
"TPL_010","TPL_010_RUN_014",14,54.1666101861306,62.5549963076104,"broad_hfs_shifted_gamma","Burst","Broad_HFS","Burst","none","none","none","none","none","none","none","shifted_gamma","intermediate","none","not_applicable","boundary","v2.3_slow_overlap_direct_support_0.65B","moderate","BQ_079",3.57282809726894,"hfs_with_nested_burst","BQ_079",2055723087,"hfs=744029734;nested_burst=2051341212;hfs_total=1344912945;point_process=2055723087","6d6b03e51758879f926ecef82e4863f9154b1e9f38584005af23aa475d2c2c0a",0.339912723610178,2.87620019530877,0.02,28,8.38838612147981,0.299585218624279,0.732869922403953,0.602438950716406,0.438540505641697,3
"TPL_010","TPL_010_RUN_015",15,62.5549963076104,66.7811515734968,"canonical_mechanism","Pause:canonical","none","Pause","canonical","none","none","none","none","none","none","explicit_gap","canonical","none","not_applicable","not_applicable","not_applicable","none","none",,"pause","canonical_composite_hfs_connector",635566109,"point_process=635566109","ff0c924fd9581addad5b1d1d85a2b2653444d66bb0b63db0f852222109f8a120",4.22615526588634,,,1,4.22615526588634,4.22615526588634,0,0,0,1
"TPL_010","TPL_010_RUN_016",16,66.7811515734968,75.8046840275083,"broad_hfs_shifted_gamma","Burst","Broad_HFS","Burst","none","none","none","none","none","none","none","shifted_gamma","irregular","none","not_applicable","deep","v2.3_slow_overlap_direct_support_0.65B","weak","BQ_080",2.54740274008363,"hfs_with_nested_burst","BQ_080",1808068833,"hfs=1307556740;nested_burst=603748530;hfs_total=462468032;point_process=1808068833","325a45f39328358b6efdb9449ec38a09e3419d8ca385c180b59a2a1bb0c9eac2",0.320928790504113,1.38070119512267,0.02,34,9.02353245401158,0.265398013353282,0.715413165500498,0.770353403958102,0.57155416365898,246
"TPL_011","TPL_011_RUN_001",1,0,4.15693224179558,"canonical_mechanism","Pause:canonical","none","Pause","canonical","none","none","none","none","none","none","explicit_gap","canonical","none","not_applicable","not_applicable","not_applicable","none","none",,"pause","canonical_standalone",1504467921,"point_process=1504467921","5ee997a124144e79dd3b946359095885de681e95838b5e95dfaf0e7f030871d8",4.15693224179558,,,1,4.15693224179558,4.15693224179558,0,0,0,1
"TPL_011","TPL_011_RUN_002",2,4.15693224179558,4.36192658549157,"background_shifted_gamma","Background","none","none","none","none","none","none","none","none","none","shifted_gamma","background","none","not_applicable","not_applicable","not_applicable","none","none",,"background","after_canonical_pause_only",168227971,"point_process=168227971","67e1f83cfe83c9b7ee6f6b3475379b346916b5be41fb813b84f13c606d23dfb9",0.633299114718102,2.55898693064228,0.02,1,0.20499434369599,0.20499434369599,0,0,0,1
"TPL_011","TPL_011_RUN_003",3,4.36192658549157,12.9207335066663,"broad_hfs_shifted_gamma","Burst","Broad_HFS","Burst","none","none","none","none","none","none","none","shifted_gamma","intermediate","none","not_applicable","deep","v2.3_slow_overlap_direct_support_0.65B","moderate","BQ_081",3.08215132029727,"hfs_with_nested_burst","BQ_081",344646287,"hfs=1288001675;nested_burst=1193826464;hfs_total=1893275099;point_process=344646287","7a70256495de411ccf9496eb1efa680f51f3092104c50465659f352d24a1d185",0.321637973021716,2.5656802049838,0.02,33,8.55880692117472,0.259357785490143,0.706016355999618,0.564971385216651,0.359039958278326,52
"TPL_011","TPL_011_RUN_004",4,12.9207335066663,13.5722013329618,"background_shifted_gamma","Background","none","none","none","none","none","none","none","none","none","shifted_gamma","background","none","not_applicable","not_applicable","not_applicable","none","none",,"background","after_hfs_overlay_hfs_1",99132559,"point_process=99132559","d7bf4c64fb9c128b3633d6667a62b772ea8ab364140fb13479e4d7f1c87d7ec5",0.642780449136626,5.3794604568975,0.02,1,0.651467826295488,0.651467826295488,0,0,0,1
"TPL_011","TPL_011_RUN_005",5,13.5722013329618,21.8027871437239,"broad_hfs_shifted_gamma","Burst","Broad_HFS","Burst","none","none","none","none","none","none","none","shifted_gamma","regular","none","not_applicable","boundary","v2.3_slow_overlap_direct_support_0.65B","weak","BQ_082",2.63761405386031,"hfs_with_nested_burst","BQ_082",379921074,"hfs=1971998255;nested_burst=1653443151;hfs_total=996635946;point_process=379921074","84e9ef10a35800dd61df67defffeff36d23d1bd64ad9054ea0c26bc8cc59ab74",0.286374970935285,7.62900504888967,0.02,34,8.23058581076216,0.24207605325771,0.474062597399106,0.390786334083328,0.175848060730928,13
"TPL_011","TPL_011_RUN_006",6,21.8027871437239,25.9496040641254,"tonic_shifted_gamma_stn_like_empirical","Tonic:stn_like_empirical","Tonic","none","none","none","none","none","none","none","none","shifted_gamma","stn_like_empirical","stn_like_empirical","deep","not_applicable","not_applicable","none","none",,"tonic","tonic_stn_like_empirical",515113991,"point_process=515113991","0a72991280f381fa2c6fbbae8bb6c6a4c3cc3ba3fab3f0f6ef4669f10d155629",0.38460046004504,62.7504598535597,0.02,11,4.14681692040148,0.376983356400134,0.167716435355759,0.206875773710329,0.0396307595656128,1
"TPL_011","TPL_011_RUN_007",7,25.9496040641254,26.9704938921932,"borderline_gap_mechanism","Borderline_Gap","none","none","none","none","Borderline_Gap","Borderline_Gap","tonic_tail_overlap_gap","secondary_target_excluded_from_primary_pause","Pause","explicit_gap","borderline_gap","none","not_applicable","not_applicable","not_applicable","none","none",,"borderline_gap","borderline_gap_1",1693846890,"point_process=1693846890","0168ad2c5a663c61bf8fa100e9a3af49e0901c2eca71521ba39940601f4fa5b5",1.02088982806774,,,1,1.02088982806774,1.02088982806774,0,0,0,1
"TPL_011","TPL_011_RUN_008",8,26.9704938921932,28.7279549075437,"background_shifted_gamma","Background","none","none","none","none","none","none","none","none","none","shifted_gamma","background","none","not_applicable","not_applicable","not_applicable","none","none",,"background","after_borderline_gap_only",2085502239,"point_process=2085502239","77815268b99a8a7411f225c67ded0e7ca990499fd23040cdfaf25d1689102eaf",0.619088079559151,2.73290743783582,0.02,2,1.7574610153505,0.878730507675249,0.578541350892953,0.818181024826466,0.502065142039564,1
"TPL_011","TPL_011_RUN_009",9,28.7279549075437,35.7984263640265,"standalone_background_shifted_gamma","Burst","none","Burst","none","none","none","none","none","none","none","shifted_gamma","standalone_background","none","not_applicable","not_applicable","not_applicable","weak","BQ_031",2.92836743500084,"burst","BQ_031",1631450229,"hfs=795244060;nested_burst=447354462;point_process=1631450229","0811698c2366220c22a741435b0d2c15a53638317735320d6ce4de754aa98dec",0.536399895220529,2.98259207829833,0.02,20,7.07047145648289,0.353523572824144,0.786213253328883,0.747058575090587,0.538669733819898,21
"TPL_011","TPL_011_RUN_010",10,35.7984263640265,39.5377374899204,"broad_hfs_shifted_gamma","Broad_HFS","Broad_HFS","none","none","none","none","none","none","none","none","shifted_gamma","irregular","none","not_applicable","core","v2.3_slow_overlap_direct_support_0.65B","none","none",,"hfs","plain_hfs_irregular",1172264,"point_process=1172264","3e4cc46889b3d1788f8acec3e4213dc785d0f42a7d6a62f5f5de6ffabdd7456b",0.225615138402209,1.77931693601422,0.02,19,3.73931112589385,0.196805848731255,0.672881737433915,0.739316494478658,0.608315606300337,3
"TPL_011","TPL_011_RUN_011",11,39.5377374899204,41.8692008228514,"background_shifted_gamma","Background","none","none","none","none","none","none","none","none","none","shifted_gamma","background","none","not_applicable","not_applicable","not_applicable","none","none",,"background","after_direct_burst_hfs_macro",1133682755,"point_process=1133682755","0fb2e91246131af11e440a244784ed04117c50edac9a690f6032bb4e9c1d4e5d",0.732151996996254,3.32769499125425,0.02,3,2.33146333293101,0.777154444310338,0.126383519455577,0.191598461005695,0.0303048622766549,1
"TPL_011","TPL_011_RUN_012",12,41.8692008228514,49.547740065319,"tonic_shifted_gamma_generic_stress","Tonic:generic_stress","Tonic","none","none","none","none","none","none","none","none","shifted_gamma","generic_stress","generic_stress","boundary","not_applicable","not_applicable","none","none",,"tonic","tonic_generic_stress",1933371490,"point_process=1933371490","54fbab0d459f2937bd415a6c8d2c041e25e2778fb547c4cf575e5f95d53afe7b",0.58763341112528,28.5901927705854,0.02,14,7.67853924246761,0.548467088747687,0.187810929571191,0.210371537743388,0.0514815658902324,1
"TPL_011","TPL_011_RUN_013",13,49.547740065319,52.4736074759751,"canonical_mechanism","Pause:canonical","none","Pause","canonical","none","none","none","none","none","none","explicit_gap","canonical","none","not_applicable","not_applicable","not_applicable","none","none",,"pause","canonical_after_tonic",1325999319,"point_process=1325999319","46df5fd313187501c1615edaf521b80397ae53428ff07becdd7ea3bbb52d5a95",2.92586741065606,,,1,2.92586741065606,2.92586741065606,0,0,0,1
"TPL_011","TPL_011_RUN_014",14,52.4736074759751,55.8482165285108,"background_shifted_gamma","Background","none","none","none","none","none","none","none","none","none","shifted_gamma","background","none","not_applicable","not_applicable","not_applicable","none","none",,"background","after_tonic_canonical_pause_macro",862627995,"point_process=862627995","409e1268f208b072df948720d133c5ff55a782ad43311bac4253ccba33286ec5",0.627769822150003,2.50810026971158,0.02,3,3.37460905253575,1.12486968417858,0.638507579372333,0.834588552125632,0.716345509242602,1
"TPL_011","TPL_011_RUN_015",15,55.8482165285108,59.5893483037008,"standalone_background_shifted_gamma","Burst","none","Burst","none","none","none","none","none","none","none","shifted_gamma","standalone_background","none","not_applicable","not_applicable","not_applicable","moderate","BQ_032",3.30124706192873,"burst","BQ_032",1522219055,"hfs=1707367278;nested_burst=1995301410;point_process=1522219055","4e132dbde3d7850b61234f0049ffc433494951d8ca2bde0aa8b305c23bcfedb0",0.54020480401814,4.88238941282034,0.02,12,3.74113177518992,0.311760981265826,0.617054560487562,0.753213233185091,0.55429846295691,5
"TPL_011","TPL_011_RUN_016",16,59.5893483037008,60.1566883998812,"contextual_gap_mechanism","Contextual_Separator","none","none","none","Contextual_Separator","none","Contextual_Separator","contextual_interburst_gap_separator","secondary_target_excluded_from_primary_pause","Pause","explicit_gap","contextual_separator","none","not_applicable","not_applicable","not_applicable","none","none",,"contextual_separator","separator_1",1370268244,"point_process=1370268244","e79194cf469c7a3adcae0c1c3c3bebcce8d3670068a617810d3b3771806df53f",0.567340096180484,,,1,0.567340096180484,0.567340096180484,0,0,0,1
"TPL_011","TPL_011_RUN_017",17,60.1566883998812,63.0132920223269,"standalone_background_shifted_gamma","Burst","none","Burst","none","none","none","none","none","none","none","shifted_gamma","standalone_background","none","not_applicable","not_applicable","not_applicable","strong","BQ_033",5.25544482585974,"burst","BQ_033",956622354,"hfs=1189939725;nested_burst=1493107291;point_process=956622354","f84443a03a1c7c71b7d16aa7e4a447fac8e43f31964c4a1f2d602a3474fe0001",0.571212017245125,3.37877259626985,0.02,8,2.85660362244563,0.357075452805704,1.2142010902069,0.793540131160187,0.598742511761123,3
"TPL_012","TPL_012_RUN_001",1,0,6.1656131270975,"tonic_shifted_gamma_generic_stress","Tonic:generic_stress","Tonic","none","none","none","none","none","none","none","none","shifted_gamma","generic_stress","generic_stress","deep","not_applicable","not_applicable","none","none",,"tonic","tonic_generic_stress",1085072084,"point_process=1085072084","1d37d3053d87db4caaaa059b8de6b7e2415df1ae1368de0c8cf73fe3f58686aa",0.415482933507301,16.5705933524296,0.02,15,6.1656131270975,0.411040875139834,0.230557178278955,0.245999336435462,0.0775724703895411,1
"TPL_012","TPL_012_RUN_002",2,6.1656131270975,13.3892428911925,"complex_multi_gap_mechanism","Pause:complex_multi_gap","none","Pause","complex_multi_gap","none","none","none","none","none","none","explicit_gap","complex_multi_gap","none","not_applicable","not_applicable","not_applicable","none","none",,"pause","complex_multi_gap_after_tonic",1674383890,"point_process=1674383890","ba8e22ead826ceafbab822e600e304de0625bd58b36ef07cdc0d173d60e0ed43",2.40787658803165,,,3,7.22362976409495,2.40787658803165,0.17513728157343,0.200041350654227,0.0450805662399543,1
"TPL_012","TPL_012_RUN_003",3,13.3892428911925,21.8134491164158,"tonic_shifted_gamma_stn_like_empirical","Tonic:stn_like_empirical","Tonic","none","none","none","none","none","none","none","none","shifted_gamma","stn_like_empirical","stn_like_empirical","core","not_applicable","not_applicable","none","none",,"tonic","tonic_stn_like_empirical",1797788458,"point_process=1797788458","9a65669e8c6ec8aae06ed90034749e2503227967bf325a1fc358fabb2c0e1cbb",0.595413795635104,70.8321822900325,0.02,14,8.42420622522338,0.601729016087384,0.0987934756078397,0.0773116994756775,0.00634187135938764,1
"TPL_012","TPL_012_RUN_004",4,21.8134491164158,24.7803149057008,"canonical_mechanism","Pause:canonical","none","Pause","canonical","none","none","none","none","none","none","explicit_gap","canonical","none","not_applicable","not_applicable","not_applicable","none","none",,"pause","canonical_after_tonic",1881787612,"point_process=1881787612","9ccfa771d7b6e48d7175d7a7f6259a8c85976e93335f561764cde1e2372221d8",2.96686578928493,,,1,2.96686578928493,2.96686578928493,0,0,0,1
"TPL_012","TPL_012_RUN_005",5,24.7803149057008,25.5342958059933,"background_shifted_gamma","Background","none","none","none","none","none","none","none","none","none","shifted_gamma","background","none","not_applicable","not_applicable","not_applicable","none","none",,"background","after_tonic_canonical_pause_macro",1786553940,"point_process=1786553940","4ecbe81f2255b30eb9d3db5424753ccfd075506db63d57b118d5129e9a272c3d",0.752406389114913,2.85358643927611,0.02,2,0.7539809002925,0.37699045014625,0.677348539687726,0.957915491279993,0.688201566325642,1
"TPL_012","TPL_012_RUN_006",6,25.5342958059933,33.9264098453246,"broad_hfs_shifted_gamma","Broad_HFS","Broad_HFS","none","none","none","none","none","none","none","none","shifted_gamma","regular","none","not_applicable","deep","v2.3_slow_overlap_direct_support_0.65B","none","none",,"hfs","plain_hfs_regular",1999527969,"point_process=1999527969","6633b6c586eadb039815c0925e03bd96e0790716d89fa5e6344f4fa7a1eb7197",0.415377482231706,11.3088943501934,0.02,20,8.39211403933135,0.419605701966567,0.349625551187384,0.401770357601194,0.200762392545589,1
"TPL_012","TPL_012_RUN_007",7,33.9264098453246,40.0522291787649,"standalone_background_shifted_gamma","Burst","none","Burst","none","none","none","none","none","none","none","shifted_gamma","standalone_background","none","not_applicable","not_applicable","not_applicable","moderate","BQ_035",3.694744406268,"burst","BQ_035",257840219,"hfs=134875651;nested_burst=1509519878;point_process=257840219","c8ce0b59be6cc3021c0c777a5c434089361ab59bd9c3d98132160456cc2e22c3",0.552719857706688,4.31988327875733,0.02,14,6.12581933344033,0.437558523817166,0.733568685794363,0.513907218260425,0.343266749031909,1
"TPL_012","TPL_012_RUN_008",8,40.0522291787649,42.4260629035448,"background_shifted_gamma","Background","none","none","none","none","none","none","none","none","none","shifted_gamma","background","none","not_applicable","not_applicable","not_applicable","none","none",,"background","after_direct_burst_hfs_macro",314113391,"point_process=314113391","dddf503e1c3beabc772ab66fd1f51ee27335a67e73343093f3a3960f7937d588",0.721123525244184,2.89150690229144,0.02,3,2.3738337247799,0.791277908259967,0.61245683270866,1.02111656059532,0.808331354679518,1
"TPL_012","TPL_012_RUN_009",9,42.4260629035448,45.591152089845,"standalone_background_shifted_gamma","Burst","none","Burst","none","none","none","none","none","none","none","shifted_gamma","standalone_background","none","not_applicable","not_applicable","not_applicable","strong","BQ_036",5.13091264583636,"burst","BQ_036",509376214,"hfs=398390965;nested_burst=1298943287;point_process=509376214","b553a6365fab9a0029ee5564b06e46aa2e80698b8a8681f15edb346591cbf63a",0.625727155560162,4.00005411729217,0.02,12,3.16508918630013,0.263757432191677,0.728851981979616,0.448243863697709,0.229718671372069,1
"TPL_012","TPL_012_RUN_010",10,45.591152089845,46.0771071534246,"contextual_gap_mechanism","Contextual_Separator","none","none","none","Contextual_Separator","none","Contextual_Separator","contextual_interburst_gap_separator","secondary_target_excluded_from_primary_pause","Pause","explicit_gap","contextual_separator","none","not_applicable","not_applicable","not_applicable","none","none",,"contextual_separator","separator_1",568883771,"point_process=568883771","5a4feed6688e34fe8d2e57228db62ffdc785c5da48805a253ff438134b4b4cd3",0.485955063579604,,,1,0.485955063579604,0.485955063579604,0,0,0,1
"TPL_012","TPL_012_RUN_011",11,46.0771071534246,49.0082444953674,"standalone_background_shifted_gamma","Burst","none","Burst","none","none","none","none","none","none","none","shifted_gamma","standalone_background","none","not_applicable","not_applicable","not_applicable","weak","BQ_034",2.97791508194059,"burst","BQ_034",2147325239,"hfs=1409037695;nested_burst=2098107300;point_process=2147325239","f68ddfc55939eca51ada64f3cc7b918d589550113677e8be22835ff6f97e97e1",0.604987891961355,1.95261805355549,0.02,13,2.93113734194279,0.225472103226369,0.960957201832279,0.633158022147132,0.432821954322733,4469
"TPL_012","TPL_012_RUN_012",12,49.0082444953674,56.71126076637,"broad_hfs_shifted_gamma","Burst","Broad_HFS","Burst","none","none","none","none","none","none","none","shifted_gamma","intermediate","none","not_applicable","core","v2.3_slow_overlap_direct_support_0.65B","moderate","BQ_083",3.12376183900051,"hfs_with_nested_burst","BQ_083",185872391,"hfs=1566999134;nested_burst=1380156010;hfs_total=650779478;point_process=185872391","97cd8e39dace31f2c2ffd3a92c852a244267e722f371cb2703dbd671cefc6620",0.295985293574631,3.4564996406436,0.02,32,7.70301627100261,0.240719258468831,0.663911571623347,0.514716872220594,0.276916735328753,21
"TPL_012","TPL_012_RUN_013",13,56.71126076637,59.871953187065,"canonical_mechanism","Pause:canonical","none","Pause","canonical","none","none","none","none","none","none","explicit_gap","canonical","none","not_applicable","not_applicable","not_applicable","none","none",,"pause","canonical_composite_hfs_connector",1851035095,"point_process=1851035095","d0f5b83e846f9dac1c8446a6e1b09eaea15501a221452007e1f30bdaab8c8431",3.16069242069498,,,1,3.16069242069498,3.16069242069498,0,0,0,1
"TPL_012","TPL_012_RUN_014",14,59.871953187065,68.416547525898,"broad_hfs_shifted_gamma","Burst","Broad_HFS","Burst","none","none","none","none","none","none","none","shifted_gamma","irregular","none","not_applicable","boundary","v2.3_slow_overlap_direct_support_0.65B","strong","BQ_084",4.17171789507847,"hfs_with_nested_burst","BQ_084",1566736883,"hfs=849328743;nested_burst=117097013;hfs_total=577495857;point_process=1566736883","37060c9d16ed0b1f5d84008586a53a169401801cc2f88f4662444f2ead693a1b",0.309485508035868,1.63803135382477,0.02,31,8.5445943388331,0.275632075446229,0.712458414770259,0.593872139189966,0.371962313069559,19
"TPL_012","TPL_012_RUN_015",15,68.416547525898,69.2065571389257,"background_shifted_gamma","Background","none","none","none","none","none","none","none","none","none","shifted_gamma","background","none","not_applicable","not_applicable","not_applicable","none","none",,"background","after_composite_hfs_pause_hfs_macro",1591698897,"point_process=1591698897","9d01e3b4e22d26486757e59cb8c2f944f64187e71c9aa96083deda6b657cb7bb",0.679513942752965,3.65676030213945,0.02,2,0.79000961302768,0.39500480651384,0.163541108830179,0.231282054113174,0.0401185414161068,1
"TPL_012","TPL_012_RUN_016",16,69.2065571389257,69.9645246639525,"borderline_gap_mechanism","Borderline_Gap","none","none","none","none","Borderline_Gap","Borderline_Gap","tonic_tail_overlap_gap","secondary_target_excluded_from_primary_pause","Pause","explicit_gap","borderline_gap","none","not_applicable","not_applicable","not_applicable","none","none",,"borderline_gap","borderline_gap_1",436183112,"point_process=436183112","b12ead49b8f923f530f130edbe57704b4a24b982ae536fb8a8a9c90582fd902f",0.757967525026761,,,1,0.757967525026761,0.757967525026761,0,0,0,1
"TPL_013","TPL_013_RUN_001",1,0,3.28263657049905,"standalone_background_shifted_gamma","Burst","none","Burst","none","none","none","none","none","none","none","shifted_gamma","standalone_background","none","not_applicable","not_applicable","not_applicable","weak","BQ_037",2.65564907882363,"burst","BQ_037",236234662,"hfs=1714390761;nested_burst=1999703588;point_process=236234662","4a2d990fa5f3a92ee451d01d2eec0f0d35d5ff2afb22d0ab201829cca29d2053",0.576329306466505,3.09453308433294,0.02,8,3.28263657049905,0.410329571312381,0.645119393479253,0.25071889394312,0.0833408482402488,6
"TPL_013","TPL_013_RUN_002",2,3.28263657049905,3.9090146944764,"contextual_gap_mechanism","Contextual_Separator","none","none","none","Contextual_Separator","none","Contextual_Separator","contextual_interburst_gap_separator","secondary_target_excluded_from_primary_pause","Pause","explicit_gap","contextual_separator","none","not_applicable","not_applicable","not_applicable","none","none",,"contextual_separator","separator_1",1314430666,"point_process=1314430666","86dc53596f47c3423b6240bb4d1863a924526a659c0612be4f3d3c632a0ca32b",0.626378123977355,,,1,0.626378123977355,0.626378123977355,0,0,0,1
"TPL_013","TPL_013_RUN_003",3,3.9090146944764,7.122263345744,"standalone_background_shifted_gamma","Burst","none","Burst","none","none","none","none","none","none","none","shifted_gamma","standalone_background","none","not_applicable","not_applicable","not_applicable","moderate","BQ_038",3.89595348923467,"burst","BQ_038",643286779,"hfs=1385585613;nested_burst=843616316;point_process=643286779","fa6348a4e6366465e5570aae779d6114f17a0285545e644915c17100b58945e1",0.579323734261561,4.31271556317806,0.02,9,3.2132486512676,0.357027627918623,1.06571329123289,0.607221045670103,0.408609215164107,1
"TPL_013","TPL_013_RUN_004",4,7.122263345744,12.1022229756857,"canonical_mechanism","Pause:canonical","none","Pause","canonical","none","none","none","none","none","none","explicit_gap","canonical","none","not_applicable","not_applicable","not_applicable","none","none",,"pause","canonical_standalone",739949656,"point_process=739949656","efd6c51daab651d71e2dc058563f4e022a6deeccf3f02d92e2643518c42f5fe2",4.97995962994173,,,1,4.97995962994173,4.97995962994173,0,0,0,1
"TPL_013","TPL_013_RUN_005",5,12.1022229756857,13.7718674896107,"background_shifted_gamma","Background","none","none","none","none","none","none","none","none","none","shifted_gamma","background","none","not_applicable","not_applicable","not_applicable","none","none",,"background","after_canonical_pause_only",928870705,"point_process=928870705","bbbaf4c2695dc229f32d94dfb5cdec90ee4aa413ca57bc08b85fcfd00a34a49a",0.575415217562113,3.1279492265312,0.02,3,1.669644513925,0.556548171308335,0.765175700377679,0.542873724730132,0.441808261664014,1
"TPL_013","TPL_013_RUN_006",6,13.7718674896107,22.5807377222604,"tonic_shifted_gamma_generic_stress","Tonic:generic_stress","Tonic","none","none","none","none","none","none","none","none","shifted_gamma","generic_stress","generic_stress","core","not_applicable","not_applicable","none","none",,"tonic","tonic_generic_stress",1291813740,"point_process=1291813740","85a27326d27fb2e47749393044329f792604db8fe80d48506ab97006cea8c9e2",0.838358320510015,6.16800721455365,0.02,9,8.80887023264962,0.978763359183292,0.347403582787679,0.297594117028053,0.095480728880605,1
"TPL_013","TPL_013_RUN_007",7,22.5807377222604,26.7485475634834,"canonical_mechanism","Pause:canonical","none","Pause","canonical","none","none","none","none","none","none","explicit_gap","canonical","none","not_applicable","not_applicable","not_applicable","none","none",,"pause","canonical_after_tonic",1112565274,"point_process=1112565274","794a6c988bee644ec29f21bffbba79ff9ddec2aca31c3fc8c7ff8b8088ab8257",4.16780984122306,,,1,4.16780984122306,4.16780984122306,0,0,0,1
"TPL_013","TPL_013_RUN_008",8,26.7485475634834,27.7446228293889,"background_shifted_gamma","Background","none","none","none","none","none","none","none","none","none","shifted_gamma","background","none","not_applicable","not_applicable","not_applicable","none","none",,"background","after_tonic_canonical_pause_macro",834648475,"point_process=834648475","dc1f92c4c5154841e66347a1307f4573ca04a489efe4d01020f13aec86722b02",0.603582660329994,2.86310421209782,0.02,2,0.996075265905467,0.498037632952734,0.196726833892151,0.278213756572999,0.0580521707598448,1
"TPL_013","TPL_013_RUN_009",9,27.7446228293889,36.4671503486452,"broad_hfs_shifted_gamma","Burst","Broad_HFS","Burst","none","none","none","none","none","none","none","shifted_gamma","irregular","none","not_applicable","deep","v2.3_slow_overlap_direct_support_0.65B","strong","BQ_086",4.04411564359907,"hfs_with_nested_burst","BQ_086",846086147,"hfs=1913055751;nested_burst=931364139;hfs_total=380144575;point_process=846086147","e064d3448cdf3393e889146e8df7a63b28107464d5eb416b6515e81b399a0033",0.334706183169037,1.1625435421709,0.02,33,8.7225275192563,0.264319015735039,0.762489818975843,0.724033695850762,0.568429039161621,207
"TPL_013","TPL_013_RUN_010",10,36.4671503486452,40.2220001545649,"background_shifted_gamma","Background","none","none","none","none","none","none","none","none","none","shifted_gamma","background","none","not_applicable","not_applicable","not_applicable","none","none",,"background","after_hfs_overlay_hfs_2",104397371,"point_process=104397371","aacd3f36d01248c09cbd957827027d5044258aaa323cafddf3fe7b66ed83c1c5",0.698362872365397,5.32683218433522,0.02,3,3.75484980591971,1.25161660197324,0.639763404412986,1.15261108392632,1.01292260368112,1
"TPL_013","TPL_013_RUN_011",11,40.2220001545649,47.0882824765545,"standalone_background_shifted_gamma","Burst","none","Burst","none","none","none","none","none","none","none","shifted_gamma","standalone_background","none","not_applicable","not_applicable","not_applicable","strong","BQ_039",5.16470479557756,"burst","BQ_039",1630531273,"hfs=1953578086;nested_burst=1006105724;point_process=1630531273","4427b89b53894e3bd6f020965a3974afc03d02c3bd62fc7d0885ed9e7856fa11",0.671244217886124,4.72767461389303,0.02,15,6.86628232198956,0.457752154799304,0.976468366755612,0.528481283741979,0.366553046355686,9
"TPL_013","TPL_013_RUN_012",12,47.0882824765545,53.7967580850023,"broad_hfs_shifted_gamma","Broad_HFS","Broad_HFS","none","none","none","none","none","none","none","none","shifted_gamma","intermediate","none","not_applicable","boundary","v2.3_slow_overlap_direct_support_0.65B","none","none",,"hfs","plain_hfs_intermediate",2061675082,"point_process=2061675082","1457b1171c855d65ea70d66a6f9253ad0185cd63c2b90047eaf6beb9c3341d5c",0.323462146809325,4.63412960353307,0.02,24,6.70847560844783,0.27951981701866,0.411632198305363,0.411334863041074,0.228686121198087,1
"TPL_013","TPL_013_RUN_013",13,53.7967580850023,55.4709510735112,"background_shifted_gamma","Background","none","none","none","none","none","none","none","none","none","shifted_gamma","background","none","not_applicable","not_applicable","not_applicable","none","none",,"background","after_direct_burst_hfs_macro",763152874,"point_process=763152874","ba1def396410d1d549fc5ba06f8eb26175f0635337c2c4277bf8adc4666eb195",0.659869331179652,3.62388060195372,0.02,2,1.67419298850895,0.837096494254474,0.46997150846839,0.664640081204939,0.331309828158081,1
"TPL_013","TPL_013_RUN_014",14,55.4709510735112,59.5977124870422,"tonic_shifted_gamma_stn_like_empirical","Tonic:stn_like_empirical","Tonic","none","none","none","none","none","none","none","none","shifted_gamma","stn_like_empirical","stn_like_empirical","boundary","not_applicable","not_applicable","none","none",,"tonic","tonic_stn_like_empirical",1178240344,"point_process=1178240344","5778221af8ec690419eb665ce855f951a602770a75e82fdbfe348856e486d8e6",0.416380914784968,16.7274142187089,0.02,10,4.126761413531,0.4126761413531,0.167046052293019,0.23969843141147,0.0547047143551199,1
"TPL_013","TPL_013_RUN_015",15,59.5977124870422,60.4281340314628,"borderline_gap_mechanism","Borderline_Gap","none","none","none","none","Borderline_Gap","Borderline_Gap","tonic_tail_overlap_gap","secondary_target_excluded_from_primary_pause","Pause","explicit_gap","borderline_gap","none","not_applicable","not_applicable","not_applicable","none","none",,"borderline_gap","borderline_gap_1",2146310193,"point_process=2146310193","e261c8268e407b9cb0da90f66b566b015d1c7d8c3e0d80ee96448479c2a521a9",0.830421544420533,,,1,0.830421544420533,0.830421544420533,0,0,0,1
"TPL_013","TPL_013_RUN_016",16,60.4281340314628,62.6758154561449,"background_shifted_gamma","Background","none","none","none","none","none","none","none","none","none","shifted_gamma","background","none","not_applicable","not_applicable","not_applicable","none","none",,"background","after_borderline_gap_only",675212633,"point_process=675212633","d297436a888ef7eb50506a7d1554a875a39eec29ebf42158ce85b32eb82dc5bf",0.711306725174654,3.70102455979213,0.02,2,2.24768142468211,1.12384071234105,0.751269206504228,1.06245510083155,0.846608130962238,1
"TPL_013","TPL_013_RUN_017",17,62.6758154561449,68.4008193390988,"broad_hfs_shifted_gamma","Burst","Broad_HFS","Burst","none","none","none","none","none","none","none","shifted_gamma","regular","none","not_applicable","core","v2.3_slow_overlap_direct_support_0.65B","moderate","BQ_085",3.14374785381369,"hfs_with_nested_burst","BQ_085",100353066,"hfs=1961153410;nested_burst=243284434;hfs_total=1832533451;point_process=100353066","a0d153f6b27bc0d039495d6d005392f143ecf9ee367f0e44bfb4a0183597b7f2",0.214710569819435,7.53476283559576,0.02,29,5.7250038829539,0.19741392699841,0.441439516887338,0.359518082823201,0.166440849324308,2
"TPL_014","TPL_014_RUN_001",1,0,9.02642399893223,"broad_hfs_shifted_gamma","Burst","Broad_HFS","Burst","none","none","none","none","none","none","none","shifted_gamma","regular","none","not_applicable","boundary","v2.3_slow_overlap_direct_support_0.65B","strong","BQ_087",5.41235690691974,"hfs_with_nested_burst","BQ_087",698522750,"hfs=701907106;nested_burst=441442251;hfs_total=701572753;point_process=698522750","7fde9547823d3f141569c0523a4af12da51b0eb387bcc6598779ee877e999047",0.338428310770541,9.20886555779725,0.02,28,9.02642399893223,0.322372285676151,0.471699113188455,0.451023564846167,0.227549034680056,14
"TPL_014","TPL_014_RUN_002",2,9.02642399893223,12.6628428736803,"canonical_mechanism","Pause:canonical","none","Pause","canonical","none","none","none","none","none","none","explicit_gap","canonical","none","not_applicable","not_applicable","not_applicable","none","none",,"pause","canonical_composite_hfs_connector",697792400,"point_process=697792400","a165e88699a92be1750565191367c64cfd412ae96fef1e6490dbdf3292fe7401",3.63641887474805,,,1,3.63641887474805,3.63641887474805,0,0,0,1
"TPL_014","TPL_014_RUN_003",3,12.6628428736803,20.8515070136778,"broad_hfs_shifted_gamma","Burst","Broad_HFS","Burst","none","none","none","none","none","none","none","shifted_gamma","intermediate","none","not_applicable","deep","v2.3_slow_overlap_direct_support_0.65B","weak","BQ_088",2.72052670363337,"hfs_with_nested_burst","BQ_088",535433256,"hfs=1455876116;nested_burst=893376246;hfs_total=1446999243;point_process=535433256","a96c4d08f18fd3cc8c8aaa10b59c9e9270c37b1cf089be732be602f00ea3012d",0.335572629719973,4.9946335724555,0.02,31,8.18866413999747,0.264150456128951,0.575457633966492,0.517531804864455,0.267878675923506,145
"TPL_014","TPL_014_RUN_004",4,20.8515070136778,21.7080708501969,"background_shifted_gamma","Background","none","none","none","none","none","none","none","none","none","shifted_gamma","background","none","not_applicable","not_applicable","not_applicable","none","none",,"background","after_composite_hfs_pause_hfs_macro",2002899296,"point_process=2002899296","72413d56769d7874bf7cde4f3ad26f312adf5d4c3a47d251606d1766c6429e52",0.593126714765094,3.5646991818212,0.02,2,0.856563836519144,0.428281918259572,0.439025305165709,0.620875540790332,0.289114827863766,1
"TPL_014","TPL_014_RUN_005",5,21.7080708501969,22.6978067593758,"borderline_gap_mechanism","Borderline_Gap","none","none","none","none","Borderline_Gap","Borderline_Gap","tonic_tail_overlap_gap","secondary_target_excluded_from_primary_pause","Pause","explicit_gap","borderline_gap","none","not_applicable","not_applicable","not_applicable","none","none",,"borderline_gap","borderline_gap_1",1914090537,"point_process=1914090537","d7acfe160ba9a4de13110587edc8d35ea4e9cea5d454e6b8ad1d4cc7a956d5a7",0.989735909178853,,,1,0.989735909178853,0.989735909178853,0,0,0,1
"TPL_014","TPL_014_RUN_006",6,22.6978067593758,24.5883812086897,"background_shifted_gamma","Background","none","none","none","none","none","none","none","none","none","shifted_gamma","background","none","not_applicable","not_applicable","not_applicable","none","none",,"background","after_borderline_gap_only",722374029,"point_process=722374029","c8ea5adbff5ecc1e0477ce80dfba77f3c6956177ce0d6f555461115f96a19f34",0.751924757042434,4.91423009289429,0.02,2,1.89057444931399,0.945287224656996,0.820726059986007,1.16068192502525,1.01038689831023,1
"TPL_014","TPL_014_RUN_007",7,24.5883812086897,28.2598103660787,"tonic_shifted_gamma_stn_like_empirical","Tonic:stn_like_empirical","Tonic","none","none","none","none","none","none","none","none","shifted_gamma","stn_like_empirical","stn_like_empirical","deep","not_applicable","not_applicable","none","none",,"tonic","tonic_stn_like_empirical",240627538,"point_process=240627538","bc7a19bb7b1ed7e4f236a2c46b7385ed4fc163d42cd9251c8036554ff04a863b",0.358325887769461,8.19462982332334,0.02,11,3.67142915738897,0.333766287035361,0.316299295423195,0.424374104798002,0.214465659846125,1
"TPL_014","TPL_014_RUN_008",8,28.2598103660787,32.8069936151313,"canonical_mechanism","Pause:canonical","none","Pause","canonical","none","none","none","none","none","none","explicit_gap","canonical","none","not_applicable","not_applicable","not_applicable","none","none",,"pause","canonical_after_tonic",2060202110,"point_process=2060202110","f39c89144b250c6a0b5003c621804f9425380e8235d5cf5c78bf35bcdb199390",4.54718324905261,,,1,4.54718324905261,4.54718324905261,0,0,0,1
"TPL_014","TPL_014_RUN_009",9,32.8069936151313,39.7457452748689,"tonic_shifted_gamma_generic_stress","Tonic:generic_stress","Tonic","none","none","none","none","none","none","none","none","shifted_gamma","generic_stress","generic_stress","boundary","not_applicable","not_applicable","none","none",,"tonic","tonic_generic_stress",1004534154,"point_process=1004534154","5100adf93515e9ec599773af6eb544482db6e7b5067a328543bb66573da21d93",0.651239439626224,9.77083027502522,0.02,12,6.93875165973761,0.578229304978134,0.372710229147419,0.408166132530314,0.175264101893849,1
"TPL_014","TPL_014_RUN_010",10,39.7457452748689,45.9960559964899,"complex_multi_gap_mechanism","Pause:complex_multi_gap","none","Pause","complex_multi_gap","none","none","none","none","none","none","explicit_gap","complex_multi_gap","none","not_applicable","not_applicable","not_applicable","none","none",,"pause","complex_multi_gap_after_tonic",893984393,"point_process=893984393","1af5bd436f4b5545634210b0748ae2597845a2f4f5e0c53e6c4fc6d25f101e95",2.08343690720697,,,3,6.25031072162092,2.08343690720697,0.193569228250206,0.186128234424091,0.0282360018611726,1
"TPL_014","TPL_014_RUN_011",11,45.9960559964899,48.5806765172229,"background_shifted_gamma","Background","none","none","none","none","none","none","none","none","none","shifted_gamma","background","none","not_applicable","not_applicable","not_applicable","none","none",,"background","after_tonic_complex_pause_macro",1469281913,"point_process=1469281913","5d41439192e2c61c38f1b4b35c06d6ef368ead60c1610c90626b9dd7a2de98c8",0.650956339912955,4.29943814652506,0.02,3,2.58462052073306,0.861540173577686,0.140839147365034,0.220810457336724,0.0387410493325183,1
"TPL_014","TPL_014_RUN_012",12,48.5806765172229,55.1198261786911,"broad_hfs_shifted_gamma","Broad_HFS","Broad_HFS","none","none","none","none","none","none","none","none","shifted_gamma","irregular","none","not_applicable","core","v2.3_slow_overlap_direct_support_0.65B","none","none",,"hfs","plain_hfs_irregular",117372028,"point_process=117372028","512f65239a71a58eb8d4fec86597e418e343188ac65ac9696568d1502d9bf8d6",0.204131981078535,0.972948268032633,0.02,33,6.53914966146816,0.19815605034752,1.00264380802485,0.893294397051785,0.803701315894573,2
"TPL_014","TPL_014_RUN_013",13,55.1198261786911,61.4581946008964,"standalone_background_shifted_gamma","Burst","none","Burst","none","none","none","none","none","none","none","shifted_gamma","standalone_background","none","not_applicable","not_applicable","not_applicable","weak","BQ_040",2.89938840996474,"burst","BQ_040",1074392033,"hfs=1328258615;nested_burst=117443151;point_process=1074392033","74891aabaa0e5d1f3fa0ffa62f3fcc0c16bcb53d68a238e9722bb85a33812c16",0.680244363984093,2.10450495183468,0.02,15,6.33836842220532,0.422557894813688,0.884341515706225,0.724227140655416,0.524849264158254,13
"TPL_014","TPL_014_RUN_014",14,61.4581946008964,65.71145264811,"standalone_background_shifted_gamma","Burst","none","Burst","none","none","none","none","none","none","none","shifted_gamma","standalone_background","none","not_applicable","not_applicable","not_applicable","moderate","BQ_041",3.48512835800648,"burst","BQ_041",2067601129,"hfs=1416021743;nested_burst=1992619386;point_process=2067601129","df42e4aa76472d04c8ff9558d249c406e2d4a682bbb3f533cac5d1513a2110d6",0.676693324872758,2.82080875486136,0.02,10,4.25325804721362,0.425325804721363,1.7742622221679,0.762553679878431,0.561759754600709,62
"TPL_014","TPL_014_RUN_015",15,65.71145264811,66.3311036276904,"contextual_gap_mechanism","Contextual_Separator","none","none","none","Contextual_Separator","none","Contextual_Separator","contextual_interburst_gap_separator","secondary_target_excluded_from_primary_pause","Pause","explicit_gap","contextual_separator","none","not_applicable","not_applicable","not_applicable","none","none",,"contextual_separator","separator_1",55683587,"point_process=55683587","d24f41a3c445914b66b4ea3290ba9ac0f72931188fd1bbf11db366bd44b1cbc2",0.619650979580326,,,1,0.619650979580326,0.619650979580326,0,0,0,1
"TPL_014","TPL_014_RUN_016",16,66.3311036276904,69.088119859062,"standalone_background_shifted_gamma","Burst","none","Burst","none","none","none","none","none","none","none","shifted_gamma","standalone_background","none","not_applicable","not_applicable","not_applicable","strong","BQ_042",5.21503737219609,"burst","BQ_042",545937308,"hfs=1436733772;nested_burst=1669264234;point_process=545937308","e824e7e84e238f3a8d4be4129b87d4a813f49873a41f7f0d2958b4482c48a57c",0.788875919778366,3.17454257905483,0.02,6,2.75701623137162,0.459502705228603,1.06721982926226,0.772645965881046,0.523438265435294,1
"TPL_015","TPL_015_RUN_001",1,0,7.18836782559477,"broad_hfs_shifted_gamma","Burst","Broad_HFS","Burst","none","none","none","none","none","none","none","shifted_gamma","irregular","none","not_applicable","boundary","v2.3_slow_overlap_direct_support_0.65B","moderate","BQ_089",3.29334118054248,"hfs_with_nested_burst","BQ_089",799417571,"hfs=875161935;nested_burst=1432150895;hfs_total=9152674;point_process=799417571","4f79a42183faf418d92a7d686c9b6ee1ac802c71b7795090db05c6b3bc078749",0.280789907071739,1.76726378691383,0.02,31,7.18836782559477,0.231882833083702,0.712366009986382,0.687524208163435,0.454289767689732,3
"TPL_015","TPL_015_RUN_002",2,7.18836782559477,7.85013754051444,"background_shifted_gamma","Background","none","none","none","none","none","none","none","none","none","shifted_gamma","background","none","not_applicable","not_applicable","not_applicable","none","none",,"background","after_hfs_overlay_hfs_1",1803006320,"point_process=1803006320","49c09e73e7d042d9c0ae2a76637411b39ba3d69684e49a52b35cba476dc9f8d4",0.586651247704867,2.50169381278101,0.02,1,0.661769714919666,0.661769714919666,0,0,0,1
"TPL_015","TPL_015_RUN_003",3,7.85013754051444,13.8267644637414,"standalone_background_shifted_gamma","Burst","none","Burst","none","none","none","none","none","none","none","shifted_gamma","standalone_background","none","not_applicable","not_applicable","not_applicable","moderate","BQ_044",3.89077456993982,"burst","BQ_044",1523968850,"hfs=1361753501;nested_burst=779453879;point_process=1523968850","51b53e3f2213091fdb4f335f52d2cd581f88bf3fa5e4f0efeebc9ef6112f3d98",0.543336517200805,3.15057906806469,0.02,20,5.97662692322701,0.298831346161351,0.873031567402033,0.616937499559305,0.425006369492743,213
"TPL_015","TPL_015_RUN_004",4,13.8267644637414,20.1914926911103,"broad_hfs_shifted_gamma","Broad_HFS","Broad_HFS","none","none","none","none","none","none","none","none","shifted_gamma","intermediate","none","not_applicable","core","v2.3_slow_overlap_direct_support_0.65B","none","none",,"hfs","plain_hfs_intermediate",622595028,"point_process=622595028","c13a07f57f9b43dd5ceaacc93171b624de0cd5ceae849492bb2018192362ff45",0.186326708709821,2.97294446271844,0.02,32,6.36472822736881,0.198897757105275,0.516056331698455,0.666799984456325,0.457994305205036,2
"TPL_015","TPL_015_RUN_005",5,20.1914926911103,20.756555865243,"background_shifted_gamma","Background","none","none","none","none","none","none","none","none","none","shifted_gamma","background","none","not_applicable","not_applicable","not_applicable","none","none",,"background","after_direct_burst_hfs_macro",1855315211,"point_process=1855315211","4b331f9e9cc720c36bb035259a903253b9b5c7b9f65355df4f4b0966335bfd20",0.620523904170841,2.73996186337899,0.02,1,0.565063174132763,0.565063174132763,0,0,0,1
"TPL_015","TPL_015_RUN_006",6,20.756555865243,28.5414512653557,"broad_hfs_shifted_gamma","Burst","Broad_HFS","Burst","none","none","none","none","none","none","none","shifted_gamma","regular","none","not_applicable","deep","v2.3_slow_overlap_direct_support_0.65B","weak","BQ_090",2.26023277379572,"hfs_with_nested_burst","BQ_090",402754589,"hfs=2035156446;nested_burst=162523858;hfs_total=450895;point_process=402754589","2f6d26a38d5437658502ff163bed31e12d9bdfd815e66688876b8e26130f0125",0.362925821058452,7.38545211357996,0.02,21,7.78489540011268,0.370709304767271,0.40658293024737,0.361834238245757,0.14039627584882,3
"TPL_015","TPL_015_RUN_007",7,28.5414512653557,30.5708469401781,"background_shifted_gamma","Background","none","none","none","none","none","none","none","none","none","shifted_gamma","background","none","not_applicable","not_applicable","not_applicable","none","none",,"background","after_hfs_overlay_hfs_2",1961496847,"point_process=1961496847","1f61b4aa378f9155bf93412c56f7e0c2cc1751d82ed8d653ef5c9fc7f0c9acc5",0.670009618345648,3.13180810329504,0.02,2,2.0293956748224,1.0146978374112,0.0232776871115616,0.0329196208138478,0.000812776075895642,1
"TPL_015","TPL_015_RUN_008",8,30.5708469401781,37.1635766893758,"tonic_shifted_gamma_stn_like_empirical","Tonic:stn_like_empirical","Tonic","none","none","none","none","none","none","none","none","shifted_gamma","stn_like_empirical","stn_like_empirical","core","not_applicable","not_applicable","none","none",,"tonic","tonic_stn_like_empirical",1489195132,"point_process=1489195132","e531362cd2bc27996f99ff2cfa80b4554297645f7afa750f0e1f841200117b74",0.595473490501754,13.3510995320976,0.02,11,6.59272974919766,0.599339068108878,0.20338214901808,0.172302852277036,0.0343592516321016,1
"TPL_015","TPL_015_RUN_009",9,37.1635766893758,37.9260860557521,"borderline_gap_mechanism","Borderline_Gap","none","none","none","none","Borderline_Gap","Borderline_Gap","tonic_tail_overlap_gap","secondary_target_excluded_from_primary_pause","Pause","explicit_gap","borderline_gap","none","not_applicable","not_applicable","not_applicable","none","none",,"borderline_gap","borderline_gap_1",2063570810,"point_process=2063570810","4fce792333477b506d6abeafb0b6f6760e441504a48d2364eb8b4388ed6039b2",0.762509366376325,,,1,0.762509366376325,0.762509366376325,0,0,0,1
"TPL_015","TPL_015_RUN_010",10,37.9260860557521,38.9062577284305,"background_shifted_gamma","Background","none","none","none","none","none","none","none","none","none","shifted_gamma","background","none","not_applicable","not_applicable","not_applicable","none","none",,"background","after_borderline_gap_only",346009602,"point_process=346009602","d90b8d08d1281401e75842550da4c9f1cfb5321fb6d2dc8f44681a675252b417",0.591090411366895,5.07249584957026,0.02,2,0.9801716726784,0.4900858363392,0.155330423595541,0.219670391697972,0.0361913107415554,1
"TPL_015","TPL_015_RUN_011",11,38.9062577284305,44.2247411249664,"tonic_shifted_gamma_generic_stress","Tonic:generic_stress","Tonic","none","none","none","none","none","none","none","none","shifted_gamma","generic_stress","generic_stress","deep","not_applicable","not_applicable","none","none",,"tonic","tonic_generic_stress",436612222,"point_process=436612222","c66943c22c949a6b75d62cb1d4f5a5d36ffc4d62faf58952451d7c70fed42ffe",0.410849435245618,9.24521258939058,0.02,12,5.31848339653587,0.443206949711322,0.372072488316301,0.443558570933743,0.22044554136932,1
"TPL_015","TPL_015_RUN_012",12,44.2247411249664,47.8248128186438,"canonical_mechanism","Pause:canonical","none","Pause","canonical","none","none","none","none","none","none","explicit_gap","canonical","none","not_applicable","not_applicable","not_applicable","none","none",,"pause","canonical_after_tonic",2034481199,"point_process=2034481199","a23bb2fd550e817faa8211a6f9134e2e948d170d5ea192ba226577a24f108c2c",3.60007169367746,,,1,3.60007169367746,3.60007169367746,0,0,0,1
"TPL_015","TPL_015_RUN_013",13,47.8248128186438,48.4300821175287,"background_shifted_gamma","Background","none","none","none","none","none","none","none","none","none","shifted_gamma","background","none","not_applicable","not_applicable","not_applicable","none","none",,"background","after_tonic_canonical_pause_macro",382569979,"point_process=382569979","673469bf518855f531bf9eb5843858a13871987e9ca023ddca78332d28370b9e",0.610846473323181,4.62612932780758,0.02,2,0.605269298884833,0.302634649442416,0.0842375734834635,0.119129918881714,0.0106439531795729,1
"TPL_015","TPL_015_RUN_014",14,48.4300821175287,52.5054767478677,"canonical_mechanism","Pause:canonical","none","Pause","canonical","none","none","none","none","none","none","explicit_gap","canonical","none","not_applicable","not_applicable","not_applicable","none","none",,"pause","canonical_standalone",1155699977,"point_process=1155699977","af3b9f3580f9bcaccb518f9691309644f9a74b93145bf6240a2037614a2fc7cd",4.075394630339,,,1,4.075394630339,4.075394630339,0,0,0,1
"TPL_015","TPL_015_RUN_015",15,52.5054767478677,56.5166468324796,"standalone_background_shifted_gamma","Burst","none","Burst","none","none","none","none","none","none","none","shifted_gamma","standalone_background","none","not_applicable","not_applicable","not_applicable","strong","BQ_045",5.25728624407202,"burst","BQ_045",2026064478,"hfs=125425556;nested_burst=545035034;point_process=2026064478","8ec4d7c4119f08ce39fca5740e7f6e25c66f5606aef57186400415cf52518037",0.570651787496172,4.93413632065058,0.02,14,4.0111700846119,0.28651214890085,0.900773042139887,0.44097575133418,0.225806402210272,14
"TPL_015","TPL_015_RUN_016",16,56.5166468324796,57.0934602437265,"contextual_gap_mechanism","Contextual_Separator","none","none","none","Contextual_Separator","none","Contextual_Separator","contextual_interburst_gap_separator","secondary_target_excluded_from_primary_pause","Pause","explicit_gap","contextual_separator","none","not_applicable","not_applicable","not_applicable","none","none",,"contextual_separator","separator_1",1674260240,"point_process=1674260240","0e5525a594c6e87eca127dc3253b8b0d9b9ec7fad39efff83b23e70b18b87718",0.576813411246985,,,1,0.576813411246985,0.576813411246985,0,0,0,1
"TPL_015","TPL_015_RUN_017",17,57.0934602437265,61.3526010763711,"standalone_background_shifted_gamma","Burst","none","Burst","none","none","none","none","none","none","none","shifted_gamma","standalone_background","none","not_applicable","not_applicable","not_applicable","weak","BQ_043",2.97330772317946,"burst","BQ_043",326940857,"hfs=1702448859;nested_burst=1301179105;point_process=326940857","210f3db934f32b3b396ac307d590a64d94fa7d40af8d8c23785433e486447ac3",0.57357188067399,2.6195432163775,0.02,14,4.25914083264451,0.304224345188894,0.837536865855069,0.729828538578887,0.478903653425901,74
"TPL_016","TPL_016_RUN_001",1,0,4.13776968199169,"standalone_background_shifted_gamma","Burst","none","Burst","none","none","none","none","none","none","none","shifted_gamma","standalone_background","none","not_applicable","not_applicable","not_applicable","weak","BQ_046",2.50969903338701,"burst","BQ_046",1547630690,"hfs=1501304487;nested_burst=2110285959;point_process=1547630690","fc0e1ec55b07e3ea89bde37d6f12804cd485f721e538e401ad72ca11c751f323",0.5339887826005,4.20864925011993,0.02,11,4.13776968199169,0.376160880181063,1.02462987298993,0.566059120531536,0.357920064685748,513
"TPL_016","TPL_016_RUN_002",2,4.13776968199169,4.74298337980279,"contextual_gap_mechanism","Contextual_Separator","none","none","none","Contextual_Separator","none","Contextual_Separator","contextual_interburst_gap_separator","secondary_target_excluded_from_primary_pause","Pause","explicit_gap","contextual_separator","none","not_applicable","not_applicable","not_applicable","none","none",,"contextual_separator","separator_1",602338983,"point_process=602338983","a20a7df4f61ef5435054e1f025b64f84dd3de87ca7c9a2a3b383729542f04d59",0.605213697811102,,,1,0.605213697811102,0.605213697811102,0,0,0,1
"TPL_016","TPL_016_RUN_003",3,4.74298337980279,8.68432395708975,"standalone_background_shifted_gamma","Burst","none","Burst","none","none","none","none","none","none","none","shifted_gamma","standalone_background","none","not_applicable","not_applicable","not_applicable","moderate","BQ_047",3.94977994356304,"burst","BQ_047",1221362904,"hfs=520244275;nested_burst=1972386655;point_process=1221362904","1a1ac954b69961e57b0a8a358c87c33e8e3d2675b2a4bb58fb4f39bfd315f712",0.746593930781819,2.89696303531528,0.02,9,3.94134057728695,0.437926730809661,0.971658467943953,0.848028157543994,0.719510110252659,2
"TPL_016","TPL_016_RUN_004",4,8.68432395708975,14.9441598111239,"broad_hfs_shifted_gamma","Broad_HFS","Broad_HFS","none","none","none","none","none","none","none","none","shifted_gamma","irregular","none","not_applicable","deep","v2.3_slow_overlap_direct_support_0.65B","none","none",,"hfs","plain_hfs_irregular",737988348,"point_process=737988348","934b5636cf1446b947771548c88e7b8d45f974c0f4a378b3c9133423a14ac90b",0.322148885531351,1.60481300926767,0.02,26,6.25983585403418,0.240762917462853,0.861719229347696,1.00491548350299,0.93809187793964,2
"TPL_016","TPL_016_RUN_005",5,14.9441598111239,21.5268966553794,"standalone_background_shifted_gamma","Burst","none","Burst","none","none","none","none","none","none","none","shifted_gamma","standalone_background","none","not_applicable","not_applicable","not_applicable","strong","BQ_048",4.32981372368522,"burst","BQ_048",873694719,"hfs=1288406681;nested_burst=716186438;point_process=873694719","9bd2d5dd22a4a5035465caae38ac53418010974a5bc66eefab97c445761ade79",0.542051657906268,3.44035115167499,0.02,16,6.58273684425549,0.411421052765968,0.870214563634439,0.63873942479166,0.45402018375697,1
"TPL_016","TPL_016_RUN_006",6,21.5268966553794,30.7450438131164,"tonic_shifted_gamma_generic_stress","Tonic:generic_stress","Tonic","none","none","none","none","none","none","none","none","shifted_gamma","generic_stress","generic_stress","core","not_applicable","not_applicable","none","none",,"tonic","tonic_generic_stress",1107591693,"point_process=1107591693","2d8b288bfbca0302150e81901bb545848884857a84f5ba530364bc9d150ec564",0.731704186368734,4.11667938204482,0.02,11,9.21814715773697,0.838013377976088,0.455637516778444,0.492890915574136,0.226759842635407,1
"TPL_016","TPL_016_RUN_007",7,30.7450438131164,35.2716550384234,"complex_multi_gap_mechanism","Pause:complex_multi_gap","none","Pause","complex_multi_gap","none","none","none","none","none","none","explicit_gap","complex_multi_gap","none","not_applicable","not_applicable","not_applicable","none","none",,"pause","complex_multi_gap_after_tonic",2143291404,"point_process=2143291404","80065a61be805327526574c5687f7f5a9c3cd2f85b7e7947c04b7aa0a3fe2ac7",2.26330561265349,,,2,4.52661122530699,2.26330561265349,0.389669492057069,0.551075880510142,0.227763469560021,1
"TPL_016","TPL_016_RUN_008",8,35.2716550384234,36.7607405076157,"borderline_gap_mechanism","Borderline_Gap","none","none","none","none","Borderline_Gap","Borderline_Gap","tonic_tail_overlap_gap","secondary_target_excluded_from_primary_pause","Pause","explicit_gap","borderline_gap","none","not_applicable","not_applicable","not_applicable","none","none",,"borderline_gap","borderline_gap_1",915779796,"point_process=915779796","116691db0fdea8651ef6ef9d4c10a2124fee88477c284e1ad462a6154bbff7b2",1.48908546919236,,,1,1.48908546919236,1.48908546919236,0,0,0,1
"TPL_016","TPL_016_RUN_009",9,36.7607405076157,37.3960060481709,"background_shifted_gamma","Background","none","none","none","none","none","none","none","none","none","shifted_gamma","background","none","not_applicable","not_applicable","not_applicable","none","none",,"background","after_borderline_gap_only",537008209,"point_process=537008209","9646ec1d9db9e7703210d6df435e915b6c79911dd1d07a947754cf64e478a797",0.624520922906231,4.98505099711474,0.02,1,0.635265540555201,0.635265540555201,0,0,0,1
"TPL_016","TPL_016_RUN_010",10,37.3960060481709,40.8602544174892,"tonic_shifted_gamma_stn_like_empirical","Tonic:stn_like_empirical","Tonic","none","none","none","none","none","none","none","none","shifted_gamma","stn_like_empirical","stn_like_empirical","boundary","not_applicable","not_applicable","none","none",,"tonic","tonic_stn_like_empirical",2043716508,"point_process=2043716508","fb3fc43b92d9a2c8ab8ad479b5c277f675f6aee374d0d7f8e12e19d086772a8a",0.461020795074292,20.5222389192786,0.02,8,3.46424836931822,0.433031046164778,0.278428817018646,0.376022951619044,0.139524079517524,1
"TPL_016","TPL_016_RUN_011",11,40.8602544174892,45.1536870802649,"canonical_mechanism","Pause:canonical","none","Pause","canonical","none","none","none","none","none","none","explicit_gap","canonical","none","not_applicable","not_applicable","not_applicable","none","none",,"pause","canonical_after_tonic",1316226357,"point_process=1316226357","6f91e973eb22c7117cb18b3154f604724265c67736cc0d455c9c72481cbeea23",4.29343266277574,,,1,4.29343266277574,4.29343266277574,0,0,0,1
"TPL_016","TPL_016_RUN_012",12,45.1536870802649,50.0952974708229,"broad_hfs_shifted_gamma","Burst","Broad_HFS","Burst","none","none","none","none","none","none","none","shifted_gamma","regular","none","not_applicable","core","v2.3_slow_overlap_direct_support_0.65B","weak","BQ_091",2.2184814542532,"hfs_with_nested_burst","BQ_091",969254449,"hfs=1835977723;nested_burst=998119743;hfs_total=1612140963;point_process=969254449","4a8b2040c9276acd5c80ded97825f3686787291f98f5eb2a323145cf17f23c49",0.229724306138232,7.87122146459296,0.02,21,4.94161039055799,0.235314780502761,0.425464836078619,0.350197096953752,0.158732434111989,3
"TPL_016","TPL_016_RUN_013",13,50.0952974708229,54.8138106023371,"canonical_mechanism","Pause:canonical","none","Pause","canonical","none","none","none","none","none","none","explicit_gap","canonical","none","not_applicable","not_applicable","not_applicable","none","none",,"pause","canonical_composite_hfs_connector",1778793151,"point_process=1778793151","0933a240eeb0ed848bb8f87eea49b90cd710777233991773e4e29e35f926d495",4.71851313151419,,,1,4.71851313151419,4.71851313151419,0,0,0,1
"TPL_016","TPL_016_RUN_014",14,54.8138106023371,64.8699245232805,"broad_hfs_shifted_gamma","Burst","Broad_HFS","Burst","none","none","none","none","none","none","none","shifted_gamma","intermediate","none","not_applicable","boundary","v2.3_slow_overlap_direct_support_0.65B","strong","BQ_092",4.41392123920377,"hfs_with_nested_burst","BQ_092",230950389,"hfs=1742753073;nested_burst=307130246;hfs_total=1443811357;point_process=230950389","c161fce5ee4a90522e58db6ee2e3da82fe7ecf9cd006b046b6554c6260e46083",0.361853803079575,2.55885717370547,0.02,30,10.0561139209435,0.335203797364782,0.616590734156833,0.728397431259059,0.545787549400472,6
"TPL_017","TPL_017_RUN_001",1,0,5.48528480888004,"tonic_shifted_gamma_stn_like_empirical","Tonic:stn_like_empirical","Tonic","none","none","none","none","none","none","none","none","shifted_gamma","stn_like_empirical","stn_like_empirical","deep","not_applicable","not_applicable","none","none",,"tonic","tonic_stn_like_empirical",1675459111,"point_process=1675459111","7e145d6396ac8d5cc0b94aea1914d73eb727cac0bac000a1a5a2a50eb9d3d44c",0.478557043336332,13.6733727671672,0.02,12,5.48528480888004,0.45710706740667,0.282528662402592,0.311466546348766,0.0956008955392011,1
"TPL_017","TPL_017_RUN_002",2,5.48528480888004,6.73581501463287,"background_shifted_gamma","Background","none","none","none","none","none","none","none","none","none","shifted_gamma","background","none","not_applicable","not_applicable","not_applicable","none","none",,"background","after_tonic_only",1217084940,"point_process=1217084940","e5e2bce3ce073e9c844198c16c5884391ee07a0b416d02b0c96aa6e2c259e423",0.64906864509685,2.73749287368264,0.02,2,1.25053020575284,0.625265102876418,0.879508381816319,1.24381268178545,1.16030249052774,1
"TPL_017","TPL_017_RUN_003",3,6.73581501463287,10.2324762561631,"standalone_background_shifted_gamma","Burst","none","Burst","none","none","none","none","none","none","none","shifted_gamma","standalone_background","none","not_applicable","not_applicable","not_applicable","moderate","BQ_050",3.44369992450811,"burst","BQ_050",651510795,"hfs=548141537;nested_burst=506907285;point_process=651510795","2deac096c21a8f8c230e3fd706df43aa620535aa2f1125cc81382d074360b56f",0.567791702947579,4.13721408322453,0.02,11,3.49666124153021,0.317878294684564,0.799476176207702,0.491865104352902,0.247372723968719,7
"TPL_017","TPL_017_RUN_004",4,10.2324762561631,10.8350976322101,"contextual_gap_mechanism","Contextual_Separator","none","none","none","Contextual_Separator","none","Contextual_Separator","contextual_interburst_gap_separator","secondary_target_excluded_from_primary_pause","Pause","explicit_gap","contextual_separator","none","not_applicable","not_applicable","not_applicable","none","none",,"contextual_separator","separator_1",133394082,"point_process=133394082","10ce3fb795b55d9c18be35e613dd359b83368304837078eca9dcef0812f3a52e",0.602621376047045,,,1,0.602621376047045,0.602621376047045,0,0,0,1
"TPL_017","TPL_017_RUN_005",5,10.8350976322101,14.3730267795944,"standalone_background_shifted_gamma","Burst","none","Burst","none","none","none","none","none","none","none","shifted_gamma","standalone_background","none","not_applicable","not_applicable","not_applicable","strong","BQ_051",4.14778810110874,"burst","BQ_051",1284504141,"hfs=1974151460;nested_burst=1974294938;point_process=1284504141","2d1e0bc00dc9e5a152d639ef55065bb65880870b45afc3712478ffc9eaa022ff",0.570481480844319,4.28457957431674,0.02,9,3.53792914738424,0.393103238598249,0.939665873398879,0.417364541568382,0.221461378109597,4
"TPL_017","TPL_017_RUN_006",6,14.3730267795944,17.3440834174142,"canonical_mechanism","Pause:canonical","none","Pause","canonical","none","none","none","none","none","none","explicit_gap","canonical","none","not_applicable","not_applicable","not_applicable","none","none",,"pause","canonical_standalone",931427551,"point_process=931427551","be41d3b56c6bb20534fafdf6431d1646b8f435592da37e3336a57c14c1ea64bc",2.97105663781986,,,1,2.97105663781986,2.97105663781986,0,0,0,1
"TPL_017","TPL_017_RUN_007",7,17.3440834174142,17.9447367055298,"background_shifted_gamma","Background","none","none","none","none","none","none","none","none","none","shifted_gamma","background","none","not_applicable","not_applicable","not_applicable","none","none",,"background","after_canonical_pause_only",1046340180,"point_process=1046340180","8a03bf7e7b5ff7f72386882918b8dbfcac0e33492be40266a3cff9b2e85e15df",0.799753730255179,3.96971295471303,0.02,1,0.600653288115574,0.600653288115574,0,0,0,1
"TPL_017","TPL_017_RUN_008",8,17.9447367055298,18.8117391787868,"borderline_gap_mechanism","Borderline_Gap","none","none","none","none","Borderline_Gap","Borderline_Gap","tonic_tail_overlap_gap","secondary_target_excluded_from_primary_pause","Pause","explicit_gap","borderline_gap","none","not_applicable","not_applicable","not_applicable","none","none",,"borderline_gap","borderline_gap_1",1195725838,"point_process=1195725838","38bc410d7f375d1d1adb8de96b9dff2ae9cd1f7411c3059dee742cd0369b4422",0.867002473257016,,,1,0.867002473257016,0.867002473257016,0,0,0,1
"TPL_017","TPL_017_RUN_009",9,18.8117391787868,19.853672116387,"background_shifted_gamma","Background","none","none","none","none","none","none","none","none","none","shifted_gamma","background","none","not_applicable","not_applicable","not_applicable","none","none",,"background","after_borderline_gap_only",338003464,"point_process=338003464","94623dc1200c88963d19dc0218629cc61e2796687dae655379cd062bc8e6d8d9",0.796735929220449,3.99393587722443,0.02,2,1.04193293760015,0.520966468800077,0.761579414427201,1.07703593670711,0.870004806718917,1
"TPL_017","TPL_017_RUN_010",10,19.853672116387,25.8194401200363,"broad_hfs_shifted_gamma","Burst","Broad_HFS","Burst","none","none","none","none","none","none","none","shifted_gamma","irregular","none","not_applicable","core","v2.3_slow_overlap_direct_support_0.65B","strong","BQ_093",4.57007069315296,"hfs_with_nested_burst","BQ_093",237067895,"hfs=780421821;nested_burst=1702348614;hfs_total=734105201;point_process=237067895","0d1924dab9e17006a7b3bda69c31465fd3130246f47a2a7728a6ce318f2397e2",0.220369907906279,1.74997248498257,0.02,33,5.96576800364938,0.180780848595436,0.792033065594361,0.80638479966125,0.673582815881845,27
"TPL_017","TPL_017_RUN_011",11,25.8194401200363,28.0724009115243,"background_shifted_gamma","Background","none","none","none","none","none","none","none","none","none","shifted_gamma","background","none","not_applicable","not_applicable","not_applicable","none","none",,"background","after_hfs_overlay_hfs_1",179837338,"point_process=179837338","c73d07c4892de326a512dbabe79d2dab48ae7d3b40ae72e84c3677a92d4062f2",0.674440000858158,4.58009172277525,0.02,3,2.25296079148793,0.750986930495978,0.763528615048068,1.08291066079111,0.883021609640172,1
"TPL_017","TPL_017_RUN_012",12,28.0724009115243,32.3314368174889,"tonic_shifted_gamma_generic_stress","Tonic:generic_stress","Tonic","none","none","none","none","none","none","none","none","shifted_gamma","generic_stress","generic_stress","boundary","not_applicable","not_applicable","none","none",,"tonic","tonic_generic_stress",1760019499,"point_process=1760019499","0020aab7dc09840c46f5b25dde69f1890b6a4a3bcb51d330e3ca29ef4f735955",0.580770488781855,6.17409352399409,0.02,8,4.25903590596464,0.532379488245579,0.582374906799152,0.528776704159278,0.344032823034887,1
"TPL_017","TPL_017_RUN_013",13,32.3314368174889,36.4710415910942,"canonical_mechanism","Pause:canonical","none","Pause","canonical","none","none","none","none","none","none","explicit_gap","canonical","none","not_applicable","not_applicable","not_applicable","none","none",,"pause","canonical_after_tonic",1930085806,"point_process=1930085806","680b5f560737ddfda5d9fb2cd95021d736567689245e352b0732c7eb3cadfc4c",4.13960477360524,,,1,4.13960477360524,4.13960477360524,0,0,0,1
"TPL_017","TPL_017_RUN_014",14,36.4710415910942,37.7396943558829,"background_shifted_gamma","Background","none","none","none","none","none","none","none","none","none","shifted_gamma","background","none","not_applicable","not_applicable","not_applicable","none","none",,"background","after_tonic_canonical_pause_macro",1991729908,"point_process=1991729908","f77f959c49495f8216c55c01ea923e6d5adbe05ff45f39e102c1b78e12fc8122",0.596068483556155,3.65980189782567,0.02,2,1.26865276478878,0.634326382394392,0.781097607046882,1.10463882942287,0.915170207601549,1
"TPL_017","TPL_017_RUN_015",15,37.7396943558829,44.1789897613672,"standalone_background_shifted_gamma","Burst","none","Burst","none","none","none","none","none","none","none","shifted_gamma","standalone_background","none","not_applicable","not_applicable","not_applicable","weak","BQ_049",2.38504672124982,"burst","BQ_049",210921880,"hfs=829713545;nested_burst=894325318;point_process=210921880","ddcb707d2d7e9acfca9d30414601d087a993ef90978d03e2b8e5acfdcd1faaf3",0.513260270887986,2.86555473506451,0.02,21,6.43929540548424,0.306633114546869,0.873951914971154,0.699881426642964,0.520742431403259,1200
"TPL_017","TPL_017_RUN_016",16,44.1789897613672,52.384046633537,"broad_hfs_shifted_gamma","Broad_HFS","Broad_HFS","none","none","none","none","none","none","none","none","shifted_gamma","regular","none","not_applicable","boundary","v2.3_slow_overlap_direct_support_0.65B","none","none",,"hfs","plain_hfs_regular",1386113011,"point_process=1386113011","c07e70b862aa3174a350987ed71c2016dee6a53ab78d7bfe64e3609ca66a38ba",0.314303594231606,6.47128039598465,0.02,29,8.20505687216979,0.282932995592062,0.41262551354256,0.4482994588257,0.237863727457268,1
"TPL_017","TPL_017_RUN_017",17,52.384046633537,55.4662991980694,"background_shifted_gamma","Background","none","none","none","none","none","none","none","none","none","shifted_gamma","background","none","not_applicable","not_applicable","not_applicable","none","none",,"background","after_direct_burst_hfs_macro",760055570,"point_process=760055570","f2bef7e8bd800d282106bd6de92a8f6dee0319f2b0bb6e9f270ea5c68e70ce00",0.710655360436067,4.97294583264738,0.02,3,3.08225256453244,1.02741752151081,0.668731443529734,0.654043618017953,0.32535257736455,1
"TPL_017","TPL_017_RUN_018",18,55.4662991980694,64.1052499106005,"broad_hfs_shifted_gamma","Burst","Broad_HFS","Burst","none","none","none","none","none","none","none","shifted_gamma","intermediate","none","not_applicable","deep","v2.3_slow_overlap_direct_support_0.65B","moderate","BQ_094",3.02397947362624,"hfs_with_nested_burst","BQ_094",1062723752,"hfs=1527188381;nested_burst=577096437;hfs_total=605513447;point_process=1062723752","7ebfc3db619ffbc6125f855dbbac2110597f97752a8f71d4a8390e83838eb3c6",0.35716818202287,3.59796818159521,0.02,29,8.63895071253114,0.297894852156246,0.546716562348529,0.493865764461124,0.308110018136663,2
"TPL_018","TPL_018_RUN_001",1,0,4.89085939255675,"broad_hfs_shifted_gamma","Broad_HFS","Broad_HFS","none","none","none","none","none","none","none","none","shifted_gamma","irregular","none","not_applicable","boundary","v2.3_slow_overlap_direct_support_0.65B","none","none",,"hfs","plain_hfs_irregular",564430357,"point_process=564430357","09f4acc3a557d06f8679d772df2c9f36a7cde0c452dcbf64185784e6e768e73b",0.267521154833958,1.16119253884535,0.02,21,4.89085939255675,0.232898066312226,0.773352493836019,0.682251355674181,0.485904803873105,1
"TPL_018","TPL_018_RUN_002",2,4.89085939255675,11.7188525301458,"standalone_background_shifted_gamma","Burst","none","Burst","none","none","none","none","none","none","none","shifted_gamma","standalone_background","none","not_applicable","not_applicable","not_applicable","moderate","BQ_053",3.48964203940704,"burst","BQ_053",1816675194,"hfs=1912444814;nested_burst=850086270;point_process=1816675194","b2487e2b9690759648e9dec36663e58aa2dfd8eb699f4410633d4090f1971e7a",0.581584821722936,3.80423028245568,0.02,15,6.82799313758906,0.455199542505937,0.583816652834863,0.574713689810218,0.3655363556552,1
"TPL_018","TPL_018_RUN_003",3,11.7188525301458,16.0981807600143,"tonic_shifted_gamma_stn_like_empirical","Tonic:stn_like_empirical","Tonic","none","none","none","none","none","none","none","none","shifted_gamma","stn_like_empirical","stn_like_empirical","core","not_applicable","not_applicable","none","none",,"tonic","tonic_stn_like_empirical",1901906837,"point_process=1901906837","b5b88b8f6f76f375ed59334f9e884df6d6298658b1f666bc6139763ef02e0148",0.577794011235237,6.22111365012825,0.02,8,4.37932822986847,0.547416028733559,0.278462052251773,0.282606066607266,0.105560197485553,1
"TPL_018","TPL_018_RUN_004",4,16.0981807600143,20.3389012667718,"canonical_mechanism","Pause:canonical","none","Pause","canonical","none","none","none","none","none","none","explicit_gap","canonical","none","not_applicable","not_applicable","not_applicable","none","none",,"pause","canonical_after_tonic",2001104878,"point_process=2001104878","44fdc0f2afb19ff7b3866f8ff219363d9b5332857f659a4a5cf9d063b65754b5",4.2407205067575,,,1,4.2407205067575,4.2407205067575,0,0,0,1
"TPL_018","TPL_018_RUN_005",5,20.3389012667718,21.9747644765265,"background_shifted_gamma","Background","none","none","none","none","none","none","none","none","none","shifted_gamma","background","none","not_applicable","not_applicable","not_applicable","none","none",,"background","after_tonic_canonical_pause_macro",1078106182,"point_process=1078106182","91955f260ee1732a4a4e60d10be01c6a5932b19b4d9af4ce71abc207a0564b23",0.687060628738254,2.74173819331918,0.02,2,1.6358632097547,0.817931604877353,0.343197618695841,0.485354726933809,0.176676908217744,1
"TPL_018","TPL_018_RUN_006",6,21.9747644765265,25.8899108611366,"standalone_background_shifted_gamma","Burst","none","Burst","none","none","none","none","none","none","none","shifted_gamma","standalone_background","none","not_applicable","not_applicable","not_applicable","strong","BQ_054",5.07888141961303,"burst","BQ_054",805651833,"hfs=1116644049;nested_burst=1728211164;point_process=805651833","a50ced3d83a912bede0d51c046049f0ce6a1a94c7f44e271095ae9bef5565dfb",0.653291060414631,3.71992220580578,0.02,9,3.91514638461011,0.435016264956679,1.36646509644994,0.567698757525866,0.331140638564737,2
"TPL_018","TPL_018_RUN_007",7,25.8899108611366,26.5282916520117,"contextual_gap_mechanism","Contextual_Separator","none","none","none","Contextual_Separator","none","Contextual_Separator","contextual_interburst_gap_separator","secondary_target_excluded_from_primary_pause","Pause","explicit_gap","contextual_separator","none","not_applicable","not_applicable","not_applicable","none","none",,"contextual_separator","separator_1",1751578329,"point_process=1751578329","441bcb4d2ca7f94489eacf326748074c257b9e4a08fda6a77050a012d090c43d",0.6383807908751,,,1,0.6383807908751,0.6383807908751,0,0,0,1
"TPL_018","TPL_018_RUN_008",8,26.5282916520117,30.0153354673145,"standalone_background_shifted_gamma","Burst","none","Burst","none","none","none","none","none","none","none","shifted_gamma","standalone_background","none","not_applicable","not_applicable","not_applicable","weak","BQ_052",2.54958813842386,"burst","BQ_052",1269446783,"hfs=982630292;nested_burst=1958349231;point_process=1269446783","7ae51c8cd06a8394a5e9c0ca0ed142c96cb8ebf2ef27b3e558067a63f1fff2e2",0.727133183402475,3.00825776010752,0.02,8,3.48704381530282,0.435880476912853,0.747727508255992,0.674537988243087,0.457523994187394,4
"TPL_018","TPL_018_RUN_009",9,30.0153354673145,32.9923656335158,"tonic_shifted_gamma_generic_stress","Tonic:generic_stress","Tonic","none","none","none","none","none","none","none","none","shifted_gamma","generic_stress","generic_stress","deep","not_applicable","not_applicable","none","none",,"tonic","tonic_generic_stress",1398935686,"point_process=1398935686","00e90385f9dbd0367615fde6b0f7cca68e39d82be828ca7c95af276c6cb25bde",0.389929668577388,3.38894969155081,0.02,8,2.97703016620127,0.372128770775158,0.727814409253785,0.511564366324081,0.282066719296592,1
"TPL_018","TPL_018_RUN_010",10,32.9923656335158,39.1281359827203,"complex_multi_gap_mechanism","Pause:complex_multi_gap","none","Pause","complex_multi_gap","none","none","none","none","none","none","explicit_gap","complex_multi_gap","none","not_applicable","not_applicable","not_applicable","none","none",,"pause","complex_multi_gap_after_tonic",729184153,"point_process=729184153","79f26602836006a6ff5adf24bf5bc0302339eb14460ab830b5f0f37711eb320f",3.06788517460227,,,2,6.13577034920454,3.06788517460227,0.0538027954917428,0.0760886430780087,0.00434211120408945,1
"TPL_018","TPL_018_RUN_011",11,39.1281359827203,49.5680954744484,"broad_hfs_shifted_gamma","Burst","Broad_HFS","Burst","none","none","none","none","none","none","none","shifted_gamma","regular","none","not_applicable","deep","v2.3_slow_overlap_direct_support_0.65B","moderate","BQ_095",3.87002907274291,"hfs_with_nested_burst","BQ_095",2070518859,"hfs=1728743472;nested_burst=1054826561;hfs_total=914986641;point_process=2070518859","4874b916b9061188d43f8c89cf18657853676384b5b2326397428b8d2d7565ea",0.374345898563042,9.24773531360552,0.02,34,10.4399594917281,0.30705763210965,0.50301409111795,0.347068355440944,0.143888008777895,17
"TPL_018","TPL_018_RUN_012",12,49.5680954744484,54.4974425029852,"canonical_mechanism","Pause:canonical","none","Pause","canonical","none","none","none","none","none","none","explicit_gap","canonical","none","not_applicable","not_applicable","not_applicable","none","none",,"pause","canonical_composite_hfs_connector",2061705485,"point_process=2061705485","393309f0a4d50371ee79fb67c5d64694f0e1f2fd55abd559bea62ab33c002121",4.92934702853672,,,1,4.92934702853672,4.92934702853672,0,0,0,1
"TPL_018","TPL_018_RUN_013",13,54.4974425029852,61.5862430156376,"broad_hfs_shifted_gamma","Burst","Broad_HFS","Burst","none","none","none","none","none","none","none","shifted_gamma","intermediate","none","not_applicable","core","v2.3_slow_overlap_direct_support_0.65B","strong","BQ_096",4.74715033767279,"hfs_with_nested_burst","BQ_096",1436324791,"hfs=854449079;nested_burst=481150575;hfs_total=2082579022;point_process=1436324791","00242c9a9f4c90d4442d6cd90e3b62344992c166b6f466418426c87624210908",0.233378430884331,4.51455194107257,0.02,34,7.0888005126524,0.20849413272507,0.611618795806899,0.507361955441708,0.324382204579084,219
"TPL_018","TPL_018_RUN_014",14,61.5862430156376,62.1942315553001,"background_shifted_gamma","Background","none","none","none","none","none","none","none","none","none","shifted_gamma","background","none","not_applicable","not_applicable","not_applicable","none","none",,"background","after_composite_hfs_pause_hfs_macro",1843533510,"point_process=1843533510","d6c7737b6f54524a4c17a1c0bf3004a4fee599c815b1eee1d4d21e7b2469df53",0.720004701532889,3.75277500203811,0.02,1,0.607988539662544,0.607988539662544,0,0,0,1
"TPL_018","TPL_018_RUN_015",15,62.1942315553001,62.9956244897971,"borderline_gap_mechanism","Borderline_Gap","none","none","none","none","Borderline_Gap","Borderline_Gap","tonic_tail_overlap_gap","secondary_target_excluded_from_primary_pause","Pause","explicit_gap","borderline_gap","none","not_applicable","not_applicable","not_applicable","none","none",,"borderline_gap","borderline_gap_1",696216318,"point_process=696216318","3f0de53595fdabbb3beaf0d156ded29e16e4054c7c5a179ef39cdb7a89287249",0.80139293449698,,,1,0.80139293449698,0.80139293449698,0,0,0,1
"TPL_019","TPL_019_RUN_001",1,0,6.76201479958493,"standalone_background_shifted_gamma","Burst","none","Burst","none","none","none","none","none","none","none","shifted_gamma","standalone_background","none","not_applicable","not_applicable","not_applicable","strong","BQ_057",4.05385874933563,"burst","BQ_057",558146770,"hfs=1768000623;nested_burst=2113175506;point_process=558146770","b287cd592ecf64d4c91273cddb0a9fcd0172684b50f1347249668f4b5e83b311",0.807199539954308,2.81942303180695,0.02,15,6.76201479958493,0.450800986638995,1.01012553194854,0.648267161831117,0.501085965671447,4
"TPL_019","TPL_019_RUN_002",2,6.76201479958493,12.8589508346911,"broad_hfs_shifted_gamma","Broad_HFS","Broad_HFS","none","none","none","none","none","none","none","none","shifted_gamma","irregular","none","not_applicable","deep","v2.3_slow_overlap_direct_support_0.65B","none","none",,"hfs","plain_hfs_irregular",35633027,"point_process=35633027","1909c84eb1897fec80bd764d4e0a4b56e6c085140aa7ed057e8c9f949a613e1e",0.326920297071338,1.51630984211806,0.02,19,6.09693603510613,0.320891370268744,0.543070347003795,0.5853422721421,0.397820704242048,3
"TPL_019","TPL_019_RUN_003",3,12.8589508346911,14.2973448685188,"background_shifted_gamma","Background","none","none","none","none","none","none","none","none","none","shifted_gamma","background","none","not_applicable","not_applicable","not_applicable","none","none",,"background","after_direct_burst_hfs_macro",208193983,"point_process=208193983","c62c56612155aee52dcfc6dab95ed34fae76ce9828ddde676b5b818c6b1bcd18",0.620191163336858,4.59916255390272,0.02,2,1.43839403382773,0.719197016913867,0.0719583188770248,0.101764430481456,0.00776699948341139,1
"TPL_019","TPL_019_RUN_004",4,14.2973448685188,15.6310216041193,"borderline_gap_mechanism","Borderline_Gap","none","none","none","none","Borderline_Gap","Borderline_Gap","tonic_tail_overlap_gap","secondary_target_excluded_from_primary_pause","Pause","explicit_gap","borderline_gap","none","not_applicable","not_applicable","not_applicable","none","none",,"borderline_gap","borderline_gap_1",1906507480,"point_process=1906507480","23e57cf2faeb84b1672d711272ff3ace8ce9af132b35e0261654ab0f74863a8d",1.33367673560046,,,1,1.33367673560046,1.33367673560046,0,0,0,1
"TPL_019","TPL_019_RUN_005",5,15.6310216041193,16.5422970836188,"background_shifted_gamma","Background","none","none","none","none","none","none","none","none","none","shifted_gamma","background","none","not_applicable","not_applicable","not_applicable","none","none",,"background","after_borderline_gap_only",902947350,"point_process=902947350","af8648630dad1c04983947519c988283b82e09c3f4029230eebd4621c0720e89",0.797202385449782,5.09410308115184,0.02,1,0.911275479499516,0.911275479499516,0,0,0,1
"TPL_019","TPL_019_RUN_006",6,16.5422970836188,23.5770267639606,"broad_hfs_shifted_gamma","Burst","Broad_HFS","Burst","none","none","none","none","none","none","none","shifted_gamma","intermediate","none","not_applicable","boundary","v2.3_slow_overlap_direct_support_0.65B","weak","BQ_097",2.53061045445502,"hfs_with_nested_burst","BQ_097",584841853,"hfs=553190609;nested_burst=105410502;hfs_total=1422185868;point_process=584841853","c2fe50aea7a0e07a621b60df1030afa20542eda8733ea8b71f6b67a9644232e9",0.298852566508576,3.11924546039663,0.02,26,7.03472968034179,0.270566526166992,0.698906344249975,0.652707119052595,0.449908548148348,21
"TPL_019","TPL_019_RUN_007",7,23.5770267639606,24.4465027890067,"background_shifted_gamma","Background","none","none","none","none","none","none","none","none","none","shifted_gamma","background","none","not_applicable","not_applicable","not_applicable","none","none",,"background","after_hfs_overlay_hfs_1",704691459,"point_process=704691459","201521b3a56f062e640bc1c571595c77d73052eec980a68f4d4477905a310b87",0.729828754160553,5.08198644197546,0.02,2,0.869476025046194,0.434738012523097,0.342374469938048,0.484190618796687,0.175830416498039,1
"TPL_019","TPL_019_RUN_008",8,24.4465027890067,31.8558236235419,"tonic_shifted_gamma_generic_stress","Tonic:generic_stress","Tonic","none","none","none","none","none","none","none","none","shifted_gamma","generic_stress","generic_stress","core","not_applicable","not_applicable","none","none",,"tonic","tonic_generic_stress",84184508,"point_process=84184508","bf16df45396cfa86d010a76567e9c5c15e6662c062255341301c6d95973513a0",0.848504080874845,5.54933494434226,0.02,9,7.40932083453519,0.82325787050391,0.290545219894877,0.364412467429477,0.133683749504839,1
"TPL_019","TPL_019_RUN_009",9,31.8558236235419,36.7033585374376,"canonical_mechanism","Pause:canonical","none","Pause","canonical","none","none","none","none","none","none","explicit_gap","canonical","none","not_applicable","not_applicable","not_applicable","none","none",,"pause","canonical_after_tonic",1195576304,"point_process=1195576304","65e235701b75cb8927531cd335619155b6e44c8ee42bf63332f65b4750c9b421",4.84753491389565,,,1,4.84753491389565,4.84753491389565,0,0,0,1
"TPL_019","TPL_019_RUN_010",10,36.7033585374376,37.8748304889375,"background_shifted_gamma","Background","none","none","none","none","none","none","none","none","none","shifted_gamma","background","none","not_applicable","not_applicable","not_applicable","none","none",,"background","after_tonic_canonical_pause_macro",1945030318,"point_process=1945030318","893f8376ff2a96ae358f6e0240269f8805dd2c69460f333639b3f3964c6373fd",0.71293765057344,3.28942372370511,0.02,1,1.17147195149991,1.17147195149991,0,0,0,1
"TPL_019","TPL_019_RUN_011",11,37.8748304889375,41.1646163823386,"canonical_mechanism","Pause:canonical","none","Pause","canonical","none","none","none","none","none","none","explicit_gap","canonical","none","not_applicable","not_applicable","not_applicable","none","none",,"pause","canonical_standalone",381775394,"point_process=381775394","673beb5b7fef1f29ca444c15e305ebde2dbee2474b302f2ddda362348466d36c",3.28978589340113,,,1,3.28978589340113,3.28978589340113,0,0,0,1
"TPL_019","TPL_019_RUN_012",12,41.1646163823386,46.3956951664166,"tonic_shifted_gamma_stn_like_empirical","Tonic:stn_like_empirical","Tonic","none","none","none","none","none","none","none","none","shifted_gamma","stn_like_empirical","stn_like_empirical","boundary","not_applicable","not_applicable","none","none",,"tonic","tonic_stn_like_empirical",1023153779,"point_process=1023153779","ce805ccf9c012ae6cc21fd0ed8d489d4aedd9859c4330a9233c1ac6d0e527931",0.471824224581942,10.7559235556982,0.02,10,5.23107878407796,0.523107878407796,0.232206895333521,0.317331936032402,0.0963050049363773,1
"TPL_019","TPL_019_RUN_013",13,46.3956951664166,52.4510103734865,"broad_hfs_shifted_gamma","Burst","Broad_HFS","Burst","none","none","none","none","none","none","none","shifted_gamma","regular","none","not_applicable","core","v2.3_slow_overlap_direct_support_0.65B","strong","BQ_098",4.23803274589591,"hfs_with_nested_burst","BQ_098",1972889327,"hfs=321441187;nested_burst=935108676;hfs_total=1210867477;point_process=1972889327","d0d6366aabc482c020145824c2423c721d7cab68b80ba43093d30be949f20773",0.20487642724067,6.16224329872057,0.02,34,6.05531520706992,0.178097506090292,0.6015470586512,0.405552056311194,0.185547835530588,107
"TPL_019","TPL_019_RUN_014",14,52.4510103734865,55.9646791419071,"background_shifted_gamma","Background","none","none","none","none","none","none","none","none","none","shifted_gamma","background","none","not_applicable","not_applicable","not_applicable","none","none",,"background","after_hfs_overlay_hfs_2",105144860,"point_process=105144860","a48aa838e128735b5053c5327191d078d46b1181d1a32551e1a5e4501d931f5b",0.76428581274813,3.44085137441289,0.02,3,3.51366876842062,1.17122292280687,0.618227797191991,0.907894013058085,0.619955727527681,1
"TPL_019","TPL_019_RUN_015",15,55.9646791419071,60.1390975156574,"standalone_background_shifted_gamma","Burst","none","Burst","none","none","none","none","none","none","none","shifted_gamma","standalone_background","none","not_applicable","not_applicable","not_applicable","weak","BQ_055",2.67044229637831,"burst","BQ_055",1995172913,"hfs=640213077;nested_burst=1678330516;point_process=1995172913","646b333f68bc71229a05d1da51ed8cd0db84f3689cfc1b43258dde57c08b9727",0.516377164819278,4.71598788425326,0.02,12,4.17441837375023,0.347868197812519,0.636466611133247,0.430508650354774,0.248688773539112,1
"TPL_019","TPL_019_RUN_016",16,60.1390975156574,60.6493116103819,"contextual_gap_mechanism","Contextual_Separator","none","none","none","Contextual_Separator","none","Contextual_Separator","contextual_interburst_gap_separator","secondary_target_excluded_from_primary_pause","Pause","explicit_gap","contextual_separator","none","not_applicable","not_applicable","not_applicable","none","none",,"contextual_separator","separator_1",396199991,"point_process=396199991","e2ca3de4280124637a6b78b98d462a7453aee08ed9a864074e57652a6f4d4a3a",0.510214094724506,,,1,0.510214094724506,0.510214094724506,0,0,0,1
"TPL_019","TPL_019_RUN_017",17,60.6493116103819,64.1950867917652,"standalone_background_shifted_gamma","Burst","none","Burst","none","none","none","none","none","none","none","shifted_gamma","standalone_background","none","not_applicable","not_applicable","not_applicable","moderate","BQ_056",3.80976700177416,"burst","BQ_056",343842902,"hfs=1289891810;nested_burst=1157009233;point_process=343842902","c1557f1274ec91aa5593d95cbf9675e0862c8b4d74baa0386645f7a2369b86bd",0.520046968839597,2.98663889542222,0.02,13,3.54577518138331,0.272751937029486,0.790965291959869,0.729530076434279,0.555207417649853,21
"TPL_020","TPL_020_RUN_001",1,0,3.21530855648007,"standalone_background_shifted_gamma","Burst","none","Burst","none","none","none","none","none","none","none","shifted_gamma","standalone_background","none","not_applicable","not_applicable","not_applicable","moderate","BQ_059",3.96223496389575,"burst","BQ_059",1747402044,"hfs=14530002;nested_burst=94384513;point_process=1747402044","7d96c78f3871010e0d2bd2e8df9d098b5835c8a67688b0701df6fab1f701ec92",0.560349923872855,2.28317978829145,0.02,12,3.21530855648007,0.267942379706673,0.786633513740094,0.533692300655347,0.282315101495244,22
"TPL_020","TPL_020_RUN_002",2,3.21530855648007,3.76008569468532,"contextual_gap_mechanism","Contextual_Separator","none","none","none","Contextual_Separator","none","Contextual_Separator","contextual_interburst_gap_separator","secondary_target_excluded_from_primary_pause","Pause","explicit_gap","contextual_separator","none","not_applicable","not_applicable","not_applicable","none","none",,"contextual_separator","separator_1",654551471,"point_process=654551471","49e13f1e896ce947136d0dce0cb573be0667c1465b6dfc13416a6a1e0221f4de",0.544777138205245,,,1,0.544777138205245,0.544777138205245,0,0,0,1
"TPL_020","TPL_020_RUN_003",3,3.76008569468532,6.63292024382968,"standalone_background_shifted_gamma","Burst","none","Burst","none","none","none","none","none","none","none","shifted_gamma","standalone_background","none","not_applicable","not_applicable","not_applicable","strong","BQ_060",4.33564693876542,"burst","BQ_060",1986175579,"hfs=162209364;nested_burst=1094501952;point_process=1986175579","02ae0dd9d7b73eeb60cbc986b22bc7e78bec0aa98d2c521ae26765f5f8eacce3",0.524395356641617,3.48386173397303,0.02,14,2.87283454914436,0.205202467796026,0.900189744457613,0.587606983889599,0.339401317074081,36
"TPL_020","TPL_020_RUN_004",4,6.63292024382968,8.60748561456471,"background_shifted_gamma","Background","none","none","none","none","none","none","none","none","none","shifted_gamma","background","none","not_applicable","not_applicable","not_applicable","none","none",,"background","after_contextual_macro",1097186307,"point_process=1097186307","048fbeb22b8869c3ee18a288bd3a8d64f92fd0c28b816082b112916c019967dd",0.720556062075775,3.8692777325632,0.02,2,1.97456537073502,0.987282685367511,0.436405537841433,0.61717063031008,0.285674690188006,1
"TPL_020","TPL_020_RUN_005",5,8.60748561456471,10.0525115446271,"borderline_gap_mechanism","Borderline_Gap","none","none","none","none","Borderline_Gap","Borderline_Gap","tonic_tail_overlap_gap","secondary_target_excluded_from_primary_pause","Pause","explicit_gap","borderline_gap","none","not_applicable","not_applicable","not_applicable","none","none",,"borderline_gap","borderline_gap_1",1126729539,"point_process=1126729539","56afb4f009131d09cb83199d1baa81421c7f992b79138aec7fb3bde1b48965da",1.4450259300624,,,1,1.4450259300624,1.4450259300624,0,0,0,1
"TPL_020","TPL_020_RUN_006",6,10.0525115446271,10.3750415356125,"background_shifted_gamma","Background","none","none","none","none","none","none","none","none","none","shifted_gamma","background","none","not_applicable","not_applicable","not_applicable","none","none",,"background","after_borderline_gap_only",1324444342,"point_process=1324444342","761c99478a1e1f763233915028883f3071ba92366436717c22dce2544c7527c6",0.565666392981075,2.72338361351285,0.02,1,0.322529990985421,0.322529990985421,0,0,0,1
"TPL_020","TPL_020_RUN_007",7,10.3750415356125,17.6781668718787,"tonic_shifted_gamma_generic_stress","Tonic:generic_stress","Tonic","none","none","none","none","none","none","none","none","shifted_gamma","generic_stress","generic_stress","boundary","not_applicable","not_applicable","none","none",,"tonic","tonic_generic_stress",1033648383,"point_process=1033648383","c2fda64452747bf843b70f216c5e81d0f6eed89136ee11bb883028c95e00e50a",0.660168065316975,5.99558868212625,0.02,8,7.3031253362662,0.912890667033275,0.241695131190212,0.363521825855771,0.118441837720968,1
"TPL_020","TPL_020_RUN_008",8,17.6781668718787,24.1631665788474,"complex_multi_gap_mechanism","Pause:complex_multi_gap","none","Pause","complex_multi_gap","none","none","none","none","none","none","explicit_gap","complex_multi_gap","none","not_applicable","not_applicable","not_applicable","none","none",,"pause","complex_multi_gap_after_tonic",538439460,"point_process=538439460","ce287f140c59025ab63f9469f82faf0910a6bce25ffafacc4095ae23fa5d47b9",2.16166656898956,,,3,6.48499970696867,2.16166656898956,0.0696363232030887,0.0652158903885252,0.00495903866091279,1
"TPL_020","TPL_020_RUN_009",9,24.1631665788474,30.8250900338616,"broad_hfs_shifted_gamma","Broad_HFS","Broad_HFS","none","none","none","none","none","none","none","none","shifted_gamma","intermediate","none","not_applicable","deep","v2.3_slow_overlap_direct_support_0.65B","none","none",,"hfs","plain_hfs_intermediate",1176695599,"point_process=1176695599","1deb3f63b5b8cd78e4636d6944f04f45cb95f9dcbe7010d7ad0890d09988fa16",0.344209262086079,3.27034853119403,0.02,22,6.66192345501424,0.302814702500647,0.534800374095836,0.441532406295045,0.198958488819008,3
"TPL_020","TPL_020_RUN_010",10,30.8250900338616,36.0377164160035,"standalone_background_shifted_gamma","Burst","none","Burst","none","none","none","none","none","none","none","shifted_gamma","standalone_background","none","not_applicable","not_applicable","not_applicable","weak","BQ_058",2.60769146159291,"burst","BQ_058",2118487110,"hfs=563270137;nested_burst=1869061472;point_process=2118487110","977d088bff73250d3abab46348c591fdbca677e72575e4006f5e567ceab4ba75",0.531783758639358,4.88365467116237,0.02,13,5.21262638214188,0.40097126016476,0.852220001806087,0.61881828397451,0.41277564767418,38
"TPL_020","TPL_020_RUN_011",11,36.0377164160035,38.3807551797377,"background_shifted_gamma","Background","none","none","none","none","none","none","none","none","none","shifted_gamma","background","none","not_applicable","not_applicable","not_applicable","none","none",,"background","after_direct_burst_hfs_macro",612578094,"point_process=612578094","98565ab896aca27a887270c6913dc2da28ccf7c1ca57ef3e79fb730ab39323c0",0.649910281482153,4.0236618896015,0.02,2,2.34303876373421,1.17151938186711,0.372677267208578,0.527045245674512,0.20833251824108,1
"TPL_020","TPL_020_RUN_012",12,38.3807551797377,41.8991411378475,"tonic_shifted_gamma_stn_like_empirical","Tonic:stn_like_empirical","Tonic","none","none","none","none","none","none","none","none","shifted_gamma","stn_like_empirical","stn_like_empirical","deep","not_applicable","not_applicable","none","none",,"tonic","tonic_stn_like_empirical",727650639,"point_process=727650639","3c22e0576932cb8a4045ef020706438f32d82ddf90ee0e5536064827a9dac395",0.438320490308106,12.4251236838754,0.02,9,3.5183859581098,0.390931773123311,0.264308092510374,0.287975035748728,0.0915152809720249,1
"TPL_020","TPL_020_RUN_013",13,41.8991411378475,46.831869448196,"canonical_mechanism","Pause:canonical","none","Pause","canonical","none","none","none","none","none","none","explicit_gap","canonical","none","not_applicable","not_applicable","not_applicable","none","none",,"pause","canonical_after_tonic",825452190,"point_process=825452190","ad2cc73bd242ecbee3c36f41f9a40d54db58fc79321c8ea9bbe4b33e8452adc7",4.93272831034847,,,1,4.93272831034847,4.93272831034847,0,0,0,1
"TPL_020","TPL_020_RUN_014",14,46.831869448196,47.5332016204769,"background_shifted_gamma","Background","none","none","none","none","none","none","none","none","none","shifted_gamma","background","none","not_applicable","not_applicable","not_applicable","none","none",,"background","after_tonic_canonical_pause_macro",409928657,"point_process=409928657","40931c4d2aeaa191bfda87348035ec197ce5615af4a9549f7dcdbbcc5eb7d8ef",0.784954757441301,4.92736429371871,0.02,1,0.701332172280892,0.701332172280892,0,0,0,1
"TPL_020","TPL_020_RUN_015",15,47.5332016204769,52.6489302934466,"broad_hfs_shifted_gamma","Burst","Broad_HFS","Burst","none","none","none","none","none","none","none","shifted_gamma","irregular","none","not_applicable","core","v2.3_slow_overlap_direct_support_0.65B","weak","BQ_099",2.90990707408637,"hfs_with_nested_burst","BQ_099",1664290206,"hfs=1058563055;nested_burst=1112539392;hfs_total=415170602;point_process=1664290206","a8674d8a41544058eece705e4e70c79baeff222ac534f89493328bb9690f5a81",0.207803815612569,1.66197307419498,0.02,28,5.11572867296974,0.182704595463205,0.670848630180974,0.697972804818455,0.476767067857514,16
"TPL_020","TPL_020_RUN_016",16,52.6489302934466,56.3204236311225,"canonical_mechanism","Pause:canonical","none","Pause","canonical","none","none","none","none","none","none","explicit_gap","canonical","none","not_applicable","not_applicable","not_applicable","none","none",,"pause","canonical_composite_hfs_connector",742419368,"point_process=742419368","63bede8d205ebf1190466dc061716be030fc741000acb8fdfbb96375ff5b5f8d",3.67149333767593,,,1,3.67149333767593,3.67149333767593,0,0,0,1
"TPL_020","TPL_020_RUN_017",17,56.3204236311225,64.4031889213139,"broad_hfs_shifted_gamma","Burst","Broad_HFS","Burst","none","none","none","none","none","none","none","shifted_gamma","regular","none","not_applicable","boundary","v2.3_slow_overlap_direct_support_0.65B","moderate","BQ_100",3.93299060314894,"hfs_with_nested_burst","BQ_100",2001453212,"hfs=1875291655;nested_burst=1153912088;hfs_total=1370349192;point_process=2001453212","aa345eaf5958b15cd92f5534cf84ed03d85e05cda4a120d8f7b8876543c8cda9",0.283281956017017,7.53144948603585,0.02,32,8.08276529019138,0.25258641531848,0.55352279685929,0.410280408549802,0.200396434253147,8
