"Sample_ID","Spike_Index","Time_s"
"S0001",1,0
"S0001",2,0.198091410508056
"S0001",3,0.33675493621353
"S0001",4,0.501269426514252
"S0001",5,0.687772940540812
"S0001",6,0.815182064224872
"S0001",7,0.971842595007581
"S0001",8,1.14612355457715
"S0001",9,1.35631436060065
"S0001",10,1.5283291197366
"S0001",11,1.7403186763559
"S0001",12,1.89749262481755
"S0001",13,2.07781292092988
"S0001",14,2.25499784044784
"S0001",15,3.55909205332261
"S0001",16,3.70652587120572
"S0001",17,3.79305102846654
"S0001",18,3.88830217839935
"S0001",19,3.99776861646339
"S0001",20,4.08511743222651
"S0001",21,4.19797657449384
"S0001",22,4.24552287387504
"S0001",23,4.34679268299881
"S0001",24,4.39284868568731
"S0001",25,4.42522912332079
"S0001",26,4.5269121680759
"S0001",27,4.60837042296282
"S0001",28,4.71630137648771
"S0001",29,4.80151416688741
"S0001",30,4.93265376469612
"S0001",31,4.96047438823436
"S0001",32,5.03810199282112
"S0001",33,5.08768645576568
"S0001",34,5.16985644686655
"S0001",35,5.28440951022965
"S0001",36,5.32875530449613
"S0001",37,5.4066458584955
"S0001",38,5.48423574461743
"S0001",39,5.53544908404358
"S0001",40,5.62051340668132
"S0001",41,5.65248274241807
"S0001",42,5.72391848476081
"S0001",43,5.79029599958548
"S0001",44,5.82981452657456
"S0001",45,5.90305158920981
"S0001",46,6.00767191154504
"S0001",47,6.08301881459857
"S0001",48,6.13099151340802
"S0001",49,6.16666544693932
"S0001",50,6.20935648852882
"S0001",51,6.24853883285147
"S0001",52,6.31258003615884
"S0001",53,6.36475953639852
"S0001",54,6.40774071906729
"S0001",55,6.80053083725193
"S0001",56,6.85859345814083
"S0001",57,6.8812312988173
"S0001",58,6.92201289215011
"S0001",59,6.97161116507473
"S0001",60,6.99415471705532
"S0001",61,7.01924923787945
"S0001",62,7.04866651950238
"S0001",63,7.11628282011118
"S0001",64,7.31069707496655
"S0001",65,7.35245118369048
"S0001",66,7.40309996123698
"S0001",67,7.42697445188547
"S0001",68,7.46955150231565
"S0001",69,7.84770407663015
"S0001",70,8.15402341999607
"S0001",71,8.58187248181593
"S0001",72,8.8866952757209
"S0001",73,9.27841575333871
"S0001",74,9.66877039537479
"S0001",75,10.1024000880906
"S0001",76,10.4385095153116
"S0001",77,10.7275570656229
"S0001",78,11.1917006217816
"S0001",79,11.4923357393766
"S0001",80,11.7515470612601
"S0001",81,12.1404986263873
"S0001",82,12.5255313001033
"S0001",83,13.4675385972317
"S0001",84,14.7320515685733
"S0001",85,15.1799557327307
"S0001",86,15.323856934128
"S0001",87,15.418704144866
"S0001",88,15.5620022514603
"S0001",89,15.6087214894374
"S0001",90,15.7078179948707
"S0001",91,15.8470938455142
"S0001",92,15.9661562955419
"S0001",93,16.034595907776
"S0001",94,16.0906959880225
"S0001",95,16.1963205827361
"S0001",96,16.3839161113803
"S0001",97,16.4840902060073
"S0001",98,16.519903731586
"S0001",99,16.5379988228737
"S0001",100,16.5540011980728
"S0001",101,16.5721762131387
"S0001",102,16.6024203822721
"S0001",103,16.7027886597527
"S0001",104,16.7924231274804
"S0001",105,16.8370957084352
"S0001",106,16.8764344034636
"S0001",107,16.97948841901
"S0001",108,17.0234717963139
"S0001",109,17.1405358493937
"S0001",110,17.2048957311376
"S0001",111,17.2910505552144
"S0001",112,17.4353509756813
"S0001",113,17.5343135200238
"S0001",114,17.6301678497483
"S0001",115,17.7536203857907
"S0001",116,17.8561376726778
"S0001",117,17.8979381576508
"S0001",118,17.9199112045202
"S0001",119,18.0255620999627
"S0001",120,19.6237315028154
"S0001",121,19.708665267032
"S0001",122,19.7176397275536
"S0001",123,19.7645935700717
"S0001",124,19.8274889292996
"S0001",125,19.996232178051
"S0001",126,20.0619830175238
"S0001",127,20.1967580181277
"S0001",128,20.3764359372996
"S0001",129,20.4021200949383
"S0001",130,20.4190946412159
"S0001",131,20.4430884477416
"S0001",132,20.4931951993988
"S0001",133,20.6707899376939
"S0001",134,20.7149937524677
"S0001",135,20.8119386525211
"S0001",136,20.8597449655507
"S0001",137,20.8877691675425
"S0001",138,20.940233751727
"S0001",139,20.9681838751759
"S0001",140,20.9887953676174
"S0001",141,21.1308237138681
"S0001",142,21.1444004209697
"S0001",143,21.2960034972062
"S0001",144,21.4865267755993
"S0001",145,21.5200356525149
"S0001",146,21.6333120758227
"S0001",147,21.6516149565818
"S0001",148,21.6658693116533
"S0001",149,21.7708042635124
"S0001",150,21.8447629621323
"S0001",151,21.9142049205077
"S0002",1,0
"S0002",2,0.529624653360924
"S0002",3,1.05260135374933
"S0002",4,1.50618540051053
"S0002",5,1.96651962778302
"S0002",6,2.26739369507922
"S0002",7,2.7486315825261
"S0002",8,3.17035724147566
"S0002",9,3.6923543194654
"S0002",10,4.01759881171564
"S0002",11,4.55660757175619
"S0002",12,5.01246040897981
"S0002",13,5.41340499725521
"S0002",14,5.85173545483351
"S0002",15,6.23913543414632
"S0002",16,6.77001073130988
"S0002",17,7.1913304642795
"S0002",18,10.461351320103
"S0002",19,11.3569719224675
"S0002",20,12.1484016597506
"S0002",21,13.6930326708322
"S0002",22,13.8466576599771
"S0002",23,13.9841238076869
"S0002",24,14.0570683035794
"S0002",25,14.5486986560692
"S0002",26,14.6061205393538
"S0002",27,14.6876292925895
"S0002",28,14.7815441536071
"S0002",29,14.8423441622121
"S0002",30,14.9116032390925
"S0002",31,14.9930494478547
"S0002",32,15.0796140878524
"S0002",33,15.135750481815
"S0002",34,15.9443845359522
"S0002",35,16.5675963193169
"S0002",36,17.6735850550907
"S0002",37,18.814767572239
"S0002",38,19.8001440602173
"S0002",39,20.6453861414718
"S0002",40,21.7157875029151
"S0002",41,23.0514196066363
"S0002",42,24.1378897439447
"S0002",43,25.0896260453063
"S0002",44,25.9512356038257
"S0002",45,26.9867222882762
"S0002",46,28.017967555089
"S0002",47,28.9485191851351
"S0002",48,30.1237727226028
"S0002",49,31.9174038478443
"S0002",50,34.4549319480816
"S0002",51,36.9708212052742
"S0002",52,37.2236739851319
"S0002",53,37.3790183067439
"S0002",54,37.6779902531121
"S0002",55,37.9381344023517
"S0002",56,38.1652635505248
"S0002",57,38.4538200952018
"S0002",58,38.7055146556238
"S0002",59,38.8306985780694
"S0002",60,39.0661156048279
"S0002",61,39.2986299482213
"S0002",62,39.5285680977423
"S0002",63,39.6417990537462
"S0002",64,39.8547451107851
"S0002",65,40.0932221802057
"S0002",66,40.3536616829173
"S0002",67,40.4954228432231
"S0002",68,40.7515336064273
"S0002",69,40.9031983613763
"S0002",70,41.1934778255014
"S0002",71,41.3500605265211
"S0002",72,41.5702212276754
"S0002",73,41.7246739797124
"S0002",74,41.9645738086719
"S0002",75,42.1151566498276
"S0002",76,42.3672452198033
"S0002",77,42.6480476580881
"S0002",78,42.9428543942413
"S0002",79,43.3082554872514
"S0002",80,43.5213692063034
"S0002",81,43.7351499261706
"S0002",82,43.9556361583258
"S0002",83,44.3301915475645
"S0002",84,44.6242264588954
"S0002",85,44.9588080332413
"S0002",86,44.9907967795913
"S0002",87,45.0971920827563
"S0002",88,45.1970550164314
"S0002",89,45.3495759095543
"S0002",90,45.5247176499581
"S0002",91,45.7096196091603
"S0002",92,45.8676994238499
"S0002",93,46.0772797657903
"S0002",94,46.2643203625575
"S0002",95,46.8530543435166
"S0002",96,47.0712921464614
"S0002",97,47.3453538927823
"S0002",98,47.4088885432752
"S0002",99,47.4664216780351
"S0002",100,47.5053540251212
"S0002",101,47.562671355928
"S0002",102,47.6004765086468
"S0002",103,47.6334010344793
"S0002",104,47.6834422650605
"S0002",105,47.8275738540893
"S0002",106,48.2694567327938
"S0002",107,48.3291052868
"S0002",108,48.5226363258605
"S0002",109,48.6646189709946
"S0002",110,49.127784168886
"S0002",111,49.4767542501977
"S0002",112,49.8775152857668
"S0002",113,50.0409569598359
"S0002",114,50.2573617462361
"S0002",115,50.6024441801892
"S0002",116,50.7095221888207
"S0002",117,51.2018497518354
"S0002",118,51.4016166201964
"S0002",119,51.7052636554698
"S0002",120,51.9021193556725
"S0002",121,52.053359308958
"S0002",122,52.261969903242
"S0002",123,52.5703985320665
"S0002",124,56.1656253186315
"S0002",125,56.601410753558
"S0002",126,56.7267148195631
"S0002",127,56.9141672694421
"S0002",128,56.9499628194787
"S0002",129,57.1545158155463
"S0002",130,57.2287885035975
"S0002",131,57.3330273495746
"S0002",132,57.5204382996782
"S0002",133,57.8734314880973
"S0002",134,57.9236936133051
"S0002",135,57.9796434989253
"S0002",136,58.002127298051
"S0002",137,58.0291022438952
"S0002",138,58.0548723203912
"S0002",139,58.1154066281899
"S0002",140,58.1656263453185
"S0002",141,58.2066994843765
"S0002",142,58.5048535314203
"S0002",143,58.9546300041072
"S0002",144,59.3608596381343
"S0002",145,59.5905643341442
"S0002",146,59.9294142597347
"S0002",147,60.0193311266211
"S0002",148,60.2210295479379
"S0002",149,60.432863865401
"S0002",150,60.6547444370304
"S0002",151,60.9006357951686
"S0002",152,61.1215208728695
"S0002",153,61.235243948142
"S0002",154,61.5716108543629
"S0002",155,61.7481880615366
"S0002",156,62.2180748456934
"S0002",157,62.5336348162244
"S0003",1,0
"S0003",2,0.0921864287617962
"S0003",3,0.224512044449964
"S0003",4,0.321515189554458
"S0003",5,0.386926250276075
"S0003",6,0.488545999391796
"S0003",7,0.537344407600089
"S0003",8,1.08212154580533
"S0003",9,1.14604610366433
"S0003",10,1.20242417966024
"S0003",11,1.23810968405361
"S0003",12,1.31366623578741
"S0003",13,1.354859335994
"S0003",14,1.40699025979167
"S0003",15,1.49613475405707
"S0003",16,2.15637684394708
"S0003",17,2.83496893749227
"S0003",18,3.60545177655508
"S0003",19,4.42939490778457
"S0003",20,5.01849741824548
"S0003",21,5.5868177302378
"S0003",22,5.69710701208837
"S0003",23,6.11819777404314
"S0003",24,8.22553156306392
"S0003",25,10.3313712227101
"S0003",26,12.8084039497132
"S0003",27,12.9793005368423
"S0003",28,13.2641151546169
"S0003",29,13.5029325909304
"S0003",30,13.8209118824013
"S0003",31,14.0605898237374
"S0003",32,14.199803009427
"S0003",33,14.5707988959322
"S0003",34,14.8847509597501
"S0003",35,17.958657498665
"S0003",36,18.1085400635963
"S0003",37,18.2233905958844
"S0003",38,18.7303323012521
"S0003",39,19.0551053893765
"S0003",40,19.2039603036682
"S0003",41,19.4766636761279
"S0003",42,19.7346587373251
"S0003",43,19.9791738662638
"S0003",44,20.0908658371884
"S0003",45,20.1842915621703
"S0003",46,20.3159686867344
"S0003",47,20.684999045325
"S0003",48,21.2019717832834
"S0003",49,21.6448419787902
"S0003",50,21.8073394320492
"S0003",51,21.8908325770887
"S0003",52,21.987003697426
"S0003",53,22.2107073162432
"S0003",54,22.2729707712064
"S0003",55,22.541074334847
"S0003",56,22.7563351577603
"S0003",57,22.9247852990621
"S0003",58,23.0364002872842
"S0003",59,23.1645371493613
"S0003",60,23.2960045333621
"S0003",61,23.4935190557834
"S0003",62,23.5563673300721
"S0003",63,23.6279668683717
"S0003",64,24.0393142710177
"S0003",65,24.1621309634604
"S0003",66,24.5390466565026
"S0003",67,24.6083847941443
"S0003",68,24.7852165036185
"S0003",69,25.0396561488203
"S0003",70,25.6986554507718
"S0003",71,25.8611254556991
"S0003",72,26.0645309910373
"S0003",73,26.1412637773618
"S0003",74,26.1974867440725
"S0003",75,26.2504619807559
"S0003",76,26.2910480279061
"S0003",77,26.3612345365322
"S0003",78,26.440350612759
"S0003",79,26.5435293968744
"S0003",80,26.8380287014223
"S0003",81,27.271990083408
"S0003",82,27.6812494756452
"S0003",83,28.0534356984238
"S0003",84,28.2277362149005
"S0003",85,28.2622606414055
"S0003",86,28.4079015455666
"S0003",87,28.6447090092729
"S0003",88,28.7744646258366
"S0003",89,28.9613747867556
"S0003",90,29.1664064801993
"S0003",91,29.3568330279521
"S0003",92,29.4122525884744
"S0003",93,29.5579857812991
"S0003",94,30.0823520068045
"S0003",95,30.3060010488114
"S0003",96,34.5400422063625
"S0003",97,34.7651179363194
"S0003",98,34.9477093518426
"S0003",99,35.2456113583492
"S0003",100,35.4781832424642
"S0003",101,35.7108287560155
"S0003",102,35.923717992578
"S0003",103,36.1460195123329
"S0003",104,36.4946159968295
"S0003",105,36.5915772256287
"S0003",106,36.8256509143402
"S0003",107,37.1875233614012
"S0003",108,37.2985042916926
"S0003",109,37.347487016588
"S0003",110,37.3886469470442
"S0003",111,37.4391396985703
"S0003",112,37.4894786725319
"S0003",113,37.5352010214186
"S0003",114,37.61596964383
"S0003",115,37.7937787600149
"S0003",116,38.0176023957349
"S0003",117,38.1838115014156
"S0003",118,38.486496702178
"S0003",119,38.7143402406897
"S0003",120,38.910441821748
"S0003",121,39.3107685241601
"S0003",122,39.7174716087965
"S0003",123,40.0112307700957
"S0003",124,40.1991168598503
"S0003",125,40.4204263956155
"S0004",1,0
"S0004",2,0.658933029878602
"S0004",3,1.40736207808834
"S0004",4,2.07269389271874
"S0004",5,2.56058535002288
"S0004",6,3.46019741472755
"S0004",7,4.47353013795009
"S0004",8,5.27606869372842
"S0004",9,6.12949509941345
"S0004",10,7.15184160133859
"S0004",11,8.21170715384078
"S0004",12,9.22852313928622
"S0004",13,10.1609027138614
"S0004",14,11.920191884663
"S0004",15,14.7105238663667
"S0004",16,15.3976000681745
"S0004",17,15.6227163373727
"S0004",18,16.5182538495004
"S0004",19,16.6644138885893
"S0004",20,16.8010607082607
"S0004",21,17.082073081073
"S0004",22,17.2322266623267
"S0004",23,17.4898048191485
"S0004",24,17.7330579159371
"S0004",25,17.8180804597178
"S0004",26,17.9247008513731
"S0004",27,18.0486927755604
"S0004",28,18.1205640316457
"S0004",29,18.2467789767467
"S0004",30,18.7336286072195
"S0004",31,18.7646820081079
"S0004",32,18.9288183792405
"S0004",33,19.3500618314957
"S0004",34,19.3992547770484
"S0004",35,19.4717264203844
"S0004",36,19.5178313298784
"S0004",37,19.5999352380309
"S0004",38,19.65964933091
"S0004",39,19.7780519917856
"S0004",40,19.9572427762093
"S0004",41,20.3416320431914
"S0004",42,20.3821256436852
"S0004",43,20.4800607515786
"S0004",44,20.5308190662156
"S0004",45,20.6194868773034
"S0004",46,20.6552530054328
"S0004",47,21.0196419806536
"S0004",48,21.0600321116451
"S0004",49,21.2314646971912
"S0004",50,21.5739005037509
"S0004",51,21.873858888237
"S0004",52,22.0617875073584
"S0004",53,26.490966838227
"S0004",54,26.7493152778789
"S0004",55,27.1702326936931
"S0004",56,27.3876643203652
"S0004",57,27.7563244607566
"S0004",58,28.1218122411414
"S0004",59,28.3431816037349
"S0004",60,28.6084894361895
"S0004",61,29.059689101922
"S0004",62,29.5055819414697
"S0004",63,29.8976366056202
"S0004",64,30.4545161266308
"S0004",65,30.7146035950361
"S0004",66,30.8930069058333
"S0004",67,31.0482317028796
"S0004",68,31.1242897698249
"S0004",69,31.2162016443228
"S0004",70,31.267368648395
"S0004",71,31.3357366240544
"S0004",72,31.3954474301652
"S0004",73,31.4553392519102
"S0004",74,31.5823524395073
"S0004",75,31.9254151062457
"S0004",76,32.1301072870095
"S0004",77,32.3142730886698
"S0004",78,32.5057113849645
"S0004",79,32.7072964908396
"S0004",80,33.0686799954409
"S0004",81,33.4800176935595
"S0004",82,33.6505540737724
"S0004",83,33.8228478592628
"S0004",84,34.116650088599
"S0004",85,34.5503481296747
"S0004",86,34.9436660863991
"S0004",87,35.1196330799596
"S0004",88,36.1043225170845
"S0004",89,36.3187609305089
"S0004",90,36.8583017283882
"S0004",91,37.1013449969893
"S0004",92,37.1956534193357
"S0004",93,37.4133167460225
"S0004",94,37.7368490306939
"S0004",95,37.9966698750482
"S0004",96,38.2545786867999
"S0004",97,38.5122455966896
"S0004",98,38.7592975834108
"S0004",99,38.9814155754019
"S0004",100,39.2475993932066
"S0004",101,39.5854262352568
"S0004",102,39.914099659384
"S0004",103,40.1358756021035
"S0004",104,40.4676019853115
"S0004",105,40.7803572591144
"S0004",106,41.1142185487435
"S0004",107,41.4746130536131
"S0004",108,41.5985469686017
"S0004",109,41.9005922483749
"S0004",110,42.3348634625845
"S0004",111,42.6971602242253
"S0004",112,43.041200096471
"S0004",113,43.3768724407175
"S0004",114,43.5945004466613
"S0004",115,44.0429240389932
"S0004",116,44.1764888682778
"S0004",117,44.2850632930887
"S0004",118,44.4655716114288
"S0004",119,44.5606399383037
"S0004",120,44.7361382344434
"S0004",121,44.8188662881057
"S0004",122,44.9584566437084
"S0004",123,45.0645825845404
"S0004",124,45.1136821630188
"S0004",125,45.1881031233595
"S0004",126,45.238530521269
"S0004",127,45.3271213991742
"S0004",128,45.4090477490908
"S0004",129,45.9175264329294
"S0004",130,46.0032258200182
"S0004",131,46.1401865097019
"S0004",132,46.2672888698759
"S0004",133,46.3472762805087
"S0004",134,46.5134881332734
"S0004",135,46.5772018573523
"S0004",136,46.7042392636379
"S0004",137,47.2161011292484
"S0004",138,47.7475998465974
"S0004",139,48.3177819998993
"S0004",140,48.8436436573959
"S0004",141,49.2874626457621
"S0004",142,49.9300873960095
"S0004",143,50.4391970060038
"S0004",144,51.172646342003
"S0004",145,51.7035319347767
"S0004",146,52.2979182842799
"S0004",147,52.7639212755619
"S0004",148,57.7310688490181
"S0005",1,0
"S0005",2,0.0282607566692914
"S0005",3,0.0625743364350289
"S0005",4,0.105066934147327
"S0005",5,0.137339671865154
"S0005",6,0.160349728504501
"S0005",7,0.189309310951789
"S0005",8,0.223375680620836
"S0005",9,0.260040453604072
"S0005",10,0.266544541703651
"S0005",11,0.275183923494207
"S0005",12,0.286045709930793
"S0005",13,0.296466009123786
"S0005",14,0.30980343713589
"S0005",15,0.318645797766023
"S0005",16,0.324248255212604
"S0005",17,0.334885074072604
"S0005",18,0.393144609783863
"S0005",19,0.399709709704311
"S0005",20,0.405013927227308
"S0005",21,0.410249369051369
"S0005",22,0.418280939148969
"S0005",23,0.722320380156158
"S0005",24,0.803549670126326
"S0005",25,0.833840027644149
"S0005",26,0.845077138582598
"S0005",27,0.85222142664726
"S0005",28,0.894615562029732
"S0005",29,0.909075185116226
"S0005",30,0.927593622469314
"S0005",31,0.945828162233435
"S0005",32,0.956199423236141
"S0005",33,0.964547278469971
"S0005",34,0.981930455309368
"S0005",35,0.984636677503862
"S0005",36,0.999186892552378
"S0005",37,1.01101594723901
"S0005",38,1.01577290382447
"S0005",39,1.0397100688149
"S0005",40,1.0445509650084
"S0005",41,1.0763801405241
"S0005",42,1.10252659008555
"S0005",43,1.11219511378355
"S0005",44,1.11686612422655
"S0005",45,1.12056268128634
"S0005",46,1.12321790643325
"S0005",47,1.12602893601703
"S0005",48,1.14344217292899
"S0005",49,1.16468578298981
"S0005",50,1.20072284838417
"S0005",51,1.21205553510604
"S0005",52,1.22343599510241
"S0005",53,1.23811903881417
"S0005",54,1.25645758693486
"S0005",55,1.27411878389451
"S0005",56,1.28621651104519
"S0005",57,1.335635248339
"S0005",58,1.34921836019417
"S0005",59,1.37400260793332
"S0005",60,1.43272669335155
"S0005",61,1.48025687801805
"S0005",62,1.53368138864426
"S0005",63,1.58079165113424
"S0005",64,1.67432212736547
"S0005",65,1.72524853207172
"S0005",66,1.80216473890829
"S0005",67,1.85179254117047
"S0005",68,1.91955499519278
"S0005",69,2.00870642461833
"S0005",70,2.0910695781534
"S0005",71,2.14325067341621
"S0005",72,2.21518413561237
"S0005",73,2.55414331090943
"S0005",74,2.61476325418417
"S0005",75,2.62088560783557
"S0005",76,2.62916644303817
"S0005",77,2.6548311378299
"S0005",78,2.68444925084598
"S0005",79,2.71414857844617
"S0005",80,2.73337890065792
"S0005",81,2.74783620124765
"S0005",82,2.75962314079833
"S0005",83,2.77344250449399
"S0005",84,2.7847025829603
"S0005",85,2.79022532843604
"S0005",86,2.7952419198736
"S0005",87,2.80016591333031
"S0005",88,2.80455965900597
"S0005",89,2.80823669086885
"S0005",90,2.82084212490908
"S0005",91,2.83985410905857
"S0005",92,2.87994403420741
"S0005",93,2.91190264283272
"S0005",94,2.9426935112636
"S0005",95,2.95295310870127
"S0005",96,2.96471658747313
"S0005",97,2.99232333238867
"S0005",98,3.01923785968807
"S0005",99,3.03921817035134
"S0005",100,3.06141020996349
"S0005",101,3.08436063305468
"S0005",102,3.11121527571493
"S0005",103,3.12739579674522
"S0005",104,3.14433852933381
"S0005",105,3.15687374425669
"S0005",106,3.16581789393824
"S0005",107,3.1777194402836
"S0005",108,3.19313200881192
"S0005",109,3.19904039653753
"S0005",110,3.20651676808309
"S0005",111,3.22068558479158
"S0005",112,3.24531007156516
"S0005",113,3.28406616326452
"S0005",114,3.31985966411877
"S0005",115,3.34177774822743
"S0005",116,3.3752817743835
"S0005",117,3.39514652432296
"S0005",118,3.43853569396809
"S0005",119,3.46769354704334
"S0005",120,3.49017570339744
"S0005",121,3.51770012364233
"S0005",122,3.53044407896028
"S0005",123,3.57006329088372
"S0005",124,3.59039612967379
"S0005",125,3.61334043772555
"S0005",126,3.64182019041613
"S0005",127,3.6630734754902
"S0005",128,3.70573957503944
"S0005",129,3.75465195160552
"S0005",130,3.78233309767759
"S0005",131,3.81046900702175
"S0005",132,3.8296743640994
"S0005",133,3.88445189004995
"S0006",1,0
"S0006",2,0.0732670392455339
"S0006",3,0.162675613246868
"S0006",4,0.20266154710137
"S0006",5,0.293613848961262
"S0006",6,0.33980132045462
"S0006",7,0.443546893324837
"S0006",8,0.520302444988404
"S0006",9,0.598053629796046
"S0006",10,0.695183993691646
"S0006",11,0.760084263634324
"S0006",12,0.844257534222684
"S0006",13,0.901334265984982
"S0006",14,0.994121685981964
"S0006",15,1.07724924795005
"S0006",16,1.14519275033091
"S0006",17,1.22959582974613
"S0006",18,1.31446524956721
"S0006",19,1.38427182076122
"S0006",20,1.43541425562101
"S0006",21,1.53141560025486
"S0006",22,1.57758588483866
"S0006",23,1.65329927636602
"S0006",24,1.75003639370165
"S0006",25,1.81076510011026
"S0006",26,1.8943154794615
"S0006",27,1.97476509644621
"S0006",28,2.05263447220202
"S0006",29,2.11778297033172
"S0006",30,2.16029862129998
"S0006",31,2.21410772841294
"S0006",32,2.25477453671665
"S0006",33,2.33719683407122
"S0006",34,2.35984371926344
"S0006",35,2.3862061835589
"S0006",36,2.60842714848356
"S0006",37,2.71566994564147
"S0006",38,2.80874921903399
"S0006",39,2.9320424818068
"S0006",40,3.02883866930296
"S0006",41,3.25161669683942
"S0006",42,3.29213040345756
"S0006",43,3.40755454688131
"S0006",44,3.46277765467413
"S0006",45,3.52412935516934
"S0006",46,3.59650572973396
"S0006",47,3.67001819802787
"S0006",48,3.80244109876312
"S0006",49,3.84133364382579
"S0006",50,3.87921908337448
"S0006",51,3.95628798734193
"S0006",52,4.00840654435456
"S0006",53,4.24939903426248
"S0006",54,4.29640869463036
"S0006",55,4.31659496602937
"S0006",56,4.33133917371067
"S0006",57,4.34157490337153
"S0006",58,4.36228583081534
"S0006",59,4.37836425850687
"S0006",60,4.46033955446109
"S0006",61,4.61465277156725
"S0006",62,4.75542394109826
"S0006",63,4.84472921187776
"S0006",64,4.90824255184268
"S0006",65,5.00637181742279
"S0006",66,5.30199345356724
"S0006",67,5.37031800947631
"S0006",68,5.52572919920065
"S0006",69,5.62827062560993
"S0006",70,5.85818873320047
"S0006",71,5.91587898455486
"S0006",72,6.03069865450702
"S0006",73,6.10669571800459
"S0006",74,6.18973346147393
"S0006",75,6.2870431913945
"S0006",76,6.40803821514524
"S0006",77,6.50169977465406
"S0006",78,6.56142236289128
"S0006",79,6.67505638337014
"S0006",80,6.74106565303238
"S0006",81,6.81910450126517
"S0006",82,6.90574583823878
"S0006",83,6.93930043127228
"S0006",84,7.02470933481925
"S0006",85,7.10030801903544
"S0006",86,7.1445822549971
"S0006",87,7.27007754518096
"S0006",88,7.36202970333497
"S0006",89,7.38731628553718
"S0006",90,7.40224630968138
"S0006",91,7.42466545419534
"S0006",92,7.45952542650301
"S0006",93,7.52806366202491
"S0006",94,7.65077467713328
"S0006",95,7.68378976816313
"S0006",96,7.74186575992141
"S0006",97,7.86721044408457
"S0006",98,7.97125357507831
"S0006",99,8.11510252815227
"S0006",100,8.21515792429857
"S0006",101,8.37519459072671
"S0006",102,8.52838343292764
"S0006",103,8.68129287430822
"S0006",104,8.83602253406907
"S0006",105,9.01647349849911
"S0006",106,9.19711801788217
"S0006",107,9.37226305852626
"S0006",108,9.55661818309341
"S0006",109,9.71819433261614
"S0006",110,9.87831314377247
"S0006",111,10.0604704090931
"S0006",112,10.2197197451214
"S0006",113,11.5816157645131
"S0006",114,11.6993314368367
"S0006",115,11.777816509238
"S0006",116,11.921881052184
"S0006",117,13.2517998814611
"S0006",118,13.2831034485422
"S0006",119,13.3345116562421
"S0006",120,13.3915182944216
"S0006",121,13.4465223100092
"S0006",122,13.4947125027646
"S0006",123,13.5369715526857
"S0006",124,13.5773169448031
"S0006",125,13.8272518775417
"S0006",126,13.8552319333796
"S0006",127,13.8970613103103
"S0006",128,13.9209609521165
"S0006",129,13.9781706091112
"S0006",130,14.0092943004987
"S0006",131,14.0463720110594
"S0006",132,14.0880747364121
"S0006",133,14.1103510454873
"S0006",134,14.6369281753077
"S0006",135,14.7529324709863
"S0006",136,15.0748477641116
"S0006",137,15.4839801718827
"S0006",138,15.8517947692856
"S0006",139,16.1549182018785
"S0006",140,16.5652999938884
"S0006",141,16.7956780523671
"S0006",142,17.1208737614838
"S0006",143,17.5036331872776
"S0006",144,17.9097341410397
"S0006",145,18.198968566636
"S0006",146,18.5685071873527
"S0006",147,18.9427470424626
"S0006",148,19.3244106765089
"S0006",149,19.6215332092915
"S0006",150,20.0501242508308
"S0006",151,20.5754607784842
"S0006",152,20.8576760107123
"S0007",1,0
"S0007",2,0.722928854188515
"S0007",3,1.98747922474694
"S0007",4,2.86501848904416
"S0007",5,3.56797025795381
"S0007",6,4.27518467965727
"S0007",7,5.07889027445998
"S0007",8,5.95175177806155
"S0007",9,6.68008357329678
"S0007",10,7.71041905562823
"S0007",11,8.44918773914357
"S0007",12,9.32441140242468
"S0007",13,10.3442651044447
"S0007",14,11.1483833035856
"S0007",15,11.8933117726839
"S0007",16,16.731096522745
"S0007",17,17.6424763036408
"S0007",18,17.7703543200609
"S0007",19,17.9019417702149
"S0007",20,18.0571513647342
"S0007",21,18.619507071622
"S0007",22,18.7300427769337
"S0007",23,18.8428493255047
"S0007",24,19.0203866331779
"S0007",25,19.0748320227762
"S0007",26,19.4785180469881
"S0007",27,19.9118767949621
"S0007",28,20.4105120769639
"S0007",29,20.857465931581
"S0007",30,21.2152999712456
"S0007",31,21.6888483600681
"S0007",32,22.151717748758
"S0007",33,22.5819374390583
"S0007",34,22.9922285386186
"S0007",35,23.4210482059377
"S0007",36,23.7863523749512
"S0007",37,24.2634013296064
"S0007",38,24.6728901191559
"S0007",39,25.1254006477949
"S0007",40,25.532211046165
"S0007",41,25.9081149121717
"S0007",42,27.9453666480228
"S0007",43,30.0419633893266
"S0007",44,32.3424937257514
"S0007",45,32.4537297945028
"S0007",46,32.5183523065904
"S0007",47,32.6878105064026
"S0007",48,32.7401510488334
"S0007",49,32.8102865536165
"S0007",50,32.9612154226677
"S0007",51,33.0233027987776
"S0007",52,33.154809459019
"S0007",53,33.3186192541869
"S0007",54,33.3414008677876
"S0007",55,33.6902069402882
"S0007",56,33.7629327051922
"S0007",57,33.9424738196444
"S0007",58,34.1027240330586
"S0007",59,34.6031654860469
"S0007",60,34.7767328646557
"S0007",61,34.8261147442423
"S0007",62,35.1769462641524
"S0007",63,35.316327845644
"S0007",64,35.3977795720754
"S0007",65,35.8455607517655
"S0007",66,36.128398568561
"S0007",67,36.1977294305607
"S0007",68,36.326464381974
"S0007",69,36.3550198490797
"S0007",70,36.5334388016049
"S0007",71,36.8676155171522
"S0007",72,37.021832241739
"S0007",73,39.2195338774667
"S0007",74,39.5385751659494
"S0007",75,39.706270101265
"S0007",76,39.9998026454705
"S0007",77,40.1641325831652
"S0007",78,40.3305603645842
"S0007",79,40.5840631391837
"S0007",80,40.8121961181448
"S0007",81,41.0412022573405
"S0007",82,41.2495907799749
"S0007",83,41.4985432023394
"S0007",84,41.728192383825
"S0007",85,42.0107498834122
"S0007",86,42.1871333400649
"S0007",87,42.249477652562
"S0007",88,42.3699805023034
"S0007",89,42.4199027541975
"S0007",90,42.471165359219
"S0007",91,42.5281432718676
"S0007",92,42.606531393708
"S0007",93,42.6728707340255
"S0007",94,42.7194706586194
"S0007",95,42.7665042080916
"S0007",96,42.8220751644974
"S0007",97,43.1022847942784
"S0007",98,43.3359289689007
"S0007",99,43.592970767817
"S0007",100,43.7164670980491
"S0007",101,43.9017364542517
"S0007",102,44.0800192402295
"S0007",103,44.3567049809399
"S0007",104,44.6400294233493
"S0007",105,44.8353331738515
"S0007",106,45.0311164644305
"S0007",107,45.282895674673
"S0007",108,45.6157773277303
"S0007",109,49.0092463815165
"S0007",110,49.2547934925976
"S0007",111,49.4938698875452
"S0007",112,49.6996623695838
"S0007",113,49.8144553952305
"S0007",114,49.9880858030108
"S0007",115,50.4422793363121
"S0007",116,50.7372738245077
"S0007",117,50.7958295720883
"S0007",118,50.8312698244088
"S0007",119,50.8967087728114
"S0007",120,50.9479075112092
"S0007",121,51.2304721672831
"S0007",122,51.4848333301519
"S0007",123,51.6961169731106
"S0007",124,52.0156380956922
"S0007",125,52.4629469358653
"S0007",126,52.6780929983058
"S0007",127,52.7860189356659
"S0007",128,52.9732576169474
"S0007",129,53.1381097040242
"S0007",130,53.553169358733
"S0007",131,53.8337969579242
"S0007",132,54.3780185022747
"S0007",133,54.6402065262822
"S0007",134,54.8065705003131
"S0007",135,54.9762478987134
"S0007",136,55.1504690971701
"S0007",137,55.4215189590178
"S0008",1,0
"S0008",2,0.261293367850913
"S0008",3,0.935310905098344
"S0008",4,1.21858575337938
"S0008",5,1.61211813031037
"S0008",6,1.77257511451061
"S0008",7,1.8688661354718
"S0008",8,2.15054446536827
"S0008",9,2.38876640895656
"S0008",10,2.53981591183073
"S0008",11,2.64475191313465
"S0008",12,2.89716848776243
"S0008",13,2.93837262169985
"S0008",14,2.97011632359239
"S0008",15,3.03474729557074
"S0008",16,3.06075414481222
"S0008",17,3.12225440283714
"S0008",18,3.17016205793554
"S0008",19,3.38955559261457
"S0008",20,3.4959105656148
"S0008",21,4.06046047781418
"S0008",22,4.4803652229014
"S0008",23,4.6261755036153
"S0008",24,4.82478088278505
"S0008",25,5.04058658490536
"S0008",26,5.40633925320196
"S0008",27,5.49649673649472
"S0008",28,5.61342098733644
"S0008",29,5.69345821872468
"S0008",30,5.74373195164948
"S0008",31,6.18834231984117
"S0008",32,6.35993368199617
"S0008",33,6.58192854758102
"S0008",34,7.14712843456449
"S0008",35,7.40365910051747
"S0008",36,8.24084353281848
"S0008",37,9.21992923056939
"S0008",38,9.79567944488335
"S0008",39,10.6354508342461
"S0008",40,11.4169978188207
"S0008",41,12.2472531515322
"S0008",42,13.0904030540005
"S0008",43,13.7189630565071
"S0008",44,14.8098438130542
"S0008",45,15.3883518913791
"S0008",46,16.3002229516416
"S0008",47,17.1733684537174
"S0008",48,17.7543068724898
"S0008",49,18.6903984665061
"S0008",50,19.2842041225597
"S0008",51,20.0602108986421
"S0008",52,23.6087940973999
"S0008",53,24.5400241298297
"S0008",54,24.5889222533112
"S0008",55,24.6330043378151
"S0008",56,24.74288484288
"S0008",57,24.7812948435986
"S0008",58,24.8668400048074
"S0008",59,24.97776346302
"S0008",60,25.1883161146803
"S0008",61,25.2567615768822
"S0008",62,25.4937511330374
"S0008",63,25.6970153689541
"S0008",64,25.8158891933473
"S0008",65,25.9151432111997
"S0008",66,26.0542304641411
"S0008",67,26.2013046801063
"S0008",68,26.4178489346331
"S0008",69,26.5946908159674
"S0008",70,26.8627559708618
"S0008",71,27.0548074934611
"S0008",72,27.1798167777684
"S0008",73,27.3632560082746
"S0008",74,27.499907633142
"S0008",75,27.7728485010268
"S0008",76,27.8927347850487
"S0008",77,28.0501715654417
"S0008",78,28.33752973613
"S0008",79,28.5701380112166
"S0008",80,28.7376273846437
"S0008",81,28.8977344296301
"S0008",82,29.0498322307995
"S0008",83,29.2886401650721
"S0008",84,29.3904264000978
"S0008",85,29.585813004211
"S0008",86,29.9087106187475
"S0008",87,30.0019736109086
"S0008",88,30.1427208016276
"S0008",89,30.2740846641814
"S0008",90,30.5392039608451
"S0008",91,30.732943782377
"S0008",92,30.8056706634844
"S0008",93,30.9117594467247
"S0008",94,31.0432651159164
"S0008",95,31.1456583237644
"S0008",96,31.2401629978857
"S0008",97,31.3210512317681
"S0008",98,31.4183890644169
"S0008",99,32.0427743989786
"S0008",100,32.229806488735
"S0008",101,32.3037625003147
"S0008",102,32.4371281112323
"S0008",103,32.6442446802492
"S0008",104,32.8213263774587
"S0008",105,37.5972783115989
"S0008",106,37.9230901030615
"S0008",107,38.3564256859078
"S0008",108,38.7600520459006
"S0008",109,39.2130728498878
"S0008",110,39.6943331275984
"S0008",111,40.2684456500819
"S0008",112,40.7692627453234
"S0008",113,41.2699677919437
"S0008",114,41.5946054573504
"S0008",115,42.0284901189821
"S0008",116,42.4766022717269
"S0008",117,42.910417949738
"S0008",118,43.38590790176
"S0008",119,43.8319854311238
"S0008",120,44.3487918466824
"S0008",121,44.7490456960894
"S0008",122,44.9272942137941
"S0008",123,45.1529644098694
"S0008",124,45.4140367645346
"S0008",125,45.7290105494672
"S0008",126,45.9274026688294
"S0008",127,46.2478143465471
"S0008",128,46.3384419125187
"S0008",129,46.3914145753578
"S0008",130,46.4459333645286
"S0008",131,46.505042782601
"S0008",132,46.5678440469973
"S0008",133,46.6192440629159
"S0008",134,46.7575822946137
"S0008",135,46.900905345629
"S0008",136,47.0739331678708
"S0008",137,47.3377790943148
"S0008",138,47.4825067793746
"S0008",139,47.6647741124914
"S0008",140,47.8990608459084
"S0008",141,48.1971075378137
"S0008",142,48.3290700565751
"S0008",143,48.5555810838951
"S0008",144,48.7624990680013
"S0008",145,48.9937712169741
"S0008",146,49.1763176050479
"S0008",147,49.3673572026096
"S0009",1,0
"S0009",2,0.369995482517992
"S0009",3,0.531929222148986
"S0009",4,0.738665454999492
"S0009",5,0.91968025116639
"S0009",6,1.14246187277788
"S0009",7,1.41792701316077
"S0009",8,1.80839771748371
"S0009",9,2.03030475145002
"S0009",10,2.30621285978966
"S0009",11,2.57624488145115
"S0009",12,2.63009924871281
"S0009",13,2.69135067985045
"S0009",14,2.7609927857072
"S0009",15,2.81928904943961
"S0009",16,3.03339285018164
"S0009",17,3.25236871741504
"S0009",18,3.42565127335123
"S0009",19,3.8956639155122
"S0009",20,4.28878496308605
"S0009",21,4.49022326393897
"S0009",22,4.76279519562233
"S0009",23,4.98039367299265
"S0009",24,5.20577139849447
"S0009",25,5.43211938336703
"S0009",26,5.72361642200816
"S0009",27,5.98931586178549
"S0009",28,6.26104470824086
"S0009",29,6.43341739248642
"S0009",30,6.71636211529115
"S0009",31,7.08252953789283
"S0009",32,7.45475955901342
"S0009",33,7.72351509804097
"S0009",34,8.00790420490976
"S0009",35,8.27039491984443
"S0009",36,13.012704919031
"S0009",37,13.3977445083808
"S0009",38,13.9321639790182
"S0009",39,14.3404471479183
"S0009",40,14.8030894128744
"S0009",41,15.314581892841
"S0009",42,15.7746516310801
"S0009",43,16.2545679466857
"S0009",44,16.6568374448128
"S0009",45,16.9467050215432
"S0009",46,17.3342375975068
"S0009",47,17.7216106885787
"S0009",48,18.0930291882001
"S0009",49,18.5021980469961
"S0009",50,18.8630397293024
"S0009",51,19.2637989602442
"S0009",52,19.5982328856552
"S0009",53,20.1192166680439
"S0009",54,20.3106355480762
"S0009",55,21.1206195696306
"S0009",56,21.5312702062118
"S0009",57,21.7150424819768
"S0009",58,21.8537487363873
"S0009",59,22.0900202024039
"S0009",60,22.241720130342
"S0009",61,22.5381153002261
"S0009",62,22.6680110448079
"S0009",63,22.7114073446367
"S0009",64,22.7653943060574
"S0009",65,22.7954070323993
"S0009",66,22.8345818714232
"S0009",67,23.010191584981
"S0009",68,23.1215708851831
"S0009",69,23.1949999848644
"S0009",70,23.3877357288532
"S0009",71,23.5819493406988
"S0009",72,23.724535942295
"S0009",73,23.8021106626751
"S0009",74,23.9550936127155
"S0009",75,24.0444127785652
"S0009",76,24.1952222805407
"S0009",77,24.4577015549876
"S0009",78,24.7156922754365
"S0009",79,24.8648022484534
"S0009",80,25.0319609386462
"S0009",81,25.1958357704467
"S0009",82,25.3566919279789
"S0009",83,25.537420061604
"S0009",84,25.6563340561458
"S0009",85,25.7868512076442
"S0009",86,25.9262703858586
"S0009",87,26.0395652792866
"S0009",88,26.2236820108426
"S0009",89,27.0232859008585
"S0009",90,27.7217003386113
"S0009",91,28.7042216147408
"S0009",92,29.4824926087687
"S0009",93,30.2979245096616
"S0009",94,31.3667727292913
"S0009",95,32.2313781468901
"S0009",96,32.9599408925891
"S0009",97,33.7015250663299
"S0009",98,34.6487832222358
"S0009",99,35.7202128009497
"S0009",100,36.8535095239322
"S0009",101,37.8127985071073
"S0009",102,38.977015295881
"S0009",103,39.6014610352917
"S0009",104,44.1995469529638
"S0009",105,44.5189610803201
"S0009",106,44.7012435183682
"S0009",107,44.8419643154926
"S0009",108,44.8920035915922
"S0009",109,45.0620006360063
"S0009",110,45.21353717156
"S0009",111,45.3165820175319
"S0009",112,45.6679490059542
"S0009",113,46.0437844447795
"S0009",114,46.1002123335338
"S0009",115,46.3808855305381
"S0009",116,46.411224459498
"S0009",117,46.6399198713269
"S0009",118,46.9175473770626
"S0009",119,47.1588483143116
"S0009",120,47.206632757298
"S0009",121,47.2852565220875
"S0009",122,47.4190590274172
"S0009",123,47.6573870570367
"S0009",124,47.6898272479051
"S0009",125,47.892563609234
"S0009",126,48.0938214269402
"S0009",127,48.6058852228111
"S0009",128,48.6491573973761
"S0009",129,48.7079845931595
"S0009",130,49.3250386034339
"S0009",131,50.4665535425115
"S0009",132,50.7563522065431
"S0009",133,50.843099611193
"S0009",134,51.0969194086499
"S0009",135,51.1949011469229
"S0009",136,51.2886562711455
"S0009",137,51.7460409886565
"S0009",138,51.8437347496139
"S0009",139,51.9316865473315
"S0009",140,52.0251046065287
"S0009",141,52.1073996856111
"S0009",142,52.1648043239256
"S0009",143,52.2608676450793
"S0010",1,0
"S0010",2,0.00810865286955018
"S0010",3,0.0219253088053841
"S0010",4,0.0333524624403926
"S0010",5,0.0449402560370917
"S0010",6,0.0991744402966405
"S0010",7,0.114475746490612
"S0010",8,0.123205281522347
"S0010",9,0.135648636708357
"S0010",10,0.145339540497723
"S0010",11,0.166553514678518
"S0010",12,0.177128327879008
"S0010",13,0.199888437462957
"S0010",14,0.208641923551418
"S0010",15,0.217794773103733
"S0010",16,0.242640979446822
"S0010",17,0.252267721769325
"S0010",18,0.273473020870065
"S0010",19,0.280719671786326
"S0010",20,0.307468669814272
"S0010",21,0.322007498645966
"S0010",22,0.32927626701999
"S0010",23,0.336828328387094
"S0010",24,0.370137168441814
"S0010",25,0.404989819829071
"S0010",26,0.418975506653946
"S0010",27,0.433415213409062
"S0010",28,0.480889753413712
"S0010",29,0.486651137049006
"S0010",30,0.495518461209086
"S0010",31,0.508456444187276
"S0010",32,0.538216299397219
"S0010",33,0.54462726413098
"S0010",34,0.551296427145026
"S0010",35,0.559601807938631
"S0010",36,0.564107186285005
"S0010",37,0.568610219811988
"S0010",38,0.574445214606845
"S0010",39,0.606407151082018
"S0010",40,0.681511430443994
"S0010",41,0.714874953946231
"S0010",42,0.742316247485025
"S0010",43,0.769773113360676
"S0010",44,0.79907101274066
"S0010",45,0.843961933892089
"S0010",46,0.88066582163741
"S0010",47,0.913416707016979
"S0010",48,0.945555695051792
"S0010",49,1.38753775684023
"S0010",50,1.45154420118985
"S0010",51,1.4940953501598
"S0010",52,1.5127708147781
"S0010",53,1.532978906295
"S0010",54,1.57087599980697
"S0010",55,1.6039751100986
"S0010",56,1.64226326825069
"S0010",57,1.67697612657381
"S0010",58,1.69861444554601
"S0010",59,1.72684703401767
"S0010",60,1.76701599059421
"S0010",61,1.80021327147379
"S0010",62,1.82581577571938
"S0010",63,1.85960014043941
"S0010",64,1.86795488342641
"S0010",65,1.87744638652104
"S0010",66,1.88432688135622
"S0010",67,1.90140345898779
"S0010",68,1.91780310034113
"S0010",69,1.94154389156998
"S0010",70,1.96783537944585
"S0010",71,1.99846101494146
"S0010",72,2.01942372292622
"S0010",73,2.05409765099954
"S0010",74,2.07552565118953
"S0010",75,2.11921859811422
"S0010",76,2.15484722083894
"S0010",77,2.17942254550745
"S0010",78,2.20435357854225
"S0010",79,2.23462195106287
"S0010",80,2.26862857278485
"S0010",81,2.31275284680243
"S0010",82,2.33635686974167
"S0010",83,2.35467565194514
"S0010",84,2.83724934051089
"S0010",85,2.8536836658856
"S0010",86,2.87510241175509
"S0010",87,2.89550768285236
"S0010",88,2.91439441105229
"S0010",89,2.96466497181959
"S0010",90,2.99024662949385
"S0010",91,3.00286639921224
"S0010",92,3.01953753732395
"S0010",93,3.03831143624506
"S0010",94,3.07310788912834
"S0010",95,3.10109961713189
"S0010",96,3.12508305088201
"S0010",97,3.15019126002116
"S0010",98,3.16616837944492
"S0010",99,3.17069329543504
"S0010",100,3.17505385403699
"S0010",101,3.17842514050471
"S0010",102,3.18258936894644
"S0010",103,3.18665844789477
"S0010",104,3.19100801676732
"S0010",105,3.19540703457802
"S0010",106,3.20157711471587
"S0010",107,3.22730690465026
"S0010",108,3.24783669006653
"S0010",109,3.28532191891371
"S0010",110,3.33849845638265
"S0010",111,3.35744529111859
"S0010",112,3.37565020632539
"S0010",113,3.41888227645841
"S0010",114,3.4417616710158
"S0010",115,3.46108615105135
"S0010",116,3.52239282241606
"S0010",117,3.56297653529216
"S0010",118,3.59245453587153
"S0010",119,3.68322626312509
"S0010",120,3.76981813144671
"S0010",121,3.81997983199302
"S0010",122,3.89813458942893
"S0010",123,3.95499570912378
"S0010",124,4.00857897909632
"S0010",125,4.07726256934192
"S0010",126,4.15709376025652
"S0010",127,4.29718479398684
"S0010",128,4.39593669711158
"S0010",129,4.45832154806139
"S0010",130,4.73758396464767
"S0010",131,5.04055542297098
"S0011",1,0
"S0011",2,0.0312060284598775
"S0011",3,0.0676773333597106
"S0011",4,0.0905290107851956
"S0011",5,0.113525216971653
"S0011",6,0.139478808780743
"S0011",7,0.162839149240661
"S0011",8,0.18248742500024
"S0011",9,0.19593109731114
"S0011",10,0.222761536328429
"S0011",11,0.238715492275685
"S0011",12,0.247272316119507
"S0011",13,0.266368605480548
"S0011",14,0.29275181779133
"S0011",15,0.309451956591863
"S0011",16,0.335590442304039
"S0011",17,0.35742094897917
"S0011",18,0.37561845900802
"S0011",19,0.398627256028976
"S0011",20,0.427442856644968
"S0011",21,0.435598762862898
"S0011",22,0.491708142293227
"S0011",23,0.510472444236162
"S0011",24,0.52891107528783
"S0011",25,0.549508912228566
"S0011",26,0.558942900228161
"S0011",27,0.578401440526983
"S0011",28,0.596798203089259
"S0011",29,0.61416255027938
"S0011",30,0.623064880794653
"S0011",31,0.642922064258667
"S0011",32,0.662192629420036
"S0011",33,0.676722937892425
"S0011",34,0.693731166291172
"S0011",35,0.698518688720264
"S0011",36,0.713263400437283
"S0011",37,0.725702904770609
"S0011",38,0.743501746357255
"S0011",39,0.754051838604374
"S0011",40,0.764469647266896
"S0011",41,0.797106266680786
"S0011",42,0.812721761032016
"S0011",43,0.827233405247428
"S0011",44,0.846226527046276
"S0011",45,0.849452032062462
"S0011",46,0.852851836185277
"S0011",47,0.859341807452884
"S0011",48,0.867329308729396
"S0011",49,0.872177445309056
"S0011",50,0.876002843890906
"S0011",51,0.880924721073047
"S0011",52,0.886089694805256
"S0011",53,0.908577122068261
"S0011",54,0.918679511822478
"S0011",55,0.942537744960979
"S0011",56,0.952809568684206
"S0011",57,0.973379537077452
"S0011",58,0.990816975587641
"S0011",59,1.05180844215663
"S0011",60,1.08375501618641
"S0011",61,1.11157925066177
"S0011",62,1.11735533877001
"S0011",63,1.13245974984086
"S0011",64,1.15596050872922
"S0011",65,1.190119164644
"S0011",66,1.19689995250333
"S0011",67,1.21743442402968
"S0011",68,1.5283865708653
"S0011",69,1.55743251652591
"S0011",70,1.57690589694412
"S0011",71,1.59361262801432
"S0011",72,1.62356438492178
"S0011",73,1.64685339358594
"S0011",74,1.6910302996629
"S0011",75,1.72738409713752
"S0011",76,1.74148182325242
"S0011",77,1.76848938720546
"S0011",78,1.79125473242396
"S0011",79,1.82511780492539
"S0011",80,1.86397548696631
"S0011",81,1.90538357230992
"S0011",82,1.92485018449803
"S0011",83,1.93003062996967
"S0011",84,1.9368799401849
"S0011",85,1.942396441599
"S0011",86,1.95070183942256
"S0011",87,1.95686858692838
"S0011",88,1.96171860183522
"S0011",89,1.96835422944893
"S0011",90,1.97453151465135
"S0011",91,1.99751289859463
"S0011",92,2.03201883518869
"S0011",93,2.06693940356541
"S0011",94,2.09368393328171
"S0011",95,2.11219312644101
"S0011",96,2.13678325630473
"S0011",97,2.16209599145464
"S0011",98,2.19478309850202
"S0011",99,2.21792370908004
"S0011",100,2.26415415978185
"S0011",101,2.29536188573144
"S0011",102,2.3338562647794
"S0011",103,2.46407062284116
"S0011",104,2.48397156610165
"S0011",105,2.49322633971316
"S0011",106,2.50551322320433
"S0011",107,2.52693619516348
"S0011",108,2.53563375101987
"S0011",109,2.54341952787156
"S0011",110,2.55487845567372
"S0011",111,2.56417785721609
"S0011",112,2.61615497471542
"S0011",113,2.62927389057199
"S0011",114,2.63579143992725
"S0011",115,2.6427306211853
"S0011",116,2.65079073918741
"S0011",117,2.65896963318703
"S0011",118,2.66646814349375
"S0011",119,2.68140752463676
"S0011",120,2.69786898147968
"S0011",121,2.79470554457075
"S0011",122,2.92422627188756
"S0011",123,3.01856267075739
"S0011",124,3.11690843132401
"S0011",125,3.17870989669958
"S0011",126,3.28670683022473
"S0011",127,3.37909777662256
"S0011",128,3.43497028398283
"S0011",129,3.50916112215091
"S0011",130,3.62111464741309
"S0011",131,3.70930388142898
"S0011",132,3.78543939744818
"S0011",133,3.81331452203039
"S0011",134,3.85016346035969
"S0011",135,3.90018917399651
"S0011",136,3.93587185158466
"S0011",137,3.971160718954
"S0011",138,4.01764372418674
"S0011",139,4.06501302076666
"S0011",140,4.10402193250235
"S0011",141,4.14277252053971
"S0011",142,4.18412118901526
"S0011",143,4.22188290125375
"S0011",144,4.25854767848338
"S0011",145,4.29464450278587
"S0011",146,4.32719800269341
"S0011",147,4.37478418663109
"S0011",148,4.41595016166191
"S0011",149,4.44831906735202
"S0011",150,4.82227308084958
"S0012",1,0
"S0012",2,0.0118059187282906
"S0012",3,0.0280384286619981
"S0012",4,0.0414991550314194
"S0012",5,0.0516311578182246
"S0012",6,0.0572957152338894
"S0012",7,0.0689316184315184
"S0012",8,0.127688708385388
"S0012",9,0.135413090905021
"S0012",10,0.144232173419216
"S0012",11,0.150686470085396
"S0012",12,0.157055874788617
"S0012",13,0.166055620937114
"S0012",14,0.185015684640842
"S0012",15,0.196616684319683
"S0012",16,0.309295272679341
"S0012",17,0.378022874947511
"S0012",18,0.466025685016876
"S0012",19,0.599739750395983
"S0012",20,0.697644620159801
"S0012",21,0.761571888330149
"S0012",22,0.844222239974297
"S0012",23,0.9329496814438
"S0012",24,1.01532246815199
"S0012",25,1.10860783563962
"S0012",26,1.20580616714679
"S0012",27,1.27098232698084
"S0012",28,1.63371094058191
"S0012",29,1.70865796108637
"S0012",30,1.73505857222551
"S0012",31,1.76314078357531
"S0012",32,1.78072578170966
"S0012",33,1.83066186603534
"S0012",34,1.84107203198267
"S0012",35,1.85204467977086
"S0012",36,1.8668239805034
"S0012",37,1.8768087173658
"S0012",38,1.89865639572061
"S0012",39,1.91593788904612
"S0012",40,1.92088518965021
"S0012",41,1.92481795544472
"S0012",42,1.9273506613327
"S0012",43,1.9302073166866
"S0012",44,1.93360087874262
"S0012",45,1.93740951170979
"S0012",46,1.94036268623933
"S0012",47,1.94538841402722
"S0012",48,1.95056980374064
"S0012",49,1.97899240507989
"S0012",50,2.01027218148024
"S0012",51,2.02672639778519
"S0012",52,2.0356480641342
"S0012",53,2.0530049370588
"S0012",54,2.08041432838931
"S0012",55,2.14501464192782
"S0012",56,2.16785775197049
"S0012",57,2.1868136467608
"S0012",58,2.20733885221438
"S0012",59,2.21045735489025
"S0012",60,2.23211139314125
"S0012",61,2.25379702771596
"S0012",62,2.39201500135754
"S0012",63,2.44051829977295
"S0012",64,2.45214097305834
"S0012",65,2.46460901635818
"S0012",66,2.48089603186502
"S0012",67,2.4915560529025
"S0012",68,2.49866444254274
"S0012",69,2.50557828341965
"S0012",70,2.51575946987808
"S0012",71,2.5232327939528
"S0012",72,2.54139368724894
"S0012",73,2.56437885682498
"S0012",74,2.60251455409118
"S0012",75,2.63631028090655
"S0012",76,2.64838085717677
"S0012",77,2.68282761621413
"S0012",78,2.6948774134509
"S0012",79,2.70874778837154
"S0012",80,2.75434259415534
"S0012",81,2.7812448303757
"S0012",82,2.80796436966387
"S0012",83,2.82095258197929
"S0012",84,2.86791502267888
"S0012",85,2.91053027806109
"S0012",86,2.93955716793432
"S0012",87,2.9527726367091
"S0012",88,2.96960431666932
"S0012",89,2.98220202648705
"S0012",90,2.99427715198874
"S0012",91,3.02255129234384
"S0012",92,3.04429537242939
"S0012",93,3.06844016862789
"S0012",94,3.10118272004276
"S0012",95,3.13095335243441
"S0012",96,3.1646405585685
"S0012",97,3.20379809694703
"S0012",98,3.22908621717148
"S0012",99,3.26093005443764
"S0012",100,3.28771292649489
"S0012",101,3.31022933210365
"S0012",102,3.33604246342311
"S0012",103,3.37663980069107
"S0012",104,3.48137919327144
"S0012",105,3.57486043672753
"S0012",106,3.64665428763628
"S0012",107,3.95288796670176
"S0012",108,4.00663514910599
"S0012",109,4.04509725842013
"S0012",110,4.07573331427057
"S0012",111,4.10980790420053
"S0012",112,4.14223303502719
"S0012",113,4.18993775161176
"S0012",114,4.22313691838419
"S0012",115,4.22724373520718
"S0012",116,4.23376090030311
"S0012",117,4.2433375304791
"S0012",118,4.25313632023662
"S0012",119,4.25939764753551
"S0012",120,4.26372715450408
"S0012",121,4.27167088088649
"S0012",122,4.30002873287642
"S0012",123,4.33662620594457
"S0012",124,4.36139786086642
"S0012",125,4.39948005114653
"S0012",126,4.42837177595305
"S0012",127,4.45203878447334
"S0012",128,4.48408225149186
"S0012",129,4.51447417349201
"S0012",130,4.54001654945158
"S0012",131,4.57318280879005
"S0012",132,4.59980749781012
"S0012",133,4.62727707967807
"S0012",134,4.67179273177456
"S0012",135,4.70887656422452
"S0012",136,4.73634467030727
"S0012",137,4.75933362208894
"S0012",138,4.80700858026731
"S0012",139,4.83852817206101
"S0012",140,4.87699013975907
"S0013",1,0
"S0013",2,0.00697133795782739
"S0013",3,0.0153227620227871
"S0013",4,0.0452516162864806
"S0013",5,0.0547097657892922
"S0013",6,0.0857557978847398
"S0013",7,0.104457727810552
"S0013",8,0.122485537946687
"S0013",9,0.133504514785735
"S0013",10,0.136159906330624
"S0013",11,0.138385516383437
"S0013",12,0.140627021855767
"S0013",13,0.146498537238971
"S0013",14,0.152974690617272
"S0013",15,0.158115479062918
"S0013",16,0.165234837340913
"S0013",17,0.171791188357563
"S0013",18,0.197510589540715
"S0013",19,0.206517101716652
"S0013",20,0.225487312879037
"S0013",21,0.261326660059246
"S0013",22,0.265073416564409
"S0013",23,0.278898139001612
"S0013",24,0.302966496968
"S0013",25,0.332114317655519
"S0013",26,0.377717463416693
"S0013",27,0.384294524480137
"S0013",28,0.391631358372602
"S0013",29,0.401955319267956
"S0013",30,0.425176469326016
"S0013",31,0.459661386802579
"S0013",32,0.498588984485786
"S0013",33,0.50784756361417
"S0013",34,0.531561586168807
"S0013",35,0.551595379608031
"S0013",36,0.592785509447013
"S0013",37,0.601027501484607
"S0013",38,0.640365536498559
"S0013",39,0.646378619517117
"S0013",40,0.673898909321525
"S0013",41,0.687637303008422
"S0013",42,0.691343319023574
"S0013",43,0.702190800151333
"S0013",44,0.710889788096392
"S0013",45,0.723377505402718
"S0013",46,0.745723445537229
"S0013",47,0.769179453562131
"S0013",48,0.813338269488061
"S0013",49,0.819869448823868
"S0013",50,0.845830297582804
"S0013",51,0.874140260097841
"S0013",52,0.887605548274432
"S0013",53,0.906712047788747
"S0013",54,0.933731145600616
"S0013",55,0.958364775688338
"S0013",56,0.98058040288019
"S0013",57,1.01452294448046
"S0013",58,1.04619097912034
"S0013",59,1.06091067988294
"S0013",60,1.08710545772084
"S0013",61,1.1047468123792
"S0013",62,1.12566062819623
"S0013",63,1.15234615572713
"S0013",64,1.18303916615198
"S0013",65,1.19536089166252
"S0013",66,1.20710646529365
"S0013",67,1.22351834385755
"S0013",68,1.23832620322096
"S0013",69,1.29540261660299
"S0013",70,1.3092864548962
"S0013",71,1.32553688964971
"S0013",72,1.34225744124714
"S0013",73,1.36285800321947
"S0013",74,1.38226672830015
"S0013",75,1.39862510605266
"S0013",76,1.42734561884931
"S0013",77,1.53516146459894
"S0013",78,1.61545637892247
"S0013",79,1.63568557322822
"S0013",80,1.6690429512722
"S0013",81,1.68576832577932
"S0013",82,1.71094707422857
"S0013",83,1.72439247087696
"S0013",84,1.74859246132283
"S0013",85,1.75623086531861
"S0013",86,1.76482945971097
"S0013",87,1.77309187698083
"S0013",88,1.77933145296981
"S0013",89,1.78637228088278
"S0013",90,1.7929995295377
"S0013",91,1.79774220598585
"S0013",92,1.80649034159375
"S0013",93,1.81824266264086
"S0013",94,1.83519437859151
"S0013",95,1.85653191984129
"S0013",96,1.88820032451101
"S0013",97,1.90473060988542
"S0013",98,1.92769282420985
"S0013",99,1.95274631199801
"S0013",100,1.98505154163118
"S0013",101,2.00375185168238
"S0013",102,2.02746854585099
"S0013",103,2.0536200149383
"S0013",104,2.07299243585219
"S0013",105,2.09820053049066
"S0013",106,2.11473320130664
"S0013",107,2.14428548946004
"S0013",108,2.18369689656482
"S0013",109,2.20704983397118
"S0013",110,2.22721315644217
"S0013",111,2.25246368039704
"S0013",112,2.67622587958655
"S0013",113,2.72954931255557
"S0013",114,2.78302725683783
"S0013",115,2.8488344116541
"S0013",116,2.90679350799595
"S0013",117,2.95189461325989
"S0013",118,2.99097509233635
"S0013",119,3.06516992791267
"S0013",120,3.11189255927628
"S0013",121,3.15287797239851
"S0013",122,3.24262777362275
"S0013",123,3.67840636053378
"S0013",124,3.77202138892284
"S0013",125,3.79918707238056
"S0013",126,3.80892023581841
"S0013",127,3.81421769733768
"S0013",128,3.82042462817323
"S0013",129,3.8253377506903
"S0013",130,3.83091934792116
"S0013",131,3.83779472430312
"S0013",132,3.84399756554358
"S0013",133,3.84923926250809
"S0013",134,3.90692060363279
"S0013",135,3.92017239344386
"S0013",136,3.93046643561117
"S0013",137,3.94866733260675
"S0013",138,3.95820099306242
"S0013",139,3.96287203355371
"S0013",140,3.97882420862499
"S0013",141,4.05659132725268
"S0013",142,4.11432588875103
"S0013",143,4.14452104807778
"S0013",144,4.18583753032229
"S0013",145,4.21272444384556
"S0013",146,4.2474397228483
"S0013",147,4.28356755434079
"S0013",148,4.29877817964515
"S0013",149,4.34015724824583
"S0013",150,4.36001458850028
"S0014",1,0
"S0014",2,0.12482411383951
"S0014",3,0.270709333438842
"S0014",4,0.362116043140782
"S0014",5,0.454100867886611
"S0014",6,0.557915235122971
"S0014",7,0.651356596962643
"S0014",8,0.729949700000961
"S0014",9,0.783724389244559
"S0014",10,0.891046145313715
"S0014",11,0.954861969102741
"S0014",12,0.98908926447803
"S0014",13,1.06547442192219
"S0014",14,1.17100727116532
"S0014",15,1.23780782636745
"S0014",16,1.34236176921615
"S0014",17,1.42968379591668
"S0014",18,1.50247383603208
"S0014",19,1.5945090241159
"S0014",20,1.70977142657987
"S0014",21,1.74239505145159
"S0014",22,1.96683256917291
"S0014",23,2.04188977694465
"S0014",24,2.11564430115132
"S0014",25,2.19803564891426
"S0014",26,2.23577160091264
"S0014",27,2.31360576210793
"S0014",28,2.38719281235704
"S0014",29,2.45665020111752
"S0014",30,2.49225952317861
"S0014",31,2.57168825703467
"S0014",32,2.64877051768014
"S0014",33,2.7068917515697
"S0014",34,2.77492466516469
"S0014",35,2.79407475488105
"S0014",36,2.85305360174913
"S0014",37,2.90281161908244
"S0014",38,2.97400698542902
"S0014",39,3.0162073544175
"S0014",40,3.05787858906758
"S0014",41,3.18842506672314
"S0014",42,3.25088704412806
"S0014",43,3.30893362098971
"S0014",44,3.3849061081851
"S0014",45,3.39780812824985
"S0014",46,3.41140734474111
"S0014",47,3.43736722981153
"S0014",48,3.46931723491758
"S0014",49,3.48870978123622
"S0014",50,3.50401137556362
"S0014",51,3.52369888429219
"S0014",52,3.54435877922103
"S0014",53,3.63430848827304
"S0014",54,3.67471804728991
"S0014",55,3.77015097984391
"S0014",56,3.81123827473682
"S0014",57,3.89351814830981
"S0014",58,3.96326790235056
"S0014",59,4.20723376862653
"S0014",60,4.33502006474563
"S0014",61,4.4463170026471
"S0014",62,4.46942135508002
"S0014",63,4.52983899936344
"S0014",64,4.6238420349169
"S0014",65,4.760476658576
"S0014",66,4.78759981001331
"S0014",67,4.86973769611872
"S0014",68,6.11354628346122
"S0014",69,6.22973006610362
"S0014",70,6.30762358777647
"S0014",71,6.37445051205728
"S0014",72,6.49425753968711
"S0014",73,6.58741357434375
"S0014",74,6.76412119865158
"S0014",75,6.90953638855007
"S0014",76,6.9659272930097
"S0014",77,7.07395754882182
"S0014",78,7.16501892969585
"S0014",79,7.30047121970154
"S0014",80,7.45590194786522
"S0014",81,7.62153428923966
"S0014",82,7.69940073799213
"S0014",83,7.72012251987867
"S0014",84,7.74751976073962
"S0014",85,7.76958576639599
"S0014",86,7.80280735769022
"S0014",87,7.82747434771351
"S0014",88,7.84687440734087
"S0014",89,7.87341691779572
"S0014",90,7.8981260586054
"S0014",91,7.99005159437853
"S0014",92,8.12807534075475
"S0014",93,8.26775761426165
"S0014",94,8.37473573312684
"S0014",95,8.44877250576403
"S0014",96,8.54713302521892
"S0014",97,8.64838396581857
"S0014",98,8.7791323940081
"S0014",99,8.87169483632015
"S0014",100,9.05661663912739
"S0014",101,9.18144754292577
"S0014",102,9.33542505911761
"S0014",103,9.85628249136465
"S0014",104,9.93588626440662
"S0014",105,9.97290535885263
"S0014",106,10.0220528928173
"S0014",107,10.1077447806539
"S0014",108,10.1425350040795
"S0014",109,10.1736781114863
"S0014",110,10.2195138226949
"S0014",111,10.2567114288643
"S0014",112,10.4646198988617
"S0014",113,10.517095562288
"S0014",114,10.543165759709
"S0014",115,10.5709224847412
"S0014",116,10.6031629567496
"S0014",117,10.6358785327481
"S0014",118,10.665872573975
"S0014",119,10.725630098547
"S0014",120,10.7914759259187
"S0014",121,11.178822178283
"S0014",122,11.6969050875502
"S0014",123,12.0742506830296
"S0014",124,12.467633725296
"S0014",125,12.7148395867983
"S0014",126,13.1468273208989
"S0014",127,13.5163911064902
"S0014",128,13.7398811359313
"S0014",129,14.0366444886037
"S0014",130,14.4844585896524
"S0014",131,14.8372155257159
"S0014",132,15.1417575897927
"S0014",133,15.2532580881215
"S0014",134,15.4006538414388
"S0014",135,15.600756695986
"S0014",136,15.7434874063386
"S0014",137,15.884642875816
"S0014",138,16.070574896747
"S0014",139,16.2600520830667
"S0014",140,16.4160877300094
"S0014",141,16.5710900821588
"S0014",142,16.736484756061
"S0014",143,16.887531605015
"S0014",144,17.0341907139335
"S0014",145,17.1785780111435
"S0014",146,17.3087920107737
"S0014",147,17.4991367465244
"S0014",148,17.6638006466476
"S0014",149,17.7932762694081
"S0014",150,19.2890923233983
"S0015",1,0
"S0015",2,0.0722928854188515
"S0015",3,0.198747922474694
"S0015",4,0.286501848904416
"S0015",5,0.356797025795381
"S0015",6,0.427518467965727
"S0015",7,0.507889027445999
"S0015",8,0.595175177806155
"S0015",9,0.668008357329678
"S0015",10,0.771041905562823
"S0015",11,0.844918773914357
"S0015",12,0.932441140242468
"S0015",13,1.03442651044447
"S0015",14,1.11483833035856
"S0015",15,1.18933117726839
"S0015",16,1.6731096522745
"S0015",17,1.76424763036408
"S0015",18,1.77703543200609
"S0015",19,1.79019417702149
"S0015",20,1.80571513647342
"S0015",21,1.8619507071622
"S0015",22,1.87300427769337
"S0015",23,1.88428493255047
"S0015",24,1.90203866331779
"S0015",25,1.90748320227762
"S0015",26,1.94785180469881
"S0015",27,1.99118767949621
"S0015",28,2.04105120769639
"S0015",29,2.0857465931581
"S0015",30,2.12152999712456
"S0015",31,2.16888483600681
"S0015",32,2.2151717748758
"S0015",33,2.25819374390583
"S0015",34,2.29922285386186
"S0015",35,2.34210482059377
"S0015",36,2.37863523749512
"S0015",37,2.42634013296064
"S0015",38,2.46728901191559
"S0015",39,2.5125400647795
"S0015",40,2.5532211046165
"S0015",41,2.59081149121717
"S0015",42,2.79453666480228
"S0015",43,3.00419633893266
"S0015",44,3.23424937257514
"S0015",45,3.24537297945028
"S0015",46,3.25183523065904
"S0015",47,3.26878105064026
"S0015",48,3.27401510488334
"S0015",49,3.28102865536165
"S0015",50,3.29612154226677
"S0015",51,3.30233027987776
"S0015",52,3.3154809459019
"S0015",53,3.33186192541869
"S0015",54,3.33414008677876
"S0015",55,3.36902069402882
"S0015",56,3.37629327051922
"S0015",57,3.39424738196444
"S0015",58,3.41027240330586
"S0015",59,3.46031654860469
"S0015",60,3.47767328646557
"S0015",61,3.48261147442423
"S0015",62,3.51769462641524
"S0015",63,3.5316327845644
"S0015",64,3.53977795720754
"S0015",65,3.58455607517655
"S0015",66,3.6128398568561
"S0015",67,3.61977294305607
"S0015",68,3.6326464381974
"S0015",69,3.63550198490797
"S0015",70,3.65334388016049
"S0015",71,3.68676155171522
"S0015",72,3.7021832241739
"S0015",73,3.92195338774667
"S0015",74,3.95385751659494
"S0015",75,3.9706270101265
"S0015",76,3.99998026454705
"S0015",77,4.01641325831652
"S0015",78,4.03305603645842
"S0015",79,4.05840631391837
"S0015",80,4.08121961181448
"S0015",81,4.10412022573405
"S0015",82,4.12495907799749
"S0015",83,4.14985432023394
"S0015",84,4.1728192383825
"S0015",85,4.20107498834123
"S0015",86,4.21871333400649
"S0015",87,4.2249477652562
"S0015",88,4.23699805023035
"S0015",89,4.24199027541975
"S0015",90,4.2471165359219
"S0015",91,4.25281432718676
"S0015",92,4.2606531393708
"S0015",93,4.26728707340255
"S0015",94,4.27194706586194
"S0015",95,4.27665042080916
"S0015",96,4.28220751644974
"S0015",97,4.31022847942784
"S0015",98,4.33359289689007
"S0015",99,4.3592970767817
"S0015",100,4.37164670980491
"S0015",101,4.39017364542517
"S0015",102,4.40800192402295
"S0015",103,4.43567049809399
"S0015",104,4.46400294233493
"S0015",105,4.48353331738515
"S0015",106,4.50311164644305
"S0015",107,4.5282895674673
"S0015",108,4.56157773277303
"S0015",109,4.90092463815165
"S0015",110,4.92547934925976
"S0015",111,4.94938698875452
"S0015",112,4.96996623695838
"S0015",113,4.98144553952305
"S0015",114,4.99880858030108
"S0015",115,5.04422793363121
"S0015",116,5.07372738245077
"S0015",117,5.07958295720883
"S0015",118,5.08312698244089
"S0015",119,5.08967087728114
"S0015",120,5.09479075112092
"S0015",121,5.12304721672831
"S0015",122,5.14848333301519
"S0015",123,5.16961169731106
"S0015",124,5.20156380956922
"S0015",125,5.24629469358653
"S0015",126,5.26780929983058
"S0015",127,5.27860189356659
"S0015",128,5.29732576169475
"S0015",129,5.31381097040242
"S0015",130,5.3553169358733
"S0015",131,5.38337969579242
"S0015",132,5.43780185022747
"S0015",133,5.46402065262822
"S0015",134,5.48065705003131
"S0015",135,5.49762478987134
"S0015",136,5.51504690971701
"S0015",137,5.54215189590178
"S0016",1,0
"S0016",2,0.0820396877496009
"S0016",3,0.19510803399238
"S0016",4,0.277891314097364
"S0016",5,0.35649188171733
"S0016",6,0.447290528487379
"S0016",7,0.543145230365505
"S0016",8,0.624500593006581
"S0016",9,0.708446113260973
"S0016",10,0.77652662803508
"S0016",11,0.864575682848033
"S0016",12,0.955552206292022
"S0016",13,1.05374567959496
"S0016",14,1.14759772587856
"S0016",15,1.22075830892282
"S0016",16,1.53137879551011
"S0016",17,1.78385075580883
"S0016",18,1.81884224085257
"S0016",19,1.86528907160876
"S0016",20,1.90633995257154
"S0016",21,1.94110397003954
"S0016",22,1.98330493459483
"S0016",23,2.02991802304891
"S0016",24,2.06504789177093
"S0016",25,2.11090375072364
"S0016",26,2.14131136808824
"S0016",27,2.18505719263542
"S0016",28,2.23225230661297
"S0016",29,2.26825181645345
"S0016",30,2.29973025877184
"S0016",31,2.33493391402983
"S0016",32,2.37587707264146
"S0016",33,2.73466440468824
"S0016",34,2.75742259613209
"S0016",35,2.78179577993044
"S0016",36,2.80321433712562
"S0016",37,2.82538033568696
"S0016",38,2.84143887240368
"S0016",39,2.86373708569354
"S0016",40,2.88790114988337
"S0016",41,2.91394943601889
"S0016",42,2.92897780843545
"S0016",43,2.94604302269837
"S0016",44,2.99085005648549
"S0016",45,3.01405364399428
"S0016",46,3.03464811785542
"S0016",47,3.0469911451411
"S0016",48,3.06736481449266
"S0016",49,3.08417040090598
"S0016",50,3.09444964728465
"S0016",51,3.11745702655144
"S0016",52,3.14603823995774
"S0016",53,3.17654557078454
"S0016",54,3.21651146939377
"S0016",55,3.2345354942021
"S0016",56,3.25449156259993
"S0016",57,3.26526849563343
"S0016",58,3.29097583790697
"S0016",59,3.31166830365924
"S0016",60,3.34453786562101
"S0016",61,3.36497405200556
"S0016",62,3.37670562294086
"S0016",63,3.39161287821892
"S0016",64,3.39993511874572
"S0016",65,3.40582207459214
"S0016",66,3.43142387440748
"S0016",67,3.48518385222175
"S0016",68,3.51623795606538
"S0016",69,3.53058785754464
"S0016",70,3.54755725154238
"S0016",71,3.58386678448916
"S0016",72,3.60758006355012
"S0016",73,3.62566497473141
"S0016",74,3.63607460950292
"S0016",75,3.663545860833
"S0016",76,3.68241019388013
"S0016",77,3.71590572622931
"S0016",78,3.7419916532503
"S0016",79,3.75435167351102
"S0016",80,3.77010477740969
"S0016",81,3.82460950251108
"S0016",82,3.84233277688184
"S0016",83,3.85013126467634
"S0016",84,3.85464163506893
"S0016",85,3.85875919635289
"S0016",86,3.86334847390816
"S0016",87,3.86621373942573
"S0016",88,3.87154207620386
"S0016",89,3.87750836682564
"S0016",90,3.91512792937153
"S0016",91,3.92605380998098
"S0016",92,3.96818601405158
"S0016",93,3.99608219605662
"S0016",94,4.01662160162773
"S0016",95,4.04307478147804
"S0016",96,4.05510797391022
"S0016",97,4.09781421352994
"S0016",98,4.1193634002928
"S0016",99,4.13569886448616
"S0016",100,4.42377716485233
"S0016",101,4.42597624033218
"S0016",102,4.43742331000094
"S0016",103,4.45890300165866
"S0016",104,4.5011936950023
"S0016",105,4.53319901453853
"S0016",106,4.55094451362141
"S0016",107,4.5809755897645
"S0016",108,4.60154465218596
"S0016",109,4.63123900079663
"S0016",110,4.653449288806
"S0016",111,4.67019583353571
"S0016",112,4.71068647342783
"S0016",113,4.74208242210667
"S0016",114,4.74821296652172
"S0016",115,4.75378554757293
"S0016",116,4.75840241161254
"S0016",117,4.76112360087785
"S0016",118,4.76982336233509
"S0016",119,4.7864252666141
"S0016",120,4.79683836522145
"S0016",121,4.81651183553967
"S0016",122,4.84724027730984
"S0016",123,4.85496340573174
"S0016",124,4.87088287150126
"S0016",125,4.88447609352422
"S0016",126,4.90496254164673
"S0016",127,4.91999123674145
"S0016",128,4.97271258354209
"S0016",129,4.9828346567702
"S0016",130,5.02189562473926
"S0016",131,5.04181254895147
"S0016",132,5.04893735934532
"S0016",133,5.06216328694117
"S0016",134,5.07786831261083
"S0016",135,5.16941379359755
"S0016",136,5.23033130561695
"S0016",137,5.24298671681631
"S0016",138,5.24774480875837
"S0016",139,5.25382455938144
"S0016",140,5.25771361200986
"S0016",141,5.26470079168816
"S0016",142,5.31329629804612
"S0016",143,5.31986997972312
"S0016",144,5.32693316612115
"S0016",145,5.33922428391282
"S0016",146,5.34545630378521
"S0016",147,5.35227117763566
"S0016",148,5.36885700531426
"S0016",149,5.37903593940817
"S0016",150,5.39041162313044
"S0017",1,0
"S0017",2,0.0521432315833958
"S0017",3,0.106665478821412
"S0017",4,0.154552084201818
"S0017",5,0.207498979054205
"S0017",6,0.294970267682704
"S0017",7,0.309595077224437
"S0017",8,0.347524136081823
"S0017",9,0.374863786600858
"S0017",10,0.491186130147915
"S0017",11,0.589930461816176
"S0017",12,0.643976641882626
"S0017",13,0.75173994824515
"S0017",14,0.777311780910765
"S0017",15,0.859223228504577
"S0017",16,0.898816448778772
"S0017",17,1.0452848327267
"S0017",18,1.09556470883941
"S0017",19,1.16142105769689
"S0017",20,1.21867912933662
"S0017",21,1.28938807365075
"S0017",22,1.39860933603947
"S0017",23,1.44022210893678
"S0017",24,1.45876143690459
"S0017",25,1.51189178766804
"S0017",26,1.58712899393718
"S0017",27,1.60915923753832
"S0017",28,1.65069121393751
"S0017",29,1.7031126363204
"S0017",30,2.11981799561643
"S0017",31,2.54236553330186
"S0017",32,2.93622885470855
"S0017",33,3.0541180747183
"S0017",34,3.23574742617337
"S0017",35,3.49839119626494
"S0017",36,3.98945488994612
"S0017",37,4.16221574487321
"S0017",38,4.44314151155241
"S0017",39,4.60146464004008
"S0017",40,4.66349292864039
"S0017",41,4.87855026036269
"S0017",42,6.10033625676996
"S0017",43,7.27275132998592
"S0017",44,7.32834823446177
"S0017",45,7.36926835049629
"S0017",46,7.39381214303166
"S0017",47,7.43202379380476
"S0017",48,7.45761956548706
"S0017",49,7.49348827531156
"S0017",50,7.7449673098844
"S0017",51,7.78042753762476
"S0017",52,7.93547273320109
"S0017",53,7.95508650459849
"S0017",54,7.97134660706388
"S0017",55,8.07648097052271
"S0017",56,8.18845227088856
"S0017",57,8.33417543866093
"S0017",58,8.48107842512
"S0017",59,8.54437883760641
"S0017",60,8.61213726263207
"S0017",61,8.83082602779435
"S0017",62,8.89604476170593
"S0017",63,8.96169842824951
"S0017",64,9.07425048962173
"S0017",65,9.17032407219728
"S0017",66,9.19003164105959
"S0017",67,9.2116074411447
"S0017",68,9.23234361988588
"S0017",69,9.24956802960051
"S0017",70,9.26357428943892
"S0017",71,9.28534970378229
"S0017",72,9.35420821749522
"S0017",73,9.45390359996441
"S0017",74,9.58813584428562
"S0017",75,9.65467300248314
"S0017",76,9.73201673946017
"S0017",77,9.81599431061663
"S0017",78,9.93708259254988
"S0017",79,10.036532519548
"S0017",80,10.0812581862067
"S0017",81,10.1892333520585
"S0017",82,10.3043677449433
"S0017",83,10.4329876055013
"S0017",84,10.5142801937059
"S0017",85,10.6478372462449
"S0017",86,10.7142508756324
"S0017",87,11.8977437528922
"S0017",88,11.995516367154
"S0017",89,12.0353086139869
"S0017",90,12.1792733955838
"S0017",91,12.2461559243364
"S0017",92,12.3746836924113
"S0017",93,12.4227073048901
"S0017",94,12.4649538290279
"S0017",95,12.5006141262552
"S0017",96,12.605280563544
"S0017",97,12.6481220273669
"S0017",98,12.7929141421992
"S0017",99,12.80943913852
"S0017",100,12.8271443821779
"S0017",101,12.8437762868836
"S0017",102,12.8611250590236
"S0017",103,12.8836117271231
"S0017",104,12.8960710532079
"S0017",105,12.9090087735471
"S0017",106,12.9938388488782
"S0017",107,13.1242805767383
"S0017",108,13.1645693105749
"S0017",109,13.237740908243
"S0017",110,13.3026630787893
"S0017",111,13.5228790142626
"S0017",112,13.5857209928788
"S0017",113,13.6464769927253
"S0017",114,13.6904701477965
"S0017",115,13.7816247977503
"S0017",116,13.9057347624487
"S0017",117,13.9951015870548
"S0017",118,14.0708484667793
"S0017",119,14.1618098084682
"S0017",120,14.2351050575482
"S0017",121,14.3275368505524
"S0017",122,14.4038557696433
"S0017",123,14.5154006839516
"S0017",124,14.6048167188019
"S0017",125,14.7709634849363
"S0017",126,14.8639297249064
"S0017",127,14.9316004010513
"S0017",128,15.0835204506587
"S0017",129,15.217235752883
"S0017",130,17.0612217828246
"S0018",1,0
"S0018",2,0.0697133795782739
"S0018",3,0.153227620227871
"S0018",4,0.452516162864806
"S0018",5,0.547097657892922
"S0018",6,0.857557978847398
"S0018",7,1.04457727810552
"S0018",8,1.22485537946687
"S0018",9,1.33504514785735
"S0018",10,1.36159906330624
"S0018",11,1.38385516383437
"S0018",12,1.40627021855767
"S0018",13,1.46498537238971
"S0018",14,1.52974690617272
"S0018",15,1.58115479062918
"S0018",16,1.65234837340913
"S0018",17,1.71791188357563
"S0018",18,1.97510589540715
"S0018",19,2.06517101716652
"S0018",20,2.25487312879037
"S0018",21,2.61326660059246
"S0018",22,2.65073416564409
"S0018",23,2.78898139001612
"S0018",24,3.02966496968
"S0018",25,3.32114317655519
"S0018",26,3.77717463416693
"S0018",27,3.84294524480137
"S0018",28,3.91631358372602
"S0018",29,4.01955319267956
"S0018",30,4.25176469326016
"S0018",31,4.59661386802579
"S0018",32,4.98588984485786
"S0018",33,5.0784756361417
"S0018",34,5.31561586168807
"S0018",35,5.51595379608031
"S0018",36,5.92785509447013
"S0018",37,6.01027501484607
"S0018",38,6.40365536498559
"S0018",39,6.46378619517117
"S0018",40,6.73898909321525
"S0018",41,6.87637303008422
"S0018",42,6.91343319023574
"S0018",43,7.02190800151333
"S0018",44,7.10889788096392
"S0018",45,7.23377505402718
"S0018",46,7.45723445537229
"S0018",47,7.69179453562131
"S0018",48,8.13338269488061
"S0018",49,8.19869448823868
"S0018",50,8.45830297582804
"S0018",51,8.7414026009784
"S0018",52,8.87605548274432
"S0018",53,9.06712047788747
"S0018",54,9.33731145600616
"S0018",55,9.58364775688338
"S0018",56,9.8058040288019
"S0018",57,10.1452294448046
"S0018",58,10.4619097912034
"S0018",59,10.6091067988294
"S0018",60,10.8710545772084
"S0018",61,11.047468123792
"S0018",62,11.2566062819623
"S0018",63,11.5234615572713
"S0018",64,11.8303916615198
"S0018",65,11.9536089166252
"S0018",66,12.0710646529365
"S0018",67,12.2351834385755
"S0018",68,12.3832620322096
"S0018",69,12.9540261660299
"S0018",70,13.092864548962
"S0018",71,13.2553688964971
"S0018",72,13.4225744124714
"S0018",73,13.6285800321947
"S0018",74,13.8226672830015
"S0018",75,13.9862510605266
"S0018",76,14.2734561884931
"S0018",77,15.3516146459894
"S0018",78,16.1545637892247
"S0018",79,16.3568557322822
"S0018",80,16.690429512722
"S0018",81,16.8576832577932
"S0018",82,17.1094707422857
"S0018",83,17.2439247087696
"S0018",84,17.4859246132283
"S0018",85,17.5623086531861
"S0018",86,17.6482945971097
"S0018",87,17.7309187698083
"S0018",88,17.7933145296981
"S0018",89,17.8637228088278
"S0018",90,17.929995295377
"S0018",91,17.9774220598585
"S0018",92,18.0649034159375
"S0018",93,18.1824266264086
"S0018",94,18.3519437859151
"S0018",95,18.5653191984129
"S0018",96,18.8820032451101
"S0018",97,19.0473060988542
"S0018",98,19.2769282420985
"S0018",99,19.5274631199801
"S0018",100,19.8505154163118
"S0018",101,20.0375185168238
"S0018",102,20.2746854585099
"S0018",103,20.536200149383
"S0018",104,20.7299243585219
"S0018",105,20.9820053049066
"S0018",106,21.1473320130664
"S0018",107,21.4428548946004
"S0018",108,21.8369689656482
"S0018",109,22.0704983397118
"S0018",110,22.2721315644217
"S0018",111,22.5246368039704
"S0018",112,26.7622587958655
"S0018",113,27.2954931255557
"S0018",114,27.8302725683783
"S0018",115,28.488344116541
"S0018",116,29.0679350799595
"S0018",117,29.5189461325989
"S0018",118,29.9097509233635
"S0018",119,30.6516992791267
"S0018",120,31.1189255927628
"S0018",121,31.5287797239851
"S0018",122,32.4262777362275
"S0018",123,36.7840636053378
"S0018",124,37.7202138892284
"S0018",125,37.9918707238056
"S0018",126,38.0892023581841
"S0018",127,38.1421769733768
"S0018",128,38.2042462817323
"S0018",129,38.253377506903
"S0018",130,38.3091934792116
"S0018",131,38.3779472430312
"S0018",132,38.4399756554358
"S0018",133,38.4923926250809
"S0018",134,39.0692060363279
"S0018",135,39.2017239344386
"S0018",136,39.3046643561117
"S0018",137,39.4866733260675
"S0018",138,39.5820099306242
"S0018",139,39.6287203355371
"S0018",140,39.7882420862499
"S0018",141,40.5659132725268
"S0018",142,41.1432588875103
"S0018",143,41.4452104807778
"S0018",144,41.8583753032229
"S0018",145,42.1272444384556
"S0018",146,42.474397228483
"S0018",147,42.8356755434079
"S0018",148,42.9877817964515
"S0018",149,43.4015724824582
"S0018",150,43.6001458850028
"S0019",1,0
"S0019",2,0.214175199515909
"S0019",3,0.373159204928134
"S0019",4,0.561805990813587
"S0019",5,0.959363488551758
"S0019",6,1.19646292999924
"S0019",7,1.38804238847024
"S0019",8,1.65825451160354
"S0019",9,1.9081109069825
"S0019",10,2.11262182864008
"S0019",11,2.14684732845432
"S0019",12,2.18590877548417
"S0019",13,2.23273606304005
"S0019",14,2.29280022179008
"S0019",15,2.45506100816132
"S0019",16,2.75916243227661
"S0019",17,3.02587497492117
"S0019",18,3.18176515569343
"S0019",19,3.45508087791933
"S0019",20,3.69193942743063
"S0019",21,3.95588778483082
"S0019",22,4.22160694168227
"S0019",23,4.58565407279122
"S0019",24,4.84105491937255
"S0019",25,5.1413398322256
"S0019",26,5.31851721711516
"S0019",27,5.55483059182335
"S0019",28,5.72002420285529
"S0019",29,6.07724521127818
"S0019",30,6.29116424459324
"S0019",31,6.53077304922185
"S0019",32,6.78197517437724
"S0019",33,6.99411733682687
"S0019",34,7.28930495823578
"S0019",35,7.51965237711059
"S0019",36,10.3729829007244
"S0019",37,10.6615167261523
"S0019",38,10.8029502387965
"S0019",39,10.9481433362479
"S0019",40,11.430685241383
"S0019",41,11.6916088475355
"S0019",42,12.0458029755386
"S0019",43,12.2160174437073
"S0019",44,12.382798981179
"S0019",45,12.6489613382305
"S0019",46,12.8103108374266
"S0019",47,12.9374795952095
"S0019",48,13.086271060337
"S0019",49,13.2242834494219
"S0019",50,13.3944667299563
"S0019",51,13.6176922039542
"S0019",52,13.7150179815916
"S0019",53,13.7980013398071
"S0019",54,13.8645259933099
"S0019",55,13.9134728153951
"S0019",56,13.9557323677575
"S0019",57,14.017575712616
"S0019",58,14.1496602462368
"S0019",59,14.2865168501482
"S0019",60,14.45024505912
"S0019",61,14.6832554924721
"S0019",62,14.9257454618096
"S0019",63,15.0462040394419
"S0019",64,15.2975984509685
"S0019",65,15.5052207400536
"S0019",66,15.7833119030767
"S0019",67,16.0871843279651
"S0019",68,16.6863568077536
"S0019",69,16.9916198418363
"S0019",70,17.7942735284079
"S0019",71,18.4383499680753
"S0019",72,19.7514610260021
"S0019",73,20.2079393385289
"S0019",74,21.0451270920161
"S0019",75,21.8021996299546
"S0019",76,22.5304113885235
"S0019",77,23.1736973485659
"S0019",78,23.5654058748324
"S0019",79,24.2455816746078
"S0019",80,26.1500649407826
"S0019",81,28.0695884719811
"S0019",82,30.542616127836
"S0019",83,30.8078512100205
"S0019",84,31.0606410594813
"S0019",85,31.5390504692051
"S0019",86,31.7782114045408
"S0019",87,32.0519427255295
"S0019",88,32.2695249621749
"S0019",89,32.5558744134673
"S0019",90,32.9002518613684
"S0019",91,33.2095715681917
"S0019",92,33.4756696185812
"S0019",93,38.0605049393389
"S0019",94,38.73265508269
"S0019",95,39.8547417419622
"S0019",96,41.1350547234057
"S0019",97,41.2582365735163
"S0019",98,41.7395925023167
"S0019",99,42.0047194415906
"S0019",100,42.0886710581134
"S0019",101,42.1592482189812
"S0019",102,42.3939690614025
"S0019",103,42.518344112543
"S0019",104,42.6920744276009
"S0019",105,42.8785058937675
"S0019",106,42.9225257497864
"S0019",107,43.082278918588
"S0019",108,43.2179039200868
"S0019",109,43.5435965372887
"S0019",110,43.9579342887307
"S0019",111,44.2222876395421
"S0019",112,44.5984130801871
"S0019",113,45.0031066170378
"S0019",114,45.2910005539131
"S0019",115,45.7504358160542
"S0019",116,46.1765740401218
"S0019",117,46.4603622465914
"S0019",118,46.6006445885118
"S0019",119,46.8415400901115
"S0019",120,46.8922153651471
"S0019",121,47.0705144638653
"S0019",122,47.7177451691683
"S0019",123,47.8377469945253
"S0019",124,47.9535586323898
"S0019",125,48.0307844691982
"S0019",126,48.191832531408
"S0019",127,48.2617304438592
"S0019",128,48.8426435737272
"S0019",129,48.9790820065146
"S0019",130,49.0169876905173
"S0019",131,49.0982490230745
"S0020",1,0
"S0020",2,0.0368745715047185
"S0020",3,0.0898048177799855
"S0020",4,0.128606075821783
"S0020",5,0.15477050011043
"S0020",6,0.195418399756718
"S0020",7,0.214937763040036
"S0020",8,0.432848618322134
"S0020",9,0.458418441465732
"S0020",10,0.480969671864095
"S0020",11,0.495243873621443
"S0020",12,0.525466494314963
"S0020",13,0.541943734397601
"S0020",14,0.562796103916669
"S0020",15,0.598453901622828
"S0020",16,0.862550737578832
"S0020",17,1.13398757499691
"S0020",18,1.44218071062203
"S0020",19,1.77175796311383
"S0020",20,2.00739896729819
"S0020",21,2.23472709209512
"S0020",22,2.27884280483535
"S0020",23,2.44727910961726
"S0020",24,3.29021262522557
"S0020",25,4.13254848908403
"S0020",26,5.12336157988527
"S0020",27,5.19172021473691
"S0020",28,5.30564606184675
"S0020",29,5.40117303637216
"S0020",30,5.5283647529605
"S0020",31,5.62423592949495
"S0020",32,5.67992120377079
"S0020",33,5.82831955837289
"S0020",34,5.95390038390003
"S0020",35,7.18346299946599
"S0020",36,7.24341602543851
"S0020",37,7.28935623835378
"S0020",38,7.49213292050083
"S0020",39,7.62204215575061
"S0020",40,7.68158412146726
"S0020",41,7.79066547045117
"S0020",42,7.89386349493004
"S0020",43,7.99166954650552
"S0020",44,8.03634633487535
"S0020",45,8.0737166248681
"S0020",46,8.12638747469376
"S0020",47,8.27399961813001
"S0020",48,8.48078871331338
"S0020",49,8.65793679151606
"S0020",50,8.72293577281967
"S0020",51,8.7563330308355
"S0020",52,8.79480147897041
"S0020",53,8.88428292649728
"S0020",54,8.90918830848255
"S0020",55,9.01642973393882
"S0020",56,9.10253406310414
"S0020",57,9.16991411962484
"S0020",58,9.21456011491369
"S0020",59,9.26581485974452
"S0020",60,9.31840181334485
"S0020",61,9.39740762231335
"S0020",62,9.42254693202886
"S0020",63,9.45118674734869
"S0020",64,9.61572570840707
"S0020",65,9.66485238538414
"S0020",66,9.81561866260103
"S0020",67,9.84335391765772
"S0020",68,9.9140866014474
"S0020",69,10.0158624595281
"S0020",70,10.2794621803087
"S0020",71,10.3444501822796
"S0020",72,10.4258123964149
"S0020",73,10.4565055109447
"S0020",74,10.478994697629
"S0020",75,10.5001847923024
"S0020",76,10.5164192111624
"S0020",77,10.5444938146129
"S0020",78,10.5761402451036
"S0020",79,10.6174117587498
"S0020",80,10.7352114805689
"S0020",81,10.9087960333632
"S0020",82,11.0724997902581
"S0020",83,11.2213742793695
"S0020",84,11.2910944859602
"S0020",85,11.3049042565622
"S0020",86,11.3631606182267
"S0020",87,11.4578836037092
"S0020",88,11.5097858503347
"S0020",89,11.5845499147022
"S0020",90,11.6665625920797
"S0020",91,11.7427332111808
"S0020",92,11.7649010353898
"S0020",93,11.8231943125197
"S0020",94,12.0329408027218
"S0020",95,12.1224004195246
"S0020",96,13.816016882545
"S0020",97,13.9060471745277
"S0020",98,13.9790837407371
"S0020",99,14.0982445433397
"S0020",100,14.1912732969857
"S0020",101,14.2843315024062
"S0020",102,14.3694871970312
"S0020",103,14.4584078049332
"S0020",104,14.5978463987318
"S0020",105,14.6366308902515
"S0020",106,14.7302603657361
"S0020",107,14.8750093445605
"S0020",108,14.919401716677
"S0020",109,14.9389948066352
"S0020",110,14.9554587788177
"S0020",111,14.9756558794281
"S0020",112,14.9957914690128
"S0020",113,15.0140804085674
"S0020",114,15.046387857532
"S0020",115,15.117511504006
"S0020",116,15.207040958294
"S0020",117,15.2735246005662
"S0020",118,15.3945986808712
"S0020",119,15.4857360962759
"S0020",120,15.5641767286992
"S0020",121,15.724307409664
"S0020",122,15.8869886435186
"S0020",123,16.0044923080383
"S0020",124,16.0796467439401
"S0020",125,16.1681705582462
"S0021",1,0
"S0021",2,0.00921864287617962
"S0021",3,0.0224512044449964
"S0021",4,0.0321515189554458
"S0021",5,0.0386926250276075
"S0021",6,0.0488545999391796
"S0021",7,0.0537344407600089
"S0021",8,0.108212154580533
"S0021",9,0.114604610366433
"S0021",10,0.120242417966024
"S0021",11,0.123810968405361
"S0021",12,0.131366623578741
"S0021",13,0.1354859335994
"S0021",14,0.140699025979167
"S0021",15,0.149613475405707
"S0021",16,0.215637684394708
"S0021",17,0.283496893749227
"S0021",18,0.360545177655508
"S0021",19,0.442939490778458
"S0021",20,0.501849741824548
"S0021",21,0.55868177302378
"S0021",22,0.569710701208837
"S0021",23,0.611819777404314
"S0021",24,0.822553156306392
"S0021",25,1.03313712227101
"S0021",26,1.28084039497132
"S0021",27,1.29793005368423
"S0021",28,1.32641151546169
"S0021",29,1.35029325909304
"S0021",30,1.38209118824013
"S0021",31,1.40605898237374
"S0021",32,1.4199803009427
"S0021",33,1.45707988959322
"S0021",34,1.48847509597501
"S0021",35,1.7958657498665
"S0021",36,1.81085400635963
"S0021",37,1.82233905958844
"S0021",38,1.87303323012521
"S0021",39,1.90551053893765
"S0021",40,1.92039603036682
"S0021",41,1.94766636761279
"S0021",42,1.97346587373251
"S0021",43,1.99791738662638
"S0021",44,2.00908658371884
"S0021",45,2.01842915621703
"S0021",46,2.03159686867344
"S0021",47,2.0684999045325
"S0021",48,2.12019717832834
"S0021",49,2.16448419787902
"S0021",50,2.18073394320492
"S0021",51,2.18908325770887
"S0021",52,2.1987003697426
"S0021",53,2.22107073162432
"S0021",54,2.22729707712064
"S0021",55,2.2541074334847
"S0021",56,2.27563351577603
"S0021",57,2.29247852990621
"S0021",58,2.30364002872842
"S0021",59,2.31645371493613
"S0021",60,2.32960045333621
"S0021",61,2.34935190557834
"S0021",62,2.35563673300721
"S0021",63,2.36279668683717
"S0021",64,2.40393142710177
"S0021",65,2.41621309634604
"S0021",66,2.45390466565026
"S0021",67,2.46083847941443
"S0021",68,2.47852165036185
"S0021",69,2.50396561488203
"S0021",70,2.56986554507718
"S0021",71,2.58611254556991
"S0021",72,2.60645309910373
"S0021",73,2.61412637773618
"S0021",74,2.61974867440725
"S0021",75,2.62504619807559
"S0021",76,2.62910480279061
"S0021",77,2.63612345365322
"S0021",78,2.6440350612759
"S0021",79,2.65435293968744
"S0021",80,2.68380287014223
"S0021",81,2.7271990083408
"S0021",82,2.76812494756452
"S0021",83,2.80534356984238
"S0021",84,2.82277362149005
"S0021",85,2.82622606414055
"S0021",86,2.84079015455666
"S0021",87,2.86447090092729
"S0021",88,2.87744646258366
"S0021",89,2.89613747867556
"S0021",90,2.91664064801993
"S0021",91,2.93568330279521
"S0021",92,2.94122525884744
"S0021",93,2.95579857812991
"S0021",94,3.00823520068045
"S0021",95,3.03060010488114
"S0021",96,3.45400422063625
"S0021",97,3.47651179363194
"S0021",98,3.49477093518426
"S0021",99,3.52456113583492
"S0021",100,3.54781832424642
"S0021",101,3.57108287560155
"S0021",102,3.5923717992578
"S0021",103,3.61460195123329
"S0021",104,3.64946159968295
"S0021",105,3.65915772256287
"S0021",106,3.68256509143402
"S0021",107,3.71875233614012
"S0021",108,3.72985042916926
"S0021",109,3.7347487016588
"S0021",110,3.73886469470442
"S0021",111,3.74391396985703
"S0021",112,3.74894786725319
"S0021",113,3.75352010214186
"S0021",114,3.761596964383
"S0021",115,3.77937787600149
"S0021",116,3.80176023957349
"S0021",117,3.81838115014156
"S0021",118,3.8486496702178
"S0021",119,3.87143402406897
"S0021",120,3.8910441821748
"S0021",121,3.93107685241601
"S0021",122,3.97174716087965
"S0021",123,4.00112307700957
"S0021",124,4.01991168598503
"S0021",125,4.04204263956155
"S0022",1,0
"S0022",2,0.0472236749131625
"S0022",3,0.112153714647992
"S0022",4,0.165996620125677
"S0022",5,0.206524631272899
"S0022",6,0.229182860935558
"S0022",7,0.275726473726074
"S0022",8,0.510754833541552
"S0022",9,0.541652363620086
"S0022",10,0.576928693676866
"S0022",11,0.602745880341584
"S0022",12,0.628223499154469
"S0022",13,0.664222483748456
"S0022",14,0.740062738563366
"S0022",15,0.786466737278731
"S0022",16,1.23718109071736
"S0022",17,1.51209149979004
"S0022",18,1.8641027400675
"S0022",19,2.39895900158393
"S0022",20,2.7905784806392
"S0022",21,3.0462875533206
"S0022",22,3.37688895989719
"S0022",23,3.7317987257752
"S0022",24,4.06128987260796
"S0022",25,4.43443134255847
"S0022",26,4.82322466858716
"S0022",27,5.08392930792337
"S0022",28,6.53484376232763
"S0022",29,6.83463184434547
"S0022",30,6.94023428890205
"S0022",31,7.05256313430125
"S0022",32,7.12290312683866
"S0022",33,7.32264746414135
"S0022",34,7.36428812793069
"S0022",35,7.40817871908343
"S0022",36,7.4672959220136
"S0022",37,7.50723486946319
"S0022",38,7.59462558288245
"S0022",39,7.66375155618447
"S0022",40,7.68354075860085
"S0022",41,7.6992718217789
"S0022",42,7.7094026453308
"S0022",43,7.7208292667464
"S0022",44,7.73440351497049
"S0022",45,7.74963804683918
"S0022",46,7.76145074495731
"S0022",47,7.78155365610889
"S0022",48,7.80227921496255
"S0022",49,7.91596962031955
"S0022",50,8.04108872592096
"S0022",51,8.10690559114075
"S0022",52,8.14259225653679
"S0022",53,8.2120197482352
"S0022",54,8.32165731355724
"S0022",55,8.58005856771129
"S0022",56,8.67143100788194
"S0022",57,8.74725458704321
"S0022",58,8.8293554088575
"S0022",59,8.841829419561
"S0022",60,8.92844557256501
"S0022",61,9.01518811086384
"S0022",62,9.56806000543015
"S0022",63,9.7620731990918
"S0022",64,9.80856389223335
"S0022",65,9.85843606543273
"S0022",66,9.92358412746008
"S0022",67,9.96622421161
"S0022",68,9.99465777017095
"S0022",69,10.0223131336786
"S0022",70,10.0630378795123
"S0022",71,10.0929311758112
"S0022",72,10.1655747489958
"S0022",73,10.2575154272999
"S0022",74,10.4100582163647
"S0022",75,10.5452411236262
"S0022",76,10.5935234287071
"S0022",77,10.7313104648565
"S0022",78,10.7795096538036
"S0022",79,10.8349911534862
"S0022",80,11.0173703766214
"S0022",81,11.1249793215028
"S0022",82,11.2318574786555
"S0022",83,11.2838103279172
"S0022",84,11.4716600907155
"S0022",85,11.6421211122443
"S0022",86,11.7582286717373
"S0022",87,11.8110905468364
"S0022",88,11.8784172666773
"S0022",89,11.9288081059482
"S0022",90,11.977108607955
"S0022",91,12.0902051693754
"S0022",92,12.1771814897176
"S0022",93,12.2737606745115
"S0022",94,12.4047308801711
"S0022",95,12.5238134097376
"S0022",96,12.658562234274
"S0022",97,12.8151923877881
"S0022",98,12.9163448686859
"S0022",99,13.0437202177506
"S0022",100,13.1508517059796
"S0022",101,13.2409173284146
"S0022",102,13.3441698536924
"S0022",103,13.5065592027643
"S0022",104,13.9255167730858
"S0022",105,14.2994417469101
"S0022",106,14.5866171505451
"S0022",107,15.8115518668071
"S0022",108,16.026540596424
"S0022",109,16.1803890336805
"S0022",110,16.3029332570823
"S0022",111,16.4392316168021
"S0022",112,16.5689321401088
"S0022",113,16.7597510064471
"S0022",114,16.8925476735367
"S0022",115,16.9089749408287
"S0022",116,16.9350436012124
"S0022",117,16.9733501219164
"S0022",118,17.0125452809465
"S0022",119,17.037590590142
"S0022",120,17.0549086180163
"S0022",121,17.0866835235459
"S0022",122,17.2001149315057
"S0022",123,17.3465048237783
"S0022",124,17.4455914434657
"S0022",125,17.5979202045861
"S0022",126,17.7134871038122
"S0022",127,17.8081551378934
"S0022",128,17.9363290059674
"S0022",129,18.057896693968
"S0022",130,18.1600661978063
"S0022",131,18.2927312351602
"S0022",132,18.3992299912405
"S0022",133,18.5091083187123
"S0022",134,18.6871709270982
"S0022",135,18.8355062568981
"S0022",136,18.9453786812291
"S0022",137,19.0373344883558
"S0022",138,19.2280343210693
"S0022",139,19.354112688244
"S0022",140,19.5079605590363
"S0023",1,0
"S0023",2,0.0130358078958489
"S0023",3,0.0266663697053529
"S0023",4,0.0386380210504544
"S0023",5,0.0518747447635512
"S0023",6,0.073742566920676
"S0023",7,0.0773987693061092
"S0023",8,0.0868810340204559
"S0023",9,0.0937159466502144
"S0023",10,0.122796532536979
"S0023",11,0.147482615454044
"S0023",12,0.160994160470656
"S0023",13,0.187934987061287
"S0023",14,0.194327945227691
"S0023",15,0.214805807126144
"S0023",16,0.224704112194693
"S0023",17,0.261321208181676
"S0023",18,0.273891177209851
"S0023",19,0.290355264424223
"S0023",20,0.304669782334156
"S0023",21,0.322347018412688
"S0023",22,0.349652334009868
"S0023",23,0.360055527234194
"S0023",24,0.364690359226147
"S0023",25,0.377972946917011
"S0023",26,0.396782248484295
"S0023",27,0.402289809384581
"S0023",28,0.412672803484379
"S0023",29,0.4257781590801
"S0023",30,0.529954498904108
"S0023",31,0.635591383325465
"S0023",32,0.734057213677138
"S0023",33,0.763529518679574
"S0023",34,0.808936856543343
"S0023",35,0.874597799066235
"S0023",36,0.997363722486529
"S0023",37,1.0405539362183
"S0023",38,1.1107853778881
"S0023",39,1.15036616001002
"S0023",40,1.1658732321601
"S0023",41,1.21963756509067
"S0023",42,1.52508406419249
"S0023",43,1.81818783249648
"S0023",44,1.83208705861544
"S0023",45,1.84231708762407
"S0023",46,1.84845303575792
"S0023",47,1.85800594845119
"S0023",48,1.86440489137177
"S0023",49,1.87337206882789
"S0023",50,1.9362418274711
"S0023",51,1.94510688440619
"S0023",52,1.98386818330027
"S0023",53,1.98877162614962
"S0023",54,1.99283665176597
"S0023",55,2.01912024263068
"S0023",56,2.04711306772214
"S0023",57,2.08354385966523
"S0023",58,2.12026960628
"S0023",59,2.1360947094016
"S0023",60,2.15303431565802
"S0023",61,2.20770650694859
"S0023",62,2.22401119042648
"S0023",63,2.24042460706238
"S0023",64,2.26856262240543
"S0023",65,2.29258101804932
"S0023",66,2.2975079102649
"S0023",67,2.30290186028617
"S0023",68,2.30808590497147
"S0023",69,2.31239200740013
"S0023",70,2.31589357235973
"S0023",71,2.32133742594557
"S0023",72,2.3385520543738
"S0023",73,2.3634758999911
"S0023",74,2.3970339610714
"S0023",75,2.41366825062079
"S0023",76,2.43300418486504
"S0023",77,2.45399857765416
"S0023",78,2.48427064813747
"S0023",79,2.50913312988699
"S0023",80,2.52031454655168
"S0023",81,2.54730833801463
"S0023",82,2.57609193623584
"S0023",83,2.60824690137531
"S0023",84,2.62857004842647
"S0023",85,2.66195931156122
"S0023",86,2.67856271890809
"S0023",87,2.97443593822306
"S0023",88,2.99887909178849
"S0023",89,3.00882715349672
"S0023",90,3.04481834889595
"S0023",91,3.06153898108409
"S0023",92,3.09367092310283
"S0023",93,3.10567682622252
"S0023",94,3.11623845725697
"S0023",95,3.1251535315638
"S0023",96,3.151320140886
"S0023",97,3.16203050684172
"S0023",98,3.19822853554979
"S0023",99,3.20235978463
"S0023",100,3.20678609554447
"S0023",101,3.2109440717209
"S0023",102,3.2152812647559
"S0023",103,3.22090293178078
"S0023",104,3.22401776330198
"S0023",105,3.22725219338678
"S0023",106,3.24845971221956
"S0023",107,3.28107014418456
"S0023",108,3.29114232764373
"S0023",109,3.30943522706076
"S0023",110,3.32566576969734
"S0023",111,3.38071975356565
"S0023",112,3.3964302482197
"S0023",113,3.41161924818132
"S0023",114,3.42261753694912
"S0023",115,3.44540619943759
"S0023",116,3.47643369061217
"S0023",117,3.4987753967637
"S0023",118,3.51771211669482
"S0023",119,3.54045245211705
"S0023",120,3.55877626438705
"S0023",121,3.58188421263809
"S0023",122,3.60096394241082
"S0023",123,3.6288501709879
"S0023",124,3.65120417970047
"S0023",125,3.69274087123407
"S0023",126,3.7159824312266
"S0023",127,3.73290010026282
"S0023",128,3.77088011266467
"S0023",129,3.80430893822075
"S0023",130,4.26530544570615
"S0024",1,0
"S0024",2,0.0324346114782007
"S0024",3,0.0877012352215365
"S0024",4,0.13340984976157
"S0024",5,0.179761024148367
"S0024",6,0.396697761186562
"S0024",7,0.45790298596245
"S0024",8,0.492821126089389
"S0024",9,0.542594546833428
"S0024",10,0.581358161990893
"S0024",11,0.666214058714073
"S0024",12,0.70851331151603
"S0024",13,0.799553749851829
"S0024",14,0.83456769420567
"S0024",15,0.871179092414931
"S0024",16,0.97056391778729
"S0024",17,1.0090708870773
"S0024",18,1.09389208348026
"S0024",19,1.1228786871453
"S0024",20,1.22987467925709
"S0024",21,1.28802999458386
"S0024",22,1.31710506807996
"S0024",23,1.34731331354838
"S0024",24,1.48054867376726
"S0024",25,1.61995927931629
"S0024",26,1.67590202661578
"S0024",27,1.73366085363625
"S0024",28,1.92355901365485
"S0024",29,1.94660454819603
"S0024",30,1.98207384483634
"S0024",31,2.0338257767491
"S0024",32,2.15286519758888
"S0024",33,2.17850905652392
"S0024",34,2.2051857085801
"S0024",35,2.23840723175452
"S0024",36,2.25642874514002
"S0024",37,2.27444087924795
"S0024",38,2.29778085842738
"S0024",39,2.42562860432807
"S0024",40,2.72604572177598
"S0024",41,2.85949981578492
"S0024",42,2.9692649899401
"S0024",43,3.0790924534427
"S0024",44,3.19628405096264
"S0024",45,3.37584773556836
"S0024",46,3.52266328654964
"S0024",47,3.65366682806792
"S0024",48,3.78222278020717
"S0024",49,5.55015102736093
"S0024",50,5.8061768047594
"S0024",51,5.97638140063921
"S0024",52,6.05108325911241
"S0024",53,6.13191562517998
"S0024",54,6.28350399922789
"S0024",55,6.41590044039438
"S0024",56,6.56905307300276
"S0024",57,6.70790450629526
"S0024",58,6.79445778218403
"S0024",59,6.90738813607066
"S0024",60,7.06806396237684
"S0024",61,7.20085308589516
"S0024",62,7.30326310287754
"S0024",63,7.43840056175766
"S0024",64,7.47181953370566
"S0024",65,7.50978554608418
"S0024",66,7.53730752542488
"S0024",67,7.60561383595117
"S0024",68,7.67121240136454
"S0024",69,7.76617556627994
"S0024",70,7.8713415177834
"S0024",71,7.99384405976585
"S0024",72,8.07769489170487
"S0024",73,8.21639060399814
"S0024",74,8.30210260475811
"S0024",75,8.47687439245689
"S0024",76,8.61938888335578
"S0024",77,8.71769018202981
"S0024",78,8.817414314169
"S0024",79,8.93848780425148
"S0024",80,9.0745142911394
"S0024",81,9.2510113872097
"S0024",82,9.34542747896669
"S0024",83,9.41870260778056
"S0024",84,11.3489973620436
"S0024",85,11.4147346635424
"S0024",86,11.5004096470204
"S0024",87,11.5820307314095
"S0024",88,11.6575776442091
"S0024",89,11.8586598872784
"S0024",90,11.9609865179754
"S0024",91,12.011465596849
"S0024",92,12.0781501492958
"S0024",93,12.1532457449802
"S0024",94,12.2924315565133
"S0024",95,12.4043984685276
"S0024",96,12.500332203528
"S0024",97,12.6007650400846
"S0024",98,12.6646735177797
"S0024",99,12.6827731817402
"S0024",100,12.700215416148
"S0024",101,12.7137005620188
"S0024",102,12.7303574757858
"S0024",103,12.7466337915791
"S0024",104,12.7640320670693
"S0024",105,12.7816281383121
"S0024",106,12.8063084588635
"S0024",107,12.909227618601
"S0024",108,12.9913467602661
"S0024",109,13.1412876756548
"S0024",110,13.3539938255306
"S0024",111,13.4297811644744
"S0024",112,13.5026008253015
"S0024",113,13.6755291058336
"S0024",114,13.7670466840632
"S0024",115,13.8443446042054
"S0024",116,14.0895712896642
"S0024",117,14.2519061411686
"S0024",118,14.3698181434861
"S0024",119,14.7329050525004
"S0024",120,15.0792725257868
"S0024",121,15.2799193279721
"S0024",122,15.5925383577157
"S0024",123,15.8199828364951
"S0024",124,16.0343159163853
"S0024",125,16.3090502773677
"S0024",126,16.6283750410261
"S0024",127,17.1887391759474
"S0024",128,17.5837467884463
"S0024",129,17.8332861922456
"S0024",130,18.9503358585907
"S0024",131,20.1622216918839
"S0025",1,0
"S0025",2,0.0673993058177536
"S0025",3,0.21891797196161
"S0025",4,0.327691521195454
"S0025",5,0.379075145433936
"S0025",6,0.578368846007297
"S0025",7,0.953828196485021
"S0025",8,1.31825807226704
"S0025",9,1.37247154686387
"S0025",10,1.57189905191283
"S0025",11,1.78388071762543
"S0025",12,1.92143569652806
"S0025",13,2.2114841096453
"S0025",14,2.29140986401143
"S0025",15,2.73396744738631
"S0025",16,2.80161125518106
"S0025",17,3.21223390296502
"S0025",18,3.33042318958869
"S0025",19,3.6724236735956
"S0025",20,3.74408737398674
"S0025",21,4.04134782475808
"S0025",22,4.09147877951523
"S0025",23,4.27803006632046
"S0025",24,4.60249479131269
"S0025",25,5.10276154696531
"S0025",26,5.28490470445962
"S0025",27,5.53508137498762
"S0025",28,8.4360279762816
"S0025",29,9.55033915896238
"S0025",30,10.9726126753825
"S0025",31,12.2683620055675
"S0025",32,12.5157513147059
"S0025",33,12.8317872497364
"S0025",34,13.1319585524047
"S0025",35,13.274656290079
"S0025",36,13.5617160231699
"S0025",37,13.745913641662
"S0025",38,13.9389377311161
"S0025",39,14.2235698554716
"S0025",40,14.4296372853002
"S0025",41,14.5001197182034
"S0025",42,14.5508225404741
"S0025",43,14.5864203309122
"S0025",44,14.6418478107036
"S0025",45,14.6791123974346
"S0025",46,14.7299614928953
"S0025",47,14.8296602118363
"S0025",48,14.9015989007335
"S0025",49,15.0812927929811
"S0025",50,15.4552106532725
"S0025",51,15.8771391666946
"S0025",52,16.2302008318233
"S0025",53,16.3746663450704
"S0025",54,16.7542585347298
"S0025",55,17.0332319816656
"S0025",56,17.327660816625
"S0025",57,17.5952026494807
"S0025",58,17.7837257248494
"S0025",59,17.9750053213921
"S0025",60,18.2676723200208
"S0025",61,18.5190869873438
"S0025",62,18.908666363513
"S0025",63,19.1790722102275
"S0025",64,19.6417326291846
"S0025",65,20.0291711629772
"S0025",66,21.7658889194461
"S0025",67,22.4634093571967
"S0025",68,22.5281284002428
"S0025",69,22.646153398784
"S0025",70,22.804673202101
"S0025",71,22.9153370321939
"S0025",72,23.0503717581902
"S0025",73,23.1019814507768
"S0025",74,23.134303210656
"S0025",75,23.6445173053805
"S0025",76,23.7747592954974
"S0025",77,23.8673794286184
"S0025",78,23.9374257588676
"S0025",79,24.0342231346824
"S0025",80,24.1344348911579
"S0025",81,24.2590174954504
"S0025",82,24.31477256024
"S0025",83,24.4366329514446
"S0025",84,24.9630006309084
"S0025",85,25.5568064846498
"S0025",86,25.8413630155621
"S0025",87,26.1230617903062
"S0025",88,26.2695292535899
"S0025",89,26.5034470636924
"S0025",90,26.7450762666563
"S0025",91,26.9658334035921
"S0025",92,27.1580475396764
"S0025",93,27.4228289980299
"S0025",94,27.7595013017863
"S0025",95,28.1331818493817
"S0025",96,28.329364513854
"S0025",97,28.5423657785029
"S0025",98,29.3045011638462
"S0025",99,30.3411515811881
"S0025",100,31.720678592114
"S0025",101,32.4520608212468
"S0025",102,33.2318858082876
"S0025",103,33.7585358032611
"S0025",104,34.7996634464806
"S0025",105,35.4243747915929
"S0025",106,36.2445784986654
"S0025",107,37.3046214514633
"S0025",108,38.0149293515369
"S0025",109,42.1117743921004
"S0025",110,42.5234016190327
"S0025",111,42.7995833843491
"S0025",112,43.0376525888009
"S0025",113,43.4780069527583
"S0025",114,43.67043408191
"S0025",115,43.9275941738621
"S0025",116,44.2090266003215
"S0025",117,44.5394471190184
"S0025",118,44.7030835219666
"S0025",119,44.9477944260603
"S0025",120,44.992304088531
"S0025",121,45.0315185163823
"S0025",122,45.0645660704346
"S0025",123,45.1070086607927
"S0025",124,45.2438743451363
"S0025",125,45.5480218283567
"S0025",126,45.8202006425363
"S0025",127,46.1884915677685
"S0025",128,46.4521129626117
"S0025",129,46.7485497092982
"S0025",130,47.1106154791151
"S0025",131,47.4473332657029
"S0025",132,47.860706640706
"S0025",133,48.0457656076417
"S0025",134,48.1989053394924
"S0025",135,48.5091052847501
"S0025",136,48.6720298493434
"S0025",137,48.9850398749732
"S0025",138,49.2481461838913
"S0025",139,49.5384830887808
"S0025",140,49.823676394752
"S0026",1,0
"S0026",2,0.0495228526270139
"S0026",3,0.0841887340533825
"S0026",4,0.125317356628563
"S0026",5,0.171943235135203
"S0026",6,0.203795516056218
"S0026",7,0.242960648751895
"S0026",8,0.286530888644287
"S0026",9,0.339078590150163
"S0026",10,0.382082279934151
"S0026",11,0.435079669088975
"S0026",12,0.474373156204389
"S0026",13,0.519453230232471
"S0026",14,0.563749460111961
"S0026",15,0.889773013330654
"S0026",16,0.92663146780143
"S0026",17,0.948262757116635
"S0026",18,0.972075544599839
"S0026",19,0.999442154115848
"S0026",20,1.02127935805663
"S0026",21,1.04949414362346
"S0026",22,1.06138071846876
"S0026",23,1.0866981707497
"S0026",24,1.09821217142183
"S0026",25,1.1063072808302
"S0026",26,1.13172804201898
"S0026",27,1.1520926057407
"S0026",28,1.17907534412193
"S0026",29,1.20037854172185
"S0026",30,1.23316344117403
"S0026",31,1.24011859705859
"S0026",32,1.25952549820528
"S0026",33,1.27192161394142
"S0026",34,1.29246411171664
"S0026",35,1.32110237755741
"S0026",36,1.33218882612403
"S0026",37,1.35166146462388
"S0026",38,1.37105893615436
"S0026",39,1.3838622710109
"S0026",40,1.40512835167033
"S0026",41,1.41312068560452
"S0026",42,1.4309796211902
"S0026",43,1.44757399989637
"S0026",44,1.45745363164364
"S0026",45,1.47576289730245
"S0026",46,1.50191797788626
"S0026",47,1.52075470364964
"S0026",48,1.532747878352
"S0026",49,1.54166636173483
"S0026",50,1.5523391221322
"S0026",51,1.56213470821287
"S0026",52,1.57814500903971
"S0026",53,1.59118988409963
"S0026",54,1.60193517976682
"S0026",55,1.70013270931298
"S0026",56,1.71464836453521
"S0026",57,1.72030782470433
"S0026",58,1.73050322303753
"S0026",59,1.74290279126868
"S0026",60,1.74853867926383
"S0026",61,1.75481230946986
"S0026",62,1.7621666298756
"S0026",63,1.7790707050278
"S0026",64,1.82767426874164
"S0026",65,1.83811279592262
"S0026",66,1.85077499030924
"S0026",67,1.85674361297137
"S0026",68,1.86738787557891
"S0026",69,1.96192601915754
"S0026",70,2.03850585499902
"S0026",71,2.14546812045398
"S0026",72,2.22167381893023
"S0026",73,2.31960393833468
"S0026",74,2.4171925988437
"S0026",75,2.52560002202264
"S0026",76,2.60962737882789
"S0026",77,2.68188926640573
"S0026",78,2.79792515544541
"S0026",79,2.87308393484415
"S0026",80,2.93788676531503
"S0026",81,3.03512465659682
"S0026",82,3.13138282502582
"S0026",83,3.36688464930793
"S0026",84,3.68301289214333
"S0026",85,3.79498893318267
"S0026",86,3.830964233532
"S0026",87,3.85467603621651
"S0026",88,3.89050056286507
"S0026",89,3.90218037235935
"S0026",90,3.92695449871768
"S0026",91,3.96177346137856
"S0026",92,3.99153907388548
"S0026",93,4.008648976944
"S0026",94,4.02267399700562
"S0026",95,4.04908014568402
"S0026",96,4.09597902784507
"S0026",97,4.12102255150181
"S0026",98,4.12997593289651
"S0026",99,4.13449970571843
"S0026",100,4.13850029951819
"S0026",101,4.14304405328467
"S0026",102,4.15060509556803
"S0026",103,4.17569716493818
"S0026",104,4.19810578187009
"S0026",105,4.20927392710881
"S0026",106,4.2191086008659
"S0026",107,4.24487210475249
"S0026",108,4.25586794907848
"S0026",109,4.28513396234843
"S0026",110,4.3012239327844
"S0026",111,4.3227626388036
"S0026",112,4.35883774392033
"S0026",113,4.38357838000595
"S0026",114,4.40754196243707
"S0026",115,4.43840509644768
"S0026",116,4.46403441816946
"S0026",117,4.47448453941269
"S0026",118,4.47997780113004
"S0026",119,4.50639052499068
"S0026",120,4.90593287570384
"S0026",121,4.927166316758
"S0026",122,4.92940993188841
"S0026",123,4.94114839251793
"S0026",124,4.95687223232491
"S0026",125,4.99905804451275
"S0026",126,5.01549575438096
"S0026",127,5.04918950453193
"S0026",128,5.09410898432491
"S0026",129,5.10053002373458
"S0026",130,5.10477366030398
"S0026",131,5.11077211193539
"S0026",132,5.12329879984971
"S0026",133,5.16769748442347
"S0026",134,5.17874843811693
"S0026",135,5.20298466313028
"S0026",136,5.21493624138767
"S0026",137,5.22194229188563
"S0026",138,5.23505843793174
"S0026",139,5.24204596879398
"S0026",140,5.24719884190436
"S0026",141,5.28270592846703
"S0026",142,5.28610010524242
"S0026",143,5.32400087430155
"S0026",144,5.37163169389983
"S0026",145,5.38000891312873
"S0026",146,5.40832801895569
"S0026",147,5.41290373914544
"S0026",148,5.41646732791332
"S0026",149,5.44270106587811
"S0026",150,5.46119074053308
"S0026",151,5.47855123012692
"S0027",1,0
"S0027",2,0.21184986134437
"S0027",3,0.421040541499734
"S0027",4,0.602474160204213
"S0027",5,0.78660785111321
"S0027",6,0.906957478031688
"S0027",7,1.09945263301044
"S0027",8,1.26814289659026
"S0027",9,1.47694172778616
"S0027",10,1.60703952468626
"S0027",11,1.82264302870248
"S0027",12,2.00498416359193
"S0027",13,2.16536199890208
"S0027",14,2.3406941819334
"S0027",15,2.49565417365853
"S0027",16,2.70800429252395
"S0027",17,2.8765321857118
"S0027",18,4.18454052804121
"S0027",19,4.54278876898699
"S0027",20,4.85936066390026
"S0027",21,5.47721306833287
"S0027",22,5.53866306399083
"S0027",23,5.59364952307475
"S0027",24,5.62282732143175
"S0027",25,5.81947946242769
"S0027",26,5.84244821574151
"S0027",27,5.87505171703579
"S0027",28,5.91261766144283
"S0027",29,5.93693766488486
"S0027",30,5.96464129563702
"S0027",31,5.9972197791419
"S0027",32,6.03184563514095
"S0027",33,6.05430019272599
"S0027",34,6.37775381438086
"S0027",35,6.62703852772674
"S0027",36,7.06943402203628
"S0027",37,7.52590702889561
"S0027",38,7.92005762408693
"S0027",39,8.25815445658873
"S0027",40,8.68631500116605
"S0027",41,9.22056784265451
"S0027",42,9.65515589757787
"S0027",43,10.0358504181225
"S0027",44,10.3804942415303
"S0027",45,10.7946889153105
"S0027",46,11.2071870220356
"S0027",47,11.579407674054
"S0027",48,12.0495090890411
"S0027",49,12.7669615391377
"S0027",50,13.7819727792326
"S0027",51,14.7883284821097
"S0027",52,14.8894695940528
"S0027",53,14.9516073226976
"S0027",54,15.0711961012448
"S0027",55,15.1752537609407
"S0027",56,15.2661054202099
"S0027",57,15.3815280380807
"S0027",58,15.4822058622495
"S0027",59,15.5322794312278
"S0027",60,15.6264462419312
"S0027",61,15.7194519792885
"S0027",62,15.8114272390969
"S0027",63,15.8567196214985
"S0027",64,15.9418980443141
"S0027",65,16.0372888720823
"S0027",66,16.1414646731669
"S0027",67,16.1981691372892
"S0027",68,16.3006134425709
"S0027",69,16.3612793445505
"S0027",70,16.4773911302005
"S0027",71,16.5400242106084
"S0027",72,16.6280884910702
"S0027",73,16.6898695918849
"S0027",74,16.7858295234688
"S0027",75,16.8460626599311
"S0027",76,16.9468980879213
"S0027",77,17.0592190632352
"S0027",78,17.1771417576965
"S0027",79,17.3233021949006
"S0027",80,17.4085476825214
"S0027",81,17.4940599704682
"S0027",82,17.5822544633303
"S0027",83,17.7320766190258
"S0027",84,17.8496905835582
"S0027",85,17.9835232132965
"S0027",86,17.9963187118365
"S0027",87,18.0388768331025
"S0027",88,18.0788220065726
"S0027",89,18.1398303638217
"S0027",90,18.2098870599832
"S0027",91,18.2838478436641
"S0027",92,18.34707976954
"S0027",93,18.4309119063161
"S0027",94,18.505728145023
"S0027",95,18.7412217374067
"S0027",96,18.8285168585846
"S0027",97,18.9381415571129
"S0027",98,18.9635554173101
"S0027",99,18.986568671214
"S0027",100,19.0021416100485
"S0027",101,19.0250685423712
"S0027",102,19.0401906034587
"S0027",103,19.0533604137917
"S0027",104,19.0733769060242
"S0027",105,19.1310295416357
"S0027",106,19.3077826931175
"S0027",107,19.33164211472
"S0027",108,19.4090545303442
"S0027",109,19.4658475883978
"S0027",110,19.6511136675544
"S0027",111,19.7907017000791
"S0027",112,19.9510061143067
"S0027",113,20.0163827839343
"S0027",114,20.1029446984945
"S0027",115,20.2409776720757
"S0027",116,20.2838088755283
"S0027",117,20.4807399007342
"S0027",118,20.5606466480785
"S0027",119,20.6821054621879
"S0027",120,20.760847742269
"S0027",121,20.8213437235832
"S0027",122,20.9047879612968
"S0027",123,21.0281594128266
"S0027",124,22.4662501274526
"S0027",125,22.6405643014232
"S0027",126,22.6906859278252
"S0027",127,22.7656669077768
"S0027",128,22.7799851277915
"S0027",129,22.8618063262185
"S0027",130,22.891515401439
"S0027",131,22.9332109398298
"S0027",132,23.0081753198713
"S0027",133,23.1493725952389
"S0027",134,23.1694774453221
"S0027",135,23.1918573995701
"S0027",136,23.2008509192204
"S0027",137,23.2116408975581
"S0027",138,23.2219489281565
"S0027",139,23.246162651276
"S0027",140,23.2662505381274
"S0027",141,23.2826797937506
"S0027",142,23.4019414125681
"S0027",143,23.5818520016429
"S0027",144,23.7443438552537
"S0027",145,23.8362257336577
"S0027",146,23.9717657038939
"S0027",147,24.0077324506484
"S0027",148,24.0884118191752
"S0027",149,24.1731455461604
"S0027",150,24.2618977748122
"S0027",151,24.3602543180674
"S0027",152,24.4486083491478
"S0027",153,24.4940975792568
"S0027",154,24.6286443417452
"S0027",155,24.6992752246147
"S0027",156,24.8872299382773
"S0027",157,25.0134539264898
"S0028",1,0
"S0028",2,0.0369995482517992
"S0028",3,0.0531929222148986
"S0028",4,0.0738665454999492
"S0028",5,0.091968025116639
"S0028",6,0.114246187277788
"S0028",7,0.141792701316077
"S0028",8,0.180839771748371
"S0028",9,0.203030475145002
"S0028",10,0.230621285978966
"S0028",11,0.257624488145115
"S0028",12,0.263009924871281
"S0028",13,0.269135067985045
"S0028",14,0.27609927857072
"S0028",15,0.281928904943961
"S0028",16,0.303339285018164
"S0028",17,0.325236871741504
"S0028",18,0.342565127335123
"S0028",19,0.38956639155122
"S0028",20,0.428878496308605
"S0028",21,0.449022326393897
"S0028",22,0.476279519562233
"S0028",23,0.498039367299265
"S0028",24,0.520577139849447
"S0028",25,0.543211938336703
"S0028",26,0.572361642200816
"S0028",27,0.598931586178549
"S0028",28,0.626104470824086
"S0028",29,0.643341739248642
"S0028",30,0.671636211529115
"S0028",31,0.708252953789283
"S0028",32,0.745475955901342
"S0028",33,0.772351509804097
"S0028",34,0.800790420490976
"S0028",35,0.827039491984443
"S0028",36,1.3012704919031
"S0028",37,1.33977445083808
"S0028",38,1.39321639790182
"S0028",39,1.43404471479183
"S0028",40,1.48030894128744
"S0028",41,1.5314581892841
"S0028",42,1.57746516310801
"S0028",43,1.62545679466857
"S0028",44,1.66568374448128
"S0028",45,1.69467050215432
"S0028",46,1.73342375975068
"S0028",47,1.77216106885787
"S0028",48,1.80930291882001
"S0028",49,1.85021980469961
"S0028",50,1.88630397293024
"S0028",51,1.92637989602442
"S0028",52,1.95982328856552
"S0028",53,2.01192166680439
"S0028",54,2.03106355480762
"S0028",55,2.11206195696306
"S0028",56,2.15312702062118
"S0028",57,2.17150424819768
"S0028",58,2.18537487363873
"S0028",59,2.20900202024039
"S0028",60,2.2241720130342
"S0028",61,2.25381153002261
"S0028",62,2.26680110448079
"S0028",63,2.27114073446367
"S0028",64,2.27653943060574
"S0028",65,2.27954070323993
"S0028",66,2.28345818714232
"S0028",67,2.3010191584981
"S0028",68,2.31215708851831
"S0028",69,2.31949999848644
"S0028",70,2.33877357288532
"S0028",71,2.35819493406988
"S0028",72,2.3724535942295
"S0028",73,2.38021106626751
"S0028",74,2.39550936127155
"S0028",75,2.40444127785652
"S0028",76,2.41952222805407
"S0028",77,2.44577015549876
"S0028",78,2.47156922754365
"S0028",79,2.48648022484534
"S0028",80,2.50319609386462
"S0028",81,2.51958357704467
"S0028",82,2.53566919279789
"S0028",83,2.5537420061604
"S0028",84,2.56563340561458
"S0028",85,2.57868512076442
"S0028",86,2.59262703858586
"S0028",87,2.60395652792866
"S0028",88,2.62236820108426
"S0028",89,2.70232859008585
"S0028",90,2.77217003386114
"S0028",91,2.87042216147408
"S0028",92,2.94824926087687
"S0028",93,3.02979245096616
"S0028",94,3.13667727292913
"S0028",95,3.22313781468901
"S0028",96,3.29599408925891
"S0028",97,3.37015250663299
"S0028",98,3.46487832222358
"S0028",99,3.57202128009497
"S0028",100,3.68535095239322
"S0028",101,3.78127985071073
"S0028",102,3.8977015295881
"S0028",103,3.96014610352917
"S0028",104,4.41995469529639
"S0028",105,4.45189610803201
"S0028",106,4.47012435183682
"S0028",107,4.48419643154926
"S0028",108,4.48920035915922
"S0028",109,4.50620006360063
"S0028",110,4.521353717156
"S0028",111,4.5316582017532
"S0028",112,4.56679490059542
"S0028",113,4.60437844447795
"S0028",114,4.61002123335338
"S0028",115,4.63808855305381
"S0028",116,4.6411224459498
"S0028",117,4.66399198713269
"S0028",118,4.69175473770626
"S0028",119,4.71588483143116
"S0028",120,4.7206632757298
"S0028",121,4.72852565220875
"S0028",122,4.74190590274172
"S0028",123,4.76573870570367
"S0028",124,4.76898272479051
"S0028",125,4.7892563609234
"S0028",126,4.80938214269402
"S0028",127,4.86058852228111
"S0028",128,4.86491573973761
"S0028",129,4.87079845931595
"S0028",130,4.9325038603434
"S0028",131,5.04665535425115
"S0028",132,5.07563522065432
"S0028",133,5.0843099611193
"S0028",134,5.10969194086499
"S0028",135,5.11949011469229
"S0028",136,5.12886562711455
"S0028",137,5.17460409886565
"S0028",138,5.18437347496139
"S0028",139,5.19316865473315
"S0028",140,5.20251046065287
"S0028",141,5.21073996856111
"S0028",142,5.21648043239256
"S0028",143,5.22608676450793
"S0029",1,0
"S0029",2,0.282607566692914
"S0029",3,0.625743364350289
"S0029",4,1.05066934147327
"S0029",5,1.37339671865154
"S0029",6,1.60349728504501
"S0029",7,1.89309310951789
"S0029",8,2.23375680620836
"S0029",9,2.60040453604072
"S0029",10,2.66544541703651
"S0029",11,2.75183923494207
"S0029",12,2.86045709930793
"S0029",13,2.96466009123786
"S0029",14,3.0980343713589
"S0029",15,3.18645797766023
"S0029",16,3.24248255212604
"S0029",17,3.34885074072604
"S0029",18,3.93144609783863
"S0029",19,3.99709709704311
"S0029",20,4.05013927227307
"S0029",21,4.10249369051369
"S0029",22,4.18280939148969
"S0029",23,7.22320380156158
"S0029",24,8.03549670126326
"S0029",25,8.33840027644149
"S0029",26,8.45077138582598
"S0029",27,8.5222142664726
"S0029",28,8.94615562029732
"S0029",29,9.09075185116226
"S0029",30,9.27593622469314
"S0029",31,9.45828162233435
"S0029",32,9.56199423236141
"S0029",33,9.64547278469971
"S0029",34,9.81930455309368
"S0029",35,9.84636677503861
"S0029",36,9.99186892552378
"S0029",37,10.1101594723901
"S0029",38,10.1577290382447
"S0029",39,10.397100688149
"S0029",40,10.445509650084
"S0029",41,10.763801405241
"S0029",42,11.0252659008555
"S0029",43,11.1219511378355
"S0029",44,11.1686612422655
"S0029",45,11.2056268128634
"S0029",46,11.2321790643325
"S0029",47,11.2602893601703
"S0029",48,11.4344217292899
"S0029",49,11.6468578298981
"S0029",50,12.0072284838417
"S0029",51,12.1205553510604
"S0029",52,12.2343599510241
"S0029",53,12.3811903881417
"S0029",54,12.5645758693486
"S0029",55,12.7411878389451
"S0029",56,12.8621651104519
"S0029",57,13.35635248339
"S0029",58,13.4921836019417
"S0029",59,13.7400260793332
"S0029",60,14.3272669335155
"S0029",61,14.8025687801805
"S0029",62,15.3368138864426
"S0029",63,15.8079165113424
"S0029",64,16.7432212736547
"S0029",65,17.2524853207172
"S0029",66,18.0216473890829
"S0029",67,18.5179254117047
"S0029",68,19.1955499519278
"S0029",69,20.0870642461833
"S0029",70,20.910695781534
"S0029",71,21.4325067341621
"S0029",72,22.1518413561237
"S0029",73,25.5414331090943
"S0029",74,26.1476325418417
"S0029",75,26.2088560783557
"S0029",76,26.2916644303817
"S0029",77,26.548311378299
"S0029",78,26.8444925084598
"S0029",79,27.1414857844617
"S0029",80,27.3337890065792
"S0029",81,27.4783620124765
"S0029",82,27.5962314079833
"S0029",83,27.7344250449399
"S0029",84,27.847025829603
"S0029",85,27.9022532843604
"S0029",86,27.952419198736
"S0029",87,28.0016591333031
"S0029",88,28.0455965900597
"S0029",89,28.0823669086885
"S0029",90,28.2084212490908
"S0029",91,28.3985410905857
"S0029",92,28.7994403420741
"S0029",93,29.1190264283272
"S0029",94,29.4269351126359
"S0029",95,29.5295310870127
"S0029",96,29.6471658747313
"S0029",97,29.9232333238867
"S0029",98,30.1923785968807
"S0029",99,30.3921817035134
"S0029",100,30.6141020996349
"S0029",101,30.8436063305468
"S0029",102,31.1121527571493
"S0029",103,31.2739579674522
"S0029",104,31.4433852933381
"S0029",105,31.5687374425669
"S0029",106,31.6581789393824
"S0029",107,31.777194402836
"S0029",108,31.9313200881192
"S0029",109,31.9904039653753
"S0029",110,32.0651676808309
"S0029",111,32.2068558479158
"S0029",112,32.4531007156516
"S0029",113,32.8406616326452
"S0029",114,33.1985966411877
"S0029",115,33.4177774822743
"S0029",116,33.752817743835
"S0029",117,33.9514652432296
"S0029",118,34.3853569396809
"S0029",119,34.6769354704334
"S0029",120,34.9017570339744
"S0029",121,35.1770012364233
"S0029",122,35.3044407896028
"S0029",123,35.7006329088372
"S0029",124,35.9039612967379
"S0029",125,36.1334043772555
"S0029",126,36.4182019041613
"S0029",127,36.630734754902
"S0029",128,37.0573957503943
"S0029",129,37.5465195160552
"S0029",130,37.8233309767759
"S0029",131,38.1046900702175
"S0029",132,38.296743640994
"S0029",133,38.8445189004995
"S0030",1,0
"S0030",2,0.0183167598113835
"S0030",3,0.0406689033117169
"S0030",4,0.0506653867753424
"S0030",5,0.0734034622403155
"S0030",6,0.0849503301136549
"S0030",7,0.110886723331209
"S0030",8,0.130075611247101
"S0030",9,0.149513407449011
"S0030",10,0.173795998422911
"S0030",11,0.190021065908581
"S0030",12,0.211064383555671
"S0030",13,0.225333566496246
"S0030",14,0.248530421495491
"S0030",15,0.269312311987512
"S0030",16,0.286298187582726
"S0030",17,0.307398957436533
"S0030",18,0.328616312391802
"S0030",19,0.346067955190305
"S0030",20,0.358853563905253
"S0030",21,0.382853900063715
"S0030",22,0.394396471209664
"S0030",23,0.413324819091504
"S0030",24,0.437509098425414
"S0030",25,0.452691275027566
"S0030",26,0.473578869865374
"S0030",27,0.493691274111552
"S0030",28,0.513158618050506
"S0030",29,0.529445742582929
"S0030",30,0.540074655324996
"S0030",31,0.553526932103236
"S0030",32,0.563693634179162
"S0030",33,0.584299208517804
"S0030",34,0.589960929815861
"S0030",35,0.596551545889724
"S0030",36,0.65210678712089
"S0030",37,0.678917486410368
"S0030",38,0.702187304758497
"S0030",39,0.733010620451699
"S0030",40,0.757209667325739
"S0030",41,0.812904174209854
"S0030",42,0.823032600864391
"S0030",43,0.851888636720327
"S0030",44,0.865694413668534
"S0030",45,0.881032338792335
"S0030",46,0.89912643243349
"S0030",47,0.917504549506968
"S0030",48,0.950610274690781
"S0030",49,0.960333410956447
"S0030",50,0.969804770843619
"S0030",51,0.989071996835482
"S0030",52,1.00210163608864
"S0030",53,1.06234975856562
"S0030",54,1.07410217365759
"S0030",55,1.07914874150734
"S0030",56,1.08283479342767
"S0030",57,1.08539372584288
"S0030",58,1.09057145770384
"S0030",59,1.09459106462672
"S0030",60,1.11508488861527
"S0030",61,1.15366319289181
"S0030",62,1.18885598527456
"S0030",63,1.21118230296944
"S0030",64,1.22706063796067
"S0030",65,1.2515929543557
"S0030",66,1.32549836339181
"S0030",67,1.34257950236908
"S0030",68,1.38143229980016
"S0030",69,1.40706765640248
"S0030",70,1.46454718330012
"S0030",71,1.47896974613872
"S0030",72,1.50767466362675
"S0030",73,1.52667392950115
"S0030",74,1.54743336536848
"S0030",75,1.57176079784862
"S0030",76,1.60200955378631
"S0030",77,1.62542494366351
"S0030",78,1.64035559072282
"S0030",79,1.66876409584253
"S0030",80,1.68526641325809
"S0030",81,1.70477612531629
"S0030",82,1.72643645955969
"S0030",83,1.73482510781807
"S0030",84,1.75617733370481
"S0030",85,1.77507700475886
"S0030",86,1.78614556374928
"S0030",87,1.81751938629524
"S0030",88,1.84050742583374
"S0030",89,1.8468290713843
"S0030",90,1.85056157742034
"S0030",91,1.85616636354884
"S0030",92,1.86488135662575
"S0030",93,1.88201591550623
"S0030",94,1.91269366928332
"S0030",95,1.92094744204078
"S0030",96,1.93546643998035
"S0030",97,1.96680261102114
"S0030",98,1.99281339376958
"S0030",99,2.02877563203807
"S0030",100,2.05378948107464
"S0030",101,2.09379864768168
"S0030",102,2.13209585823191
"S0030",103,2.17032321857706
"S0030",104,2.20900563351727
"S0030",105,2.25411837462478
"S0030",106,2.29927950447054
"S0030",107,2.34306576463156
"S0030",108,2.38915454577335
"S0030",109,2.42954858315403
"S0030",110,2.46957828594312
"S0030",111,2.51511760227328
"S0030",112,2.55492993628034
"S0030",113,2.89540394112827
"S0030",114,2.92483285920917
"S0030",115,2.9444541273095
"S0030",116,2.98047026304599
"S0030",117,3.31294997036528
"S0030",118,3.32077586213554
"S0030",119,3.33362791406054
"S0030",120,3.3478795736054
"S0030",121,3.36163057750229
"S0030",122,3.37367812569115
"S0030",123,3.38424288817141
"S0030",124,3.39432923620078
"S0030",125,3.45681296938542
"S0030",126,3.46380798334489
"S0030",127,3.47426532757757
"S0030",128,3.48024023802913
"S0030",129,3.49454265227779
"S0030",130,3.50232357512466
"S0030",131,3.51159300276485
"S0030",132,3.52201868410304
"S0030",133,3.52758776137182
"S0030",134,3.65923204382692
"S0030",135,3.68823311774658
"S0030",136,3.7687119410279
"S0030",137,3.87099504297066
"S0030",138,3.96294869232139
"S0030",139,4.03872955046962
"S0030",140,4.14132499847209
"S0030",141,4.19891951309177
"S0030",142,4.28021844037094
"S0030",143,4.3759082968194
"S0030",144,4.47743353525993
"S0030",145,4.54974214165901
"S0030",146,4.64212679683818
"S0030",147,4.73568676061564
"S0030",148,4.83110266912722
"S0030",149,4.90538330232286
"S0030",150,5.01253106270769
"S0030",151,5.14386519462104
"S0030",152,5.21441900267807
"S0031",1,0
"S0031",2,0.328158750998404
"S0031",3,0.780432135969519
"S0031",4,1.11156525638946
"S0031",5,1.42596752686932
"S0031",6,1.78916211394952
"S0031",7,2.17258092146202
"S0031",8,2.49800237202632
"S0031",9,2.83378445304389
"S0031",10,3.10610651214032
"S0031",11,3.45830273139213
"S0031",12,3.82220882516809
"S0031",13,4.21498271837982
"S0031",14,4.59039090351423
"S0031",15,4.8830332356913
"S0031",16,6.12551518204044
"S0031",17,7.13540302323531
"S0031",18,7.27536896341027
"S0031",19,7.46115628643504
"S0031",20,7.62535981028616
"S0031",21,7.76441588015816
"S0031",22,7.93321973837933
"S0031",23,8.11967209219562
"S0031",24,8.26019156708373
"S0031",25,8.44361500289457
"S0031",26,8.56524547235297
"S0031",27,8.74022877054168
"S0031",28,8.92900922645187
"S0031",29,9.07300726581381
"S0031",30,9.19892103508735
"S0031",31,9.33973565611931
"S0031",32,9.50350829056583
"S0031",33,10.9386576187529
"S0031",34,11.0296903845284
"S0031",35,11.1271831197217
"S0031",36,11.2128573485025
"S0031",37,11.3015213427479
"S0031",38,11.3657554896147
"S0031",39,11.4549483427742
"S0031",40,11.5516045995335
"S0031",41,11.6557977440756
"S0031",42,11.7159112337418
"S0031",43,11.7841720907935
"S0031",44,11.963400225942
"S0031",45,12.0562145759771
"S0031",46,12.1385924714217
"S0031",47,12.1879645805644
"S0031",48,12.2694592579706
"S0031",49,12.3366816036239
"S0031",50,12.3777985891386
"S0031",51,12.4698281062057
"S0031",52,12.584152959831
"S0031",53,12.7061822831382
"S0031",54,12.8660458775751
"S0031",55,12.9381419768084
"S0031",56,13.0179662503997
"S0031",57,13.0610739825337
"S0031",58,13.1639033516279
"S0031",59,13.246673214637
"S0031",60,13.378151462484
"S0031",61,13.4598962080222
"S0031",62,13.5068224917635
"S0031",63,13.5664515128757
"S0031",64,13.5997404749829
"S0031",65,13.6232882983686
"S0031",66,13.7256954976299
"S0031",67,13.940735408887
"S0031",68,14.0649518242615
"S0031",69,14.1223514301785
"S0031",70,14.1902290061695
"S0031",71,14.3354671379566
"S0031",72,14.4303202542005
"S0031",73,14.5026598989256
"S0031",74,14.5442984380117
"S0031",75,14.654183443332
"S0031",76,14.7296407755205
"S0031",77,14.8636229049172
"S0031",78,14.9679666130012
"S0031",79,15.0174066940441
"S0031",80,15.0804191096387
"S0031",81,15.2984380100443
"S0031",82,15.3693311075274
"S0031",83,15.4005250587054
"S0031",84,15.4185665402757
"S0031",85,15.4350367854116
"S0031",86,15.4533938956326
"S0031",87,15.4648549577029
"S0031",88,15.4861683048154
"S0031",89,15.5100334673026
"S0031",90,15.6605117174861
"S0031",91,15.7042152399239
"S0031",92,15.8727440562063
"S0031",93,15.9843287842265
"S0031",94,16.0664864065109
"S0031",95,16.1722991259121
"S0031",96,16.2204318956409
"S0031",97,16.3912568541198
"S0031",98,16.4774536011712
"S0031",99,16.5427954579446
"S0031",100,17.6951086594093
"S0031",101,17.7039049613287
"S0031",102,17.7496932400038
"S0031",103,17.8356120066346
"S0031",104,18.0047747800092
"S0031",105,18.1327960581541
"S0031",106,18.2037780544856
"S0031",107,18.323902359058
"S0031",108,18.4061786087439
"S0031",109,18.5249560031865
"S0031",110,18.613797155224
"S0031",111,18.6807833341428
"S0031",112,18.8427458937113
"S0031",113,18.9683296884267
"S0031",114,18.9928518660869
"S0031",115,19.0151421902917
"S0031",116,19.0336096464502
"S0031",117,19.0444944035114
"S0031",118,19.0792934493404
"S0031",119,19.1457010664564
"S0031",120,19.1873534608858
"S0031",121,19.2660473421587
"S0031",122,19.3889611092393
"S0031",123,19.4198536229269
"S0031",124,19.4835314860051
"S0031",125,19.5379043740969
"S0031",126,19.6198501665869
"S0031",127,19.6799649469658
"S0031",128,19.8908503341683
"S0031",129,19.9313386270808
"S0031",130,20.087582498957
"S0031",131,20.1672501958059
"S0031",132,20.1957494373813
"S0031",133,20.2486531477647
"S0031",134,20.3114732504433
"S0031",135,20.6776551743902
"S0031",136,20.9213252224678
"S0031",137,20.9719468672652
"S0031",138,20.9909792350335
"S0031",139,21.0152982375258
"S0031",140,21.0308544480395
"S0031",141,21.0588031667526
"S0031",142,21.2531851921845
"S0031",143,21.2794799188925
"S0031",144,21.3077326644846
"S0031",145,21.3568971356513
"S0031",146,21.3818252151408
"S0031",147,21.4090847105426
"S0031",148,21.475428021257
"S0031",149,21.5161437576327
"S0031",150,21.5616464925218
"S0032",1,0
"S0032",2,0.130358078958489
"S0032",3,0.266663697053529
"S0032",4,0.386380210504544
"S0032",5,0.518747447635512
"S0032",6,0.73742566920676
"S0032",7,0.773987693061092
"S0032",8,0.868810340204559
"S0032",9,0.937159466502144
"S0032",10,1.22796532536979
"S0032",11,1.47482615454044
"S0032",12,1.60994160470656
"S0032",13,1.87934987061287
"S0032",14,1.94327945227691
"S0032",15,2.14805807126144
"S0032",16,2.24704112194693
"S0032",17,2.61321208181676
"S0032",18,2.73891177209851
"S0032",19,2.90355264424223
"S0032",20,3.04669782334156
"S0032",21,3.22347018412688
"S0032",22,3.49652334009868
"S0032",23,3.60055527234194
"S0032",24,3.64690359226147
"S0032",25,3.7797294691701
"S0032",26,3.96782248484295
"S0032",27,4.02289809384581
"S0032",28,4.12672803484378
"S0032",29,4.257781590801
"S0032",30,5.29954498904108
"S0032",31,6.35591383325465
"S0032",32,7.34057213677138
"S0032",33,7.63529518679574
"S0032",34,8.08936856543343
"S0032",35,8.74597799066235
"S0032",36,9.97363722486529
"S0032",37,10.405539362183
"S0032",38,11.107853778881
"S0032",39,11.5036616001002
"S0032",40,11.658732321601
"S0032",41,12.1963756509067
"S0032",42,15.2508406419249
"S0032",43,18.1818783249648
"S0032",44,18.3208705861544
"S0032",45,18.4231708762407
"S0032",46,18.4845303575792
"S0032",47,18.5800594845119
"S0032",48,18.6440489137177
"S0032",49,18.7337206882789
"S0032",50,19.362418274711
"S0032",51,19.4510688440619
"S0032",52,19.8386818330027
"S0032",53,19.8877162614962
"S0032",54,19.9283665176597
"S0032",55,20.1912024263068
"S0032",56,20.4711306772214
"S0032",57,20.8354385966523
"S0032",58,21.2026960628
"S0032",59,21.360947094016
"S0032",60,21.5303431565802
"S0032",61,22.0770650694859
"S0032",62,22.2401119042648
"S0032",63,22.4042460706238
"S0032",64,22.6856262240543
"S0032",65,22.9258101804932
"S0032",66,22.975079102649
"S0032",67,23.0290186028617
"S0032",68,23.0808590497147
"S0032",69,23.1239200740013
"S0032",70,23.1589357235973
"S0032",71,23.2133742594557
"S0032",72,23.385520543738
"S0032",73,23.634758999911
"S0032",74,23.970339610714
"S0032",75,24.1366825062079
"S0032",76,24.3300418486504
"S0032",77,24.5399857765416
"S0032",78,24.8427064813747
"S0032",79,25.0913312988699
"S0032",80,25.2031454655168
"S0032",81,25.4730833801463
"S0032",82,25.7609193623584
"S0032",83,26.0824690137531
"S0032",84,26.2857004842647
"S0032",85,26.6195931156122
"S0032",86,26.7856271890809
"S0032",87,29.7443593822306
"S0032",88,29.9887909178849
"S0032",89,30.0882715349672
"S0032",90,30.4481834889595
"S0032",91,30.6153898108409
"S0032",92,30.9367092310282
"S0032",93,31.0567682622252
"S0032",94,31.1623845725697
"S0032",95,31.2515353156379
"S0032",96,31.51320140886
"S0032",97,31.6203050684172
"S0032",98,31.9822853554979
"S0032",99,32.0235978463
"S0032",100,32.0678609554447
"S0032",101,32.109440717209
"S0032",102,32.152812647559
"S0032",103,32.2090293178078
"S0032",104,32.2401776330198
"S0032",105,32.2725219338678
"S0032",106,32.4845971221956
"S0032",107,32.8107014418456
"S0032",108,32.9114232764373
"S0032",109,33.0943522706076
"S0032",110,33.2566576969734
"S0032",111,33.8071975356565
"S0032",112,33.964302482197
"S0032",113,34.1161924818132
"S0032",114,34.2261753694912
"S0032",115,34.4540619943759
"S0032",116,34.7643369061217
"S0032",117,34.987753967637
"S0032",118,35.1771211669482
"S0032",119,35.4045245211705
"S0032",120,35.5877626438705
"S0032",121,35.8188421263809
"S0032",122,36.0096394241082
"S0032",123,36.288501709879
"S0032",124,36.5120417970047
"S0032",125,36.9274087123407
"S0032",126,37.159824312266
"S0032",127,37.3290010026282
"S0032",128,37.7088011266467
"S0032",129,38.0430893822075
"S0032",130,42.6530544570615
"S0033",1,0
"S0033",2,0.0214175199515909
"S0033",3,0.0373159204928134
"S0033",4,0.0561805990813587
"S0033",5,0.0959363488551758
"S0033",6,0.119646292999924
"S0033",7,0.138804238847024
"S0033",8,0.165825451160354
"S0033",9,0.19081109069825
"S0033",10,0.211262182864008
"S0033",11,0.214684732845432
"S0033",12,0.218590877548417
"S0033",13,0.223273606304005
"S0033",14,0.229280022179008
"S0033",15,0.245506100816132
"S0033",16,0.275916243227661
"S0033",17,0.302587497492117
"S0033",18,0.318176515569343
"S0033",19,0.345508087791933
"S0033",20,0.369193942743063
"S0033",21,0.395588778483082
"S0033",22,0.422160694168227
"S0033",23,0.458565407279122
"S0033",24,0.484105491937255
"S0033",25,0.51413398322256
"S0033",26,0.531851721711516
"S0033",27,0.555483059182335
"S0033",28,0.572002420285529
"S0033",29,0.607724521127818
"S0033",30,0.629116424459324
"S0033",31,0.653077304922185
"S0033",32,0.678197517437724
"S0033",33,0.699411733682687
"S0033",34,0.728930495823578
"S0033",35,0.751965237711059
"S0033",36,1.03729829007244
"S0033",37,1.06615167261523
"S0033",38,1.08029502387965
"S0033",39,1.09481433362479
"S0033",40,1.1430685241383
"S0033",41,1.16916088475355
"S0033",42,1.20458029755386
"S0033",43,1.22160174437073
"S0033",44,1.2382798981179
"S0033",45,1.26489613382305
"S0033",46,1.28103108374266
"S0033",47,1.29374795952095
"S0033",48,1.3086271060337
"S0033",49,1.32242834494219
"S0033",50,1.33944667299563
"S0033",51,1.36176922039542
"S0033",52,1.37150179815916
"S0033",53,1.37980013398071
"S0033",54,1.38645259933099
"S0033",55,1.39134728153951
"S0033",56,1.39557323677575
"S0033",57,1.4017575712616
"S0033",58,1.41496602462368
"S0033",59,1.42865168501482
"S0033",60,1.445024505912
"S0033",61,1.46832554924721
"S0033",62,1.49257454618096
"S0033",63,1.50462040394419
"S0033",64,1.52975984509685
"S0033",65,1.55052207400536
"S0033",66,1.57833119030767
"S0033",67,1.60871843279651
"S0033",68,1.66863568077536
"S0033",69,1.69916198418363
"S0033",70,1.77942735284079
"S0033",71,1.84383499680753
"S0033",72,1.97514610260021
"S0033",73,2.02079393385289
"S0033",74,2.10451270920161
"S0033",75,2.18021996299546
"S0033",76,2.25304113885235
"S0033",77,2.31736973485659
"S0033",78,2.35654058748324
"S0033",79,2.42455816746078
"S0033",80,2.61500649407826
"S0033",81,2.80695884719811
"S0033",82,3.0542616127836
"S0033",83,3.08078512100205
"S0033",84,3.10606410594813
"S0033",85,3.15390504692051
"S0033",86,3.17782114045408
"S0033",87,3.20519427255295
"S0033",88,3.22695249621749
"S0033",89,3.25558744134673
"S0033",90,3.29002518613684
"S0033",91,3.32095715681917
"S0033",92,3.34756696185812
"S0033",93,3.80605049393389
"S0033",94,3.873265508269
"S0033",95,3.98547417419622
"S0033",96,4.11350547234057
"S0033",97,4.12582365735163
"S0033",98,4.17395925023167
"S0033",99,4.20047194415906
"S0033",100,4.20886710581134
"S0033",101,4.21592482189812
"S0033",102,4.23939690614025
"S0033",103,4.2518344112543
"S0033",104,4.26920744276009
"S0033",105,4.28785058937676
"S0033",106,4.29225257497864
"S0033",107,4.3082278918588
"S0033",108,4.32179039200868
"S0033",109,4.35435965372887
"S0033",110,4.39579342887307
"S0033",111,4.42222876395421
"S0033",112,4.45984130801871
"S0033",113,4.50031066170378
"S0033",114,4.52910005539131
"S0033",115,4.57504358160542
"S0033",116,4.61765740401218
"S0033",117,4.64603622465914
"S0033",118,4.66006445885118
"S0033",119,4.68415400901115
"S0033",120,4.68922153651471
"S0033",121,4.70705144638653
"S0033",122,4.77177451691683
"S0033",123,4.78377469945253
"S0033",124,4.79535586323898
"S0033",125,4.80307844691982
"S0033",126,4.8191832531408
"S0033",127,4.82617304438592
"S0033",128,4.88426435737272
"S0033",129,4.89790820065146
"S0033",130,4.90169876905173
"S0033",131,4.90982490230745
"S0034",1,0
"S0034",2,1.68803098488599
"S0034",3,1.71394325230918
"S0034",4,1.84823027112206
"S0034",5,1.88399268851808
"S0034",6,1.95798521580752
"S0034",7,2.00991754401597
"S0034",8,2.1977365278867
"S0034",9,2.27065298428881
"S0034",10,2.32368680322008
"S0034",11,2.38410740825359
"S0034",12,2.44195332786245
"S0034",13,2.49415211380536
"S0034",14,2.60801386544669
"S0034",15,2.64724721201541
"S0034",16,2.65835146088452
"S0034",17,2.6887853740025
"S0034",18,2.70553130480407
"S0034",19,2.73362526923924
"S0034",20,2.76367556424298
"S0034",21,2.84533302155763
"S0034",22,2.93525547274572
"S0034",23,2.98181238225065
"S0034",24,3.03774702786305
"S0034",25,3.09428237567348
"S0034",26,3.22684896195112
"S0034",27,3.26694240276306
"S0034",28,3.2986627046969
"S0034",29,3.38193870939502
"S0034",30,3.43975943659479
"S0034",31,3.52482883585998
"S0034",32,3.62630735249195
"S0034",33,3.679067774816
"S0034",34,3.73049918661996
"S0034",35,3.76896851751353
"S0034",36,3.85881473943995
"S0034",37,4.09146520799716
"S0034",38,4.36977395584561
"S0034",39,4.43379840718
"S0034",40,4.5106534984496
"S0034",41,4.59199308070647
"S0034",42,4.72464243759197
"S0034",43,4.7811168357074
"S0034",44,4.87783487484215
"S0034",45,5.04338047183544
"S0034",46,5.15382613328298
"S0034",47,5.24715196472746
"S0034",48,5.34477597961264
"S0034",49,5.46425759098778
"S0034",50,5.54207883477499
"S0034",51,5.56688743493648
"S0034",52,5.58666017461768
"S0034",53,5.61128465405186
"S0034",54,5.64478832057048
"S0034",55,5.66841256702408
"S0034",56,5.6956301084526
"S0034",57,5.75353667166133
"S0034",58,5.81563720806155
"S0034",59,5.90200336194778
"S0034",60,5.99954143243521
"S0034",61,6.09337092486427
"S0034",62,6.20446238913402
"S0034",63,6.33814936436141
"S0034",64,6.42945407104711
"S0034",65,6.51822769097247
"S0034",66,6.6885001276551
"S0034",67,6.77245554862089
"S0034",68,6.87985573150143
"S0034",69,6.96468319062163
"S0034",70,7.41981248146165
"S0034",71,7.74964660619442
"S0034",72,8.1379121313344
"S0034",73,8.60971785093161
"S0034",74,8.92865393403889
"S0034",75,9.3281806950532
"S0034",76,9.7785842268822
"S0034",77,10.2982726820064
"S0034",78,10.5454766925253
"S0034",79,10.9352375841296
"S0034",80,11.3982961389194
"S0034",81,11.8097349363216
"S0034",82,12.1288222969098
"S0034",83,12.5714880327642
"S0034",84,12.9243245422777
"S0034",85,13.4603673177614
"S0034",86,13.8389830458788
"S0034",87,15.0731451499527
"S0034",88,15.3287788160387
"S0034",89,15.407660500576
"S0034",90,15.4676687119799
"S0034",91,15.5287459842756
"S0034",92,15.5612075929542
"S0034",93,15.6204561216301
"S0034",94,15.8303586531258
"S0034",95,15.9796044548467
"S0034",96,15.9899273164985
"S0034",97,16.0439899630051
"S0034",98,16.0716194125612
"S0034",99,16.1352747435832
"S0034",100,16.1637259492122
"S0034",101,16.1878366529008
"S0034",102,16.2286074054861
"S0034",103,16.2774881461259
"S0034",104,16.2883188975167
"S0034",105,16.3215389432688
"S0034",106,16.3407946789567
"S0034",107,16.4587699509904
"S0034",108,16.4884724702794
"S0034",109,16.5691034576667
"S0034",110,16.710946830612
"S0034",111,16.7548318116041
"S0034",112,16.7959728135587
"S0034",113,16.8616668408524
"S0034",114,16.9885042401984
"S0034",115,17.045272315631
"S0034",116,17.0858408438227
"S0034",117,17.2069183491202
"S0034",118,17.3730344034924
"S0034",119,17.566407453679
"S0034",120,17.7569191386484
"S0034",121,17.922853618503
"S0034",122,18.0962163769495
"S0034",123,18.3027720959297
"S0034",124,18.4620478266929
"S0034",125,18.6020243993547
"S0034",126,18.8224676084809
"S0034",127,18.9748789131326
"S0034",128,19.1580628112191
"S0034",129,19.3203855140103
"S0034",130,19.4649940533581
"S0034",131,19.6349500434418
"S0034",132,19.8437614039896
"S0034",133,20.0124842031281
"S0034",134,20.0535923467363
"S0034",135,20.0994251293589
"S0034",136,20.1197159006314
"S0034",137,20.1822401271468
"S0034",138,20.2129963421549
"S0034",139,20.2255261925619
"S0034",140,20.4321951011394
"S0034",141,20.4508908396592
"S0034",142,20.484883757842
"S0034",143,20.5177299528429
"S0034",144,20.5512421400443
"S0034",145,20.5719962334756
"S0034",146,20.5884698791266
"S0034",147,20.6308668436107
"S0035",1,0
"S0035",2,0.263573211951441
"S0035",3,0.562944831235338
"S0035",4,0.829077557087498
"S0035",5,1.02423414000915
"S0035",6,1.38407896589102
"S0035",7,1.78941205518004
"S0035",8,2.11042747749137
"S0035",9,2.45179803976538
"S0035",10,2.86073664053544
"S0035",11,3.28468286153631
"S0035",12,3.69140925571449
"S0035",13,4.06436108554456
"S0035",14,4.76807675386522
"S0035",15,5.88420954654667
"S0035",16,6.1590400272698
"S0035",17,6.24908653494906
"S0035",18,6.60730153980017
"S0035",19,6.66576555543573
"S0035",20,6.72042428330429
"S0035",21,6.8328292324292
"S0035",22,6.89289066493069
"S0035",23,6.9959219276594
"S0035",24,7.09322316637485
"S0035",25,7.12723218388713
"S0035",26,7.16988034054924
"S0035",27,7.21947711022417
"S0035",28,7.24822561265827
"S0035",29,7.29871159069869
"S0035",30,7.49345144288781
"S0035",31,7.50587280324318
"S0035",32,7.57152735169621
"S0035",33,7.74002473259828
"S0035",34,7.75970191081938
"S0035",35,7.78869056815378
"S0035",36,7.80713253195138
"S0035",37,7.83997409521235
"S0035",38,7.86385973236401
"S0035",39,7.91122079671425
"S0035",40,7.98289711048372
"S0035",41,8.13665281727656
"S0035",42,8.15285025747408
"S0035",43,8.19202430063143
"S0035",44,8.21232762648624
"S0035",45,8.24779475092136
"S0035",46,8.26210120217314
"S0035",47,8.40785679226146
"S0035",48,8.42401284465804
"S0035",49,8.4925858788765
"S0035",50,8.62956020150034
"S0035",51,8.74954355529479
"S0035",52,8.82471500294335
"S0035",53,10.5963867352908
"S0035",54,10.6997261111516
"S0035",55,10.8680930774772
"S0035",56,10.9550657281461
"S0035",57,11.1025297843026
"S0035",58,11.2487248964566
"S0035",59,11.337272641494
"S0035",60,11.4433957744758
"S0035",61,11.6238756407688
"S0035",62,11.8022327765879
"S0035",63,11.9590546422481
"S0035",64,12.1818064506523
"S0035",65,12.2858414380145
"S0035",66,12.3572027623333
"S0035",67,12.4192926811518
"S0035",68,12.44971590793
"S0035",69,12.4864806577291
"S0035",70,12.506947459358
"S0035",71,12.5342946496217
"S0035",72,12.5581789720661
"S0035",73,12.5821357007641
"S0035",74,12.6329409758029
"S0035",75,12.7701660424983
"S0035",76,12.8520429148038
"S0035",77,12.9257092354679
"S0035",78,13.0022845539858
"S0035",79,13.0829185963358
"S0035",80,13.2274719981763
"S0035",81,13.3920070774238
"S0035",82,13.460221629509
"S0035",83,13.5291391437051
"S0035",84,13.6466600354396
"S0035",85,13.8201392518699
"S0035",86,13.9774664345597
"S0035",87,14.0478532319838
"S0035",88,14.4417290068338
"S0035",89,14.5275043722035
"S0035",90,14.7433206913553
"S0035",91,14.8405379987957
"S0035",92,14.8782613677343
"S0035",93,14.965326698409
"S0035",94,15.0947396122775
"S0035",95,15.1986679500193
"S0035",96,15.30183147472
"S0035",97,15.4048982386758
"S0035",98,15.5037190333643
"S0035",99,15.5925662301607
"S0035",100,15.6990397572826
"S0035",101,15.8341704941027
"S0035",102,15.9656398637536
"S0035",103,16.0543502408414
"S0035",104,16.1870407941246
"S0035",105,16.3121429036458
"S0035",106,16.4456874194974
"S0035",107,16.5898452214452
"S0035",108,16.6394187874407
"S0035",109,16.76023689935
"S0035",110,16.9339453850338
"S0035",111,17.0788640896901
"S0035",112,17.2164800385884
"S0035",113,17.350748976287
"S0035",114,17.4378001786645
"S0035",115,17.6171696155973
"S0035",116,17.6705955473111
"S0035",117,17.7140253172355
"S0035",118,17.7862286445715
"S0035",119,17.8242559753215
"S0035",120,17.8944552937774
"S0035",121,17.9275465152423
"S0035",122,17.9833826574834
"S0035",123,18.0258330338161
"S0035",124,18.0454728652075
"S0035",125,18.0752412493438
"S0035",126,18.0954122085076
"S0035",127,18.1308485596697
"S0035",128,18.1636190996363
"S0035",129,18.3670105731718
"S0035",130,18.4012903280073
"S0035",131,18.4560746038808
"S0035",132,18.5069155479503
"S0035",133,18.5389105122035
"S0035",134,18.6053952533094
"S0035",135,18.6308807429409
"S0035",136,18.6816957054552
"S0035",137,18.8864404516994
"S0035",138,19.099039938639
"S0035",139,19.3271127999597
"S0035",140,19.5374574629584
"S0035",141,19.7149850583048
"S0035",142,19.9720349584038
"S0035",143,20.1756788024015
"S0035",144,20.4690585368012
"S0035",145,20.6814127739107
"S0035",146,20.919167313712
"S0035",147,21.1055685102248
"S0035",148,23.0924275396072
"S0036",1,0
"S0036",2,0.0529624653360924
"S0036",3,0.105260135374933
"S0036",4,0.150618540051053
"S0036",5,0.196651962778302
"S0036",6,0.226739369507922
"S0036",7,0.27486315825261
"S0036",8,0.317035724147566
"S0036",9,0.36923543194654
"S0036",10,0.401759881171564
"S0036",11,0.455660757175619
"S0036",12,0.501246040897981
"S0036",13,0.541340499725521
"S0036",14,0.585173545483351
"S0036",15,0.623913543414632
"S0036",16,0.677001073130988
"S0036",17,0.71913304642795
"S0036",18,1.0461351320103
"S0036",19,1.13569719224675
"S0036",20,1.21484016597506
"S0036",21,1.36930326708322
"S0036",22,1.38466576599771
"S0036",23,1.39841238076869
"S0036",24,1.40570683035794
"S0036",25,1.45486986560692
"S0036",26,1.46061205393538
"S0036",27,1.46876292925895
"S0036",28,1.47815441536071
"S0036",29,1.48423441622121
"S0036",30,1.49116032390925
"S0036",31,1.49930494478547
"S0036",32,1.50796140878524
"S0036",33,1.5135750481815
"S0036",34,1.59443845359522
"S0036",35,1.65675963193169
"S0036",36,1.76735850550907
"S0036",37,1.8814767572239
"S0036",38,1.98001440602173
"S0036",39,2.06453861414718
"S0036",40,2.17157875029151
"S0036",41,2.30514196066363
"S0036",42,2.41378897439447
"S0036",43,2.50896260453063
"S0036",44,2.59512356038257
"S0036",45,2.69867222882763
"S0036",46,2.8017967555089
"S0036",47,2.89485191851351
"S0036",48,3.01237727226028
"S0036",49,3.19174038478443
"S0036",50,3.44549319480816
"S0036",51,3.69708212052742
"S0036",52,3.72236739851319
"S0036",53,3.73790183067439
"S0036",54,3.76779902531121
"S0036",55,3.79381344023517
"S0036",56,3.81652635505248
"S0036",57,3.84538200952018
"S0036",58,3.87055146556238
"S0036",59,3.88306985780694
"S0036",60,3.90661156048279
"S0036",61,3.92986299482213
"S0036",62,3.95285680977423
"S0036",63,3.96417990537462
"S0036",64,3.98547451107851
"S0036",65,4.00932221802057
"S0036",66,4.03536616829173
"S0036",67,4.04954228432231
"S0036",68,4.07515336064273
"S0036",69,4.09031983613763
"S0036",70,4.11934778255014
"S0036",71,4.13500605265211
"S0036",72,4.15702212276754
"S0036",73,4.17246739797124
"S0036",74,4.19645738086719
"S0036",75,4.21151566498276
"S0036",76,4.23672452198033
"S0036",77,4.26480476580881
"S0036",78,4.29428543942413
"S0036",79,4.33082554872514
"S0036",80,4.35213692063034
"S0036",81,4.37351499261706
"S0036",82,4.39556361583258
"S0036",83,4.43301915475645
"S0036",84,4.46242264588954
"S0036",85,4.49588080332413
"S0036",86,4.49907967795913
"S0036",87,4.50971920827563
"S0036",88,4.51970550164314
"S0036",89,4.53495759095543
"S0036",90,4.55247176499581
"S0036",91,4.57096196091603
"S0036",92,4.58676994238499
"S0036",93,4.60772797657903
"S0036",94,4.62643203625575
"S0036",95,4.68530543435166
"S0036",96,4.70712921464614
"S0036",97,4.73453538927823
"S0036",98,4.74088885432752
"S0036",99,4.74664216780351
"S0036",100,4.75053540251212
"S0036",101,4.7562671355928
"S0036",102,4.76004765086468
"S0036",103,4.76334010344794
"S0036",104,4.76834422650605
"S0036",105,4.78275738540893
"S0036",106,4.82694567327938
"S0036",107,4.83291052868
"S0036",108,4.85226363258605
"S0036",109,4.86646189709946
"S0036",110,4.91277841688861
"S0036",111,4.94767542501977
"S0036",112,4.98775152857668
"S0036",113,5.00409569598359
"S0036",114,5.02573617462361
"S0036",115,5.06024441801892
"S0036",116,5.07095221888207
"S0036",117,5.12018497518354
"S0036",118,5.14016166201964
"S0036",119,5.17052636554698
"S0036",120,5.19021193556725
"S0036",121,5.2053359308958
"S0036",122,5.2261969903242
"S0036",123,5.25703985320665
"S0036",124,5.61656253186315
"S0036",125,5.6601410753558
"S0036",126,5.67267148195631
"S0036",127,5.69141672694421
"S0036",128,5.69499628194787
"S0036",129,5.71545158155463
"S0036",130,5.72287885035975
"S0036",131,5.73330273495746
"S0036",132,5.75204382996782
"S0036",133,5.78734314880973
"S0036",134,5.79236936133051
"S0036",135,5.79796434989253
"S0036",136,5.8002127298051
"S0036",137,5.80291022438952
"S0036",138,5.80548723203912
"S0036",139,5.81154066281899
"S0036",140,5.81656263453185
"S0036",141,5.82066994843765
"S0036",142,5.85048535314203
"S0036",143,5.89546300041072
"S0036",144,5.93608596381343
"S0036",145,5.95905643341442
"S0036",146,5.99294142597347
"S0036",147,6.00193311266211
"S0036",148,6.02210295479379
"S0036",149,6.0432863865401
"S0036",150,6.06547444370304
"S0036",151,6.09006357951686
"S0036",152,6.11215208728695
"S0036",153,6.1235243948142
"S0036",154,6.15716108543629
"S0036",155,6.17481880615366
"S0036",156,6.22180748456934
"S0036",157,6.25336348162245
"S0037",1,0
"S0037",2,0.0269597223271014
"S0037",3,0.087567188784644
"S0037",4,0.131076608478181
"S0037",5,0.151630058173574
"S0037",6,0.231347538402919
"S0037",7,0.381531278594008
"S0037",8,0.527303228906814
"S0037",9,0.548988618745547
"S0037",10,0.628759620765133
"S0037",11,0.713552287050171
"S0037",12,0.768574278611224
"S0037",13,0.884593643858119
"S0037",14,0.916563945604572
"S0037",15,1.09358697895453
"S0037",16,1.12064450207242
"S0037",17,1.28489356118601
"S0037",18,1.33216927583548
"S0037",19,1.46896946943824
"S0037",20,1.4976349495947
"S0037",21,1.61653912990323
"S0037",22,1.63659151180609
"S0037",23,1.71121202652818
"S0037",24,1.84099791652508
"S0037",25,2.04110461878612
"S0037",26,2.11396188178385
"S0037",27,2.21403254999505
"S0037",28,3.37441119051264
"S0037",29,3.82013566358495
"S0037",30,4.38904507015301
"S0037",31,4.907344802227
"S0037",32,5.00630052588236
"S0037",33,5.13271489989457
"S0037",34,5.25278342096186
"S0037",35,5.3098625160316
"S0037",36,5.42468640926797
"S0037",37,5.49836545666481
"S0037",38,5.57557509244643
"S0037",39,5.68942794218863
"S0037",40,5.77185491412009
"S0037",41,5.80004788728137
"S0037",42,5.82032901618964
"S0037",43,5.8345681323649
"S0037",44,5.85673912428143
"S0037",45,5.87164495897384
"S0037",46,5.89198459715811
"S0037",47,5.9318640847345
"S0037",48,5.96063956029338
"S0037",49,6.03251711719244
"S0037",50,6.18208426130899
"S0037",51,6.35085566667784
"S0037",52,6.49208033272933
"S0037",53,6.54986653802818
"S0037",54,6.70170341389192
"S0037",55,6.81329279266625
"S0037",56,6.93106432665
"S0037",57,7.03808105979228
"S0037",58,7.11349028993974
"S0037",59,7.19000212855686
"S0037",60,7.30706892800831
"S0037",61,7.40763479493754
"S0037",62,7.56346654540522
"S0037",63,7.671628884091
"S0037",64,7.85669305167383
"S0037",65,8.01166846519088
"S0037",66,8.70635556777844
"S0037",67,8.98536374287868
"S0037",68,9.01125136009711
"S0037",69,9.05846135951361
"S0037",70,9.12186928084038
"S0037",71,9.16613481287757
"S0037",72,9.22014870327609
"S0037",73,9.24079258031073
"S0037",74,9.25372128426242
"S0037",75,9.45780692215222
"S0037",76,9.50990371819897
"S0037",77,9.54695177144736
"S0037",78,9.57497030354703
"S0037",79,9.61368925387295
"S0037",80,9.65377395646316
"S0037",81,9.70360699818018
"S0037",82,9.72590902409602
"S0037",83,9.77465318057783
"S0037",84,9.98520025236337
"S0037",85,10.2227225938599
"S0037",86,10.3365452062248
"S0037",87,10.4492247161225
"S0037",88,10.507811701436
"S0037",89,10.601378825477
"S0037",90,10.6980305066625
"S0037",91,10.7863333614368
"S0037",92,10.8632190158706
"S0037",93,10.969131599212
"S0037",94,11.1038005207145
"S0037",95,11.2532727397527
"S0037",96,11.3317458055416
"S0037",97,11.4169463114011
"S0037",98,11.7218004655385
"S0037",99,12.1364606324752
"S0037",100,12.6882714368456
"S0037",101,12.9808243284987
"S0037",102,13.2927543233151
"S0037",103,13.5034143213044
"S0037",104,13.9198653785922
"S0037",105,14.1697499166372
"S0037",106,14.4978313994662
"S0037",107,14.9218485805853
"S0037",108,15.2059717406148
"S0037",109,16.8447097568402
"S0037",110,17.0093606476131
"S0037",111,17.1198333537397
"S0037",112,17.2150610355204
"S0037",113,17.3912027811033
"S0037",114,17.468173632764
"S0037",115,17.5710376695449
"S0037",116,17.6836106401286
"S0037",117,17.8157788476073
"S0037",118,17.8812334087866
"S0037",119,17.9791177704241
"S0037",120,17.9969216354124
"S0037",121,18.0126074065529
"S0037",122,18.0258264281738
"S0037",123,18.0428034643171
"S0037",124,18.0975497380545
"S0037",125,18.2192087313427
"S0037",126,18.3280802570145
"S0037",127,18.4753966271074
"S0037",128,18.5808451850447
"S0037",129,18.6994198837193
"S0037",130,18.8442461916461
"S0037",131,18.9789333062812
"S0037",132,19.1442826562824
"S0037",133,19.2183062430567
"S0037",134,19.2795621357969
"S0037",135,19.4036421139
"S0037",136,19.4688119397374
"S0037",137,19.5940159499893
"S0037",138,19.6992584735565
"S0037",139,19.8153932355123
"S0037",140,19.9294705579008
"S0038",1,0
"S0038",2,0.0278853518313095
"S0038",3,0.0612910480911486
"S0038",4,0.181006465145923
"S0038",5,0.218839063157169
"S0038",6,0.343023191538959
"S0038",7,0.417830911242209
"S0038",8,0.489942151786747
"S0038",9,0.53401805914294
"S0038",10,0.544639625322498
"S0038",11,0.55354206553375
"S0038",12,0.562508087423069
"S0038",13,0.585994148955883
"S0038",14,0.611898762469086
"S0038",15,0.632461916251671
"S0038",16,0.660939349363654
"S0038",17,0.687164753430251
"S0038",18,0.790042358162861
"S0038",19,0.826068406866607
"S0038",20,0.901949251516149
"S0038",21,1.04530664023699
"S0038",22,1.06029366625764
"S0038",23,1.11559255600645
"S0038",24,1.211865987872
"S0038",25,1.32845727062208
"S0038",26,1.51086985366677
"S0038",27,1.53717809792055
"S0038",28,1.56652543349041
"S0038",29,1.60782127707182
"S0038",30,1.70070587730406
"S0038",31,1.83864554721031
"S0038",32,1.99435593794315
"S0038",33,2.03139025445668
"S0038",34,2.12624634467523
"S0038",35,2.20638151843213
"S0038",36,2.37114203778805
"S0038",37,2.40411000593843
"S0038",38,2.56146214599424
"S0038",39,2.58551447806847
"S0038",40,2.6955956372861
"S0038",41,2.75054921203369
"S0038",42,2.7653732760943
"S0038",43,2.80876320060533
"S0038",44,2.84355915238557
"S0038",45,2.89351002161087
"S0038",46,2.98289378214892
"S0038",47,3.07671781424852
"S0038",48,3.25335307795224
"S0038",49,3.27947779529547
"S0038",50,3.38332119033122
"S0038",51,3.49656104039136
"S0038",52,3.55042219309773
"S0038",53,3.62684819115499
"S0038",54,3.73492458240246
"S0038",55,3.83345910275335
"S0038",56,3.92232161152076
"S0038",57,4.05809177792184
"S0038",58,4.18476391648134
"S0038",59,4.24364271953176
"S0038",60,4.34842183088334
"S0038",61,4.41898724951679
"S0038",62,4.5026425127849
"S0038",63,4.60938462290851
"S0038",64,4.73215666460793
"S0038",65,4.78144356665009
"S0038",66,4.82842586117458
"S0038",67,4.8940733754302
"S0038",68,4.95330481288384
"S0038",69,5.18161046641196
"S0038",70,5.23714581958482
"S0038",71,5.30214755859884
"S0038",72,5.36902976498856
"S0038",73,5.45143201287787
"S0038",74,5.52906691320059
"S0038",75,5.59450042421065
"S0038",76,5.70938247539724
"S0038",77,6.14064585839576
"S0038",78,6.46182551568986
"S0038",79,6.5427422929129
"S0038",80,6.67617180508878
"S0038",81,6.7430733031173
"S0038",82,6.84378829691427
"S0038",83,6.89756988350783
"S0038",84,6.99436984529133
"S0038",85,7.02492346127443
"S0038",86,7.05931783884389
"S0038",87,7.09236750792333
"S0038",88,7.11732581187923
"S0038",89,7.14548912353111
"S0038",90,7.17199811815078
"S0038",91,7.19096882394341
"S0038",92,7.225961366375
"S0038",93,7.27297065056343
"S0038",94,7.34077751436606
"S0038",95,7.42612767936516
"S0038",96,7.55280129804405
"S0038",97,7.61892243954167
"S0038",98,7.71077129683941
"S0038",99,7.81098524799203
"S0038",100,7.94020616652472
"S0038",101,8.01500740672951
"S0038",102,8.10987418340395
"S0038",103,8.21448005975319
"S0038",104,8.29196974340875
"S0038",105,8.39280212196265
"S0038",106,8.45893280522655
"S0038",107,8.57714195784014
"S0038",108,8.73478758625928
"S0038",109,8.82819933588474
"S0038",110,8.90885262576866
"S0038",111,9.00985472158815
"S0038",112,10.7049035183462
"S0038",113,10.9181972502223
"S0038",114,11.1321090273513
"S0038",115,11.3953376466164
"S0038",116,11.6271740319838
"S0038",117,11.8075784530395
"S0038",118,11.9639003693454
"S0038",119,12.2606797116507
"S0038",120,12.4475702371051
"S0038",121,12.611511889594
"S0038",122,12.970511094491
"S0038",123,14.7136254421351
"S0038",124,15.0880855556914
"S0038",125,15.1967482895223
"S0038",126,15.2356809432736
"S0038",127,15.2568707893507
"S0038",128,15.2816985126929
"S0038",129,15.3013510027612
"S0038",130,15.3236773916847
"S0038",131,15.3511788972125
"S0038",132,15.3759902621743
"S0038",133,15.3969570500324
"S0038",134,15.6276824145312
"S0038",135,15.6806895737754
"S0038",136,15.7218657424447
"S0038",137,15.794669330427
"S0038",138,15.8328039722497
"S0038",139,15.8514881342148
"S0038",140,15.9152968344999
"S0038",141,16.2263653090107
"S0038",142,16.4573035550041
"S0038",143,16.5780841923111
"S0038",144,16.7433501212892
"S0038",145,16.8508977753822
"S0038",146,16.9897588913932
"S0038",147,17.1342702173632
"S0038",148,17.1951127185806
"S0038",149,17.3606289929833
"S0038",150,17.4400583540011
"S0039",1,0
"S0039",2,0.104517347140365
"S0039",3,0.374124362039338
"S0039",4,0.487434301351752
"S0039",5,0.644847252124148
"S0039",6,0.709030045804243
"S0039",7,0.747546454188719
"S0039",8,0.860217786147309
"S0039",9,0.955506563582622
"S0039",10,1.01592636473229
"S0039",11,1.05790076525386
"S0039",12,1.15886739510497
"S0039",13,1.17534904867994
"S0039",14,1.18804652943695
"S0039",15,1.2138989182283
"S0039",16,1.22430165792489
"S0039",17,1.24890176113486
"S0039",18,1.26806482317422
"S0039",19,1.35582223704583
"S0039",20,1.39836422624592
"S0039",21,1.62418419112567
"S0039",22,1.79214608916056
"S0039",23,1.85047020144612
"S0039",24,1.92991235311402
"S0039",25,2.01623463396214
"S0039",26,2.16253570128078
"S0039",27,2.19859869459789
"S0039",28,2.24536839493457
"S0039",29,2.27738328748987
"S0039",30,2.29749278065979
"S0039",31,2.47533692793647
"S0039",32,2.54397347279847
"S0039",33,2.63277141903241
"S0039",34,2.8588513738258
"S0039",35,2.96146364020699
"S0039",36,3.29633741312739
"S0039",37,3.68797169222776
"S0039",38,3.91827177795334
"S0039",39,4.25418033369845
"S0039",40,4.56679912752827
"S0039",41,4.8989012606129
"S0039",42,5.2361612216002
"S0039",43,5.48758522260283
"S0039",44,5.92393752522168
"S0039",45,6.15534075655165
"S0039",46,6.52008918065663
"S0039",47,6.86934738148694
"S0039",48,7.10172274899593
"S0039",49,7.47615938660243
"S0039",50,7.71368164902388
"S0039",51,8.02408435945683
"S0039",52,9.44351763895997
"S0039",53,9.81600965193188
"S0039",54,9.83556890132447
"S0039",55,9.85320173512604
"S0039",56,9.897153937152
"S0039",57,9.91251793743945
"S0039",58,9.94673600192296
"S0039",59,9.99110538520802
"S0039",60,10.0753264458721
"S0039",61,10.1027046307529
"S0039",62,10.197500453215
"S0039",63,10.2788061475817
"S0039",64,10.3263556773389
"S0039",65,10.3660572844799
"S0039",66,10.4216921856564
"S0039",67,10.4805218720425
"S0039",68,10.5671395738532
"S0039",69,10.637876326387
"S0039",70,10.7451023883447
"S0039",71,10.8219229973844
"S0039",72,10.8719267111074
"S0039",73,10.9453024033099
"S0039",74,10.9999630532568
"S0039",75,11.1091394004107
"S0039",76,11.1570939140195
"S0039",77,11.2200686261767
"S0039",78,11.335011894452
"S0039",79,11.4280552044866
"S0039",80,11.4950509538575
"S0039",81,11.559093771852
"S0039",82,11.6199328923198
"S0039",83,11.7154560660288
"S0039",84,11.7561705600391
"S0039",85,11.8343252016844
"S0039",86,11.963484247499
"S0039",87,12.0007894443634
"S0039",88,12.057088320651
"S0039",89,12.1096338656726
"S0039",90,12.2156815843381
"S0039",91,12.2931775129508
"S0039",92,12.3222682653938
"S0039",93,12.3647037786899
"S0039",94,12.4173060463666
"S0039",95,12.4582633295058
"S0039",96,12.4960651991543
"S0039",97,12.5284204927072
"S0039",98,12.5673556257668
"S0039",99,12.8171097595914
"S0039",100,12.891922595494
"S0039",101,12.9215050001259
"S0039",102,12.9748512444929
"S0039",103,13.0576978720997
"S0039",104,13.1285305509835
"S0039",105,15.0389113246395
"S0039",106,15.1692360412246
"S0039",107,15.3425702743631
"S0039",108,15.5040208183602
"S0039",109,15.6852291399551
"S0039",110,15.8777332510394
"S0039",111,16.1073782600327
"S0039",112,16.3077050981294
"S0039",113,16.5079871167775
"S0039",114,16.6378421829402
"S0039",115,16.8113960475929
"S0039",116,16.9906409086908
"S0039",117,17.1641671798952
"S0039",118,17.354363160704
"S0039",119,17.5327941724495
"S0039",120,17.739516738673
"S0039",121,17.8996182784357
"S0039",122,17.9709176855176
"S0039",123,18.0611857639478
"S0039",124,18.1656147058139
"S0039",125,18.2916042197869
"S0039",126,18.3709610675318
"S0039",127,18.4991257386188
"S0039",128,18.5353767650075
"S0039",129,18.5565658301431
"S0039",130,18.5783733458115
"S0039",131,18.6020171130404
"S0039",132,18.6271376187989
"S0039",133,18.6476976251664
"S0039",134,18.7030329178455
"S0039",135,18.7603621382516
"S0039",136,18.8295732671483
"S0039",137,18.9351116377259
"S0039",138,18.9930027117498
"S0039",139,19.0659096449966
"S0039",140,19.1596243383634
"S0039",141,19.2788430151255
"S0039",142,19.33162802263
"S0039",143,19.422232433558
"S0039",144,19.5049996272005
"S0039",145,19.5975084867897
"S0039",146,19.6705270420192
"S0039",147,19.7469428810438
"S0040",1,0
"S0040",2,0.365474640336607
"S0040",3,0.546033106320566
"S0040",4,0.783815923430138
"S0040",5,1.26825424419588
"S0040",6,1.5795508635736
"S0040",7,1.65073779256777
"S0040",8,1.9664262270046
"S0040",9,2.23927944776042
"S0040",10,2.5772958549454
"S0040",11,2.65312591054757
"S0040",12,2.77296052970936
"S0040",13,2.87378507617645
"S0040",14,3.0719189023206
"S0040",15,3.2739710837577
"S0040",16,3.56149356534955
"S0040",17,3.60572326303186
"S0040",18,3.67104484231104
"S0040",19,3.72754494925588
"S0040",20,3.99530789730958
"S0040",21,4.68503874892885
"S0040",22,4.99429110870873
"S0040",23,5.32902397935856
"S0040",24,5.47304562827723
"S0040",25,5.68062160465087
"S0040",26,5.91471236759572
"S0040",27,6.13691478637606
"S0040",28,10.9380444190986
"S0040",29,11.1325130944938
"S0040",30,11.449434867233
"S0040",31,11.9981844221346
"S0040",32,12.3960566387789
"S0040",33,12.8467659700152
"S0040",34,13.253316197857
"S0040",35,13.552980422028
"S0040",36,13.800138903595
"S0040",37,14.205151486841
"S0040",38,14.5800228887596
"S0040",39,14.8159416353753
"S0040",40,14.9375550900513
"S0040",41,14.9789357402461
"S0040",42,15.0199630058807
"S0040",43,15.0898872021682
"S0040",44,15.1503366035891
"S0040",45,15.2043489206087
"S0040",46,15.2499052833405
"S0040",47,15.303255809875
"S0040",48,15.3814854903287
"S0040",49,15.6473890221324
"S0040",50,16.0453873189937
"S0040",51,16.3336264290349
"S0040",52,16.5467798160825
"S0040",53,16.8345084629572
"S0040",54,17.263691184362
"S0040",55,17.5376016552753
"S0040",56,17.755209657115
"S0040",57,17.9455919372114
"S0040",58,18.5897294491248
"S0040",59,18.8043269440634
"S0040",60,19.0923059668219
"S0040",61,19.3571984211638
"S0040",62,19.6772632868459
"S0040",63,21.0476067263402
"S0040",64,21.9635468503167
"S0040",65,22.6549905502373
"S0040",66,23.4061870374036
"S0040",67,24.2318128489698
"S0040",68,25.0157948840964
"S0040",69,25.7464474278542
"S0040",70,26.5887998526965
"S0040",71,27.7066200034887
"S0040",72,28.6141923256731
"S0040",73,29.5042122913234
"S0040",74,30.1202864578051
"S0040",75,30.8286323828563
"S0040",76,33.8596064784505
"S0040",77,33.9823121868184
"S0040",78,34.058803858586
"S0040",79,34.1614838887109
"S0040",80,34.2262325219538
"S0040",81,34.2914820707038
"S0040",82,34.4226938060894
"S0040",83,35.0309840098438
"S0040",84,35.1719476705508
"S0040",85,35.4486541674102
"S0040",86,35.596486504018
"S0040",87,35.7074947395661
"S0040",88,35.7620055074538
"S0040",89,35.8439894259669
"S0040",90,35.8983002181791
"S0040",91,36.0075876169228
"S0040",92,36.0713132367282
"S0040",93,36.272096907893
"S0040",94,36.34184280919
"S0040",95,36.423577211
"S0040",96,36.5872460918379
"S0040",97,36.8723389669494
"S0040",98,37.11736078629
"S0040",99,37.3168629672448
"S0040",100,37.5859011185376
"S0040",101,37.6365015594226
"S0040",102,37.8247945382159
"S0040",103,37.9962292986906
"S0040",104,38.2681257616123
"S0040",105,38.463349515217
"S0040",106,38.578125010796
"S0040",107,38.7995116999913
"S0040",108,38.9404070372466
"S0040",109,39.1037466594037
"S0040",110,39.2741364218862
"S0040",111,39.3412538468862
"S0040",112,39.6408716287165
"S0040",113,39.6838926681892
"S0040",114,40.0709380328801
"S0040",115,40.451993338962
"S0040",116,40.8587763529905
"S0040",117,41.2192958373893
"S0040",118,41.5456927854475
"S0040",119,41.8828029983809
"S0040",120,42.1491172021468
"S0040",121,42.5209247147484
"S0040",122,42.8321500531574
"S0040",123,43.1578992668432
"S0040",124,43.5520885634326
"S0040",125,43.939343970001
"S0040",126,44.359583575867
"S0040",127,46.64178746327
"S0040",128,49.3540147198661
"S0041",1,0
"S0041",2,0.146328980580048
"S0041",3,0.293082038317059
"S0041",4,0.426639496434105
"S0041",5,0.602092569968528
"S0041",6,0.756818032284273
"S0041",7,0.894511119753789
"S0041",8,1.02875279305991
"S0041",9,1.1764090785891
"S0041",10,1.34988305957697
"S0041",11,1.50293473926944
"S0041",12,1.64035660646962
"S0041",13,1.81428995714991
"S0041",14,2.44414049431843
"S0041",15,2.65617606549958
"S0041",16,2.78931695977997
"S0041",17,3.01304154845071
"S0041",18,3.09405073007118
"S0041",19,3.22099675995626
"S0041",20,3.29775659054928
"S0041",21,3.33123044120753
"S0041",22,3.41010212969203
"S0041",23,3.45950690282442
"S0041",24,3.63022684888755
"S0041",25,3.79847338220049
"S0041",26,3.86808107300249
"S0041",27,3.9188692247241
"S0041",28,3.94397496266406
"S0041",29,3.96692598365289
"S0041",30,3.98322462525667
"S0041",31,4.02789174478964
"S0041",32,4.09471643126259
"S0041",33,4.10871653181017
"S0041",34,4.13621503199694
"S0041",35,4.3079307381649
"S0041",36,4.44266041086
"S0041",37,4.60167110134148
"S0041",38,4.68993252015737
"S0041",39,4.82522215252155
"S0041",40,5.00571875003512
"S0041",41,5.11251174948211
"S0041",42,5.15286343114665
"S0041",43,5.23909570961832
"S0041",44,5.41042188771143
"S0041",45,5.51653271730693
"S0041",46,5.65994170459446
"S0041",47,5.81490781423784
"S0041",48,6.07392824530238
"S0041",49,6.19063357604367
"S0041",50,6.22601119853034
"S0041",51,6.24140909438874
"S0041",52,6.28350795561519
"S0041",53,6.30424223637807
"S0041",54,6.34953266062094
"S0041",55,6.37264028320016
"S0041",56,6.41032203350957
"S0041",57,6.46287666494329
"S0041",58,6.56581872886968
"S0041",59,6.64359040830785
"S0041",60,6.75829248500986
"S0041",61,6.83667860462371
"S0041",62,6.93965818471425
"S0041",63,7.02490554315647
"S0041",64,7.08709593425505
"S0041",65,7.14434528394689
"S0041",66,7.22627524751275
"S0041",67,7.30797327083475
"S0041",68,7.38042457392048
"S0041",69,7.45713435757933
"S0041",70,7.53329692432881
"S0041",71,7.61296599600985
"S0041",72,7.65710126843827
"S0041",73,7.73289586624659
"S0041",74,7.80837878070782
"S0041",75,7.93383583912607
"S0041",76,8.01306026759742
"S0041",77,8.08383873244178
"S0041",78,8.1622945888305
"S0041",79,8.26163356036551
"S0041",80,8.38142617571638
"S0041",81,8.46319192978653
"S0041",82,8.53440219776416
"S0041",83,8.61021346332499
"S0041",84,8.68746420629109
"S0041",85,8.76130730507253
"S0041",86,8.84134170114041
"S0041",87,8.93643719989652
"S0041",88,9.04451106116179
"S0041",89,9.68759212365801
"S0041",90,10.8726149410238
"S0041",91,10.9872765650437
"S0041",92,11.2255140130814
"S0041",93,11.2459577619255
"S0041",94,11.3175181611199
"S0041",95,11.3482289908012
"S0041",96,11.419571831265
"S0041",97,11.6209678600743
"S0041",98,11.6594543544037
"S0041",99,11.6974581995701
"S0041",100,11.7574416392686
"S0041",101,11.776382544881
"S0041",102,11.8134179692595
"S0041",103,11.9241478474131
"S0041",104,12.0107197671669
"S0041",105,12.1126177329231
"S0041",106,12.2258079967619
"S0041",107,12.2968893061127
"S0041",108,12.4594578941539
"S0041",109,12.6113905919558
"S0041",110,12.6943642806523
"S0041",111,12.7683469633611
"S0041",112,12.8859795297239
"S0041",113,12.9033622041602
"S0041",114,12.937779552246
"S0041",115,12.9542287762637
"S0041",116,12.9734277724584
"S0041",117,13.0041786533791
"S0041",118,13.0337559984593
"S0041",119,13.0583872124883
"S0041",120,13.0674817958706
"S0041",121,13.2031140313206
"S0041",122,13.290126337448
"S0041",123,13.384105365902
"S0041",124,13.4608103134059
"S0041",125,13.5343767276562
"S0041",126,13.6176615050198
"S0041",127,13.824802893696
"S0041",128,13.9231537265848
"S0041",129,14.0168606249201
"S0041",130,14.1433357194047
"S0041",131,14.3028650917204
"S0041",132,14.3679453792555
"S0041",133,14.3900528417808
"S0041",134,14.6086230726869
"S0041",135,14.9768104560909
"S0041",136,15.2527006991571
"S0041",137,15.5406883214847
"S0041",138,15.781820560524
"S0041",139,16.1296521697136
"S0041",140,16.5104472691511
"S0041",141,16.8514122053594
"S0041",142,17.1501112667978
"S0041",143,17.3677878170312
"S0041",144,17.7055326115989
"S0041",145,18.0426190059321
"S0041",146,18.3775986315055
"S0041",147,18.6768548727691
"S0041",148,19.0553503240165
"S0041",149,20.9832074207892
"S0042",1,0
"S0042",2,0.113043026677166
"S0042",3,0.250297345740116
"S0042",4,0.420267736589309
"S0042",5,0.549358687460617
"S0042",6,0.641398914018005
"S0042",7,0.757237243807157
"S0042",8,0.893502722483343
"S0042",9,1.04016181441629
"S0042",10,1.0661781668146
"S0042",11,1.10073569397683
"S0042",12,1.14418283972317
"S0042",13,1.18586403649515
"S0042",14,1.23921374854356
"S0042",15,1.27458319106409
"S0042",16,1.29699302085042
"S0042",17,1.33954029629042
"S0042",18,1.57257843913545
"S0042",19,1.59883883881724
"S0042",20,1.62005570890923
"S0042",21,1.64099747620548
"S0042",22,1.67312375659587
"S0042",23,2.88928152062463
"S0042",24,3.2141986805053
"S0042",25,3.33536011057659
"S0042",26,3.38030855433039
"S0042",27,3.40888570658904
"S0042",28,3.57846224811893
"S0042",29,3.63630074046491
"S0042",30,3.71037448987726
"S0042",31,3.78331264893374
"S0042",32,3.82479769294456
"S0042",33,3.85818911387988
"S0042",34,3.92772182123747
"S0042",35,3.93854671001545
"S0042",36,3.99674757020951
"S0042",37,4.04406378895605
"S0042",38,4.06309161529788
"S0042",39,4.15884027525962
"S0042",40,4.17820386003359
"S0042",41,4.30552056209639
"S0042",42,4.41010636034222
"S0042",43,4.44878045513418
"S0042",44,4.4674644969062
"S0042",45,4.48225072514535
"S0042",46,4.492871625733
"S0042",47,4.5041157440681
"S0042",48,4.57376869171598
"S0042",49,4.65874313195926
"S0042",50,4.80289139353668
"S0042",51,4.84822214042417
"S0042",52,4.89374398040965
"S0042",53,4.95247615525667
"S0042",54,5.02583034773943
"S0042",55,5.09647513557803
"S0042",56,5.14486604418077
"S0042",57,5.342540993356
"S0042",58,5.39687344077669
"S0042",59,5.49601043173327
"S0042",60,5.73090677340618
"S0042",61,5.92102751207221
"S0042",62,6.13472555457703
"S0042",63,6.32316660453696
"S0042",64,6.69728850946187
"S0042",65,6.9009941282869
"S0042",66,7.20865895563315
"S0042",67,7.40717016468187
"S0042",68,7.67821998077113
"S0042",69,8.03482569847333
"S0042",70,8.36427831261361
"S0042",71,8.57300269366483
"S0042",72,8.86073654244949
"S0042",73,10.2165732436377
"S0042",74,10.4590530167367
"S0042",75,10.4835424313423
"S0042",76,10.5166657721527
"S0042",77,10.6193245513196
"S0042",78,10.7377970033839
"S0042",79,10.8565943137847
"S0042",80,10.9335156026317
"S0042",81,10.9913448049906
"S0042",82,11.0384925631933
"S0042",83,11.093770017976
"S0042",84,11.1388103318412
"S0042",85,11.1609013137442
"S0042",86,11.1809676794944
"S0042",87,11.2006636533212
"S0042",88,11.2182386360239
"S0042",89,11.2329467634754
"S0042",90,11.2833684996363
"S0042",91,11.3594164362343
"S0042",92,11.5197761368296
"S0042",93,11.6476105713309
"S0042",94,11.7707740450544
"S0042",95,11.8118124348051
"S0042",96,11.8588663498925
"S0042",97,11.9692933295547
"S0042",98,12.0769514387523
"S0042",99,12.1568726814054
"S0042",100,12.245640839854
"S0042",101,12.3374425322187
"S0042",102,12.4448611028597
"S0042",103,12.5095831869809
"S0042",104,12.5773541173352
"S0042",105,12.6274949770267
"S0042",106,12.663271575753
"S0042",107,12.7108777611344
"S0042",108,12.7725280352477
"S0042",109,12.7961615861501
"S0042",110,12.8260670723324
"S0042",111,12.8827423391663
"S0042",112,12.9812402862606
"S0042",113,13.1362646530581
"S0042",114,13.2794386564751
"S0042",115,13.3671109929097
"S0042",116,13.501127097534
"S0042",117,13.5805860972918
"S0042",118,13.7541427758724
"S0042",119,13.8707741881733
"S0042",120,13.9607028135897
"S0042",121,14.0708004945693
"S0042",122,14.1217763158411
"S0042",123,14.2802531635349
"S0042",124,14.3615845186952
"S0042",125,14.4533617509022
"S0042",126,14.5672807616645
"S0042",127,14.6522939019608
"S0042",128,14.8229583001577
"S0042",129,15.0186078064221
"S0042",130,15.1293323907104
"S0042",131,15.241876028087
"S0042",132,15.3186974563976
"S0042",133,15.5378075601998
"S0043",1,0
"S0043",2,0.36582245145012
"S0043",3,0.732705095792648
"S0043",4,1.06659874108526
"S0043",5,1.50523142492132
"S0043",6,1.89204508071068
"S0043",7,2.23627779938447
"S0043",8,2.57188198264977
"S0043",9,2.94102269647275
"S0043",10,3.37470764894243
"S0043",11,3.75733684817359
"S0043",12,4.10089151617404
"S0043",13,4.53572489287477
"S0043",14,6.11035123579607
"S0043",15,6.64044016374894
"S0043",16,6.97329239944991
"S0043",17,7.53260387112678
"S0043",18,7.73512682517796
"S0043",19,8.05249189989065
"S0043",20,8.2443914763732
"S0043",21,8.32807610301883
"S0043",22,8.52525532423008
"S0043",23,8.64876725706106
"S0043",24,9.07556712221888
"S0043",25,9.49618345550122
"S0043",26,9.67020268250623
"S0043",27,9.79717306181026
"S0043",28,9.85993740666015
"S0043",29,9.91731495913223
"S0043",30,9.95806156314169
"S0043",31,10.0697293619741
"S0043",32,10.2367910781565
"S0043",33,10.2717913295254
"S0043",34,10.3405375799923
"S0043",35,10.7698268454123
"S0043",36,11.10665102715
"S0043",37,11.5041777533537
"S0043",38,11.7248313003934
"S0043",39,12.0630553813039
"S0043",40,12.5142968750878
"S0043",41,12.7812793737053
"S0043",42,12.8821585778666
"S0043",43,13.0977392740458
"S0043",44,13.5260547192786
"S0043",45,13.7913317932673
"S0043",46,14.1498542614861
"S0043",47,14.5372695355946
"S0043",48,15.184820613256
"S0043",49,15.4765839401092
"S0043",50,15.5650279963259
"S0043",51,15.6035227359719
"S0043",52,15.708769889038
"S0043",53,15.7606055909452
"S0043",54,15.8738316515524
"S0043",55,15.9316007080004
"S0043",56,16.0258050837739
"S0043",57,16.1571916623582
"S0043",58,16.4145468221742
"S0043",59,16.6089760207696
"S0043",60,16.8957312125247
"S0043",61,17.0916965115593
"S0043",62,17.3491454617856
"S0043",63,17.5622638578912
"S0043",64,17.7177398356376
"S0043",65,17.8608632098672
"S0043",66,18.0656881187819
"S0043",67,18.2699331770869
"S0043",68,18.4510614348012
"S0043",69,18.6428358939483
"S0043",70,18.833242310822
"S0043",71,19.0324149900246
"S0043",72,19.1427531710957
"S0043",73,19.3322396656165
"S0043",74,19.5209469517696
"S0043",75,19.8345895978152
"S0043",76,20.0326506689935
"S0043",77,20.2095968311044
"S0043",78,20.4057364720762
"S0043",79,20.6540839009138
"S0043",80,20.9535654392909
"S0043",81,21.1579798244663
"S0043",82,21.3360054944104
"S0043",83,21.5255336583125
"S0043",84,21.7186605157277
"S0043",85,21.9032682626813
"S0043",86,22.103354252851
"S0043",87,22.3410929997413
"S0043",88,22.6112776529045
"S0043",89,24.218980309145
"S0043",90,27.1815373525596
"S0043",91,27.4681914126094
"S0043",92,28.0637850327036
"S0043",93,28.1148944048136
"S0043",94,28.2937954027998
"S0043",95,28.370572477003
"S0043",96,28.5489295781626
"S0043",97,29.0524196501857
"S0043",98,29.1486358860092
"S0043",99,29.2436454989253
"S0043",100,29.3936040981714
"S0043",101,29.4409563622024
"S0043",102,29.5335449231488
"S0043",103,29.8103696185327
"S0043",104,30.0267994179172
"S0043",105,30.2815443323078
"S0043",106,30.5645199919048
"S0043",107,30.7422232652818
"S0043",108,31.1486447353848
"S0043",109,31.5284764798896
"S0043",110,31.7359107016308
"S0043",111,31.9208674084028
"S0043",112,32.2149488243097
"S0043",113,32.2584055104005
"S0043",114,32.3444488806151
"S0043",115,32.3855719406592
"S0043",116,32.433569431146
"S0043",117,32.5104466334478
"S0043",118,32.5843899961483
"S0043",119,32.6459680312208
"S0043",120,32.6687044896764
"S0043",121,33.0077850783015
"S0043",122,33.2253158436199
"S0043",123,33.4602634147551
"S0043",124,33.6520257835147
"S0043",125,33.8359418191404
"S0043",126,34.0441537625494
"S0043",127,34.56200723424
"S0043",128,34.807884316462
"S0043",129,35.0421515623002
"S0043",130,35.3583392985117
"S0043",131,35.757162729301
"S0043",132,35.9198634481387
"S0043",133,35.9751321044519
"S0043",134,36.5215576817171
"S0043",135,37.4420261402273
"S0043",136,38.1317517478927
"S0043",137,38.8517208037116
"S0043",138,39.4545514013099
"S0043",139,40.3241304242839
"S0043",140,41.2761181728776
"S0043",141,42.1285305133985
"S0043",142,42.8752781669945
"S0043",143,43.419469542578
"S0043",144,44.2638315289974
"S0043",145,45.1065475148302
"S0043",146,45.9439965787636
"S0043",147,46.6921371819229
"S0043",148,47.6383758100413
"S0043",149,52.4580185519729
"S0044",1,0
"S0044",2,0.183167598113835
"S0044",3,0.406689033117169
"S0044",4,0.506653867753424
"S0044",5,0.734034622403155
"S0044",6,0.849503301136549
"S0044",7,1.10886723331209
"S0044",8,1.30075611247101
"S0044",9,1.49513407449011
"S0044",10,1.73795998422911
"S0044",11,1.90021065908581
"S0044",12,2.11064383555671
"S0044",13,2.25333566496246
"S0044",14,2.48530421495491
"S0044",15,2.69312311987512
"S0044",16,2.86298187582726
"S0044",17,3.07398957436533
"S0044",18,3.28616312391802
"S0044",19,3.46067955190305
"S0044",20,3.58853563905253
"S0044",21,3.82853900063715
"S0044",22,3.94396471209664
"S0044",23,4.13324819091504
"S0044",24,4.37509098425414
"S0044",25,4.52691275027566
"S0044",26,4.73578869865374
"S0044",27,4.93691274111552
"S0044",28,5.13158618050506
"S0044",29,5.29445742582929
"S0044",30,5.40074655324996
"S0044",31,5.53526932103236
"S0044",32,5.63693634179161
"S0044",33,5.84299208517804
"S0044",34,5.89960929815861
"S0044",35,5.96551545889724
"S0044",36,6.5210678712089
"S0044",37,6.78917486410368
"S0044",38,7.02187304758497
"S0044",39,7.33010620451699
"S0044",40,7.57209667325739
"S0044",41,8.12904174209854
"S0044",42,8.23032600864391
"S0044",43,8.51888636720327
"S0044",44,8.65694413668534
"S0044",45,8.81032338792335
"S0044",46,8.9912643243349
"S0044",47,9.17504549506968
"S0044",48,9.50610274690781
"S0044",49,9.60333410956447
"S0044",50,9.69804770843619
"S0044",51,9.89071996835482
"S0044",52,10.0210163608864
"S0044",53,10.6234975856562
"S0044",54,10.7410217365759
"S0044",55,10.7914874150734
"S0044",56,10.8283479342767
"S0044",57,10.8539372584288
"S0044",58,10.9057145770384
"S0044",59,10.9459106462672
"S0044",60,11.1508488861527
"S0044",61,11.5366319289181
"S0044",62,11.8885598527456
"S0044",63,12.1118230296944
"S0044",64,12.2706063796067
"S0044",65,12.515929543557
"S0044",66,13.2549836339181
"S0044",67,13.4257950236908
"S0044",68,13.8143229980016
"S0044",69,14.0706765640248
"S0044",70,14.6454718330012
"S0044",71,14.7896974613872
"S0044",72,15.0767466362675
"S0044",73,15.2667392950115
"S0044",74,15.4743336536848
"S0044",75,15.7176079784862
"S0044",76,16.0200955378631
"S0044",77,16.2542494366351
"S0044",78,16.4035559072282
"S0044",79,16.6876409584253
"S0044",80,16.8526641325809
"S0044",81,17.0477612531629
"S0044",82,17.2643645955969
"S0044",83,17.3482510781807
"S0044",84,17.5617733370481
"S0044",85,17.7507700475886
"S0044",86,17.8614556374928
"S0044",87,18.1751938629524
"S0044",88,18.4050742583374
"S0044",89,18.468290713843
"S0044",90,18.5056157742034
"S0044",91,18.5616636354884
"S0044",92,18.6488135662575
"S0044",93,18.8201591550623
"S0044",94,19.1269366928332
"S0044",95,19.2094744204078
"S0044",96,19.3546643998035
"S0044",97,19.6680261102114
"S0044",98,19.9281339376958
"S0044",99,20.2877563203807
"S0044",100,20.5378948107464
"S0044",101,20.9379864768168
"S0044",102,21.3209585823191
"S0044",103,21.7032321857706
"S0044",104,22.0900563351727
"S0044",105,22.5411837462478
"S0044",106,22.9927950447054
"S0044",107,23.4306576463156
"S0044",108,23.8915454577335
"S0044",109,24.2954858315403
"S0044",110,24.6957828594312
"S0044",111,25.1511760227328
"S0044",112,25.5492993628034
"S0044",113,28.9540394112827
"S0044",114,29.2483285920917
"S0044",115,29.444541273095
"S0044",116,29.8047026304599
"S0044",117,33.1294997036528
"S0044",118,33.2077586213554
"S0044",119,33.3362791406054
"S0044",120,33.4787957360539
"S0044",121,33.6163057750229
"S0044",122,33.7367812569115
"S0044",123,33.8424288817141
"S0044",124,33.9432923620078
"S0044",125,34.5681296938542
"S0044",126,34.6380798334489
"S0044",127,34.7426532757757
"S0044",128,34.8024023802913
"S0044",129,34.9454265227779
"S0044",130,35.0232357512466
"S0044",131,35.1159300276485
"S0044",132,35.2201868410304
"S0044",133,35.2758776137182
"S0044",134,36.5923204382692
"S0044",135,36.8823311774658
"S0044",136,37.687119410279
"S0044",137,38.7099504297066
"S0044",138,39.6294869232139
"S0044",139,40.3872955046962
"S0044",140,41.4132499847209
"S0044",141,41.9891951309177
"S0044",142,42.8021844037094
"S0044",143,43.759082968194
"S0044",144,44.7743353525993
"S0044",145,45.4974214165901
"S0044",146,46.4212679683818
"S0044",147,47.3568676061564
"S0044",148,48.3110266912722
"S0044",149,49.0538330232286
"S0044",150,50.1253106270769
"S0044",151,51.4386519462104
"S0044",152,52.1441900267807
"S0045",1,0
"S0045",2,0.0658933029878602
"S0045",3,0.140736207808834
"S0045",4,0.207269389271874
"S0045",5,0.256058535002288
"S0045",6,0.346019741472755
"S0045",7,0.447353013795009
"S0045",8,0.527606869372842
"S0045",9,0.612949509941345
"S0045",10,0.715184160133859
"S0045",11,0.821170715384078
"S0045",12,0.922852313928622
"S0045",13,1.01609027138614
"S0045",14,1.1920191884663
"S0045",15,1.47105238663667
"S0045",16,1.53976000681745
"S0045",17,1.56227163373727
"S0045",18,1.65182538495004
"S0045",19,1.66644138885893
"S0045",20,1.68010607082607
"S0045",21,1.7082073081073
"S0045",22,1.72322266623267
"S0045",23,1.74898048191485
"S0045",24,1.77330579159371
"S0045",25,1.78180804597178
"S0045",26,1.79247008513731
"S0045",27,1.80486927755604
"S0045",28,1.81205640316457
"S0045",29,1.82467789767467
"S0045",30,1.87336286072195
"S0045",31,1.87646820081079
"S0045",32,1.89288183792405
"S0045",33,1.93500618314957
"S0045",34,1.93992547770484
"S0045",35,1.94717264203844
"S0045",36,1.95178313298784
"S0045",37,1.95999352380309
"S0045",38,1.965964933091
"S0045",39,1.97780519917856
"S0045",40,1.99572427762093
"S0045",41,2.03416320431914
"S0045",42,2.03821256436852
"S0045",43,2.04800607515786
"S0045",44,2.05308190662156
"S0045",45,2.06194868773034
"S0045",46,2.06552530054328
"S0045",47,2.10196419806536
"S0045",48,2.10600321116451
"S0045",49,2.12314646971912
"S0045",50,2.15739005037509
"S0045",51,2.1873858888237
"S0045",52,2.20617875073584
"S0045",53,2.6490966838227
"S0045",54,2.67493152778789
"S0045",55,2.71702326936931
"S0045",56,2.73876643203652
"S0045",57,2.77563244607566
"S0045",58,2.81218122411414
"S0045",59,2.83431816037349
"S0045",60,2.86084894361895
"S0045",61,2.9059689101922
"S0045",62,2.95055819414697
"S0045",63,2.98976366056202
"S0045",64,3.04545161266308
"S0045",65,3.07146035950361
"S0045",66,3.08930069058333
"S0045",67,3.10482317028796
"S0045",68,3.11242897698249
"S0045",69,3.12162016443228
"S0045",70,3.1267368648395
"S0045",71,3.13357366240544
"S0045",72,3.13954474301652
"S0045",73,3.14553392519102
"S0045",74,3.15823524395073
"S0045",75,3.19254151062457
"S0045",76,3.21301072870095
"S0045",77,3.23142730886698
"S0045",78,3.25057113849645
"S0045",79,3.27072964908396
"S0045",80,3.30686799954409
"S0045",81,3.34800176935595
"S0045",82,3.36505540737724
"S0045",83,3.38228478592628
"S0045",84,3.4116650088599
"S0045",85,3.45503481296747
"S0045",86,3.49436660863991
"S0045",87,3.51196330799596
"S0045",88,3.61043225170845
"S0045",89,3.63187609305089
"S0045",90,3.68583017283883
"S0045",91,3.71013449969893
"S0045",92,3.71956534193357
"S0045",93,3.74133167460225
"S0045",94,3.77368490306939
"S0045",95,3.79966698750482
"S0045",96,3.82545786867999
"S0045",97,3.85122455966896
"S0045",98,3.87592975834108
"S0045",99,3.89814155754019
"S0045",100,3.92475993932066
"S0045",101,3.95854262352568
"S0045",102,3.9914099659384
"S0045",103,4.01358756021035
"S0045",104,4.04676019853115
"S0045",105,4.07803572591144
"S0045",106,4.11142185487435
"S0045",107,4.14746130536131
"S0045",108,4.15985469686017
"S0045",109,4.19005922483749
"S0045",110,4.23348634625845
"S0045",111,4.26971602242253
"S0045",112,4.3041200096471
"S0045",113,4.33768724407175
"S0045",114,4.35945004466613
"S0045",115,4.40429240389932
"S0045",116,4.41764888682778
"S0045",117,4.42850632930887
"S0045",118,4.44655716114288
"S0045",119,4.45606399383037
"S0045",120,4.47361382344434
"S0045",121,4.48188662881057
"S0045",122,4.49584566437084
"S0045",123,4.50645825845404
"S0045",124,4.51136821630188
"S0045",125,4.51881031233595
"S0045",126,4.52385305212691
"S0045",127,4.53271213991742
"S0045",128,4.54090477490908
"S0045",129,4.59175264329294
"S0045",130,4.60032258200182
"S0045",131,4.61401865097019
"S0045",132,4.62672888698759
"S0045",133,4.63472762805087
"S0045",134,4.65134881332734
"S0045",135,4.65772018573523
"S0045",136,4.6704239263638
"S0045",137,4.72161011292484
"S0045",138,4.77475998465974
"S0045",139,4.83177819998993
"S0045",140,4.88436436573959
"S0045",141,4.92874626457621
"S0045",142,4.99300873960095
"S0045",143,5.04391970060038
"S0045",144,5.1172646342003
"S0045",145,5.17035319347767
"S0045",146,5.22979182842799
"S0045",147,5.27639212755619
"S0045",148,5.77310688490181
"S0046",1,0
"S0046",2,4.22007746221498
"S0046",3,4.28485813077296
"S0046",4,4.62057567780514
"S0046",5,4.70998172129521
"S0046",6,4.89496303951881
"S0046",7,5.02479386003993
"S0046",8,5.49434131971674
"S0046",9,5.67663246072202
"S0046",10,5.80921700805021
"S0046",11,5.96026852063397
"S0046",12,6.10488331965612
"S0046",13,6.23538028451339
"S0046",14,6.52003466361673
"S0046",15,6.61811803003852
"S0046",16,6.6458786522113
"S0046",17,6.72196343500624
"S0046",18,6.76382826201018
"S0046",19,6.8340631730981
"S0046",20,6.90918891060744
"S0046",21,7.11333255389407
"S0046",22,7.33813868186431
"S0046",23,7.45453095562661
"S0046",24,7.59436756965762
"S0046",25,7.73570593918369
"S0046",26,8.0671224048778
"S0046",27,8.16735600690764
"S0046",28,8.24665676174224
"S0046",29,8.45484677348754
"S0046",30,8.59939859148697
"S0046",31,8.81207208964994
"S0046",32,9.06576838122987
"S0046",33,9.19766943704001
"S0046",34,9.3262479665499
"S0046",35,9.42242129378383
"S0046",36,9.64703684859987
"S0046",37,10.2286630199929
"S0046",38,10.924434889614
"S0046",39,11.08449601795
"S0046",40,11.276633746124
"S0046",41,11.4799827017662
"S0046",42,11.8116060939799
"S0046",43,11.9527920892685
"S0046",44,12.1945871871054
"S0046",45,12.6084511795886
"S0046",46,12.8845653332074
"S0046",47,13.1178799118186
"S0046",48,13.3619399490316
"S0046",49,13.6606439774695
"S0046",50,13.8551970869375
"S0046",51,13.9172185873412
"S0046",52,13.9666504365442
"S0046",53,14.0282116351296
"S0046",54,14.1119708014262
"S0046",55,14.1710314175602
"S0046",56,14.2390752711315
"S0046",57,14.3838416791533
"S0046",58,14.5390930201539
"S0046",59,14.7550084048694
"S0046",60,14.998853581088
"S0046",61,15.2334273121607
"S0046",62,15.5111559728351
"S0046",63,15.8453734109035
"S0046",64,16.0736351776178
"S0046",65,16.2955692274312
"S0046",66,16.7212503191377
"S0046",67,16.9311388715522
"S0046",68,17.1996393287536
"S0046",69,17.4117079765541
"S0046",70,18.5495312036541
"S0046",71,19.374116515486
"S0046",72,20.344780328336
"S0046",73,21.524294627329
"S0046",74,22.3216348350972
"S0046",75,23.320451737633
"S0046",76,24.4464605672055
"S0046",77,25.745681705016
"S0046",78,26.3636917313133
"S0046",79,27.3380939603239
"S0046",80,28.4957403472985
"S0046",81,29.5243373408039
"S0046",82,30.3220557422745
"S0046",83,31.4287200819105
"S0046",84,32.3108113556943
"S0046",85,33.6509182944036
"S0046",86,34.5974576146969
"S0046",87,37.6828628748817
"S0046",88,38.3219470400968
"S0046",89,38.5191512514399
"S0046",90,38.6691717799498
"S0046",91,38.821864960689
"S0046",92,38.9030189823855
"S0046",93,39.0511403040752
"S0046",94,39.5758966328145
"S0046",95,39.9490111371167
"S0046",96,39.9748182912463
"S0046",97,40.1099749075127
"S0046",98,40.179048531403
"S0046",99,40.338186858958
"S0046",100,40.4093148730305
"S0046",101,40.4695916322519
"S0046",102,40.5715185137152
"S0046",103,40.6937203653148
"S0046",104,40.7207972437918
"S0046",105,40.8038473581721
"S0046",106,40.8519866973917
"S0046",107,41.1469248774759
"S0046",108,41.2211811756985
"S0046",109,41.4227586441668
"S0046",110,41.77736707653
"S0046",111,41.8870795290103
"S0046",112,41.9899320338968
"S0046",113,42.1541671021309
"S0046",114,42.4712606004959
"S0046",115,42.6131807890776
"S0046",116,42.7146021095568
"S0046",117,43.0172958728004
"S0046",118,43.4325860087309
"S0046",119,43.9160186341975
"S0046",120,44.3922978466209
"S0046",121,44.8071340462575
"S0046",122,45.2405409423737
"S0046",123,45.7569302398242
"S0046",124,46.1551195667323
"S0046",125,46.5050609983869
"S0046",126,47.0561690212023
"S0046",127,47.4371972828316
"S0046",128,47.8951570280476
"S0046",129,48.3009637850257
"S0046",130,48.6624851333952
"S0046",131,49.0873751086045
"S0046",132,49.6094035099739
"S0046",133,50.0312105078204
"S0046",134,50.1339808668407
"S0046",135,50.2485628233973
"S0046",136,50.2992897515785
"S0046",137,50.455600317867
"S0046",138,50.5324908553872
"S0046",139,50.5638154814049
"S0046",140,51.0804877528484
"S0046",141,51.127227099148
"S0046",142,51.2122093946049
"S0046",143,51.2943248821071
"S0046",144,51.3781053501108
"S0046",145,51.4299905836891
"S0046",146,51.4711746978166
"S0046",147,51.5771671090267
"S0047",1,0
"S0047",2,0.00673993058177536
"S0047",3,0.021891797196161
"S0047",4,0.0327691521195454
"S0047",5,0.0379075145433936
"S0047",6,0.0578368846007297
"S0047",7,0.0953828196485021
"S0047",8,0.131825807226704
"S0047",9,0.137247154686387
"S0047",10,0.157189905191283
"S0047",11,0.178388071762543
"S0047",12,0.192143569652806
"S0047",13,0.22114841096453
"S0047",14,0.229140986401143
"S0047",15,0.273396744738631
"S0047",16,0.280161125518106
"S0047",17,0.321223390296502
"S0047",18,0.333042318958869
"S0047",19,0.36724236735956
"S0047",20,0.374408737398674
"S0047",21,0.404134782475808
"S0047",22,0.409147877951523
"S0047",23,0.427803006632046
"S0047",24,0.460249479131269
"S0047",25,0.510276154696531
"S0047",26,0.528490470445962
"S0047",27,0.553508137498762
"S0047",28,0.84360279762816
"S0047",29,0.955033915896238
"S0047",30,1.09726126753825
"S0047",31,1.22683620055675
"S0047",32,1.25157513147059
"S0047",33,1.28317872497364
"S0047",34,1.31319585524047
"S0047",35,1.3274656290079
"S0047",36,1.35617160231699
"S0047",37,1.3745913641662
"S0047",38,1.39389377311161
"S0047",39,1.42235698554716
"S0047",40,1.44296372853002
"S0047",41,1.45001197182034
"S0047",42,1.45508225404741
"S0047",43,1.45864203309122
"S0047",44,1.46418478107036
"S0047",45,1.46791123974346
"S0047",46,1.47299614928953
"S0047",47,1.48296602118363
"S0047",48,1.49015989007335
"S0047",49,1.50812927929811
"S0047",50,1.54552106532725
"S0047",51,1.58771391666946
"S0047",52,1.62302008318233
"S0047",53,1.63746663450704
"S0047",54,1.67542585347298
"S0047",55,1.70332319816656
"S0047",56,1.7327660816625
"S0047",57,1.75952026494807
"S0047",58,1.77837257248494
"S0047",59,1.79750053213921
"S0047",60,1.82676723200208
"S0047",61,1.85190869873438
"S0047",62,1.8908666363513
"S0047",63,1.91790722102275
"S0047",64,1.96417326291846
"S0047",65,2.00291711629772
"S0047",66,2.17658889194461
"S0047",67,2.24634093571967
"S0047",68,2.25281284002428
"S0047",69,2.2646153398784
"S0047",70,2.2804673202101
"S0047",71,2.29153370321939
"S0047",72,2.30503717581902
"S0047",73,2.31019814507768
"S0047",74,2.3134303210656
"S0047",75,2.36445173053805
"S0047",76,2.37747592954974
"S0047",77,2.38673794286184
"S0047",78,2.39374257588676
"S0047",79,2.40342231346824
"S0047",80,2.41344348911579
"S0047",81,2.42590174954504
"S0047",82,2.431477256024
"S0047",83,2.44366329514446
"S0047",84,2.49630006309084
"S0047",85,2.55568064846498
"S0047",86,2.58413630155621
"S0047",87,2.61230617903062
"S0047",88,2.62695292535899
"S0047",89,2.65034470636924
"S0047",90,2.67450762666563
"S0047",91,2.69658334035921
"S0047",92,2.71580475396764
"S0047",93,2.74228289980299
"S0047",94,2.77595013017863
"S0047",95,2.81331818493817
"S0047",96,2.8329364513854
"S0047",97,2.85423657785029
"S0047",98,2.93045011638462
"S0047",99,3.03411515811881
"S0047",100,3.1720678592114
"S0047",101,3.24520608212468
"S0047",102,3.32318858082876
"S0047",103,3.37585358032611
"S0047",104,3.47996634464806
"S0047",105,3.54243747915929
"S0047",106,3.62445784986654
"S0047",107,3.73046214514633
"S0047",108,3.80149293515369
"S0047",109,4.21117743921004
"S0047",110,4.25234016190327
"S0047",111,4.27995833843491
"S0047",112,4.30376525888009
"S0047",113,4.34780069527583
"S0047",114,4.367043408191
"S0047",115,4.39275941738621
"S0047",116,4.42090266003215
"S0047",117,4.45394471190184
"S0047",118,4.47030835219666
"S0047",119,4.49477944260603
"S0047",120,4.4992304088531
"S0047",121,4.50315185163823
"S0047",122,4.50645660704346
"S0047",123,4.51070086607927
"S0047",124,4.52438743451363
"S0047",125,4.55480218283567
"S0047",126,4.58202006425363
"S0047",127,4.61884915677685
"S0047",128,4.64521129626117
"S0047",129,4.67485497092982
"S0047",130,4.71106154791151
"S0047",131,4.74473332657029
"S0047",132,4.7860706640706
"S0047",133,4.80457656076417
"S0047",134,4.81989053394924
"S0047",135,4.85091052847501
"S0047",136,4.86720298493434
"S0047",137,4.89850398749732
"S0047",138,4.92481461838913
"S0047",139,4.95384830887808
"S0047",140,4.9823676394752
"S0048",1,0
"S0048",2,0.0261293367850913
"S0048",3,0.0935310905098344
"S0048",4,0.121858575337938
"S0048",5,0.161211813031037
"S0048",6,0.177257511451061
"S0048",7,0.18688661354718
"S0048",8,0.215054446536827
"S0048",9,0.238876640895656
"S0048",10,0.253981591183073
"S0048",11,0.264475191313465
"S0048",12,0.289716848776243
"S0048",13,0.293837262169985
"S0048",14,0.297011632359239
"S0048",15,0.303474729557074
"S0048",16,0.306075414481222
"S0048",17,0.312225440283714
"S0048",18,0.317016205793554
"S0048",19,0.338955559261457
"S0048",20,0.34959105656148
"S0048",21,0.406046047781418
"S0048",22,0.44803652229014
"S0048",23,0.46261755036153
"S0048",24,0.482478088278505
"S0048",25,0.504058658490536
"S0048",26,0.540633925320196
"S0048",27,0.549649673649472
"S0048",28,0.561342098733644
"S0048",29,0.569345821872468
"S0048",30,0.574373195164948
"S0048",31,0.618834231984117
"S0048",32,0.635993368199617
"S0048",33,0.658192854758102
"S0048",34,0.714712843456449
"S0048",35,0.740365910051747
"S0048",36,0.824084353281848
"S0048",37,0.921992923056939
"S0048",38,0.979567944488335
"S0048",39,1.06354508342461
"S0048",40,1.14169978188207
"S0048",41,1.22472531515322
"S0048",42,1.30904030540005
"S0048",43,1.37189630565071
"S0048",44,1.48098438130542
"S0048",45,1.53883518913791
"S0048",46,1.63002229516416
"S0048",47,1.71733684537174
"S0048",48,1.77543068724898
"S0048",49,1.86903984665061
"S0048",50,1.92842041225597
"S0048",51,2.00602108986421
"S0048",52,2.36087940973999
"S0048",53,2.45400241298297
"S0048",54,2.45889222533112
"S0048",55,2.46330043378151
"S0048",56,2.474288484288
"S0048",57,2.47812948435986
"S0048",58,2.48668400048074
"S0048",59,2.497776346302
"S0048",60,2.51883161146803
"S0048",61,2.52567615768822
"S0048",62,2.54937511330374
"S0048",63,2.56970153689541
"S0048",64,2.58158891933473
"S0048",65,2.59151432111997
"S0048",66,2.60542304641411
"S0048",67,2.62013046801063
"S0048",68,2.64178489346331
"S0048",69,2.65946908159674
"S0048",70,2.68627559708618
"S0048",71,2.70548074934611
"S0048",72,2.71798167777684
"S0048",73,2.73632560082746
"S0048",74,2.7499907633142
"S0048",75,2.77728485010268
"S0048",76,2.78927347850487
"S0048",77,2.80501715654417
"S0048",78,2.833752973613
"S0048",79,2.85701380112166
"S0048",80,2.87376273846437
"S0048",81,2.88977344296301
"S0048",82,2.90498322307995
"S0048",83,2.92886401650721
"S0048",84,2.93904264000978
"S0048",85,2.9585813004211
"S0048",86,2.99087106187475
"S0048",87,3.00019736109086
"S0048",88,3.01427208016276
"S0048",89,3.02740846641814
"S0048",90,3.05392039608452
"S0048",91,3.0732943782377
"S0048",92,3.08056706634844
"S0048",93,3.09117594467247
"S0048",94,3.10432651159164
"S0048",95,3.11456583237644
"S0048",96,3.12401629978857
"S0048",97,3.13210512317681
"S0048",98,3.14183890644169
"S0048",99,3.20427743989786
"S0048",100,3.2229806488735
"S0048",101,3.23037625003147
"S0048",102,3.24371281112323
"S0048",103,3.26442446802492
"S0048",104,3.28213263774587
"S0048",105,3.75972783115989
"S0048",106,3.79230901030615
"S0048",107,3.83564256859078
"S0048",108,3.87600520459006
"S0048",109,3.92130728498878
"S0048",110,3.96943331275984
"S0048",111,4.02684456500819
"S0048",112,4.07692627453234
"S0048",113,4.12699677919437
"S0048",114,4.15946054573504
"S0048",115,4.20284901189821
"S0048",116,4.24766022717269
"S0048",117,4.2910417949738
"S0048",118,4.338590790176
"S0048",119,4.38319854311238
"S0048",120,4.43487918466824
"S0048",121,4.47490456960894
"S0048",122,4.49272942137941
"S0048",123,4.51529644098694
"S0048",124,4.54140367645346
"S0048",125,4.57290105494672
"S0048",126,4.59274026688294
"S0048",127,4.62478143465471
"S0048",128,4.63384419125187
"S0048",129,4.63914145753578
"S0048",130,4.64459333645286
"S0048",131,4.6505042782601
"S0048",132,4.65678440469973
"S0048",133,4.66192440629159
"S0048",134,4.67575822946137
"S0048",135,4.6900905345629
"S0048",136,4.70739331678708
"S0048",137,4.73377790943148
"S0048",138,4.74825067793746
"S0048",139,4.76647741124914
"S0048",140,4.78990608459084
"S0048",141,4.81971075378137
"S0048",142,4.83290700565751
"S0048",143,4.85555810838951
"S0048",144,4.87624990680013
"S0048",145,4.89937712169742
"S0048",146,4.91763176050479
"S0048",147,4.93673572026096
"S0049",1,0
"S0049",2,0.146189856134643
"S0049",3,0.218413242528227
"S0049",4,0.313526369372055
"S0049",5,0.507301697678353
"S0049",6,0.63182034542944
"S0049",7,0.660295117027109
"S0049",8,0.786570490801839
"S0049",9,0.895711779104169
"S0049",10,1.03091834197816
"S0049",11,1.06125036421903
"S0049",12,1.10918421188374
"S0049",13,1.14951403047058
"S0049",14,1.22876756092824
"S0049",15,1.30958843350308
"S0049",16,1.42459742613982
"S0049",17,1.44228930521274
"S0049",18,1.46841793692442
"S0049",19,1.49101797970235
"S0049",20,1.59812315892383
"S0049",21,1.87401549957154
"S0049",22,1.99771644348349
"S0049",23,2.13160959174342
"S0049",24,2.18921825131089
"S0049",25,2.27224864186035
"S0049",26,2.36588494703829
"S0049",27,2.45476591455042
"S0049",28,4.37521776763946
"S0049",29,4.45300523779753
"S0049",30,4.57977394689321
"S0049",31,4.79927376885382
"S0049",32,4.95842265551155
"S0049",33,5.13870638800609
"S0049",34,5.3013264791428
"S0049",35,5.42119216881121
"S0049",36,5.52005556143799
"S0049",37,5.6820605947364
"S0049",38,5.83200915550384
"S0049",39,5.92637665415013
"S0049",40,5.97502203602053
"S0049",41,5.99157429609844
"S0049",42,6.00798520235228
"S0049",43,6.03595488086727
"S0049",44,6.06013464143563
"S0049",45,6.08173956824349
"S0049",46,6.09996211333622
"S0049",47,6.12130232394998
"S0049",48,6.15259419613148
"S0049",49,6.25895560885295
"S0049",50,6.41815492759746
"S0049",51,6.53345057161396
"S0049",52,6.61871192643298
"S0049",53,6.73380338518289
"S0049",54,6.90547647374481
"S0049",55,7.0150406621101
"S0049",56,7.102083862846
"S0049",57,7.17823677488456
"S0049",58,7.43589177964994
"S0049",59,7.52173077762535
"S0049",60,7.63692238672876
"S0049",61,7.74287936846551
"S0049",62,7.87090531473836
"S0049",63,8.41904269053608
"S0049",64,8.7854187401267
"S0049",65,9.06199622009493
"S0049",66,9.36247481496143
"S0049",67,9.69272513958791
"S0049",68,10.0063179536386
"S0049",69,10.2985789711417
"S0049",70,10.6355199410786
"S0049",71,11.0826480013955
"S0049",72,11.4456769302692
"S0049",73,11.8016849165293
"S0049",74,12.048114583122
"S0049",75,12.3314529531425
"S0049",76,13.5438425913802
"S0049",77,13.5929248747274
"S0049",78,13.6235215434344
"S0049",79,13.6645935554844
"S0049",80,13.6904930087815
"S0049",81,13.7165928282815
"S0049",82,13.7690775224358
"S0049",83,14.0123936039375
"S0049",84,14.0687790682203
"S0049",85,14.1794616669641
"S0049",86,14.2385946016072
"S0049",87,14.2829978958264
"S0049",88,14.3048022029815
"S0049",89,14.3375957703868
"S0049",90,14.3593200872716
"S0049",91,14.4030350467691
"S0049",92,14.4285252946913
"S0049",93,14.5088387631572
"S0049",94,14.536737123676
"S0049",95,14.5694308844
"S0049",96,14.6348984367351
"S0049",97,14.7489355867797
"S0049",98,14.846944314516
"S0049",99,14.9267451868979
"S0049",100,15.034360447415
"S0049",101,15.054600623769
"S0049",102,15.1299178152864
"S0049",103,15.1984917194762
"S0049",104,15.3072503046449
"S0049",105,15.3853398060868
"S0049",106,15.4312500043184
"S0049",107,15.5198046799965
"S0049",108,15.5761628148986
"S0049",109,15.6414986637615
"S0049",110,15.7096545687545
"S0049",111,15.7365015387545
"S0049",112,15.8563486514866
"S0049",113,15.8735570672757
"S0049",114,16.028375213152
"S0049",115,16.1807973355848
"S0049",116,16.3435105411962
"S0049",117,16.4877183349557
"S0049",118,16.618277114179
"S0049",119,16.7531211993523
"S0049",120,16.8596468808587
"S0049",121,17.0083698858994
"S0049",122,17.132860021263
"S0049",123,17.2631597067373
"S0049",124,17.420835425373
"S0049",125,17.5757375880004
"S0049",126,17.7438334303468
"S0049",127,18.656714985308
"S0049",128,19.7416058879464
"S0050",1,0
"S0050",2,0.422007746221498
"S0050",3,0.428485813077296
"S0050",4,0.462057567780514
"S0050",5,0.470998172129521
"S0050",6,0.489496303951881
"S0050",7,0.502479386003993
"S0050",8,0.549434131971674
"S0050",9,0.567663246072202
"S0050",10,0.580921700805021
"S0050",11,0.596026852063397
"S0050",12,0.610488331965612
"S0050",13,0.623538028451339
"S0050",14,0.652003466361673
"S0050",15,0.661811803003852
"S0050",16,0.66458786522113
"S0050",17,0.672196343500624
"S0050",18,0.676382826201018
"S0050",19,0.68340631730981
"S0050",20,0.690918891060744
"S0050",21,0.711333255389407
"S0050",22,0.733813868186431
"S0050",23,0.745453095562661
"S0050",24,0.759436756965762
"S0050",25,0.773570593918369
"S0050",26,0.80671224048778
"S0050",27,0.816735600690764
"S0050",28,0.824665676174224
"S0050",29,0.845484677348754
"S0050",30,0.859939859148697
"S0050",31,0.881207208964994
"S0050",32,0.906576838122987
"S0050",33,0.919766943704001
"S0050",34,0.93262479665499
"S0050",35,0.942242129378383
"S0050",36,0.964703684859987
"S0050",37,1.02286630199929
"S0050",38,1.0924434889614
"S0050",39,1.108449601795
"S0050",40,1.1276633746124
"S0050",41,1.14799827017662
"S0050",42,1.18116060939799
"S0050",43,1.19527920892685
"S0050",44,1.21945871871054
"S0050",45,1.26084511795886
"S0050",46,1.28845653332074
"S0050",47,1.31178799118186
"S0050",48,1.33619399490316
"S0050",49,1.36606439774695
"S0050",50,1.38551970869375
"S0050",51,1.39172185873412
"S0050",52,1.39666504365442
"S0050",53,1.40282116351296
"S0050",54,1.41119708014262
"S0050",55,1.41710314175602
"S0050",56,1.42390752711315
"S0050",57,1.43838416791533
"S0050",58,1.45390930201539
"S0050",59,1.47550084048694
"S0050",60,1.4998853581088
"S0050",61,1.52334273121607
"S0050",62,1.55111559728351
"S0050",63,1.58453734109035
"S0050",64,1.60736351776178
"S0050",65,1.62955692274312
"S0050",66,1.67212503191378
"S0050",67,1.69311388715522
"S0050",68,1.71996393287536
"S0050",69,1.74117079765541
"S0050",70,1.85495312036541
"S0050",71,1.9374116515486
"S0050",72,2.0344780328336
"S0050",73,2.1524294627329
"S0050",74,2.23216348350972
"S0050",75,2.3320451737633
"S0050",76,2.44464605672055
"S0050",77,2.5745681705016
"S0050",78,2.63636917313133
"S0050",79,2.73380939603239
"S0050",80,2.84957403472985
"S0050",81,2.95243373408039
"S0050",82,3.03220557422745
"S0050",83,3.14287200819105
"S0050",84,3.23108113556943
"S0050",85,3.36509182944036
"S0050",86,3.45974576146969
"S0050",87,3.76828628748817
"S0050",88,3.83219470400968
"S0050",89,3.85191512514399
"S0050",90,3.86691717799498
"S0050",91,3.8821864960689
"S0050",92,3.89030189823855
"S0050",93,3.90511403040752
"S0050",94,3.95758966328145
"S0050",95,3.99490111371167
"S0050",96,3.99748182912463
"S0050",97,4.01099749075127
"S0050",98,4.0179048531403
"S0050",99,4.0338186858958
"S0050",100,4.04093148730305
"S0050",101,4.04695916322519
"S0050",102,4.05715185137152
"S0050",103,4.06937203653148
"S0050",104,4.07207972437918
"S0050",105,4.08038473581721
"S0050",106,4.08519866973917
"S0050",107,4.1146924877476
"S0050",108,4.12211811756985
"S0050",109,4.14227586441668
"S0050",110,4.177736707653
"S0050",111,4.18870795290103
"S0050",112,4.19899320338968
"S0050",113,4.21541671021309
"S0050",114,4.24712606004959
"S0050",115,4.26131807890776
"S0050",116,4.27146021095568
"S0050",117,4.30172958728004
"S0050",118,4.34325860087309
"S0050",119,4.39160186341975
"S0050",120,4.43922978466209
"S0050",121,4.48071340462575
"S0050",122,4.52405409423737
"S0050",123,4.57569302398242
"S0050",124,4.61551195667323
"S0050",125,4.65050609983869
"S0050",126,4.70561690212023
"S0050",127,4.74371972828316
"S0050",128,4.78951570280477
"S0050",129,4.83009637850257
"S0050",130,4.86624851333952
"S0050",131,4.90873751086045
"S0050",132,4.96094035099739
"S0050",133,5.00312105078204
"S0050",134,5.01339808668407
"S0050",135,5.02485628233973
"S0050",136,5.02992897515785
"S0050",137,5.0455600317867
"S0050",138,5.05324908553872
"S0050",139,5.05638154814049
"S0050",140,5.10804877528484
"S0050",141,5.1127227099148
"S0050",142,5.12122093946049
"S0050",143,5.12943248821071
"S0050",144,5.13781053501108
"S0050",145,5.14299905836891
"S0050",146,5.14711746978166
"S0050",147,5.15771671090267
"S0051",1,0
"S0051",2,0.0856700798063635
"S0051",3,0.149263681971254
"S0051",4,0.224722396325435
"S0051",5,0.383745395420703
"S0051",6,0.478585171999695
"S0051",7,0.555216955388094
"S0051",8,0.663301804641416
"S0051",9,0.763244362793
"S0051",10,0.845048731456034
"S0051",11,0.858738931381727
"S0051",12,0.874363510193669
"S0051",13,0.893094425216018
"S0051",14,0.917120088716032
"S0051",15,0.982024403264528
"S0051",16,1.10366497291064
"S0051",17,1.21034998996847
"S0051",18,1.27270606227737
"S0051",19,1.38203235116773
"S0051",20,1.47677577097225
"S0051",21,1.58235511393233
"S0051",22,1.68864277667291
"S0051",23,1.83426162911649
"S0051",24,1.93642196774902
"S0051",25,2.05653593289024
"S0051",26,2.12740688684606
"S0051",27,2.22193223672934
"S0051",28,2.28800968114212
"S0051",29,2.43089808451127
"S0051",30,2.5164656978373
"S0051",31,2.61230921968874
"S0051",32,2.7127900697509
"S0051",33,2.79764693473075
"S0051",34,2.91572198329431
"S0051",35,3.00786095084424
"S0051",36,4.14919316028977
"S0051",37,4.26460669046091
"S0051",38,4.3211800955186
"S0051",39,4.37925733449916
"S0051",40,4.57227409655318
"S0051",41,4.67664353901421
"S0051",42,4.81832119021544
"S0051",43,4.88640697748293
"S0051",44,4.95311959247161
"S0051",45,5.0595845352922
"S0051",46,5.12412433497064
"S0051",47,5.1749918380838
"S0051",48,5.23450842413478
"S0051",49,5.28971337976875
"S0051",50,5.35778669198254
"S0051",51,5.44707688158167
"S0051",52,5.48600719263664
"S0051",53,5.51920053592284
"S0051",54,5.54581039732397
"S0051",55,5.56538912615805
"S0051",56,5.58229294710298
"S0051",57,5.60703028504642
"S0051",58,5.6598640984947
"S0051",59,5.71460674005928
"S0051",60,5.78009802364799
"S0051",61,5.87330219698885
"S0051",62,5.97029818472386
"S0051",63,6.01848161577678
"S0051",64,6.11903938038741
"S0051",65,6.20208829602143
"S0051",66,6.31332476123069
"S0051",67,6.43487373118604
"S0051",68,6.67454272310143
"S0051",69,6.79664793673452
"S0051",70,7.11770941136317
"S0051",71,7.37533998723013
"S0051",72,7.90058441040085
"S0051",73,8.08317573541155
"S0051",74,8.41805083680645
"S0051",75,8.72087985198183
"S0051",76,9.0121645554094
"S0051",77,9.26947893942634
"S0051",78,9.42616234993295
"S0051",79,9.69823266984314
"S0051",80,10.4600259763131
"S0051",81,11.2278353887925
"S0051",82,12.2170464511344
"S0051",83,12.3231404840082
"S0051",84,12.4242564237925
"S0051",85,12.615620187682
"S0051",86,12.7112845618163
"S0051",87,12.8207770902118
"S0051",88,12.9078099848699
"S0051",89,13.0223497653869
"S0051",90,13.1601007445474
"S0051",91,13.2838286272767
"S0051",92,13.3902678474325
"S0051",93,15.2242019757355
"S0051",94,15.493062033076
"S0051",95,15.9418966967849
"S0051",96,16.4540218893623
"S0051",97,16.5032946294065
"S0051",98,16.6958370009267
"S0051",99,16.8018877766362
"S0051",100,16.8354684232453
"S0051",101,16.8636992875925
"S0051",102,16.957587624561
"S0051",103,17.0073376450172
"S0051",104,17.0768297710403
"S0051",105,17.151402357507
"S0051",106,17.1690102999145
"S0051",107,17.2329115674352
"S0051",108,17.2871615680347
"S0051",109,17.4174386149155
"S0051",110,17.5831737154923
"S0051",111,17.6889150558168
"S0051",112,17.8393652320749
"S0051",113,18.0012426468151
"S0051",114,18.1164002215652
"S0051",115,18.3001743264217
"S0051",116,18.4706296160487
"S0051",117,18.5841448986366
"S0051",118,18.6402578354047
"S0051",119,18.7366160360446
"S0051",120,18.7568861460588
"S0051",121,18.8282057855461
"S0051",122,19.0870980676673
"S0051",123,19.1350987978101
"S0051",124,19.1814234529559
"S0051",125,19.2123137876793
"S0051",126,19.2767330125632
"S0051",127,19.3046921775437
"S0051",128,19.5370574294909
"S0051",129,19.5916328026058
"S0051",130,19.6067950762069
"S0051",131,19.6392996092298
"S0052",1,0
"S0052",2,0.147998193007197
"S0052",3,0.212771688859594
"S0052",4,0.295466181999797
"S0052",5,0.367872100466556
"S0052",6,0.456984749111152
"S0052",7,0.567170805264309
"S0052",8,0.723359086993483
"S0052",9,0.81212190058001
"S0052",10,0.922485143915865
"S0052",11,1.03049795258046
"S0052",12,1.05203969948513
"S0052",13,1.07654027194018
"S0052",14,1.10439711428288
"S0052",15,1.12771561977584
"S0052",16,1.21335714007265
"S0052",17,1.30094748696602
"S0052",18,1.37026050934049
"S0052",19,1.55826556620488
"S0052",20,1.71551398523442
"S0052",21,1.79608930557559
"S0052",22,1.90511807824893
"S0052",23,1.99215746919706
"S0052",24,2.08230855939779
"S0052",25,2.17284775334681
"S0052",26,2.28944656880326
"S0052",27,2.39572634471419
"S0052",28,2.50441788329635
"S0052",29,2.57336695699457
"S0052",30,2.68654484611646
"S0052",31,2.83301181515713
"S0052",32,2.98190382360537
"S0052",33,3.08940603921639
"S0052",34,3.2031616819639
"S0052",35,3.30815796793777
"S0052",36,5.20508196761239
"S0052",37,5.35909780335234
"S0052",38,5.57286559160727
"S0052",39,5.7361788591673
"S0052",40,5.92123576514977
"S0052",41,6.12583275713641
"S0052",42,6.30986065243206
"S0052",43,6.50182717867427
"S0052",44,6.66273497792514
"S0052",45,6.77868200861727
"S0052",46,6.93369503900273
"S0052",47,7.08864427543147
"S0052",48,7.23721167528003
"S0052",49,7.40087921879844
"S0052",50,7.54521589172095
"S0052",51,7.70551958409767
"S0052",52,7.83929315426208
"S0052",53,8.04768666721755
"S0052",54,8.1242542192305
"S0052",55,8.44824782785223
"S0052",56,8.61250808248473
"S0052",57,8.68601699279073
"S0052",58,8.74149949455491
"S0052",59,8.83600808096154
"S0052",60,8.89668805213679
"S0052",61,9.01524612009043
"S0052",62,9.06720441792317
"S0052",63,9.08456293785469
"S0052",64,9.10615772242294
"S0052",65,9.11816281295973
"S0052",66,9.1338327485693
"S0052",67,9.20407663399241
"S0052",68,9.24862835407325
"S0052",69,9.27799999394574
"S0052",70,9.35509429154127
"S0052",71,9.43277973627953
"S0052",72,9.48981437691801
"S0052",73,9.52084426507005
"S0052",74,9.58203744508619
"S0052",75,9.61776511142607
"S0052",76,9.67808891221629
"S0052",77,9.78308062199505
"S0052",78,9.88627691017462
"S0052",79,9.94592089938135
"S0052",80,10.0127843754585
"S0052",81,10.0783343081787
"S0052",82,10.1426767711916
"S0052",83,10.2149680246416
"S0052",84,10.2625336224583
"S0052",85,10.3147404830577
"S0052",86,10.3705081543435
"S0052",87,10.4158261117146
"S0052",88,10.489472804337
"S0052",89,10.8093143603434
"S0052",90,11.0886801354445
"S0052",91,11.4816886458963
"S0052",92,11.7929970435075
"S0052",93,12.1191698038647
"S0052",94,12.5467090917165
"S0052",95,12.892551258756
"S0052",96,13.1839763570357
"S0052",97,13.480610026532
"S0052",98,13.8595132888943
"S0052",99,14.2880851203799
"S0052",100,14.7414038095729
"S0052",101,15.1251194028429
"S0052",102,15.5908061183524
"S0052",103,15.8405844141167
"S0052",104,17.6798187811855
"S0052",105,17.807584432128
"S0052",106,17.8804974073473
"S0052",107,17.9367857261971
"S0052",108,17.9568014366369
"S0052",109,18.0248002544025
"S0052",110,18.085414868624
"S0052",111,18.1266328070128
"S0052",112,18.2671796023817
"S0052",113,18.4175137779118
"S0052",114,18.4400849334135
"S0052",115,18.5523542122152
"S0052",116,18.5644897837992
"S0052",117,18.6559679485307
"S0052",118,18.767018950825
"S0052",119,18.8635393257246
"S0052",120,18.8826531029192
"S0052",121,18.914102608835
"S0052",122,18.9676236109669
"S0052",123,19.0629548228147
"S0052",124,19.075930899162
"S0052",125,19.1570254436936
"S0052",126,19.2375285707761
"S0052",127,19.4423540891245
"S0052",128,19.4596629589504
"S0052",129,19.4831938372638
"S0052",130,19.7300154413736
"S0052",131,20.1866214170046
"S0052",132,20.3025408826173
"S0052",133,20.3372398444772
"S0052",134,20.43876776346
"S0052",135,20.4779604587692
"S0052",136,20.5154625084582
"S0052",137,20.6984163954626
"S0052",138,20.7374938998456
"S0052",139,20.7726746189326
"S0052",140,20.8100418426115
"S0052",141,20.8429598742444
"S0052",142,20.8659217295702
"S0052",143,20.9043470580317
"S0053",1,0
"S0053",2,0.118059187282906
"S0053",3,0.280384286619981
"S0053",4,0.414991550314194
"S0053",5,0.516311578182246
"S0053",6,0.572957152338894
"S0053",7,0.689316184315184
"S0053",8,1.27688708385388
"S0053",9,1.35413090905021
"S0053",10,1.44232173419216
"S0053",11,1.50686470085396
"S0053",12,1.57055874788617
"S0053",13,1.66055620937114
"S0053",14,1.85015684640842
"S0053",15,1.96616684319683
"S0053",16,3.09295272679341
"S0053",17,3.78022874947511
"S0053",18,4.66025685016876
"S0053",19,5.99739750395983
"S0053",20,6.97644620159801
"S0053",21,7.61571888330149
"S0053",22,8.44222239974297
"S0053",23,9.329496814438
"S0053",24,10.1532246815199
"S0053",25,11.0860783563962
"S0053",26,12.0580616714679
"S0053",27,12.7098232698084
"S0053",28,16.3371094058191
"S0053",29,17.0865796108637
"S0053",30,17.3505857222551
"S0053",31,17.6314078357531
"S0053",32,17.8072578170966
"S0053",33,18.3066186603534
"S0053",34,18.4107203198267
"S0053",35,18.5204467977086
"S0053",36,18.668239805034
"S0053",37,18.768087173658
"S0053",38,18.9865639572061
"S0053",39,19.1593788904612
"S0053",40,19.2088518965021
"S0053",41,19.2481795544472
"S0053",42,19.273506613327
"S0053",43,19.302073166866
"S0053",44,19.3360087874262
"S0053",45,19.3740951170979
"S0053",46,19.4036268623933
"S0053",47,19.4538841402722
"S0053",48,19.5056980374064
"S0053",49,19.7899240507989
"S0053",50,20.1027218148024
"S0053",51,20.2672639778519
"S0053",52,20.356480641342
"S0053",53,20.530049370588
"S0053",54,20.8041432838931
"S0053",55,21.4501464192782
"S0053",56,21.6785775197049
"S0053",57,21.868136467608
"S0053",58,22.0733885221438
"S0053",59,22.1045735489025
"S0053",60,22.3211139314125
"S0053",61,22.5379702771596
"S0053",62,23.9201500135754
"S0053",63,24.4051829977295
"S0053",64,24.5214097305834
"S0053",65,24.6460901635818
"S0053",66,24.8089603186502
"S0053",67,24.915560529025
"S0053",68,24.9866444254274
"S0053",69,25.0557828341965
"S0053",70,25.1575946987808
"S0053",71,25.232327939528
"S0053",72,25.4139368724894
"S0053",73,25.6437885682498
"S0053",74,26.0251455409118
"S0053",75,26.3631028090655
"S0053",76,26.4838085717677
"S0053",77,26.8282761621413
"S0053",78,26.948774134509
"S0053",79,27.0874778837154
"S0053",80,27.5434259415534
"S0053",81,27.812448303757
"S0053",82,28.0796436966387
"S0053",83,28.2095258197929
"S0053",84,28.6791502267888
"S0053",85,29.1053027806109
"S0053",86,29.3955716793432
"S0053",87,29.527726367091
"S0053",88,29.6960431666932
"S0053",89,29.8220202648705
"S0053",90,29.9427715198874
"S0053",91,30.2255129234384
"S0053",92,30.4429537242939
"S0053",93,30.6844016862789
"S0053",94,31.0118272004276
"S0053",95,31.3095335243441
"S0053",96,31.646405585685
"S0053",97,32.0379809694703
"S0053",98,32.2908621717148
"S0053",99,32.6093005443764
"S0053",100,32.8771292649489
"S0053",101,33.1022933210365
"S0053",102,33.3604246342311
"S0053",103,33.7663980069107
"S0053",104,34.8137919327144
"S0053",105,35.7486043672753
"S0053",106,36.4665428763628
"S0053",107,39.5288796670176
"S0053",108,40.0663514910599
"S0053",109,40.4509725842013
"S0053",110,40.7573331427057
"S0053",111,41.0980790420053
"S0053",112,41.4223303502719
"S0053",113,41.8993775161176
"S0053",114,42.2313691838419
"S0053",115,42.2724373520718
"S0053",116,42.3376090030311
"S0053",117,42.433375304791
"S0053",118,42.5313632023662
"S0053",119,42.5939764753551
"S0053",120,42.6372715450408
"S0053",121,42.7167088088649
"S0053",122,43.0002873287642
"S0053",123,43.3662620594457
"S0053",124,43.6139786086642
"S0053",125,43.9948005114653
"S0053",126,44.2837177595305
"S0053",127,44.5203878447334
"S0053",128,44.8408225149186
"S0053",129,45.1447417349201
"S0053",130,45.4001654945158
"S0053",131,45.7318280879005
"S0053",132,45.9980749781012
"S0053",133,46.2727707967807
"S0053",134,46.7179273177456
"S0053",135,47.0887656422452
"S0053",136,47.3634467030727
"S0053",137,47.5933362208894
"S0053",138,48.0700858026731
"S0053",139,48.38528172061
"S0053",140,48.7699013975907
"S0054",1,0
"S0054",2,0.495228526270139
"S0054",3,0.841887340533824
"S0054",4,1.25317356628563
"S0054",5,1.71943235135203
"S0054",6,2.03795516056218
"S0054",7,2.42960648751895
"S0054",8,2.86530888644287
"S0054",9,3.39078590150163
"S0054",10,3.82082279934151
"S0054",11,4.35079669088975
"S0054",12,4.74373156204389
"S0054",13,5.19453230232471
"S0054",14,5.63749460111961
"S0054",15,8.89773013330654
"S0054",16,9.2663146780143
"S0054",17,9.48262757116635
"S0054",18,9.72075544599839
"S0054",19,9.99442154115848
"S0054",20,10.2127935805663
"S0054",21,10.4949414362346
"S0054",22,10.6138071846876
"S0054",23,10.866981707497
"S0054",24,10.9821217142183
"S0054",25,11.063072808302
"S0054",26,11.3172804201898
"S0054",27,11.520926057407
"S0054",28,11.7907534412193
"S0054",29,12.0037854172185
"S0054",30,12.3316344117403
"S0054",31,12.4011859705859
"S0054",32,12.5952549820528
"S0054",33,12.7192161394142
"S0054",34,12.9246411171664
"S0054",35,13.2110237755741
"S0054",36,13.3218882612403
"S0054",37,13.5166146462388
"S0054",38,13.7105893615436
"S0054",39,13.838622710109
"S0054",40,14.0512835167033
"S0054",41,14.1312068560452
"S0054",42,14.309796211902
"S0054",43,14.4757399989637
"S0054",44,14.5745363164364
"S0054",45,14.7576289730245
"S0054",46,15.0191797788626
"S0054",47,15.2075470364964
"S0054",48,15.32747878352
"S0054",49,15.4166636173483
"S0054",50,15.523391221322
"S0054",51,15.6213470821287
"S0054",52,15.7814500903971
"S0054",53,15.9118988409963
"S0054",54,16.0193517976682
"S0054",55,17.0013270931298
"S0054",56,17.1464836453521
"S0054",57,17.2030782470433
"S0054",58,17.3050322303753
"S0054",59,17.4290279126868
"S0054",60,17.4853867926383
"S0054",61,17.5481230946986
"S0054",62,17.621666298756
"S0054",63,17.790707050278
"S0054",64,18.2767426874164
"S0054",65,18.3811279592262
"S0054",66,18.5077499030924
"S0054",67,18.5674361297137
"S0054",68,18.6738787557891
"S0054",69,19.6192601915754
"S0054",70,20.3850585499902
"S0054",71,21.4546812045398
"S0054",72,22.2167381893023
"S0054",73,23.1960393833468
"S0054",74,24.171925988437
"S0054",75,25.2560002202264
"S0054",76,26.0962737882789
"S0054",77,26.8188926640573
"S0054",78,27.9792515544541
"S0054",79,28.7308393484415
"S0054",80,29.3788676531503
"S0054",81,30.3512465659682
"S0054",82,31.3138282502582
"S0054",83,33.6688464930793
"S0054",84,36.8301289214333
"S0054",85,37.9498893318267
"S0054",86,38.30964233532
"S0054",87,38.5467603621651
"S0054",88,38.9050056286507
"S0054",89,39.0218037235935
"S0054",90,39.2695449871768
"S0054",91,39.6177346137856
"S0054",92,39.9153907388548
"S0054",93,40.08648976944
"S0054",94,40.2267399700562
"S0054",95,40.4908014568402
"S0054",96,40.9597902784507
"S0054",97,41.2102255150181
"S0054",98,41.2997593289651
"S0054",99,41.3449970571843
"S0054",100,41.3850029951819
"S0054",101,41.4304405328467
"S0054",102,41.5060509556803
"S0054",103,41.7569716493818
"S0054",104,41.9810578187009
"S0054",105,42.0927392710881
"S0054",106,42.191086008659
"S0054",107,42.4487210475249
"S0054",108,42.5586794907848
"S0054",109,42.8513396234843
"S0054",110,43.012239327844
"S0054",111,43.227626388036
"S0054",112,43.5883774392033
"S0054",113,43.8357838000595
"S0054",114,44.0754196243707
"S0054",115,44.3840509644768
"S0054",116,44.6403441816946
"S0054",117,44.7448453941269
"S0054",118,44.7997780113004
"S0054",119,45.0639052499068
"S0054",120,49.0593287570384
"S0054",121,49.27166316758
"S0054",122,49.2940993188841
"S0054",123,49.4114839251793
"S0054",124,49.5687223232491
"S0054",125,49.9905804451275
"S0054",126,50.1549575438096
"S0054",127,50.4918950453193
"S0054",128,50.9410898432491
"S0054",129,51.0053002373458
"S0054",130,51.0477366030398
"S0054",131,51.1077211193539
"S0054",132,51.2329879984971
"S0054",133,51.6769748442347
"S0054",134,51.7874843811693
"S0054",135,52.0298466313028
"S0054",136,52.1493624138767
"S0054",137,52.2194229188563
"S0054",138,52.3505843793174
"S0054",139,52.4204596879398
"S0054",140,52.4719884190436
"S0054",141,52.8270592846703
"S0054",142,52.8610010524242
"S0054",143,53.2400087430155
"S0054",144,53.7163169389983
"S0054",145,53.8000891312873
"S0054",146,54.0832801895569
"S0054",147,54.1290373914544
"S0054",148,54.1646732791332
"S0054",149,54.4270106587811
"S0054",150,54.6119074053308
"S0054",151,54.7855123012692
"S0055",1,0
"S0055",2,0.312060284598775
"S0055",3,0.676773333597106
"S0055",4,0.905290107851956
"S0055",5,1.13525216971653
"S0055",6,1.39478808780743
"S0055",7,1.62839149240661
"S0055",8,1.8248742500024
"S0055",9,1.9593109731114
"S0055",10,2.22761536328429
"S0055",11,2.38715492275685
"S0055",12,2.47272316119507
"S0055",13,2.66368605480548
"S0055",14,2.9275181779133
"S0055",15,3.09451956591863
"S0055",16,3.35590442304039
"S0055",17,3.5742094897917
"S0055",18,3.7561845900802
"S0055",19,3.98627256028976
"S0055",20,4.27442856644968
"S0055",21,4.35598762862898
"S0055",22,4.91708142293227
"S0055",23,5.10472444236162
"S0055",24,5.2891107528783
"S0055",25,5.49508912228566
"S0055",26,5.58942900228161
"S0055",27,5.78401440526983
"S0055",28,5.96798203089259
"S0055",29,6.1416255027938
"S0055",30,6.23064880794653
"S0055",31,6.42922064258667
"S0055",32,6.62192629420036
"S0055",33,6.76722937892425
"S0055",34,6.93731166291172
"S0055",35,6.98518688720264
"S0055",36,7.13263400437283
"S0055",37,7.25702904770609
"S0055",38,7.43501746357255
"S0055",39,7.54051838604374
"S0055",40,7.64469647266896
"S0055",41,7.97106266680786
"S0055",42,8.12721761032016
"S0055",43,8.27233405247428
"S0055",44,8.46226527046276
"S0055",45,8.49452032062462
"S0055",46,8.52851836185277
"S0055",47,8.59341807452884
"S0055",48,8.67329308729396
"S0055",49,8.72177445309056
"S0055",50,8.76002843890906
"S0055",51,8.80924721073047
"S0055",52,8.86089694805256
"S0055",53,9.08577122068261
"S0055",54,9.18679511822478
"S0055",55,9.42537744960979
"S0055",56,9.52809568684206
"S0055",57,9.73379537077452
"S0055",58,9.90816975587641
"S0055",59,10.5180844215663
"S0055",60,10.8375501618641
"S0055",61,11.1157925066177
"S0055",62,11.1735533877001
"S0055",63,11.3245974984086
"S0055",64,11.5596050872922
"S0055",65,11.90119164644
"S0055",66,11.9689995250333
"S0055",67,12.1743442402968
"S0055",68,15.283865708653
"S0055",69,15.5743251652591
"S0055",70,15.7690589694412
"S0055",71,15.9361262801432
"S0055",72,16.2356438492178
"S0055",73,16.4685339358594
"S0055",74,16.910302996629
"S0055",75,17.2738409713752
"S0055",76,17.4148182325242
"S0055",77,17.6848938720546
"S0055",78,17.9125473242396
"S0055",79,18.2511780492539
"S0055",80,18.6397548696631
"S0055",81,19.0538357230992
"S0055",82,19.2485018449803
"S0055",83,19.3003062996967
"S0055",84,19.368799401849
"S0055",85,19.42396441599
"S0055",86,19.5070183942256
"S0055",87,19.5686858692838
"S0055",88,19.6171860183522
"S0055",89,19.6835422944893
"S0055",90,19.7453151465135
"S0055",91,19.9751289859463
"S0055",92,20.3201883518869
"S0055",93,20.6693940356541
"S0055",94,20.9368393328171
"S0055",95,21.1219312644101
"S0055",96,21.3678325630473
"S0055",97,21.6209599145464
"S0055",98,21.9478309850202
"S0055",99,22.1792370908004
"S0055",100,22.6415415978185
"S0055",101,22.9536188573144
"S0055",102,23.338562647794
"S0055",103,24.6407062284116
"S0055",104,24.8397156610165
"S0055",105,24.9322633971316
"S0055",106,25.0551322320433
"S0055",107,25.2693619516348
"S0055",108,25.3563375101987
"S0055",109,25.4341952787156
"S0055",110,25.5487845567372
"S0055",111,25.6417785721609
"S0055",112,26.1615497471542
"S0055",113,26.2927389057199
"S0055",114,26.3579143992725
"S0055",115,26.427306211853
"S0055",116,26.5079073918741
"S0055",117,26.5896963318703
"S0055",118,26.6646814349375
"S0055",119,26.8140752463676
"S0055",120,26.9786898147968
"S0055",121,27.9470554457075
"S0055",122,29.2422627188756
"S0055",123,30.1856267075739
"S0055",124,31.16908431324
"S0055",125,31.7870989669958
"S0055",126,32.8670683022473
"S0055",127,33.7909777662256
"S0055",128,34.3497028398283
"S0055",129,35.0916112215091
"S0055",130,36.2111464741309
"S0055",131,37.0930388142898
"S0055",132,37.8543939744818
"S0055",133,38.1331452203039
"S0055",134,38.5016346035969
"S0055",135,39.0018917399651
"S0055",136,39.3587185158466
"S0055",137,39.71160718954
"S0055",138,40.1764372418674
"S0055",139,40.6501302076666
"S0055",140,41.0402193250235
"S0055",141,41.427725205397
"S0055",142,41.8412118901526
"S0055",143,42.2188290125375
"S0055",144,42.5854767848338
"S0055",145,42.9464450278587
"S0055",146,43.2719800269341
"S0055",147,43.7478418663109
"S0055",148,44.1595016166191
"S0055",149,44.4831906735202
"S0055",150,48.2227308084958
"S0056",1,0
"S0056",2,0.289171541675406
"S0056",3,0.794991689898774
"S0056",4,1.14600739561766
"S0056",5,1.42718810318152
"S0056",6,1.71007387186291
"S0056",7,2.03155610978399
"S0056",8,2.38070071122462
"S0056",9,2.67203342931871
"S0056",10,3.08416762225129
"S0056",11,3.37967509565743
"S0056",12,3.72976456096987
"S0056",13,4.13770604177786
"S0056",14,4.45935332143425
"S0056",15,4.75732470907355
"S0056",16,6.69243860909799
"S0056",17,7.05699052145633
"S0056",18,7.10814172802435
"S0056",19,7.16077670808595
"S0056",20,7.22286054589366
"S0056",21,7.44780282864879
"S0056",22,7.49201711077347
"S0056",23,7.53713973020189
"S0056",24,7.60815465327117
"S0056",25,7.62993280911049
"S0056",26,7.79140721879524
"S0056",27,7.96475071798484
"S0056",28,8.16420483078558
"S0056",29,8.34298637263239
"S0056",30,8.48611998849823
"S0056",31,8.67553934402724
"S0056",32,8.86068709950318
"S0056",33,9.03277497562334
"S0056",34,9.19689141544746
"S0056",35,9.36841928237509
"S0056",36,9.51454094998049
"S0056",37,9.70536053184257
"S0056",38,9.86915604766236
"S0056",39,10.050160259118
"S0056",40,10.212884418466
"S0056",41,10.3632459648687
"S0056",42,11.1781466592091
"S0056",43,12.0167853557307
"S0056",44,12.9369974903005
"S0056",45,12.9814919178011
"S0056",46,13.0073409226362
"S0056",47,13.0751242025611
"S0056",48,13.0960604195334
"S0056",49,13.1241146214466
"S0056",50,13.1844861690671
"S0056",51,13.2093211195111
"S0056",52,13.2619237836076
"S0056",53,13.3274477016748
"S0056",54,13.336560347115
"S0056",55,13.4760827761153
"S0056",56,13.5051730820769
"S0056",57,13.5769895278578
"S0056",58,13.6410896132235
"S0056",59,13.8412661944187
"S0056",60,13.9106931458623
"S0056",61,13.9304458976969
"S0056",62,14.070778505661
"S0056",63,14.1265311382576
"S0056",64,14.1591118288302
"S0056",65,14.3382243007062
"S0056",66,14.4513594274244
"S0056",67,14.4790917722243
"S0056",68,14.5305857527896
"S0056",69,14.5420079396319
"S0056",70,14.613375520642
"S0056",71,14.7470462068609
"S0056",72,14.8087328966956
"S0056",73,15.6878135509867
"S0056",74,15.8154300663798
"S0056",75,15.882508040506
"S0056",76,15.9999210581882
"S0056",77,16.0656530332661
"S0056",78,16.1322241458337
"S0056",79,16.2336252556735
"S0056",80,16.3248784472579
"S0056",81,16.4164809029362
"S0056",82,16.49983631199
"S0056",83,16.5994172809357
"S0056",84,16.69127695353
"S0056",85,16.8042999533649
"S0056",86,16.874853336026
"S0056",87,16.8997910610248
"S0056",88,16.9479922009214
"S0056",89,16.967961101679
"S0056",90,16.9884661436876
"S0056",91,17.011257308747
"S0056",92,17.0426125574832
"S0056",93,17.0691482936102
"S0056",94,17.0877882634478
"S0056",95,17.1066016832367
"S0056",96,17.128830065799
"S0056",97,17.2409139177114
"S0056",98,17.3343715875603
"S0056",99,17.4371883071268
"S0056",100,17.4865868392197
"S0056",101,17.5606945817007
"S0056",102,17.6320076960918
"S0056",103,17.742681992376
"S0056",104,17.8560117693397
"S0056",105,17.9341332695406
"S0056",106,18.0124465857722
"S0056",107,18.1131582698692
"S0056",108,18.2463109310921
"S0056",109,19.6036985526066
"S0056",110,19.7019173970391
"S0056",111,19.7975479550181
"S0056",112,19.8798649478335
"S0056",113,19.9257821580922
"S0056",114,19.9952343212043
"S0056",115,20.1769117345248
"S0056",116,20.2949095298031
"S0056",117,20.3183318288353
"S0056",118,20.3325079297635
"S0056",119,20.3586835091246
"S0056",120,20.3791630044837
"S0056",121,20.4921888669132
"S0056",122,20.5939333320608
"S0056",123,20.6784467892442
"S0056",124,20.8062552382769
"S0056",125,20.9851787743461
"S0056",126,21.0712371993223
"S0056",127,21.1144075742664
"S0056",128,21.189303046779
"S0056",129,21.2552438816097
"S0056",130,21.4212677434932
"S0056",131,21.5335187831697
"S0056",132,21.7512074009099
"S0056",133,21.8560826105129
"S0056",134,21.9226282001252
"S0056",135,21.9904991594854
"S0056",136,22.0601876388681
"S0056",137,22.1686075836071
"S0057",1,0
"S0057",2,0.820396877496009
"S0057",3,1.9510803399238
"S0057",4,2.77891314097364
"S0057",5,3.5649188171733
"S0057",6,4.47290528487379
"S0057",7,5.43145230365505
"S0057",8,6.24500593006581
"S0057",9,7.08446113260973
"S0057",10,7.7652662803508
"S0057",11,8.64575682848033
"S0057",12,9.55552206292022
"S0057",13,10.5374567959496
"S0057",14,11.4759772587856
"S0057",15,12.2075830892282
"S0057",16,15.3137879551011
"S0057",17,17.8385075580883
"S0057",18,18.1884224085257
"S0057",19,18.6528907160876
"S0057",20,19.0633995257154
"S0057",21,19.4110397003954
"S0057",22,19.8330493459483
"S0057",23,20.2991802304891
"S0057",24,20.6504789177093
"S0057",25,21.1090375072364
"S0057",26,21.4131136808824
"S0057",27,21.8505719263542
"S0057",28,22.3225230661297
"S0057",29,22.6825181645345
"S0057",30,22.9973025877184
"S0057",31,23.3493391402983
"S0057",32,23.7587707264146
"S0057",33,27.3466440468824
"S0057",34,27.5742259613209
"S0057",35,27.8179577993044
"S0057",36,28.0321433712562
"S0057",37,28.2538033568696
"S0057",38,28.4143887240368
"S0057",39,28.6373708569354
"S0057",40,28.8790114988337
"S0057",41,29.1394943601889
"S0057",42,29.2897780843545
"S0057",43,29.4604302269837
"S0057",44,29.9085005648549
"S0057",45,30.1405364399428
"S0057",46,30.3464811785542
"S0057",47,30.469911451411
"S0057",48,30.6736481449266
"S0057",49,30.8417040090598
"S0057",50,30.9444964728465
"S0057",51,31.1745702655144
"S0057",52,31.4603823995774
"S0057",53,31.7654557078454
"S0057",54,32.1651146939377
"S0057",55,32.345354942021
"S0057",56,32.5449156259993
"S0057",57,32.6526849563343
"S0057",58,32.9097583790697
"S0057",59,33.1166830365924
"S0057",60,33.4453786562101
"S0057",61,33.6497405200556
"S0057",62,33.7670562294086
"S0057",63,33.9161287821892
"S0057",64,33.9993511874572
"S0057",65,34.0582207459214
"S0057",66,34.3142387440748
"S0057",67,34.8518385222175
"S0057",68,35.1623795606538
"S0057",69,35.3058785754464
"S0057",70,35.4755725154238
"S0057",71,35.8386678448916
"S0057",72,36.0758006355012
"S0057",73,36.256649747314
"S0057",74,36.3607460950292
"S0057",75,36.63545860833
"S0057",76,36.8241019388013
"S0057",77,37.1590572622931
"S0057",78,37.419916532503
"S0057",79,37.5435167351102
"S0057",80,37.7010477740969
"S0057",81,38.2460950251108
"S0057",82,38.4233277688184
"S0057",83,38.5013126467634
"S0057",84,38.5464163506893
"S0057",85,38.5875919635289
"S0057",86,38.6334847390816
"S0057",87,38.6621373942573
"S0057",88,38.7154207620386
"S0057",89,38.7750836682564
"S0057",90,39.1512792937153
"S0057",91,39.2605380998098
"S0057",92,39.6818601405158
"S0057",93,39.9608219605662
"S0057",94,40.1662160162773
"S0057",95,40.4307478147803
"S0057",96,40.5510797391022
"S0057",97,40.9781421352994
"S0057",98,41.193634002928
"S0057",99,41.3569886448616
"S0057",100,44.2377716485233
"S0057",101,44.2597624033218
"S0057",102,44.3742331000094
"S0057",103,44.5890300165866
"S0057",104,45.011936950023
"S0057",105,45.3319901453853
"S0057",106,45.5094451362141
"S0057",107,45.809755897645
"S0057",108,46.0154465218596
"S0057",109,46.3123900079663
"S0057",110,46.53449288806
"S0057",111,46.7019583353571
"S0057",112,47.1068647342783
"S0057",113,47.4208242210667
"S0057",114,47.4821296652172
"S0057",115,47.5378554757293
"S0057",116,47.5840241161254
"S0057",117,47.6112360087785
"S0057",118,47.6982336233509
"S0057",119,47.864252666141
"S0057",120,47.9683836522145
"S0057",121,48.1651183553967
"S0057",122,48.4724027730984
"S0057",123,48.5496340573173
"S0057",124,48.7088287150126
"S0057",125,48.8447609352422
"S0057",126,49.0496254164673
"S0057",127,49.1999123674145
"S0057",128,49.7271258354209
"S0057",129,49.828346567702
"S0057",130,50.2189562473926
"S0057",131,50.4181254895147
"S0057",132,50.4893735934532
"S0057",133,50.6216328694117
"S0057",134,50.7786831261083
"S0057",135,51.6941379359755
"S0057",136,52.3033130561695
"S0057",137,52.4298671681631
"S0057",138,52.4774480875837
"S0057",139,52.5382455938144
"S0057",140,52.5771361200986
"S0057",141,52.6470079168816
"S0057",142,53.1329629804612
"S0057",143,53.1986997972312
"S0057",144,53.2693316612115
"S0057",145,53.3922428391282
"S0057",146,53.4545630378521
"S0057",147,53.5227117763566
"S0057",148,53.6885700531426
"S0057",149,53.7903593940817
"S0057",150,53.9041162313044
"S0058",1,0
"S0058",2,0.0365474640336607
"S0058",3,0.0546033106320566
"S0058",4,0.0783815923430138
"S0058",5,0.126825424419588
"S0058",6,0.15795508635736
"S0058",7,0.165073779256777
"S0058",8,0.19664262270046
"S0058",9,0.223927944776042
"S0058",10,0.25772958549454
"S0058",11,0.265312591054757
"S0058",12,0.277296052970936
"S0058",13,0.287378507617645
"S0058",14,0.30719189023206
"S0058",15,0.32739710837577
"S0058",16,0.356149356534955
"S0058",17,0.360572326303186
"S0058",18,0.367104484231104
"S0058",19,0.372754494925589
"S0058",20,0.399530789730958
"S0058",21,0.468503874892885
"S0058",22,0.499429110870873
"S0058",23,0.532902397935856
"S0058",24,0.547304562827723
"S0058",25,0.568062160465087
"S0058",26,0.591471236759572
"S0058",27,0.613691478637606
"S0058",28,1.09380444190986
"S0058",29,1.11325130944938
"S0058",30,1.1449434867233
"S0058",31,1.19981844221346
"S0058",32,1.23960566387789
"S0058",33,1.28467659700152
"S0058",34,1.3253316197857
"S0058",35,1.3552980422028
"S0058",36,1.3800138903595
"S0058",37,1.4205151486841
"S0058",38,1.45800228887596
"S0058",39,1.48159416353753
"S0058",40,1.49375550900513
"S0058",41,1.49789357402461
"S0058",42,1.50199630058807
"S0058",43,1.50898872021682
"S0058",44,1.51503366035891
"S0058",45,1.52043489206087
"S0058",46,1.52499052833406
"S0058",47,1.5303255809875
"S0058",48,1.53814854903287
"S0058",49,1.56473890221324
"S0058",50,1.60453873189937
"S0058",51,1.63336264290349
"S0058",52,1.65467798160825
"S0058",53,1.68345084629572
"S0058",54,1.7263691184362
"S0058",55,1.75376016552753
"S0058",56,1.7755209657115
"S0058",57,1.79455919372114
"S0058",58,1.85897294491248
"S0058",59,1.88043269440634
"S0058",60,1.90923059668219
"S0058",61,1.93571984211638
"S0058",62,1.96772632868459
"S0058",63,2.10476067263402
"S0058",64,2.19635468503167
"S0058",65,2.26549905502373
"S0058",66,2.34061870374036
"S0058",67,2.42318128489698
"S0058",68,2.50157948840964
"S0058",69,2.57464474278542
"S0058",70,2.65887998526965
"S0058",71,2.77066200034887
"S0058",72,2.86141923256731
"S0058",73,2.95042122913234
"S0058",74,3.01202864578051
"S0058",75,3.08286323828563
"S0058",76,3.38596064784505
"S0058",77,3.39823121868184
"S0058",78,3.4058803858586
"S0058",79,3.41614838887109
"S0058",80,3.42262325219538
"S0058",81,3.42914820707038
"S0058",82,3.44226938060894
"S0058",83,3.50309840098438
"S0058",84,3.51719476705508
"S0058",85,3.54486541674102
"S0058",86,3.5596486504018
"S0058",87,3.57074947395661
"S0058",88,3.57620055074538
"S0058",89,3.58439894259669
"S0058",90,3.58983002181791
"S0058",91,3.60075876169228
"S0058",92,3.60713132367282
"S0058",93,3.6272096907893
"S0058",94,3.634184280919
"S0058",95,3.6423577211
"S0058",96,3.65872460918379
"S0058",97,3.68723389669494
"S0058",98,3.711736078629
"S0058",99,3.73168629672448
"S0058",100,3.75859011185376
"S0058",101,3.76365015594226
"S0058",102,3.78247945382159
"S0058",103,3.79962292986906
"S0058",104,3.82681257616123
"S0058",105,3.8463349515217
"S0058",106,3.8578125010796
"S0058",107,3.87995116999913
"S0058",108,3.89404070372466
"S0058",109,3.91037466594037
"S0058",110,3.92741364218862
"S0058",111,3.93412538468862
"S0058",112,3.96408716287165
"S0058",113,3.96838926681892
"S0058",114,4.00709380328801
"S0058",115,4.0451993338962
"S0058",116,4.08587763529906
"S0058",117,4.12192958373893
"S0058",118,4.15456927854475
"S0058",119,4.18828029983809
"S0058",120,4.21491172021468
"S0058",121,4.25209247147484
"S0058",122,4.28321500531574
"S0058",123,4.31578992668432
"S0058",124,4.35520885634326
"S0058",125,4.3939343970001
"S0058",126,4.4359583575867
"S0058",127,4.664178746327
"S0058",128,4.93540147198661
"S0059",1,0
"S0059",2,0.036582245145012
"S0059",3,0.0732705095792648
"S0059",4,0.106659874108526
"S0059",5,0.150523142492132
"S0059",6,0.189204508071068
"S0059",7,0.223627779938447
"S0059",8,0.257188198264977
"S0059",9,0.294102269647275
"S0059",10,0.337470764894243
"S0059",11,0.375733684817359
"S0059",12,0.410089151617404
"S0059",13,0.453572489287477
"S0059",14,0.611035123579607
"S0059",15,0.664044016374894
"S0059",16,0.697329239944991
"S0059",17,0.753260387112678
"S0059",18,0.773512682517796
"S0059",19,0.805249189989065
"S0059",20,0.82443914763732
"S0059",21,0.832807610301883
"S0059",22,0.852525532423008
"S0059",23,0.864876725706106
"S0059",24,0.907556712221888
"S0059",25,0.949618345550122
"S0059",26,0.967020268250623
"S0059",27,0.979717306181026
"S0059",28,0.985993740666015
"S0059",29,0.991731495913223
"S0059",30,0.995806156314169
"S0059",31,1.00697293619741
"S0059",32,1.02367910781565
"S0059",33,1.02717913295254
"S0059",34,1.03405375799923
"S0059",35,1.07698268454123
"S0059",36,1.110665102715
"S0059",37,1.15041777533537
"S0059",38,1.17248313003934
"S0059",39,1.20630553813039
"S0059",40,1.25142968750878
"S0059",41,1.27812793737053
"S0059",42,1.28821585778666
"S0059",43,1.30977392740458
"S0059",44,1.35260547192786
"S0059",45,1.37913317932673
"S0059",46,1.41498542614861
"S0059",47,1.45372695355946
"S0059",48,1.5184820613256
"S0059",49,1.54765839401092
"S0059",50,1.55650279963259
"S0059",51,1.56035227359719
"S0059",52,1.5708769889038
"S0059",53,1.57606055909452
"S0059",54,1.58738316515524
"S0059",55,1.59316007080004
"S0059",56,1.60258050837739
"S0059",57,1.61571916623582
"S0059",58,1.64145468221742
"S0059",59,1.66089760207696
"S0059",60,1.68957312125247
"S0059",61,1.70916965115593
"S0059",62,1.73491454617856
"S0059",63,1.75622638578912
"S0059",64,1.77177398356376
"S0059",65,1.78608632098672
"S0059",66,1.80656881187819
"S0059",67,1.82699331770869
"S0059",68,1.84510614348012
"S0059",69,1.86428358939483
"S0059",70,1.8833242310822
"S0059",71,1.90324149900246
"S0059",72,1.91427531710957
"S0059",73,1.93322396656165
"S0059",74,1.95209469517696
"S0059",75,1.98345895978152
"S0059",76,2.00326506689935
"S0059",77,2.02095968311045
"S0059",78,2.04057364720763
"S0059",79,2.06540839009138
"S0059",80,2.09535654392909
"S0059",81,2.11579798244663
"S0059",82,2.13360054944104
"S0059",83,2.15255336583125
"S0059",84,2.17186605157277
"S0059",85,2.19032682626813
"S0059",86,2.2103354252851
"S0059",87,2.23410929997413
"S0059",88,2.26112776529045
"S0059",89,2.4218980309145
"S0059",90,2.71815373525596
"S0059",91,2.74681914126094
"S0059",92,2.80637850327036
"S0059",93,2.81148944048136
"S0059",94,2.82937954027998
"S0059",95,2.8370572477003
"S0059",96,2.85489295781626
"S0059",97,2.90524196501857
"S0059",98,2.91486358860092
"S0059",99,2.92436454989253
"S0059",100,2.93936040981714
"S0059",101,2.94409563622024
"S0059",102,2.95335449231488
"S0059",103,2.98103696185327
"S0059",104,3.00267994179173
"S0059",105,3.02815443323078
"S0059",106,3.05645199919048
"S0059",107,3.07422232652818
"S0059",108,3.11486447353848
"S0059",109,3.15284764798896
"S0059",110,3.17359107016308
"S0059",111,3.19208674084028
"S0059",112,3.22149488243097
"S0059",113,3.22584055104005
"S0059",114,3.23444488806151
"S0059",115,3.23855719406592
"S0059",116,3.2433569431146
"S0059",117,3.25104466334478
"S0059",118,3.25843899961483
"S0059",119,3.26459680312208
"S0059",120,3.26687044896764
"S0059",121,3.30077850783015
"S0059",122,3.32253158436199
"S0059",123,3.34602634147551
"S0059",124,3.36520257835147
"S0059",125,3.38359418191404
"S0059",126,3.40441537625494
"S0059",127,3.456200723424
"S0059",128,3.4807884316462
"S0059",129,3.50421515623002
"S0059",130,3.53583392985117
"S0059",131,3.5757162729301
"S0059",132,3.59198634481387
"S0059",133,3.59751321044519
"S0059",134,3.65215576817172
"S0059",135,3.74420261402273
"S0059",136,3.81317517478927
"S0059",137,3.88517208037116
"S0059",138,3.94545514013099
"S0059",139,4.03241304242839
"S0059",140,4.12761181728776
"S0059",141,4.21285305133985
"S0059",142,4.28752781669945
"S0059",143,4.3419469542578
"S0059",144,4.42638315289974
"S0059",145,4.51065475148302
"S0059",146,4.59439965787636
"S0059",147,4.66921371819229
"S0059",148,4.76383758100413
"S0059",149,5.24580185519729
"S0060",1,0
"S0060",2,0.0810865286955018
"S0060",3,0.219253088053841
"S0060",4,0.333524624403926
"S0060",5,0.449402560370917
"S0060",6,0.991744402966405
"S0060",7,1.14475746490612
"S0060",8,1.23205281522347
"S0060",9,1.35648636708357
"S0060",10,1.45339540497723
"S0060",11,1.66553514678518
"S0060",12,1.77128327879008
"S0060",13,1.99888437462957
"S0060",14,2.08641923551418
"S0060",15,2.17794773103733
"S0060",16,2.42640979446822
"S0060",17,2.52267721769325
"S0060",18,2.73473020870065
"S0060",19,2.80719671786326
"S0060",20,3.07468669814272
"S0060",21,3.22007498645966
"S0060",22,3.2927626701999
"S0060",23,3.36828328387094
"S0060",24,3.70137168441814
"S0060",25,4.04989819829071
"S0060",26,4.18975506653946
"S0060",27,4.33415213409062
"S0060",28,4.80889753413712
"S0060",29,4.86651137049006
"S0060",30,4.95518461209086
"S0060",31,5.08456444187276
"S0060",32,5.38216299397219
"S0060",33,5.4462726413098
"S0060",34,5.51296427145026
"S0060",35,5.59601807938631
"S0060",36,5.64107186285005
"S0060",37,5.68610219811988
"S0060",38,5.74445214606845
"S0060",39,6.06407151082018
"S0060",40,6.81511430443994
"S0060",41,7.14874953946231
"S0060",42,7.42316247485025
"S0060",43,7.69773113360676
"S0060",44,7.9907101274066
"S0060",45,8.43961933892089
"S0060",46,8.8066582163741
"S0060",47,9.13416707016979
"S0060",48,9.45555695051792
"S0060",49,13.8753775684023
"S0060",50,14.5154420118985
"S0060",51,14.940953501598
"S0060",52,15.127708147781
"S0060",53,15.32978906295
"S0060",54,15.7087599980697
"S0060",55,16.039751100986
"S0060",56,16.4226326825069
"S0060",57,16.7697612657381
"S0060",58,16.9861444554601
"S0060",59,17.2684703401767
"S0060",60,17.6701599059421
"S0060",61,18.0021327147379
"S0060",62,18.2581577571938
"S0060",63,18.5960014043941
"S0060",64,18.6795488342641
"S0060",65,18.7744638652104
"S0060",66,18.8432688135622
"S0060",67,19.0140345898779
"S0060",68,19.1780310034113
"S0060",69,19.4154389156998
"S0060",70,19.6783537944585
"S0060",71,19.9846101494146
"S0060",72,20.1942372292622
"S0060",73,20.5409765099954
"S0060",74,20.7552565118953
"S0060",75,21.1921859811422
"S0060",76,21.5484722083894
"S0060",77,21.7942254550745
"S0060",78,22.0435357854225
"S0060",79,22.3462195106287
"S0060",80,22.6862857278485
"S0060",81,23.1275284680243
"S0060",82,23.3635686974167
"S0060",83,23.5467565194514
"S0060",84,28.3724934051089
"S0060",85,28.536836658856
"S0060",86,28.7510241175509
"S0060",87,28.9550768285236
"S0060",88,29.1439441105229
"S0060",89,29.6466497181959
"S0060",90,29.9024662949385
"S0060",91,30.0286639921224
"S0060",92,30.1953753732395
"S0060",93,30.3831143624506
"S0060",94,30.7310788912833
"S0060",95,31.0109961713189
"S0060",96,31.2508305088201
"S0060",97,31.5019126002116
"S0060",98,31.6616837944492
"S0060",99,31.7069329543504
"S0060",100,31.7505385403699
"S0060",101,31.7842514050471
"S0060",102,31.8258936894644
"S0060",103,31.8665844789477
"S0060",104,31.9100801676732
"S0060",105,31.9540703457802
"S0060",106,32.0157711471587
"S0060",107,32.2730690465026
"S0060",108,32.4783669006653
"S0060",109,32.8532191891371
"S0060",110,33.3849845638265
"S0060",111,33.5744529111859
"S0060",112,33.7565020632539
"S0060",113,34.1888227645841
"S0060",114,34.417616710158
"S0060",115,34.6108615105135
"S0060",116,35.2239282241606
"S0060",117,35.6297653529216
"S0060",118,35.9245453587153
"S0060",119,36.8322626312509
"S0060",120,37.6981813144671
"S0060",121,38.1997983199302
"S0060",122,38.9813458942893
"S0060",123,39.5499570912378
"S0060",124,40.0857897909632
"S0060",125,40.7726256934192
"S0060",126,41.5709376025653
"S0060",127,42.9718479398684
"S0060",128,43.9593669711158
"S0060",129,44.5832154806139
"S0060",130,47.3758396464767
"S0060",131,50.4055542297097
