"Template_ID","Run_ID","Run_Ordinal","Start_u","End_u","Source_Type","Primary_Descriptor","State_Label","Event_Label","Pause_Subtype","Contextual_Separator_Label","Renewal_Family","Regularity_Regime","Tonic_Subtype","Burst_Strength_Stratum","Burst_Quota_ID","Component_Type","Component_Slot","RNG_Seed","RNG_Stream_Registry","Local_ISI_SHA256","Mean_ISI_Parameter_u","Gamma_Shape","Refractory_u","N_ISIs","Duration_u","Observed_Mean_ISI_u","CV","CV2","LV","Generation_Attempts","Sample_ID","Scale_Factor","B_s","Split","Start_s","End_s","Duration_s","Mean_ISI_Parameter_s","Refractory_s","Observed_Mean_ISI_s"
"TPL_001","TPL_001_RUN_001",1,0,11.8933117726839,"tonic_shifted_gamma_generic_stress","Tonic:generic_stress","Tonic","none","none","none","shifted_gamma","generic_stress","generic_stress","none","none","tonic","generic_stress_1",459801268,"point_process=459801268","f1db50f8cca366570dda46c86aad5fb3171f9383cb2c6fa4408971aead5a2a92",0.838208558922634,17.3829596880823,0.02,14,11.8933117726839,0.849522269477419,0.189176629587034,0.217835991177462,0.0503352156711561,1,"S0015",1,0.1,"development",0,1.18933117726839,1.18933117726839,0.0838208558922634,0.002,0.0849522269477419
"TPL_001","TPL_001_RUN_002",2,11.8933117726839,16.731096522745,"canonical_mechanism","Pause:canonical","none","Pause","canonical","none","explicit_gap","canonical","none","none","none","pause","canonical_1",1840854186,"point_process=1840854186","875ec3df6ad8c957a7db2511fdf9caec206a5ee72b04fe767f460c1379e8e7a5",4.83778475006111,,,1,4.83778475006111,4.83778475006111,0,0,0,1,"S0015",1,0.1,"development",1.18933117726839,1.6731096522745,0.483778475006111,0.483778475006111,,0.483778475006111
"TPL_001","TPL_001_RUN_003",3,16.731096522745,17.6424763036408,"background_shifted_gamma","Background","none","none","none","none","shifted_gamma","background","none","none","none","background","background_01",45771419,"point_process=45771419","f459c1ddd5080f8642153d19990b54b39b7056e6a55024f57c1f50584b039d83",0.648815531120636,2.77329765248578,0.02,1,0.911379780895854,0.911379780895854,0,0,0,1,"S0015",1,0.1,"development",1.6731096522745,1.76424763036408,0.0911379780895855,0.0648815531120636,0.002,0.0911379780895855
"TPL_001","TPL_001_RUN_004",4,17.6424763036408,18.0571513647342,"standalone_background_shifted_gamma","Burst","none","Burst","none","none","shifted_gamma","standalone_background","none","weak","BQ_001","burst","BQ_001",1502043162,"burst=13826521;hfs=343944577;hfs_shape=127257495;hfs_total=1338293292;nested_burst=871734943;nested_duration=950539081;nested_position=1578314333;point_process=1502043162","2130981f3880f48f635db5d24e6989a4be54333e9eef83b843ea36d4e1e782f0",0.682552669942379,4.42656836211681,0.02,3,0.414675061093326,0.138225020364442,0.107256597120917,0.0966618136872663,0.0104826634780996,2,"S0015",1,0.1,"development",1.76424763036408,1.80571513647342,0.0414675061093326,0.0682552669942379,0.002,0.0138225020364442
"TPL_001","TPL_001_RUN_005",5,18.0571513647342,18.619507071622,"contextual_gap_mechanism","Contextual_Separator","none","none","none","Contextual_Separator","explicit_gap","contextual_separator","none","none","none","contextual_separator","separator_1",460194801,"point_process=460194801","0663975a8fe5de01c8296cd32c45454947e7dd92c68bb34da514fb39fb5b23c3",0.562355706887834,,,1,0.562355706887834,0.562355706887834,0,0,0,1,"S0015",1,0.1,"development",1.80571513647342,1.8619507071622,0.0562355706887834,0.0562355706887834,,0.0562355706887834
"TPL_001","TPL_001_RUN_006",6,18.619507071622,19.0748320227762,"standalone_background_shifted_gamma","Burst","none","Burst","none","none","shifted_gamma","standalone_background","none","moderate","BQ_002","burst","BQ_002",478922285,"burst=374895855;hfs=1497785234;hfs_shape=253341315;hfs_total=648545561;nested_burst=104640256;nested_duration=297148968;nested_position=25436353;point_process=478922285","0105709a217885013c290b5dcd4c995a9b74caaa27fa40eee80fa5fc450aea1b",0.598365889047273,2.30635741576552,0.02,4,0.455324951154239,0.11383123778856,0.442079613093928,0.509147266584494,0.331352972455827,4,"S0015",1,0.1,"development",1.8619507071622,1.90748320227762,0.0455324951154239,0.0598365889047273,0.002,0.011383123778856
"TPL_001","TPL_001_RUN_007",7,19.0748320227762,25.9081149121717,"tonic_shifted_gamma_stn_like_empirical","Tonic:stn_like_empirical","Tonic","none","none","none","shifted_gamma","stn_like_empirical","stn_like_empirical","none","none","tonic","stn_like_empirical_2",1993145702,"point_process=1993145702","91aa0cefb2540ddaf4a1af5d0b418603416a64ada428c2a5ef8666f605b88f9e",0.425872288411483,73.9279026072472,0.02,16,6.83328288939545,0.427080180587216,0.0954584296329728,0.12469889569981,0.0159962800855511,1,"S0015",1,0.1,"development",1.90748320227762,2.59081149121717,0.683328288939545,0.0425872288411483,0.002,0.0427080180587216
"TPL_001","TPL_001_RUN_008",8,25.9081149121717,32.3424937257514,"complex_multi_gap_mechanism","Pause:complex_multi_gap","none","Pause","complex_multi_gap","none","explicit_gap","complex_multi_gap","none","none","none","pause","complex_multi_gap_2",541532883,"point_process=541532883","39406b1342c320da16737dbc67d6e7e963922d0fb8b1a4f646260e317431f2fb",2.14479293785989,,,3,6.43437881357968,2.14479293785989,0.0643875721950684,0.0607347002065881,0.00353563001415844,1,"S0015",1,0.1,"development",2.59081149121717,3.23424937257514,0.643437881357968,0.214479293785989,,0.214479293785989
"TPL_001","TPL_001_RUN_009",9,32.3424937257514,32.8102865536165,"standalone_background_shifted_gamma","Burst","none","Burst","none","none","shifted_gamma","standalone_background","none","strong","BQ_003","burst","BQ_003",1001180669,"burst=1283189825;hfs=706866497;hfs_shape=1069313536;hfs_total=1948730136;nested_burst=633658229;nested_duration=1631281519;nested_position=192703575;point_process=1001180669","bc9cb884a7d6f75839c3d4bf2a79c979bedefc060eba8e9d936609f113927b89",0.537251631799154,3.0743948854506,0.02,5,0.467792827865156,0.0935585655730313,0.511433714150953,0.693126570798879,0.428077404535268,1,"S0015",1,0.1,"development",3.23424937257514,3.28102865536165,0.0467792827865156,0.0537251631799154,0.002,0.00935585655730313
"TPL_001","TPL_001_RUN_010",10,32.8102865536165,37.021832241739,"broad_hfs_shifted_gamma","Broad_HFS","Broad_HFS","none","none","none","shifted_gamma","irregular","none","none","none","hfs","irregular_1",458217029,"point_process=458217029","6223ee299b34fc5841af1724eaa449ab07c1e54814686227c2a535b052c428df",0.199131448133849,1.39302199515514,0.02,23,4.21154568812246,0.183110682092281,0.724425125918456,0.955871014383057,0.824376992739366,2,"S0015",1,0.1,"development",3.28102865536165,3.7021832241739,0.421154568812246,0.0199131448133849,0.002,0.0183110682092281
"TPL_001","TPL_001_RUN_011",11,37.021832241739,39.5385751659494,"background_shifted_gamma","Background","none","none","none","none","shifted_gamma","background","none","none","none","background","background_02",1934144641,"point_process=1934144641","93af14505f03ae884e08a5b7341fd8efbc60fb23542cada4342722fd99920cf3",0.73405798706226,3.16261412610766,0.02,2,2.51674292421044,1.25837146210522,1.0556608371115,1.49292987310922,1.67162970451642,1,"S0015",1,0.1,"development",3.7021832241739,3.95385751659494,0.251674292421044,0.0734057987062261,0.002,0.125837146210522
"TPL_001","TPL_001_RUN_012",12,39.5385751659494,45.6157773277303,"broad_hfs_shifted_gamma","Burst","Broad_HFS","Burst","none","none","shifted_gamma","regular","none","weak","BQ_061","hfs_with_nested_burst","BQ_061",1970350167,"hfs_with_nested_burst=679724708;hfs=1897142262;hfs_shape=392630192;hfs_total=1722008556;nested_burst=652414163;nested_duration=1970539128;nested_position=473958239;point_process=1970350167","0437316e138baf511b3584325a9cf5dae88c01a6ebe156b7b037b961ad6dd7f5",0.21103762134444,7.44428947241977,0.02,34,6.07720216178088,0.178741240052379,0.490272008697929,0.313256184345717,0.14421010578455,51,"S0015",1,0.1,"development",3.95385751659494,4.56157773277303,0.607720216178088,0.021103762134444,0.002,0.0178741240052379
"TPL_001","TPL_001_RUN_013",13,45.6157773277303,49.0092463815165,"canonical_mechanism","Pause:canonical","none","Pause","canonical","none","explicit_gap","canonical","none","none","none","pause","canonical_3",449544970,"point_process=449544970","d8f5098321354f41c7bb2f6a972d18fb6e6313264a9a686f295925330c09c572",3.39346905378625,,,1,3.39346905378625,3.39346905378625,0,0,0,1,"S0015",1,0.1,"development",4.56157773277303,4.90092463815165,0.339346905378625,0.339346905378625,,0.339346905378625
"TPL_001","TPL_001_RUN_014",14,49.0092463815165,55.4215189590178,"broad_hfs_shifted_gamma","Burst","Broad_HFS","Burst","none","none","shifted_gamma","intermediate","none","moderate","BQ_062","hfs_with_nested_burst","BQ_062",742056740,"hfs_with_nested_burst=1166408932;hfs=1925907122;hfs_shape=1522174600;hfs_total=1342711254;nested_burst=1530127862;nested_duration=1825442245;nested_position=728168817;point_process=742056740","8674d0ef5c1ad68845867383d18eb222b7195c43f0045744e56b71d506d643b2",0.258682600390166,3.89285871800967,0.02,28,6.4122725775013,0.229009734910761,0.549340970749773,0.485265930219755,0.266641183538235,4,"S0015",1,0.1,"development",4.90092463815165,5.54215189590178,0.641227257750131,0.0258682600390166,0.002,0.0229009734910761
"TPL_001","TPL_001_RUN_001",1,0,11.8933117726839,"tonic_shifted_gamma_generic_stress","Tonic:generic_stress","Tonic","none","none","none","shifted_gamma","generic_stress","generic_stress","none","none","tonic","generic_stress_1",459801268,"point_process=459801268","f1db50f8cca366570dda46c86aad5fb3171f9383cb2c6fa4408971aead5a2a92",0.838208558922634,17.3829596880823,0.02,14,11.8933117726839,0.849522269477419,0.189176629587034,0.217835991177462,0.0503352156711561,1,"S0056",4,0.4,"development",0,4.75732470907355,4.75732470907355,0.335283423569053,0.008,0.339808907790968
"TPL_001","TPL_001_RUN_002",2,11.8933117726839,16.731096522745,"canonical_mechanism","Pause:canonical","none","Pause","canonical","none","explicit_gap","canonical","none","none","none","pause","canonical_1",1840854186,"point_process=1840854186","875ec3df6ad8c957a7db2511fdf9caec206a5ee72b04fe767f460c1379e8e7a5",4.83778475006111,,,1,4.83778475006111,4.83778475006111,0,0,0,1,"S0056",4,0.4,"development",4.75732470907355,6.69243860909799,1.93511390002444,1.93511390002444,,1.93511390002444
"TPL_001","TPL_001_RUN_003",3,16.731096522745,17.6424763036408,"background_shifted_gamma","Background","none","none","none","none","shifted_gamma","background","none","none","none","background","background_01",45771419,"point_process=45771419","f459c1ddd5080f8642153d19990b54b39b7056e6a55024f57c1f50584b039d83",0.648815531120636,2.77329765248578,0.02,1,0.911379780895854,0.911379780895854,0,0,0,1,"S0056",4,0.4,"development",6.69243860909799,7.05699052145633,0.364551912358342,0.259526212448254,0.008,0.364551912358342
"TPL_001","TPL_001_RUN_004",4,17.6424763036408,18.0571513647342,"standalone_background_shifted_gamma","Burst","none","Burst","none","none","shifted_gamma","standalone_background","none","weak","BQ_001","burst","BQ_001",1502043162,"burst=13826521;hfs=343944577;hfs_shape=127257495;hfs_total=1338293292;nested_burst=871734943;nested_duration=950539081;nested_position=1578314333;point_process=1502043162","2130981f3880f48f635db5d24e6989a4be54333e9eef83b843ea36d4e1e782f0",0.682552669942379,4.42656836211681,0.02,3,0.414675061093326,0.138225020364442,0.107256597120917,0.0966618136872663,0.0104826634780996,2,"S0056",4,0.4,"development",7.05699052145633,7.22286054589366,0.16587002443733,0.273021067976952,0.008,0.0552900081457768
"TPL_001","TPL_001_RUN_005",5,18.0571513647342,18.619507071622,"contextual_gap_mechanism","Contextual_Separator","none","none","none","Contextual_Separator","explicit_gap","contextual_separator","none","none","none","contextual_separator","separator_1",460194801,"point_process=460194801","0663975a8fe5de01c8296cd32c45454947e7dd92c68bb34da514fb39fb5b23c3",0.562355706887834,,,1,0.562355706887834,0.562355706887834,0,0,0,1,"S0056",4,0.4,"development",7.22286054589366,7.44780282864879,0.224942282755133,0.224942282755133,,0.224942282755133
"TPL_001","TPL_001_RUN_006",6,18.619507071622,19.0748320227762,"standalone_background_shifted_gamma","Burst","none","Burst","none","none","shifted_gamma","standalone_background","none","moderate","BQ_002","burst","BQ_002",478922285,"burst=374895855;hfs=1497785234;hfs_shape=253341315;hfs_total=648545561;nested_burst=104640256;nested_duration=297148968;nested_position=25436353;point_process=478922285","0105709a217885013c290b5dcd4c995a9b74caaa27fa40eee80fa5fc450aea1b",0.598365889047273,2.30635741576552,0.02,4,0.455324951154239,0.11383123778856,0.442079613093928,0.509147266584494,0.331352972455827,4,"S0056",4,0.4,"development",7.44780282864879,7.62993280911049,0.182129980461696,0.239346355618909,0.008,0.0455324951154239
"TPL_001","TPL_001_RUN_007",7,19.0748320227762,25.9081149121717,"tonic_shifted_gamma_stn_like_empirical","Tonic:stn_like_empirical","Tonic","none","none","none","shifted_gamma","stn_like_empirical","stn_like_empirical","none","none","tonic","stn_like_empirical_2",1993145702,"point_process=1993145702","91aa0cefb2540ddaf4a1af5d0b418603416a64ada428c2a5ef8666f605b88f9e",0.425872288411483,73.9279026072472,0.02,16,6.83328288939545,0.427080180587216,0.0954584296329728,0.12469889569981,0.0159962800855511,1,"S0056",4,0.4,"development",7.62993280911049,10.3632459648687,2.73331315575818,0.170348915364593,0.008,0.170832072234886
"TPL_001","TPL_001_RUN_008",8,25.9081149121717,32.3424937257514,"complex_multi_gap_mechanism","Pause:complex_multi_gap","none","Pause","complex_multi_gap","none","explicit_gap","complex_multi_gap","none","none","none","pause","complex_multi_gap_2",541532883,"point_process=541532883","39406b1342c320da16737dbc67d6e7e963922d0fb8b1a4f646260e317431f2fb",2.14479293785989,,,3,6.43437881357968,2.14479293785989,0.0643875721950684,0.0607347002065881,0.00353563001415844,1,"S0056",4,0.4,"development",10.3632459648687,12.9369974903005,2.57375152543187,0.857917175143957,,0.857917175143957
"TPL_001","TPL_001_RUN_009",9,32.3424937257514,32.8102865536165,"standalone_background_shifted_gamma","Burst","none","Burst","none","none","shifted_gamma","standalone_background","none","strong","BQ_003","burst","BQ_003",1001180669,"burst=1283189825;hfs=706866497;hfs_shape=1069313536;hfs_total=1948730136;nested_burst=633658229;nested_duration=1631281519;nested_position=192703575;point_process=1001180669","bc9cb884a7d6f75839c3d4bf2a79c979bedefc060eba8e9d936609f113927b89",0.537251631799154,3.0743948854506,0.02,5,0.467792827865156,0.0935585655730313,0.511433714150953,0.693126570798879,0.428077404535268,1,"S0056",4,0.4,"development",12.9369974903005,13.1241146214466,0.187117131146063,0.214900652719662,0.008,0.0374234262292125
"TPL_001","TPL_001_RUN_010",10,32.8102865536165,37.021832241739,"broad_hfs_shifted_gamma","Broad_HFS","Broad_HFS","none","none","none","shifted_gamma","irregular","none","none","none","hfs","irregular_1",458217029,"point_process=458217029","6223ee299b34fc5841af1724eaa449ab07c1e54814686227c2a535b052c428df",0.199131448133849,1.39302199515514,0.02,23,4.21154568812246,0.183110682092281,0.724425125918456,0.955871014383057,0.824376992739366,2,"S0056",4,0.4,"development",13.1241146214466,14.8087328966956,1.68461827524898,0.0796525792535395,0.008,0.0732442728369123
"TPL_001","TPL_001_RUN_011",11,37.021832241739,39.5385751659494,"background_shifted_gamma","Background","none","none","none","none","shifted_gamma","background","none","none","none","background","background_02",1934144641,"point_process=1934144641","93af14505f03ae884e08a5b7341fd8efbc60fb23542cada4342722fd99920cf3",0.73405798706226,3.16261412610766,0.02,2,2.51674292421044,1.25837146210522,1.0556608371115,1.49292987310922,1.67162970451642,1,"S0056",4,0.4,"development",14.8087328966956,15.8154300663798,1.00669716968418,0.293623194824904,0.008,0.503348584842088
"TPL_001","TPL_001_RUN_012",12,39.5385751659494,45.6157773277303,"broad_hfs_shifted_gamma","Burst","Broad_HFS","Burst","none","none","shifted_gamma","regular","none","weak","BQ_061","hfs_with_nested_burst","BQ_061",1970350167,"hfs_with_nested_burst=679724708;hfs=1897142262;hfs_shape=392630192;hfs_total=1722008556;nested_burst=652414163;nested_duration=1970539128;nested_position=473958239;point_process=1970350167","0437316e138baf511b3584325a9cf5dae88c01a6ebe156b7b037b961ad6dd7f5",0.21103762134444,7.44428947241977,0.02,34,6.07720216178088,0.178741240052379,0.490272008697929,0.313256184345717,0.14421010578455,51,"S0056",4,0.4,"development",15.8154300663798,18.2463109310921,2.43088086471235,0.0844150485377759,0.008,0.0714964960209515
"TPL_001","TPL_001_RUN_013",13,45.6157773277303,49.0092463815165,"canonical_mechanism","Pause:canonical","none","Pause","canonical","none","explicit_gap","canonical","none","none","none","pause","canonical_3",449544970,"point_process=449544970","d8f5098321354f41c7bb2f6a972d18fb6e6313264a9a686f295925330c09c572",3.39346905378625,,,1,3.39346905378625,3.39346905378625,0,0,0,1,"S0056",4,0.4,"development",18.2463109310921,19.6036985526066,1.3573876215145,1.3573876215145,,1.3573876215145
"TPL_001","TPL_001_RUN_014",14,49.0092463815165,55.4215189590178,"broad_hfs_shifted_gamma","Burst","Broad_HFS","Burst","none","none","shifted_gamma","intermediate","none","moderate","BQ_062","hfs_with_nested_burst","BQ_062",742056740,"hfs_with_nested_burst=1166408932;hfs=1925907122;hfs_shape=1522174600;hfs_total=1342711254;nested_burst=1530127862;nested_duration=1825442245;nested_position=728168817;point_process=742056740","8674d0ef5c1ad68845867383d18eb222b7195c43f0045744e56b71d506d643b2",0.258682600390166,3.89285871800967,0.02,28,6.4122725775013,0.229009734910761,0.549340970749773,0.485265930219755,0.266641183538235,4,"S0056",4,0.4,"development",19.6036985526066,22.1686075836071,2.56490903100052,0.103473040156066,0.008,0.0916038939643044
"TPL_001","TPL_001_RUN_001",1,0,11.8933117726839,"tonic_shifted_gamma_generic_stress","Tonic:generic_stress","Tonic","none","none","none","shifted_gamma","generic_stress","generic_stress","none","none","tonic","generic_stress_1",459801268,"point_process=459801268","f1db50f8cca366570dda46c86aad5fb3171f9383cb2c6fa4408971aead5a2a92",0.838208558922634,17.3829596880823,0.02,14,11.8933117726839,0.849522269477419,0.189176629587034,0.217835991177462,0.0503352156711561,1,"S0007",10,1,"development",0,11.8933117726839,11.8933117726839,0.838208558922634,0.02,0.849522269477419
"TPL_001","TPL_001_RUN_002",2,11.8933117726839,16.731096522745,"canonical_mechanism","Pause:canonical","none","Pause","canonical","none","explicit_gap","canonical","none","none","none","pause","canonical_1",1840854186,"point_process=1840854186","875ec3df6ad8c957a7db2511fdf9caec206a5ee72b04fe767f460c1379e8e7a5",4.83778475006111,,,1,4.83778475006111,4.83778475006111,0,0,0,1,"S0007",10,1,"development",11.8933117726839,16.731096522745,4.83778475006111,4.83778475006111,,4.83778475006111
"TPL_001","TPL_001_RUN_003",3,16.731096522745,17.6424763036408,"background_shifted_gamma","Background","none","none","none","none","shifted_gamma","background","none","none","none","background","background_01",45771419,"point_process=45771419","f459c1ddd5080f8642153d19990b54b39b7056e6a55024f57c1f50584b039d83",0.648815531120636,2.77329765248578,0.02,1,0.911379780895854,0.911379780895854,0,0,0,1,"S0007",10,1,"development",16.731096522745,17.6424763036408,0.911379780895854,0.648815531120636,0.02,0.911379780895854
"TPL_001","TPL_001_RUN_004",4,17.6424763036408,18.0571513647342,"standalone_background_shifted_gamma","Burst","none","Burst","none","none","shifted_gamma","standalone_background","none","weak","BQ_001","burst","BQ_001",1502043162,"burst=13826521;hfs=343944577;hfs_shape=127257495;hfs_total=1338293292;nested_burst=871734943;nested_duration=950539081;nested_position=1578314333;point_process=1502043162","2130981f3880f48f635db5d24e6989a4be54333e9eef83b843ea36d4e1e782f0",0.682552669942379,4.42656836211681,0.02,3,0.414675061093326,0.138225020364442,0.107256597120917,0.0966618136872663,0.0104826634780996,2,"S0007",10,1,"development",17.6424763036408,18.0571513647342,0.414675061093326,0.682552669942379,0.02,0.138225020364442
"TPL_001","TPL_001_RUN_005",5,18.0571513647342,18.619507071622,"contextual_gap_mechanism","Contextual_Separator","none","none","none","Contextual_Separator","explicit_gap","contextual_separator","none","none","none","contextual_separator","separator_1",460194801,"point_process=460194801","0663975a8fe5de01c8296cd32c45454947e7dd92c68bb34da514fb39fb5b23c3",0.562355706887834,,,1,0.562355706887834,0.562355706887834,0,0,0,1,"S0007",10,1,"development",18.0571513647342,18.619507071622,0.562355706887834,0.562355706887834,,0.562355706887834
"TPL_001","TPL_001_RUN_006",6,18.619507071622,19.0748320227762,"standalone_background_shifted_gamma","Burst","none","Burst","none","none","shifted_gamma","standalone_background","none","moderate","BQ_002","burst","BQ_002",478922285,"burst=374895855;hfs=1497785234;hfs_shape=253341315;hfs_total=648545561;nested_burst=104640256;nested_duration=297148968;nested_position=25436353;point_process=478922285","0105709a217885013c290b5dcd4c995a9b74caaa27fa40eee80fa5fc450aea1b",0.598365889047273,2.30635741576552,0.02,4,0.455324951154239,0.11383123778856,0.442079613093928,0.509147266584494,0.331352972455827,4,"S0007",10,1,"development",18.619507071622,19.0748320227762,0.455324951154239,0.598365889047273,0.02,0.11383123778856
"TPL_001","TPL_001_RUN_007",7,19.0748320227762,25.9081149121717,"tonic_shifted_gamma_stn_like_empirical","Tonic:stn_like_empirical","Tonic","none","none","none","shifted_gamma","stn_like_empirical","stn_like_empirical","none","none","tonic","stn_like_empirical_2",1993145702,"point_process=1993145702","91aa0cefb2540ddaf4a1af5d0b418603416a64ada428c2a5ef8666f605b88f9e",0.425872288411483,73.9279026072472,0.02,16,6.83328288939545,0.427080180587216,0.0954584296329728,0.12469889569981,0.0159962800855511,1,"S0007",10,1,"development",19.0748320227762,25.9081149121717,6.83328288939545,0.425872288411483,0.02,0.427080180587216
"TPL_001","TPL_001_RUN_008",8,25.9081149121717,32.3424937257514,"complex_multi_gap_mechanism","Pause:complex_multi_gap","none","Pause","complex_multi_gap","none","explicit_gap","complex_multi_gap","none","none","none","pause","complex_multi_gap_2",541532883,"point_process=541532883","39406b1342c320da16737dbc67d6e7e963922d0fb8b1a4f646260e317431f2fb",2.14479293785989,,,3,6.43437881357968,2.14479293785989,0.0643875721950684,0.0607347002065881,0.00353563001415844,1,"S0007",10,1,"development",25.9081149121717,32.3424937257514,6.43437881357968,2.14479293785989,,2.14479293785989
"TPL_001","TPL_001_RUN_009",9,32.3424937257514,32.8102865536165,"standalone_background_shifted_gamma","Burst","none","Burst","none","none","shifted_gamma","standalone_background","none","strong","BQ_003","burst","BQ_003",1001180669,"burst=1283189825;hfs=706866497;hfs_shape=1069313536;hfs_total=1948730136;nested_burst=633658229;nested_duration=1631281519;nested_position=192703575;point_process=1001180669","bc9cb884a7d6f75839c3d4bf2a79c979bedefc060eba8e9d936609f113927b89",0.537251631799154,3.0743948854506,0.02,5,0.467792827865156,0.0935585655730313,0.511433714150953,0.693126570798879,0.428077404535268,1,"S0007",10,1,"development",32.3424937257514,32.8102865536165,0.467792827865156,0.537251631799154,0.02,0.0935585655730313
"TPL_001","TPL_001_RUN_010",10,32.8102865536165,37.021832241739,"broad_hfs_shifted_gamma","Broad_HFS","Broad_HFS","none","none","none","shifted_gamma","irregular","none","none","none","hfs","irregular_1",458217029,"point_process=458217029","6223ee299b34fc5841af1724eaa449ab07c1e54814686227c2a535b052c428df",0.199131448133849,1.39302199515514,0.02,23,4.21154568812246,0.183110682092281,0.724425125918456,0.955871014383057,0.824376992739366,2,"S0007",10,1,"development",32.8102865536165,37.021832241739,4.21154568812246,0.199131448133849,0.02,0.183110682092281
"TPL_001","TPL_001_RUN_011",11,37.021832241739,39.5385751659494,"background_shifted_gamma","Background","none","none","none","none","shifted_gamma","background","none","none","none","background","background_02",1934144641,"point_process=1934144641","93af14505f03ae884e08a5b7341fd8efbc60fb23542cada4342722fd99920cf3",0.73405798706226,3.16261412610766,0.02,2,2.51674292421044,1.25837146210522,1.0556608371115,1.49292987310922,1.67162970451642,1,"S0007",10,1,"development",37.021832241739,39.5385751659494,2.51674292421044,0.73405798706226,0.02,1.25837146210522
"TPL_001","TPL_001_RUN_012",12,39.5385751659494,45.6157773277303,"broad_hfs_shifted_gamma","Burst","Broad_HFS","Burst","none","none","shifted_gamma","regular","none","weak","BQ_061","hfs_with_nested_burst","BQ_061",1970350167,"hfs_with_nested_burst=679724708;hfs=1897142262;hfs_shape=392630192;hfs_total=1722008556;nested_burst=652414163;nested_duration=1970539128;nested_position=473958239;point_process=1970350167","0437316e138baf511b3584325a9cf5dae88c01a6ebe156b7b037b961ad6dd7f5",0.21103762134444,7.44428947241977,0.02,34,6.07720216178088,0.178741240052379,0.490272008697929,0.313256184345717,0.14421010578455,51,"S0007",10,1,"development",39.5385751659494,45.6157773277303,6.07720216178088,0.21103762134444,0.02,0.178741240052379
"TPL_001","TPL_001_RUN_013",13,45.6157773277303,49.0092463815165,"canonical_mechanism","Pause:canonical","none","Pause","canonical","none","explicit_gap","canonical","none","none","none","pause","canonical_3",449544970,"point_process=449544970","d8f5098321354f41c7bb2f6a972d18fb6e6313264a9a686f295925330c09c572",3.39346905378625,,,1,3.39346905378625,3.39346905378625,0,0,0,1,"S0007",10,1,"development",45.6157773277303,49.0092463815165,3.39346905378625,3.39346905378625,,3.39346905378625
"TPL_001","TPL_001_RUN_014",14,49.0092463815165,55.4215189590178,"broad_hfs_shifted_gamma","Burst","Broad_HFS","Burst","none","none","shifted_gamma","intermediate","none","moderate","BQ_062","hfs_with_nested_burst","BQ_062",742056740,"hfs_with_nested_burst=1166408932;hfs=1925907122;hfs_shape=1522174600;hfs_total=1342711254;nested_burst=1530127862;nested_duration=1825442245;nested_position=728168817;point_process=742056740","8674d0ef5c1ad68845867383d18eb222b7195c43f0045744e56b71d506d643b2",0.258682600390166,3.89285871800967,0.02,28,6.4122725775013,0.229009734910761,0.549340970749773,0.485265930219755,0.266641183538235,4,"S0007",10,1,"development",49.0092463815165,55.4215189590178,6.4122725775013,0.258682600390166,0.02,0.229009734910761
"TPL_002","TPL_002_RUN_001",1,0,5.29445742582929,"broad_hfs_shifted_gamma","Broad_HFS","Broad_HFS","none","none","none","shifted_gamma","regular","none","none","none","hfs","regular_1",917130060,"point_process=917130060","880067df45c083b72a515e903d5f8d515e0c6486c8313b69f4527256ac78a789",0.186064923629165,11.9944697865285,0.02,28,5.29445742582929,0.189087765208189,0.223496007310492,0.3447713198605,0.131005783889844,1,"S0030",1,0.1,"development",0,0.529445742582929,0.529445742582929,0.0186064923629165,0.002,0.0189087765208189
"TPL_002","TPL_002_RUN_002",2,5.29445742582929,5.96551545889724,"standalone_background_shifted_gamma","Burst","none","Burst","none","none","shifted_gamma","standalone_background","none","weak","BQ_004","burst","BQ_004",1977022486,"burst=1452335188;hfs=1050072087;hfs_shape=1829000487;hfs_total=1521700386;nested_burst=1265971529;nested_duration=1537454322;nested_position=210232864;point_process=1977022486","7deafc4711288a60f1c9451cf45636a1795c0bb85b9d0bc1f3a5520604b1107a",0.518541040446144,1.98211105018854,0.02,6,0.671058033067952,0.111843005511325,0.484553252354529,0.496123674300587,0.286551305509608,4,"S0030",1,0.1,"development",0.529445742582929,0.596551545889724,0.0671058033067952,0.0518541040446144,0.002,0.0111843005511325
"TPL_002","TPL_002_RUN_003",3,5.96551545889724,6.5210678712089,"background_shifted_gamma","Background","none","none","none","none","shifted_gamma","background","none","none","none","background","background_01",2038055862,"point_process=2038055862","2b5ed2e4ec368e9f6651072f5a9359b1e64a770df889e1ff4bb7a701a1e87b1a",0.628229481063318,4.32961258443538,0.02,1,0.555552412311658,0.555552412311658,0,0,0,1,"S0030",1,0.1,"development",0.596551545889724,0.65210678712089,0.0555552412311658,0.0628229481063318,0.002,0.0555552412311658
"TPL_002","TPL_002_RUN_004",4,6.5210678712089,14.0706765640248,"broad_hfs_shifted_gamma","Burst","Broad_HFS","Burst","none","none","shifted_gamma","irregular","none","strong","BQ_064","hfs_with_nested_burst","BQ_064",714272307,"hfs_with_nested_burst=1542390632;hfs=1826243712;hfs_shape=42090879;hfs_total=1391965712;nested_burst=309052133;nested_duration=1284036659;nested_position=1147608685;point_process=714272307","ae8ab6d8c5828cfd547426c17102bea50f2aaa6f8d466db5b6ace5c7fee2453b",0.209748844350688,1.53397443986032,0.02,33,7.54960869281593,0.228776020994422,0.722796108755169,0.602568554066839,0.402611027920056,96,"S0030",1,0.1,"development",0.65210678712089,1.40706765640248,0.754960869281593,0.0209748844350688,0.002,0.0228776020994422
"TPL_002","TPL_002_RUN_005",5,14.0706765640248,14.7896974613872,"background_shifted_gamma","Background","none","none","none","none","shifted_gamma","background","none","none","none","background","background_02",1497526875,"point_process=1497526875","0ea3ada6c905f47206d55759acb1882d255f5cfcf9ddf7c6f9b903320129e258",0.576363968034275,2.20205356087536,0.02,2,0.719020897362332,0.359510448681166,0.846870275262922,1.19765542884746,1.07578389468584,1,"S0030",1,0.1,"development",1.40706765640248,1.47896974613872,0.0719020897362332,0.0576363968034275,0.002,0.0359510448681166
"TPL_002","TPL_002_RUN_006",6,14.7896974613872,20.9379864768168,"broad_hfs_shifted_gamma","Burst","Broad_HFS","Burst","none","none","shifted_gamma","intermediate","none","weak","BQ_063","hfs_with_nested_burst","BQ_063",621256141,"hfs_with_nested_burst=1666971397;hfs=1905090391;hfs_shape=524316490;hfs_total=1445736790;nested_burst=1457088572;nested_duration=1983612774;nested_position=2003546032;point_process=621256141","38a036f1a9221bd6db88a00134de7d59ec577855679a4db8ab0f5462f8714dfb",0.240889180484228,4.77644504932687,0.02,30,6.14828901542962,0.204942967180987,0.461523648172983,0.487073841754383,0.24187744675948,3,"S0030",1,0.1,"development",1.47896974613872,2.09379864768168,0.614828901542962,0.0240889180484228,0.002,0.0204942967180987
"TPL_002","TPL_002_RUN_007",7,20.9379864768168,25.5492993628034,"tonic_shifted_gamma_stn_like_empirical","Tonic:stn_like_empirical","Tonic","none","none","none","shifted_gamma","stn_like_empirical","stn_like_empirical","none","none","tonic","stn_like_empirical_1",343051092,"point_process=343051092","7ae56f68441d321c3cf1749d265f33e6c863edf0b754e5b56de27d975855749c",0.437289732834324,63.2727455860004,0.02,11,4.61131288598659,0.419210262362418,0.0762765171536837,0.0654090991048621,0.00594742970873216,1,"S0030",1,0.1,"development",2.09379864768168,2.55492993628034,0.461131288598659,0.0437289732834324,0.002,0.0419210262362418
"TPL_002","TPL_002_RUN_008",8,25.5492993628034,28.9540394112827,"canonical_mechanism","Pause:canonical","none","Pause","canonical","none","explicit_gap","canonical","none","none","none","pause","canonical_1",361853952,"point_process=361853952","8f19db25dca7d02e7e9bcb470427ceb63c38acd67639e9d4bb95c76525634419",3.40474004847929,,,1,3.40474004847929,3.40474004847929,0,0,0,1,"S0030",1,0.1,"development",2.55492993628034,2.89540394112827,0.340474004847929,0.340474004847929,,0.340474004847929
"TPL_002","TPL_002_RUN_009",9,28.9540394112827,29.8047026304599,"background_shifted_gamma","Background","none","none","none","none","shifted_gamma","background","none","none","none","background","background_03",1125835620,"point_process=1125835620","f03fb545799928136d6a0645fed4ed4b078f4a4da0a29bccc8f5cc417222df8a",0.686297306511551,3.98135405720677,0.02,3,0.850663219177214,0.283554406392405,0.290948785063157,0.49462481446687,0.190219495127162,1,"S0030",1,0.1,"development",2.89540394112827,2.98047026304599,0.0850663219177214,0.0686297306511551,0.002,0.0283554406392405
"TPL_002","TPL_002_RUN_010",10,29.8047026304599,33.1294997036528,"canonical_mechanism","Pause:canonical","none","Pause","canonical","none","explicit_gap","canonical","none","none","none","pause","canonical_2",1504495111,"point_process=1504495111","cde68bd796d95b0d3c0ff88ff16d61dbcfb0cd5d5a4ab377dbd92dc2631b5572",3.32479707319289,,,1,3.32479707319289,3.32479707319289,0,0,0,1,"S0030",1,0.1,"development",2.98047026304599,3.31294997036528,0.332479707319289,0.332479707319289,,0.332479707319289
"TPL_002","TPL_002_RUN_011",11,33.1294997036528,33.9432923620078,"standalone_background_shifted_gamma","Burst","none","Burst","none","none","shifted_gamma","standalone_background","none","moderate","BQ_005","burst","BQ_005",1428072886,"burst=1651305067;hfs=1370790560;hfs_shape=250444069;hfs_total=1198868374;nested_burst=664068535;nested_duration=1127957139;nested_position=2033124243;point_process=1428072886","125e5599ac1ee6d2d6eb9c62ce2d284edd33b8a4507fcffa4321240598b36f1c",0.621997269894928,4.62585191503167,0.02,7,0.813792658355071,0.116256094050724,0.195608179983591,0.155785466744916,0.0356325645322785,11,"S0030",1,0.1,"development",3.31294997036528,3.39432923620078,0.0813792658355071,0.0621997269894928,0.002,0.0116256094050724
"TPL_002","TPL_002_RUN_012",12,33.9432923620078,34.5681296938542,"contextual_gap_mechanism","Contextual_Separator","none","none","none","Contextual_Separator","explicit_gap","contextual_separator","none","none","none","contextual_separator","separator_1",920149652,"point_process=920149652","bcdb315279d55c0de0bc43d6bdc2e03aadeb825ad8d4ae5d945e345a4dba6af0",0.624837331846356,,,1,0.624837331846356,0.624837331846356,0,0,0,1,"S0030",1,0.1,"development",3.39432923620078,3.45681296938542,0.0624837331846356,0.0624837331846356,,0.0624837331846356
"TPL_002","TPL_002_RUN_013",13,34.5681296938542,35.2758776137182,"standalone_background_shifted_gamma","Burst","none","Burst","none","none","shifted_gamma","standalone_background","none","strong","BQ_006","burst","BQ_006",2091255289,"burst=555474500;hfs=609665860;hfs_shape=1053078805;hfs_total=1192429247;nested_burst=1992768886;nested_duration=106760698;nested_position=2139608412;point_process=2091255289","ae5aadc9dc58a84f8420f80356bc75c238042135bec63c4fc6335c168a41a12c",0.596870738698635,3.18975241780281,0.02,8,0.707747919863991,0.0884684899829988,0.327007239202124,0.464802557820622,0.202671299655527,4,"S0030",1,0.1,"development",3.45681296938542,3.52758776137182,0.0707747919863991,0.0596870738698635,0.002,0.00884684899829988
"TPL_002","TPL_002_RUN_014",14,35.2758776137182,36.8823311774658,"background_shifted_gamma","Background","none","none","none","none","shifted_gamma","background","none","none","none","background","background_04",1379269302,"point_process=1379269302","c5a7eb0d4b76560fdf89ac83ab40dfb3e02bbb2c0082b247a8d9f6f8e1b395a7",0.781799056753516,3.68640520679764,0.02,2,1.60645356374757,0.803226781873786,0.90360170298156,1.27788578333995,1.22474405644676,1,"S0030",1,0.1,"development",3.52758776137182,3.68823311774658,0.160645356374757,0.0781799056753516,0.002,0.0803226781873786
"TPL_002","TPL_002_RUN_015",15,36.8823311774658,52.1441900267807,"tonic_shifted_gamma_generic_stress","Tonic:generic_stress","Tonic","none","none","none","shifted_gamma","generic_stress","generic_stress","none","none","tonic","generic_stress_2",1038350959,"point_process=1038350959","78be5a5b79685adefce15c2a2db1f9745ad3e426095cd07ea0ce4ea09a2c6d0e",0.962867005751468,29.0323241064325,0.02,17,15.2618588493149,0.897756402900876,0.194628482509664,0.249501574782949,0.0669345141293446,1,"S0030",1,0.1,"development",3.68823311774658,5.21441900267807,1.52618588493149,0.0962867005751468,0.002,0.0897756402900876
"TPL_002","TPL_002_RUN_001",1,0,5.29445742582929,"broad_hfs_shifted_gamma","Broad_HFS","Broad_HFS","none","none","none","shifted_gamma","regular","none","none","none","hfs","regular_1",917130060,"point_process=917130060","880067df45c083b72a515e903d5f8d515e0c6486c8313b69f4527256ac78a789",0.186064923629165,11.9944697865285,0.02,28,5.29445742582929,0.189087765208189,0.223496007310492,0.3447713198605,0.131005783889844,1,"S0006",4,0.4,"development",0,2.11778297033172,2.11778297033172,0.0744259694516659,0.008,0.0756351060832756
"TPL_002","TPL_002_RUN_002",2,5.29445742582929,5.96551545889724,"standalone_background_shifted_gamma","Burst","none","Burst","none","none","shifted_gamma","standalone_background","none","weak","BQ_004","burst","BQ_004",1977022486,"burst=1452335188;hfs=1050072087;hfs_shape=1829000487;hfs_total=1521700386;nested_burst=1265971529;nested_duration=1537454322;nested_position=210232864;point_process=1977022486","7deafc4711288a60f1c9451cf45636a1795c0bb85b9d0bc1f3a5520604b1107a",0.518541040446144,1.98211105018854,0.02,6,0.671058033067952,0.111843005511325,0.484553252354529,0.496123674300587,0.286551305509608,4,"S0006",4,0.4,"development",2.11778297033172,2.3862061835589,0.268423213227181,0.207416416178457,0.008,0.0447372022045301
"TPL_002","TPL_002_RUN_003",3,5.96551545889724,6.5210678712089,"background_shifted_gamma","Background","none","none","none","none","shifted_gamma","background","none","none","none","background","background_01",2038055862,"point_process=2038055862","2b5ed2e4ec368e9f6651072f5a9359b1e64a770df889e1ff4bb7a701a1e87b1a",0.628229481063318,4.32961258443538,0.02,1,0.555552412311658,0.555552412311658,0,0,0,1,"S0006",4,0.4,"development",2.3862061835589,2.60842714848356,0.222220964924663,0.251291792425327,0.008,0.222220964924663
"TPL_002","TPL_002_RUN_004",4,6.5210678712089,14.0706765640248,"broad_hfs_shifted_gamma","Burst","Broad_HFS","Burst","none","none","shifted_gamma","irregular","none","strong","BQ_064","hfs_with_nested_burst","BQ_064",714272307,"hfs_with_nested_burst=1542390632;hfs=1826243712;hfs_shape=42090879;hfs_total=1391965712;nested_burst=309052133;nested_duration=1284036659;nested_position=1147608685;point_process=714272307","ae8ab6d8c5828cfd547426c17102bea50f2aaa6f8d466db5b6ace5c7fee2453b",0.209748844350688,1.53397443986032,0.02,33,7.54960869281593,0.228776020994422,0.722796108755169,0.602568554066839,0.402611027920056,96,"S0006",4,0.4,"development",2.60842714848356,5.62827062560993,3.01984347712637,0.0838995377402753,0.008,0.0915104083977688
"TPL_002","TPL_002_RUN_005",5,14.0706765640248,14.7896974613872,"background_shifted_gamma","Background","none","none","none","none","shifted_gamma","background","none","none","none","background","background_02",1497526875,"point_process=1497526875","0ea3ada6c905f47206d55759acb1882d255f5cfcf9ddf7c6f9b903320129e258",0.576363968034275,2.20205356087536,0.02,2,0.719020897362332,0.359510448681166,0.846870275262922,1.19765542884746,1.07578389468584,1,"S0006",4,0.4,"development",5.62827062560993,5.91587898455486,0.287608358944933,0.23054558721371,0.008,0.143804179472466
"TPL_002","TPL_002_RUN_006",6,14.7896974613872,20.9379864768168,"broad_hfs_shifted_gamma","Burst","Broad_HFS","Burst","none","none","shifted_gamma","intermediate","none","weak","BQ_063","hfs_with_nested_burst","BQ_063",621256141,"hfs_with_nested_burst=1666971397;hfs=1905090391;hfs_shape=524316490;hfs_total=1445736790;nested_burst=1457088572;nested_duration=1983612774;nested_position=2003546032;point_process=621256141","38a036f1a9221bd6db88a00134de7d59ec577855679a4db8ab0f5462f8714dfb",0.240889180484228,4.77644504932687,0.02,30,6.14828901542962,0.204942967180987,0.461523648172983,0.487073841754383,0.24187744675948,3,"S0006",4,0.4,"development",5.91587898455486,8.37519459072671,2.45931560617185,0.0963556721936911,0.008,0.081977186872395
"TPL_002","TPL_002_RUN_007",7,20.9379864768168,25.5492993628034,"tonic_shifted_gamma_stn_like_empirical","Tonic:stn_like_empirical","Tonic","none","none","none","shifted_gamma","stn_like_empirical","stn_like_empirical","none","none","tonic","stn_like_empirical_1",343051092,"point_process=343051092","7ae56f68441d321c3cf1749d265f33e6c863edf0b754e5b56de27d975855749c",0.437289732834324,63.2727455860004,0.02,11,4.61131288598659,0.419210262362418,0.0762765171536837,0.0654090991048621,0.00594742970873216,1,"S0006",4,0.4,"development",8.37519459072671,10.2197197451214,1.84452515439464,0.17491589313373,0.008,0.167684104944967
"TPL_002","TPL_002_RUN_008",8,25.5492993628034,28.9540394112827,"canonical_mechanism","Pause:canonical","none","Pause","canonical","none","explicit_gap","canonical","none","none","none","pause","canonical_1",361853952,"point_process=361853952","8f19db25dca7d02e7e9bcb470427ceb63c38acd67639e9d4bb95c76525634419",3.40474004847929,,,1,3.40474004847929,3.40474004847929,0,0,0,1,"S0006",4,0.4,"development",10.2197197451214,11.5816157645131,1.36189601939172,1.36189601939172,,1.36189601939172
"TPL_002","TPL_002_RUN_009",9,28.9540394112827,29.8047026304599,"background_shifted_gamma","Background","none","none","none","none","shifted_gamma","background","none","none","none","background","background_03",1125835620,"point_process=1125835620","f03fb545799928136d6a0645fed4ed4b078f4a4da0a29bccc8f5cc417222df8a",0.686297306511551,3.98135405720677,0.02,3,0.850663219177214,0.283554406392405,0.290948785063157,0.49462481446687,0.190219495127162,1,"S0006",4,0.4,"development",11.5816157645131,11.921881052184,0.340265287670885,0.27451892260462,0.008,0.113421762556962
"TPL_002","TPL_002_RUN_010",10,29.8047026304599,33.1294997036528,"canonical_mechanism","Pause:canonical","none","Pause","canonical","none","explicit_gap","canonical","none","none","none","pause","canonical_2",1504495111,"point_process=1504495111","cde68bd796d95b0d3c0ff88ff16d61dbcfb0cd5d5a4ab377dbd92dc2631b5572",3.32479707319289,,,1,3.32479707319289,3.32479707319289,0,0,0,1,"S0006",4,0.4,"development",11.921881052184,13.2517998814611,1.32991882927716,1.32991882927716,,1.32991882927716
"TPL_002","TPL_002_RUN_011",11,33.1294997036528,33.9432923620078,"standalone_background_shifted_gamma","Burst","none","Burst","none","none","shifted_gamma","standalone_background","none","moderate","BQ_005","burst","BQ_005",1428072886,"burst=1651305067;hfs=1370790560;hfs_shape=250444069;hfs_total=1198868374;nested_burst=664068535;nested_duration=1127957139;nested_position=2033124243;point_process=1428072886","125e5599ac1ee6d2d6eb9c62ce2d284edd33b8a4507fcffa4321240598b36f1c",0.621997269894928,4.62585191503167,0.02,7,0.813792658355071,0.116256094050724,0.195608179983591,0.155785466744916,0.0356325645322785,11,"S0006",4,0.4,"development",13.2517998814611,13.5773169448031,0.325517063342029,0.248798907957971,0.008,0.0465024376202898
"TPL_002","TPL_002_RUN_012",12,33.9432923620078,34.5681296938542,"contextual_gap_mechanism","Contextual_Separator","none","none","none","Contextual_Separator","explicit_gap","contextual_separator","none","none","none","contextual_separator","separator_1",920149652,"point_process=920149652","bcdb315279d55c0de0bc43d6bdc2e03aadeb825ad8d4ae5d945e345a4dba6af0",0.624837331846356,,,1,0.624837331846356,0.624837331846356,0,0,0,1,"S0006",4,0.4,"development",13.5773169448031,13.8272518775417,0.249934932738543,0.249934932738543,,0.249934932738543
"TPL_002","TPL_002_RUN_013",13,34.5681296938542,35.2758776137182,"standalone_background_shifted_gamma","Burst","none","Burst","none","none","shifted_gamma","standalone_background","none","strong","BQ_006","burst","BQ_006",2091255289,"burst=555474500;hfs=609665860;hfs_shape=1053078805;hfs_total=1192429247;nested_burst=1992768886;nested_duration=106760698;nested_position=2139608412;point_process=2091255289","ae5aadc9dc58a84f8420f80356bc75c238042135bec63c4fc6335c168a41a12c",0.596870738698635,3.18975241780281,0.02,8,0.707747919863991,0.0884684899829988,0.327007239202124,0.464802557820622,0.202671299655527,4,"S0006",4,0.4,"development",13.8272518775417,14.1103510454873,0.283099167945596,0.238748295479454,0.008,0.0353873959931995
"TPL_002","TPL_002_RUN_014",14,35.2758776137182,36.8823311774658,"background_shifted_gamma","Background","none","none","none","none","shifted_gamma","background","none","none","none","background","background_04",1379269302,"point_process=1379269302","c5a7eb0d4b76560fdf89ac83ab40dfb3e02bbb2c0082b247a8d9f6f8e1b395a7",0.781799056753516,3.68640520679764,0.02,2,1.60645356374757,0.803226781873786,0.90360170298156,1.27788578333995,1.22474405644676,1,"S0006",4,0.4,"development",14.1103510454873,14.7529324709863,0.642581425499029,0.312719622701407,0.008,0.321290712749515
"TPL_002","TPL_002_RUN_015",15,36.8823311774658,52.1441900267807,"tonic_shifted_gamma_generic_stress","Tonic:generic_stress","Tonic","none","none","none","shifted_gamma","generic_stress","generic_stress","none","none","tonic","generic_stress_2",1038350959,"point_process=1038350959","78be5a5b79685adefce15c2a2db1f9745ad3e426095cd07ea0ce4ea09a2c6d0e",0.962867005751468,29.0323241064325,0.02,17,15.2618588493149,0.897756402900876,0.194628482509664,0.249501574782949,0.0669345141293446,1,"S0006",4,0.4,"development",14.7529324709863,20.8576760107123,6.10474353972596,0.385146802300587,0.008,0.359102561160351
"TPL_002","TPL_002_RUN_001",1,0,5.29445742582929,"broad_hfs_shifted_gamma","Broad_HFS","Broad_HFS","none","none","none","shifted_gamma","regular","none","none","none","hfs","regular_1",917130060,"point_process=917130060","880067df45c083b72a515e903d5f8d515e0c6486c8313b69f4527256ac78a789",0.186064923629165,11.9944697865285,0.02,28,5.29445742582929,0.189087765208189,0.223496007310492,0.3447713198605,0.131005783889844,1,"S0044",10,1,"development",0,5.29445742582929,5.29445742582929,0.186064923629165,0.02,0.189087765208189
"TPL_002","TPL_002_RUN_002",2,5.29445742582929,5.96551545889724,"standalone_background_shifted_gamma","Burst","none","Burst","none","none","shifted_gamma","standalone_background","none","weak","BQ_004","burst","BQ_004",1977022486,"burst=1452335188;hfs=1050072087;hfs_shape=1829000487;hfs_total=1521700386;nested_burst=1265971529;nested_duration=1537454322;nested_position=210232864;point_process=1977022486","7deafc4711288a60f1c9451cf45636a1795c0bb85b9d0bc1f3a5520604b1107a",0.518541040446144,1.98211105018854,0.02,6,0.671058033067952,0.111843005511325,0.484553252354529,0.496123674300587,0.286551305509608,4,"S0044",10,1,"development",5.29445742582929,5.96551545889724,0.671058033067952,0.518541040446144,0.02,0.111843005511325
"TPL_002","TPL_002_RUN_003",3,5.96551545889724,6.5210678712089,"background_shifted_gamma","Background","none","none","none","none","shifted_gamma","background","none","none","none","background","background_01",2038055862,"point_process=2038055862","2b5ed2e4ec368e9f6651072f5a9359b1e64a770df889e1ff4bb7a701a1e87b1a",0.628229481063318,4.32961258443538,0.02,1,0.555552412311658,0.555552412311658,0,0,0,1,"S0044",10,1,"development",5.96551545889724,6.5210678712089,0.555552412311658,0.628229481063318,0.02,0.555552412311658
"TPL_002","TPL_002_RUN_004",4,6.5210678712089,14.0706765640248,"broad_hfs_shifted_gamma","Burst","Broad_HFS","Burst","none","none","shifted_gamma","irregular","none","strong","BQ_064","hfs_with_nested_burst","BQ_064",714272307,"hfs_with_nested_burst=1542390632;hfs=1826243712;hfs_shape=42090879;hfs_total=1391965712;nested_burst=309052133;nested_duration=1284036659;nested_position=1147608685;point_process=714272307","ae8ab6d8c5828cfd547426c17102bea50f2aaa6f8d466db5b6ace5c7fee2453b",0.209748844350688,1.53397443986032,0.02,33,7.54960869281593,0.228776020994422,0.722796108755169,0.602568554066839,0.402611027920056,96,"S0044",10,1,"development",6.5210678712089,14.0706765640248,7.54960869281593,0.209748844350688,0.02,0.228776020994422
"TPL_002","TPL_002_RUN_005",5,14.0706765640248,14.7896974613872,"background_shifted_gamma","Background","none","none","none","none","shifted_gamma","background","none","none","none","background","background_02",1497526875,"point_process=1497526875","0ea3ada6c905f47206d55759acb1882d255f5cfcf9ddf7c6f9b903320129e258",0.576363968034275,2.20205356087536,0.02,2,0.719020897362332,0.359510448681166,0.846870275262922,1.19765542884746,1.07578389468584,1,"S0044",10,1,"development",14.0706765640248,14.7896974613872,0.719020897362332,0.576363968034275,0.02,0.359510448681166
"TPL_002","TPL_002_RUN_006",6,14.7896974613872,20.9379864768168,"broad_hfs_shifted_gamma","Burst","Broad_HFS","Burst","none","none","shifted_gamma","intermediate","none","weak","BQ_063","hfs_with_nested_burst","BQ_063",621256141,"hfs_with_nested_burst=1666971397;hfs=1905090391;hfs_shape=524316490;hfs_total=1445736790;nested_burst=1457088572;nested_duration=1983612774;nested_position=2003546032;point_process=621256141","38a036f1a9221bd6db88a00134de7d59ec577855679a4db8ab0f5462f8714dfb",0.240889180484228,4.77644504932687,0.02,30,6.14828901542962,0.204942967180987,0.461523648172983,0.487073841754383,0.24187744675948,3,"S0044",10,1,"development",14.7896974613872,20.9379864768168,6.14828901542962,0.240889180484228,0.02,0.204942967180987
"TPL_002","TPL_002_RUN_007",7,20.9379864768168,25.5492993628034,"tonic_shifted_gamma_stn_like_empirical","Tonic:stn_like_empirical","Tonic","none","none","none","shifted_gamma","stn_like_empirical","stn_like_empirical","none","none","tonic","stn_like_empirical_1",343051092,"point_process=343051092","7ae56f68441d321c3cf1749d265f33e6c863edf0b754e5b56de27d975855749c",0.437289732834324,63.2727455860004,0.02,11,4.61131288598659,0.419210262362418,0.0762765171536837,0.0654090991048621,0.00594742970873216,1,"S0044",10,1,"development",20.9379864768168,25.5492993628034,4.61131288598659,0.437289732834324,0.02,0.419210262362418
"TPL_002","TPL_002_RUN_008",8,25.5492993628034,28.9540394112827,"canonical_mechanism","Pause:canonical","none","Pause","canonical","none","explicit_gap","canonical","none","none","none","pause","canonical_1",361853952,"point_process=361853952","8f19db25dca7d02e7e9bcb470427ceb63c38acd67639e9d4bb95c76525634419",3.40474004847929,,,1,3.40474004847929,3.40474004847929,0,0,0,1,"S0044",10,1,"development",25.5492993628034,28.9540394112827,3.40474004847929,3.40474004847929,,3.40474004847929
"TPL_002","TPL_002_RUN_009",9,28.9540394112827,29.8047026304599,"background_shifted_gamma","Background","none","none","none","none","shifted_gamma","background","none","none","none","background","background_03",1125835620,"point_process=1125835620","f03fb545799928136d6a0645fed4ed4b078f4a4da0a29bccc8f5cc417222df8a",0.686297306511551,3.98135405720677,0.02,3,0.850663219177214,0.283554406392405,0.290948785063157,0.49462481446687,0.190219495127162,1,"S0044",10,1,"development",28.9540394112827,29.8047026304599,0.850663219177214,0.686297306511551,0.02,0.283554406392405
"TPL_002","TPL_002_RUN_010",10,29.8047026304599,33.1294997036528,"canonical_mechanism","Pause:canonical","none","Pause","canonical","none","explicit_gap","canonical","none","none","none","pause","canonical_2",1504495111,"point_process=1504495111","cde68bd796d95b0d3c0ff88ff16d61dbcfb0cd5d5a4ab377dbd92dc2631b5572",3.32479707319289,,,1,3.32479707319289,3.32479707319289,0,0,0,1,"S0044",10,1,"development",29.8047026304599,33.1294997036528,3.32479707319289,3.32479707319289,,3.32479707319289
"TPL_002","TPL_002_RUN_011",11,33.1294997036528,33.9432923620078,"standalone_background_shifted_gamma","Burst","none","Burst","none","none","shifted_gamma","standalone_background","none","moderate","BQ_005","burst","BQ_005",1428072886,"burst=1651305067;hfs=1370790560;hfs_shape=250444069;hfs_total=1198868374;nested_burst=664068535;nested_duration=1127957139;nested_position=2033124243;point_process=1428072886","125e5599ac1ee6d2d6eb9c62ce2d284edd33b8a4507fcffa4321240598b36f1c",0.621997269894928,4.62585191503167,0.02,7,0.813792658355071,0.116256094050724,0.195608179983591,0.155785466744916,0.0356325645322785,11,"S0044",10,1,"development",33.1294997036528,33.9432923620078,0.813792658355071,0.621997269894928,0.02,0.116256094050724
"TPL_002","TPL_002_RUN_012",12,33.9432923620078,34.5681296938542,"contextual_gap_mechanism","Contextual_Separator","none","none","none","Contextual_Separator","explicit_gap","contextual_separator","none","none","none","contextual_separator","separator_1",920149652,"point_process=920149652","bcdb315279d55c0de0bc43d6bdc2e03aadeb825ad8d4ae5d945e345a4dba6af0",0.624837331846356,,,1,0.624837331846356,0.624837331846356,0,0,0,1,"S0044",10,1,"development",33.9432923620078,34.5681296938542,0.624837331846356,0.624837331846356,,0.624837331846356
"TPL_002","TPL_002_RUN_013",13,34.5681296938542,35.2758776137182,"standalone_background_shifted_gamma","Burst","none","Burst","none","none","shifted_gamma","standalone_background","none","strong","BQ_006","burst","BQ_006",2091255289,"burst=555474500;hfs=609665860;hfs_shape=1053078805;hfs_total=1192429247;nested_burst=1992768886;nested_duration=106760698;nested_position=2139608412;point_process=2091255289","ae5aadc9dc58a84f8420f80356bc75c238042135bec63c4fc6335c168a41a12c",0.596870738698635,3.18975241780281,0.02,8,0.707747919863991,0.0884684899829988,0.327007239202124,0.464802557820622,0.202671299655527,4,"S0044",10,1,"development",34.5681296938542,35.2758776137182,0.707747919863991,0.596870738698635,0.02,0.0884684899829988
"TPL_002","TPL_002_RUN_014",14,35.2758776137182,36.8823311774658,"background_shifted_gamma","Background","none","none","none","none","shifted_gamma","background","none","none","none","background","background_04",1379269302,"point_process=1379269302","c5a7eb0d4b76560fdf89ac83ab40dfb3e02bbb2c0082b247a8d9f6f8e1b395a7",0.781799056753516,3.68640520679764,0.02,2,1.60645356374757,0.803226781873786,0.90360170298156,1.27788578333995,1.22474405644676,1,"S0044",10,1,"development",35.2758776137182,36.8823311774658,1.60645356374757,0.781799056753516,0.02,0.803226781873786
"TPL_002","TPL_002_RUN_015",15,36.8823311774658,52.1441900267807,"tonic_shifted_gamma_generic_stress","Tonic:generic_stress","Tonic","none","none","none","shifted_gamma","generic_stress","generic_stress","none","none","tonic","generic_stress_2",1038350959,"point_process=1038350959","78be5a5b79685adefce15c2a2db1f9745ad3e426095cd07ea0ce4ea09a2c6d0e",0.962867005751468,29.0323241064325,0.02,17,15.2618588493149,0.897756402900876,0.194628482509664,0.249501574782949,0.0669345141293446,1,"S0044",10,1,"development",36.8823311774658,52.1441900267807,15.2618588493149,0.962867005751468,0.02,0.897756402900876
"TPL_003","TPL_003_RUN_001",1,0,6.13691478637606,"broad_hfs_shifted_gamma","Burst","Broad_HFS","Burst","none","none","shifted_gamma","irregular","none","moderate","BQ_065","hfs_with_nested_burst","BQ_065",1536902375,"hfs_with_nested_burst=108952955;hfs=801422931;hfs_shape=1064209461;hfs_total=1410748138;nested_burst=1595552752;nested_duration=364094809;nested_position=1146912821;point_process=1536902375","a8c9c3ae223a6eefaab4223826e827f417037ec3395c3ce0d1ed286e3d240069",0.240267782802694,1.683004309237,0.02,26,6.13691478637606,0.236035184091387,0.613807611651865,0.568348691065084,0.389342768876497,37,"S0058",1,0.1,"development",0,0.613691478637606,0.613691478637606,0.0240267782802694,0.002,0.0236035184091387
"TPL_003","TPL_003_RUN_002",2,6.13691478637606,10.9380444190986,"canonical_mechanism","Pause:canonical","none","Pause","canonical","none","explicit_gap","canonical","none","none","none","pause","canonical_1",354554863,"point_process=354554863","372bea4b4974e62bee09811f20be8c5513712ef2ed5f29d401e69960b2f05b1e",4.80112963272259,,,1,4.80112963272259,4.80112963272259,0,0,0,1,"S0058",1,0.1,"development",0.613691478637606,1.09380444190986,0.480112963272259,0.480112963272259,,0.480112963272259
"TPL_003","TPL_003_RUN_003",3,10.9380444190986,19.6772632868459,"broad_hfs_shifted_gamma","Burst","Broad_HFS","Burst","none","none","shifted_gamma","regular","none","strong","BQ_066","hfs_with_nested_burst","BQ_066",787752475,"hfs_with_nested_burst=489338578;hfs=1033193807;hfs_shape=865925505;hfs_total=974587343;nested_burst=1383983802;nested_duration=415367387;nested_position=495600434;point_process=787752475","3712dd1868b99542cbb32828fa5b3e7053fd878638545392726c33fc309e66a3",0.287067122259177,8.53394838469103,0.02,34,8.73921886774725,0.25703584905139,0.59480634062125,0.37713550952756,0.169562495515678,27,"S0058",1,0.1,"development",1.09380444190986,1.96772632868459,0.873921886774725,0.0287067122259177,0.002,0.025703584905139
"TPL_003","TPL_003_RUN_004",4,19.6772632868459,30.8286323828563,"tonic_shifted_gamma_generic_stress","Tonic:generic_stress","Tonic","none","none","none","shifted_gamma","generic_stress","generic_stress","none","none","tonic","generic_stress_1",1619816389,"point_process=1619816389","8e429a3fbcaccb2d9c036421c6e8db62a2209cb93ad71c8081e0200aad1000c9",0.88803278998239,26.586092567537,0.02,13,11.1513690960104,0.857797622770034,0.233131653610148,0.177465773440724,0.0346156861135627,1,"S0058",1,0.1,"development",1.96772632868459,3.08286323828563,1.11513690960104,0.088803278998239,0.002,0.0857797622770034
"TPL_003","TPL_003_RUN_005",5,30.8286323828563,33.8596064784505,"canonical_mechanism","Pause:canonical","none","Pause","canonical","none","explicit_gap","canonical","none","none","none","pause","canonical_2",789737136,"point_process=789737136","09c6d2955cf3b95269a7618ef55552b846cdcc1ab524e297e51b55f8ac9b83ff",3.03097409559414,,,1,3.03097409559414,3.03097409559414,0,0,0,1,"S0058",1,0.1,"development",3.08286323828563,3.38596064784505,0.303097409559414,0.303097409559414,,0.303097409559414
"TPL_003","TPL_003_RUN_006",6,33.8596064784505,34.4226938060894,"standalone_background_shifted_gamma","Burst","none","Burst","none","none","shifted_gamma","standalone_background","none","strong","BQ_009","burst","BQ_009",412821064,"burst=1193675652;hfs=443537057;hfs_shape=465786235;hfs_total=973322672;nested_burst=56954369;nested_duration=689498534;nested_position=1823175563;point_process=412821064","aca72cb72776ccfc6e0e67952a612b491243e9e67a39b2698b6c302d84f8f73f",0.670353675913066,4.74096454903483,0.02,6,0.563087327638944,0.0938478879398239,0.311488542135574,0.377728847447284,0.143555025900448,3,"S0058",1,0.1,"development",3.38596064784505,3.44226938060894,0.0563087327638944,0.0670353675913066,0.002,0.00938478879398239
"TPL_003","TPL_003_RUN_007",7,34.4226938060894,35.0309840098438,"contextual_gap_mechanism","Contextual_Separator","none","none","none","Contextual_Separator","explicit_gap","contextual_separator","none","none","none","contextual_separator","separator_1",259151870,"point_process=259151870","4e3a7158e848b04ec47685616a4e50017a6ba84bf6a134a2bc50bb463a7dd3fa",0.608290203754321,,,1,0.608290203754321,0.608290203754321,0,0,0,1,"S0058",1,0.1,"development",3.44226938060894,3.50309840098438,0.0608290203754321,0.0608290203754321,,0.0608290203754321
"TPL_003","TPL_003_RUN_008",8,35.0309840098438,35.7074947395661,"standalone_background_shifted_gamma","Burst","none","Burst","none","none","shifted_gamma","standalone_background","none","weak","BQ_007","burst","BQ_007",288073460,"burst=380421644;hfs=1261178474;hfs_shape=1740438502;hfs_total=723576255;nested_burst=1870626324;nested_duration=1676860239;nested_position=145622460;point_process=288073460","87822d3988bdf3d5abf39bedfbf98a45db93279d715f5bebcb0be61d56397920",0.792357047100086,4.61610507667065,0.02,4,0.676510729722308,0.169127682430577,0.434462562939266,0.51388557684513,0.218014867259758,2,"S0058",1,0.1,"development",3.50309840098438,3.57074947395661,0.0676510729722308,0.0792357047100086,0.002,0.0169127682430577
"TPL_003","TPL_003_RUN_009",9,35.7074947395661,36.0713132367282,"standalone_background_shifted_gamma","Burst","none","Burst","none","none","shifted_gamma","standalone_background","none","moderate","BQ_008","burst","BQ_008",1556464536,"burst=628057354;hfs=950402072;hfs_shape=596140169;hfs_total=1697610589;nested_burst=1574814947;nested_duration=1826506064;nested_position=1969227977;point_process=1556464536","dca026032e62736c9514bf5dd8585a9382ee67e8296499ae407d1c3cf0eabee1",0.532161957665812,3.21178035214543,0.02,5,0.363818497162096,0.0727636994324192,0.320420933391305,0.501852417279794,0.198010352795611,1,"S0058",1,0.1,"development",3.57074947395661,3.60713132367282,0.0363818497162096,0.0532161957665812,0.002,0.00727636994324192
"TPL_003","TPL_003_RUN_010",10,36.0713132367282,40.0709380328801,"broad_hfs_shifted_gamma","Broad_HFS","Broad_HFS","none","none","none","shifted_gamma","intermediate","none","none","none","hfs","intermediate_1",1515573930,"point_process=1515573930","83ea38618a516ebf4487adb2882162a7114a1ebf43c01229947cbf09b342d8ef",0.191498660552315,2.43707130867988,0.02,22,3.99962479615195,0.181801127097816,0.492172989817612,0.638388925618091,0.479771209115285,1,"S0058",1,0.1,"development",3.60713132367282,4.00709380328801,0.399962479615195,0.0191498660552315,0.002,0.0181801127097816
"TPL_003","TPL_003_RUN_011",11,40.0709380328801,44.359583575867,"tonic_shifted_gamma_stn_like_empirical","Tonic:stn_like_empirical","Tonic","none","none","none","shifted_gamma","stn_like_empirical","stn_like_empirical","none","none","tonic","stn_like_empirical_2",1318927834,"point_process=1318927834","b278c558b206ed366b027333e53bd17c73cadbd6fa6f1ac2971f3ab6049606ab",0.370676530152559,57.4328200379387,0.02,12,4.28864554298689,0.357387128582241,0.125737203859942,0.126853651960354,0.0184626414746475,1,"S0058",1,0.1,"development",4.00709380328801,4.4359583575867,0.428864554298689,0.0370676530152559,0.002,0.0357387128582241
"TPL_003","TPL_003_RUN_012",12,44.359583575867,49.3540147198661,"complex_multi_gap_mechanism","Pause:complex_multi_gap","none","Pause","complex_multi_gap","none","explicit_gap","complex_multi_gap","none","none","none","pause","complex_multi_gap_3",98461755,"point_process=98461755","ab48247d560bdf31678badce3f0805dea06bd925f6ee108e3971d9d12c6d04d7",2.49721557199955,,,2,4.9944311439991,2.49721557199955,0.121764594068119,0.172201140347989,0.0222399245528608,1,"S0058",1,0.1,"development",4.4359583575867,4.93540147198661,0.49944311439991,0.249721557199955,,0.249721557199955
"TPL_003","TPL_003_RUN_001",1,0,6.13691478637606,"broad_hfs_shifted_gamma","Burst","Broad_HFS","Burst","none","none","shifted_gamma","irregular","none","moderate","BQ_065","hfs_with_nested_burst","BQ_065",1536902375,"hfs_with_nested_burst=108952955;hfs=801422931;hfs_shape=1064209461;hfs_total=1410748138;nested_burst=1595552752;nested_duration=364094809;nested_position=1146912821;point_process=1536902375","a8c9c3ae223a6eefaab4223826e827f417037ec3395c3ce0d1ed286e3d240069",0.240267782802694,1.683004309237,0.02,26,6.13691478637606,0.236035184091387,0.613807611651865,0.568348691065084,0.389342768876497,37,"S0049",4,0.4,"development",0,2.45476591455042,2.45476591455042,0.0961071131210774,0.008,0.0944140736365547
"TPL_003","TPL_003_RUN_002",2,6.13691478637606,10.9380444190986,"canonical_mechanism","Pause:canonical","none","Pause","canonical","none","explicit_gap","canonical","none","none","none","pause","canonical_1",354554863,"point_process=354554863","372bea4b4974e62bee09811f20be8c5513712ef2ed5f29d401e69960b2f05b1e",4.80112963272259,,,1,4.80112963272259,4.80112963272259,0,0,0,1,"S0049",4,0.4,"development",2.45476591455042,4.37521776763946,1.92045185308903,1.92045185308903,,1.92045185308903
"TPL_003","TPL_003_RUN_003",3,10.9380444190986,19.6772632868459,"broad_hfs_shifted_gamma","Burst","Broad_HFS","Burst","none","none","shifted_gamma","regular","none","strong","BQ_066","hfs_with_nested_burst","BQ_066",787752475,"hfs_with_nested_burst=489338578;hfs=1033193807;hfs_shape=865925505;hfs_total=974587343;nested_burst=1383983802;nested_duration=415367387;nested_position=495600434;point_process=787752475","3712dd1868b99542cbb32828fa5b3e7053fd878638545392726c33fc309e66a3",0.287067122259177,8.53394838469103,0.02,34,8.73921886774725,0.25703584905139,0.59480634062125,0.37713550952756,0.169562495515678,27,"S0049",4,0.4,"development",4.37521776763946,7.87090531473836,3.4956875470989,0.114826848903671,0.008,0.102814339620556
"TPL_003","TPL_003_RUN_004",4,19.6772632868459,30.8286323828563,"tonic_shifted_gamma_generic_stress","Tonic:generic_stress","Tonic","none","none","none","shifted_gamma","generic_stress","generic_stress","none","none","tonic","generic_stress_1",1619816389,"point_process=1619816389","8e429a3fbcaccb2d9c036421c6e8db62a2209cb93ad71c8081e0200aad1000c9",0.88803278998239,26.586092567537,0.02,13,11.1513690960104,0.857797622770034,0.233131653610148,0.177465773440724,0.0346156861135627,1,"S0049",4,0.4,"development",7.87090531473836,12.3314529531425,4.46054763840418,0.355213115992956,0.008,0.343119049108014
"TPL_003","TPL_003_RUN_005",5,30.8286323828563,33.8596064784505,"canonical_mechanism","Pause:canonical","none","Pause","canonical","none","explicit_gap","canonical","none","none","none","pause","canonical_2",789737136,"point_process=789737136","09c6d2955cf3b95269a7618ef55552b846cdcc1ab524e297e51b55f8ac9b83ff",3.03097409559414,,,1,3.03097409559414,3.03097409559414,0,0,0,1,"S0049",4,0.4,"development",12.3314529531425,13.5438425913802,1.21238963823766,1.21238963823766,,1.21238963823766
"TPL_003","TPL_003_RUN_006",6,33.8596064784505,34.4226938060894,"standalone_background_shifted_gamma","Burst","none","Burst","none","none","shifted_gamma","standalone_background","none","strong","BQ_009","burst","BQ_009",412821064,"burst=1193675652;hfs=443537057;hfs_shape=465786235;hfs_total=973322672;nested_burst=56954369;nested_duration=689498534;nested_position=1823175563;point_process=412821064","aca72cb72776ccfc6e0e67952a612b491243e9e67a39b2698b6c302d84f8f73f",0.670353675913066,4.74096454903483,0.02,6,0.563087327638944,0.0938478879398239,0.311488542135574,0.377728847447284,0.143555025900448,3,"S0049",4,0.4,"development",13.5438425913802,13.7690775224358,0.225234931055577,0.268141470365226,0.008,0.0375391551759296
"TPL_003","TPL_003_RUN_007",7,34.4226938060894,35.0309840098438,"contextual_gap_mechanism","Contextual_Separator","none","none","none","Contextual_Separator","explicit_gap","contextual_separator","none","none","none","contextual_separator","separator_1",259151870,"point_process=259151870","4e3a7158e848b04ec47685616a4e50017a6ba84bf6a134a2bc50bb463a7dd3fa",0.608290203754321,,,1,0.608290203754321,0.608290203754321,0,0,0,1,"S0049",4,0.4,"development",13.7690775224358,14.0123936039375,0.243316081501728,0.243316081501728,,0.243316081501728
"TPL_003","TPL_003_RUN_008",8,35.0309840098438,35.7074947395661,"standalone_background_shifted_gamma","Burst","none","Burst","none","none","shifted_gamma","standalone_background","none","weak","BQ_007","burst","BQ_007",288073460,"burst=380421644;hfs=1261178474;hfs_shape=1740438502;hfs_total=723576255;nested_burst=1870626324;nested_duration=1676860239;nested_position=145622460;point_process=288073460","87822d3988bdf3d5abf39bedfbf98a45db93279d715f5bebcb0be61d56397920",0.792357047100086,4.61610507667065,0.02,4,0.676510729722308,0.169127682430577,0.434462562939266,0.51388557684513,0.218014867259758,2,"S0049",4,0.4,"development",14.0123936039375,14.2829978958264,0.270604291888923,0.316942818840034,0.008,0.0676510729722308
"TPL_003","TPL_003_RUN_009",9,35.7074947395661,36.0713132367282,"standalone_background_shifted_gamma","Burst","none","Burst","none","none","shifted_gamma","standalone_background","none","moderate","BQ_008","burst","BQ_008",1556464536,"burst=628057354;hfs=950402072;hfs_shape=596140169;hfs_total=1697610589;nested_burst=1574814947;nested_duration=1826506064;nested_position=1969227977;point_process=1556464536","dca026032e62736c9514bf5dd8585a9382ee67e8296499ae407d1c3cf0eabee1",0.532161957665812,3.21178035214543,0.02,5,0.363818497162096,0.0727636994324192,0.320420933391305,0.501852417279794,0.198010352795611,1,"S0049",4,0.4,"development",14.2829978958264,14.4285252946913,0.145527398864838,0.212864783066325,0.008,0.0291054797729677
"TPL_003","TPL_003_RUN_010",10,36.0713132367282,40.0709380328801,"broad_hfs_shifted_gamma","Broad_HFS","Broad_HFS","none","none","none","shifted_gamma","intermediate","none","none","none","hfs","intermediate_1",1515573930,"point_process=1515573930","83ea38618a516ebf4487adb2882162a7114a1ebf43c01229947cbf09b342d8ef",0.191498660552315,2.43707130867988,0.02,22,3.99962479615195,0.181801127097816,0.492172989817612,0.638388925618091,0.479771209115285,1,"S0049",4,0.4,"development",14.4285252946913,16.028375213152,1.59984991846078,0.0765994642209262,0.008,0.0727204508391263
"TPL_003","TPL_003_RUN_011",11,40.0709380328801,44.359583575867,"tonic_shifted_gamma_stn_like_empirical","Tonic:stn_like_empirical","Tonic","none","none","none","shifted_gamma","stn_like_empirical","stn_like_empirical","none","none","tonic","stn_like_empirical_2",1318927834,"point_process=1318927834","b278c558b206ed366b027333e53bd17c73cadbd6fa6f1ac2971f3ab6049606ab",0.370676530152559,57.4328200379387,0.02,12,4.28864554298689,0.357387128582241,0.125737203859942,0.126853651960354,0.0184626414746475,1,"S0049",4,0.4,"development",16.028375213152,17.7438334303468,1.71545821719476,0.148270612061024,0.008,0.142954851432896
"TPL_003","TPL_003_RUN_012",12,44.359583575867,49.3540147198661,"complex_multi_gap_mechanism","Pause:complex_multi_gap","none","Pause","complex_multi_gap","none","explicit_gap","complex_multi_gap","none","none","none","pause","complex_multi_gap_3",98461755,"point_process=98461755","ab48247d560bdf31678badce3f0805dea06bd925f6ee108e3971d9d12c6d04d7",2.49721557199955,,,2,4.9944311439991,2.49721557199955,0.121764594068119,0.172201140347989,0.0222399245528608,1,"S0049",4,0.4,"development",17.7438334303468,19.7416058879464,1.99777245759964,0.99888622879982,,0.99888622879982
"TPL_003","TPL_003_RUN_001",1,0,6.13691478637606,"broad_hfs_shifted_gamma","Burst","Broad_HFS","Burst","none","none","shifted_gamma","irregular","none","moderate","BQ_065","hfs_with_nested_burst","BQ_065",1536902375,"hfs_with_nested_burst=108952955;hfs=801422931;hfs_shape=1064209461;hfs_total=1410748138;nested_burst=1595552752;nested_duration=364094809;nested_position=1146912821;point_process=1536902375","a8c9c3ae223a6eefaab4223826e827f417037ec3395c3ce0d1ed286e3d240069",0.240267782802694,1.683004309237,0.02,26,6.13691478637606,0.236035184091387,0.613807611651865,0.568348691065084,0.389342768876497,37,"S0040",10,1,"development",0,6.13691478637606,6.13691478637606,0.240267782802694,0.02,0.236035184091387
"TPL_003","TPL_003_RUN_002",2,6.13691478637606,10.9380444190986,"canonical_mechanism","Pause:canonical","none","Pause","canonical","none","explicit_gap","canonical","none","none","none","pause","canonical_1",354554863,"point_process=354554863","372bea4b4974e62bee09811f20be8c5513712ef2ed5f29d401e69960b2f05b1e",4.80112963272259,,,1,4.80112963272259,4.80112963272259,0,0,0,1,"S0040",10,1,"development",6.13691478637606,10.9380444190986,4.80112963272259,4.80112963272259,,4.80112963272259
"TPL_003","TPL_003_RUN_003",3,10.9380444190986,19.6772632868459,"broad_hfs_shifted_gamma","Burst","Broad_HFS","Burst","none","none","shifted_gamma","regular","none","strong","BQ_066","hfs_with_nested_burst","BQ_066",787752475,"hfs_with_nested_burst=489338578;hfs=1033193807;hfs_shape=865925505;hfs_total=974587343;nested_burst=1383983802;nested_duration=415367387;nested_position=495600434;point_process=787752475","3712dd1868b99542cbb32828fa5b3e7053fd878638545392726c33fc309e66a3",0.287067122259177,8.53394838469103,0.02,34,8.73921886774725,0.25703584905139,0.59480634062125,0.37713550952756,0.169562495515678,27,"S0040",10,1,"development",10.9380444190986,19.6772632868459,8.73921886774725,0.287067122259177,0.02,0.25703584905139
"TPL_003","TPL_003_RUN_004",4,19.6772632868459,30.8286323828563,"tonic_shifted_gamma_generic_stress","Tonic:generic_stress","Tonic","none","none","none","shifted_gamma","generic_stress","generic_stress","none","none","tonic","generic_stress_1",1619816389,"point_process=1619816389","8e429a3fbcaccb2d9c036421c6e8db62a2209cb93ad71c8081e0200aad1000c9",0.88803278998239,26.586092567537,0.02,13,11.1513690960104,0.857797622770034,0.233131653610148,0.177465773440724,0.0346156861135627,1,"S0040",10,1,"development",19.6772632868459,30.8286323828563,11.1513690960104,0.88803278998239,0.02,0.857797622770034
"TPL_003","TPL_003_RUN_005",5,30.8286323828563,33.8596064784505,"canonical_mechanism","Pause:canonical","none","Pause","canonical","none","explicit_gap","canonical","none","none","none","pause","canonical_2",789737136,"point_process=789737136","09c6d2955cf3b95269a7618ef55552b846cdcc1ab524e297e51b55f8ac9b83ff",3.03097409559414,,,1,3.03097409559414,3.03097409559414,0,0,0,1,"S0040",10,1,"development",30.8286323828563,33.8596064784505,3.03097409559414,3.03097409559414,,3.03097409559414
"TPL_003","TPL_003_RUN_006",6,33.8596064784505,34.4226938060894,"standalone_background_shifted_gamma","Burst","none","Burst","none","none","shifted_gamma","standalone_background","none","strong","BQ_009","burst","BQ_009",412821064,"burst=1193675652;hfs=443537057;hfs_shape=465786235;hfs_total=973322672;nested_burst=56954369;nested_duration=689498534;nested_position=1823175563;point_process=412821064","aca72cb72776ccfc6e0e67952a612b491243e9e67a39b2698b6c302d84f8f73f",0.670353675913066,4.74096454903483,0.02,6,0.563087327638944,0.0938478879398239,0.311488542135574,0.377728847447284,0.143555025900448,3,"S0040",10,1,"development",33.8596064784505,34.4226938060894,0.563087327638944,0.670353675913066,0.02,0.0938478879398239
"TPL_003","TPL_003_RUN_007",7,34.4226938060894,35.0309840098438,"contextual_gap_mechanism","Contextual_Separator","none","none","none","Contextual_Separator","explicit_gap","contextual_separator","none","none","none","contextual_separator","separator_1",259151870,"point_process=259151870","4e3a7158e848b04ec47685616a4e50017a6ba84bf6a134a2bc50bb463a7dd3fa",0.608290203754321,,,1,0.608290203754321,0.608290203754321,0,0,0,1,"S0040",10,1,"development",34.4226938060894,35.0309840098438,0.608290203754321,0.608290203754321,,0.608290203754321
"TPL_003","TPL_003_RUN_008",8,35.0309840098438,35.7074947395661,"standalone_background_shifted_gamma","Burst","none","Burst","none","none","shifted_gamma","standalone_background","none","weak","BQ_007","burst","BQ_007",288073460,"burst=380421644;hfs=1261178474;hfs_shape=1740438502;hfs_total=723576255;nested_burst=1870626324;nested_duration=1676860239;nested_position=145622460;point_process=288073460","87822d3988bdf3d5abf39bedfbf98a45db93279d715f5bebcb0be61d56397920",0.792357047100086,4.61610507667065,0.02,4,0.676510729722308,0.169127682430577,0.434462562939266,0.51388557684513,0.218014867259758,2,"S0040",10,1,"development",35.0309840098438,35.7074947395661,0.676510729722308,0.792357047100086,0.02,0.169127682430577
"TPL_003","TPL_003_RUN_009",9,35.7074947395661,36.0713132367282,"standalone_background_shifted_gamma","Burst","none","Burst","none","none","shifted_gamma","standalone_background","none","moderate","BQ_008","burst","BQ_008",1556464536,"burst=628057354;hfs=950402072;hfs_shape=596140169;hfs_total=1697610589;nested_burst=1574814947;nested_duration=1826506064;nested_position=1969227977;point_process=1556464536","dca026032e62736c9514bf5dd8585a9382ee67e8296499ae407d1c3cf0eabee1",0.532161957665812,3.21178035214543,0.02,5,0.363818497162096,0.0727636994324192,0.320420933391305,0.501852417279794,0.198010352795611,1,"S0040",10,1,"development",35.7074947395661,36.0713132367282,0.363818497162096,0.532161957665812,0.02,0.0727636994324192
"TPL_003","TPL_003_RUN_010",10,36.0713132367282,40.0709380328801,"broad_hfs_shifted_gamma","Broad_HFS","Broad_HFS","none","none","none","shifted_gamma","intermediate","none","none","none","hfs","intermediate_1",1515573930,"point_process=1515573930","83ea38618a516ebf4487adb2882162a7114a1ebf43c01229947cbf09b342d8ef",0.191498660552315,2.43707130867988,0.02,22,3.99962479615195,0.181801127097816,0.492172989817612,0.638388925618091,0.479771209115285,1,"S0040",10,1,"development",36.0713132367282,40.0709380328801,3.99962479615195,0.191498660552315,0.02,0.181801127097816
"TPL_003","TPL_003_RUN_011",11,40.0709380328801,44.359583575867,"tonic_shifted_gamma_stn_like_empirical","Tonic:stn_like_empirical","Tonic","none","none","none","shifted_gamma","stn_like_empirical","stn_like_empirical","none","none","tonic","stn_like_empirical_2",1318927834,"point_process=1318927834","b278c558b206ed366b027333e53bd17c73cadbd6fa6f1ac2971f3ab6049606ab",0.370676530152559,57.4328200379387,0.02,12,4.28864554298689,0.357387128582241,0.125737203859942,0.126853651960354,0.0184626414746475,1,"S0040",10,1,"development",40.0709380328801,44.359583575867,4.28864554298689,0.370676530152559,0.02,0.357387128582241
"TPL_003","TPL_003_RUN_012",12,44.359583575867,49.3540147198661,"complex_multi_gap_mechanism","Pause:complex_multi_gap","none","Pause","complex_multi_gap","none","explicit_gap","complex_multi_gap","none","none","none","pause","complex_multi_gap_3",98461755,"point_process=98461755","ab48247d560bdf31678badce3f0805dea06bd925f6ee108e3971d9d12c6d04d7",2.49721557199955,,,2,4.9944311439991,2.49721557199955,0.121764594068119,0.172201140347989,0.0222399245528608,1,"S0040",10,1,"development",44.359583575867,49.3540147198661,4.9944311439991,2.49721557199955,,2.49721557199955
"TPL_004","TPL_004_RUN_001",1,0,6.62192629420036,"broad_hfs_shifted_gamma","Broad_HFS","Broad_HFS","none","none","none","shifted_gamma","intermediate","none","none","none","hfs","intermediate_1",372134659,"point_process=372134659","cf3ad7b73052f2f006c0f47891a6c02a83c906b570b4667785e5147d6d79d507",0.231768544204533,4.49061668911017,0.02,31,6.62192629420036,0.213610525619366,0.428848913014577,0.422869886378326,0.231670532574018,1,"S0011",1,0.1,"development",0,0.662192629420036,0.662192629420036,0.0231768544204533,0.002,0.0213610525619366
"TPL_004","TPL_004_RUN_002",2,6.62192629420036,6.98518688720264,"standalone_background_shifted_gamma","Burst","none","Burst","none","none","shifted_gamma","standalone_background","none","strong","BQ_012","burst","BQ_012",1106771126,"burst=1787104774;hfs=1514593536;hfs_shape=166947744;hfs_total=1726708793;nested_burst=1316150824;nested_duration=2094438342;nested_position=2085551713;point_process=1106771126","f9776eb5b9185043a2fa4cc562565acfe7f20db84c448a026e6f7d0283a64674",0.707899280451238,2.1351109482348,0.02,3,0.363260593002274,0.121086864334091,0.533520502501097,0.639260135718184,0.480822895115373,2,"S0011",1,0.1,"development",0.662192629420036,0.698518688720264,0.0363260593002274,0.0707899280451238,0.002,0.0121086864334091
"TPL_004","TPL_004_RUN_003",3,6.98518688720264,12.1743442402968,"broad_hfs_shifted_gamma","Burst","Broad_HFS","Burst","none","none","shifted_gamma","irregular","none","weak","BQ_068","hfs_with_nested_burst","BQ_068",329311119,"hfs_with_nested_burst=1395394556;hfs=1002435935;hfs_shape=1966993233;hfs_total=254766606;nested_burst=256563395;nested_duration=911617318;nested_position=2011340699;point_process=329311119","f6f17ceda6cee07171be1e3e322abe0dcacebdaec4f17f8f67fcb02415e6caae",0.186159042320214,1.66548333247192,0.02,32,5.18915735309416,0.162161167284193,0.74823584800266,0.584989153476115,0.38879297212749,256,"S0011",1,0.1,"development",0.698518688720264,1.21743442402968,0.518915735309416,0.0186159042320214,0.002,0.0162161167284193
"TPL_004","TPL_004_RUN_004",4,12.1743442402968,15.283865708653,"canonical_mechanism","Pause:canonical","none","Pause","canonical","none","explicit_gap","canonical","none","none","none","pause","canonical_1",315240164,"point_process=315240164","fcc9968d1fe9ced9cfcd511ce7fa4da344f48b1cb5dda6af171ed9483a6fe9e9",3.10952146835625,,,1,3.10952146835625,3.10952146835625,0,0,0,1,"S0011",1,0.1,"development",1.21743442402968,1.5283865708653,0.310952146835625,0.310952146835625,,0.310952146835625
"TPL_004","TPL_004_RUN_005",5,15.283865708653,23.338562647794,"broad_hfs_shifted_gamma","Burst","Broad_HFS","Burst","none","none","shifted_gamma","regular","none","moderate","BQ_067","hfs_with_nested_burst","BQ_067",34862677,"hfs_with_nested_burst=763175566;hfs=997547101;hfs_shape=557954784;hfs_total=1963919536;nested_burst=1812350939;nested_duration=1550172157;nested_position=1345861944;point_process=34862677","719024286450ce8e5a2570cdbcc1313146d2e2455f8cd08fbb8378c76ec8a1a5",0.276248300266452,9.11294553056359,0.02,34,8.05469693914097,0.236902851151205,0.523976143604666,0.379132714342725,0.167081247595157,35,"S0011",1,0.1,"development",1.5283865708653,2.3338562647794,0.805469693914097,0.0276248300266452,0.002,0.0236902851151205
"TPL_004","TPL_004_RUN_006",6,23.338562647794,24.8397156610165,"background_shifted_gamma","Background","none","none","none","none","shifted_gamma","background","none","none","none","background","background_01",506999611,"point_process=506999611","a5b34882a089567ecf04ab20092e7bd26e159ff6c942f9aeae8b9126147ab73b",0.697808025998529,2.21655012201518,0.02,2,1.50115301322253,0.750576506611264,1.03924600590009,1.46971579618597,1.62004839116892,1,"S0011",1,0.1,"development",2.3338562647794,2.48397156610165,0.150115301322253,0.0697808025998529,0.002,0.0750576506611264
"TPL_004","TPL_004_RUN_007",7,24.8397156610165,25.6417785721609,"standalone_background_shifted_gamma","Burst","none","Burst","none","none","shifted_gamma","standalone_background","none","weak","BQ_010","burst","BQ_010",1995563359,"burst=2126226035;hfs=985706797;hfs_shape=2099630642;hfs_total=1404506272;nested_burst=2034739474;nested_duration=1823231768;nested_position=822427078;point_process=1995563359","f8c0a574937586c8b6324fd7bb2e486ead71be10f86df397cf8d567e08c7f00f",0.665850640635472,4.45391658842564,0.02,7,0.802062911144312,0.114580415877759,0.407189697253187,0.394824217108446,0.161034381020604,26,"S0011",1,0.1,"development",2.48397156610165,2.56417785721609,0.0802062911144312,0.0665850640635472,0.002,0.0114580415877759
"TPL_004","TPL_004_RUN_008",8,25.6417785721609,26.1615497471542,"contextual_gap_mechanism","Contextual_Separator","none","none","none","Contextual_Separator","explicit_gap","contextual_separator","none","none","none","contextual_separator","separator_1",817033182,"point_process=817033182","5b7e1256b6d10824a6ea3ca91b7c826b9b6617918cc7c72584f9c91195be844c",0.519771174993366,,,1,0.519771174993366,0.519771174993366,0,0,0,1,"S0011",1,0.1,"development",2.56417785721609,2.61615497471542,0.0519771174993366,0.0519771174993366,,0.0519771174993366
"TPL_004","TPL_004_RUN_009",9,26.1615497471542,26.9786898147968,"standalone_background_shifted_gamma","Burst","none","Burst","none","none","shifted_gamma","standalone_background","none","moderate","BQ_011","burst","BQ_011",766913624,"burst=754673524;hfs=539612748;hfs_shape=116837979;hfs_total=1623661043;nested_burst=174483597;nested_duration=882200524;nested_position=1669072021;point_process=766913624","26fa07f2134ae8b5193d3f5cd08b528a75691b11a12bff82ca6680e78a89a53f",0.664289178675972,3.94433036670089,0.02,8,0.817140067642592,0.102142508455324,0.388699275853112,0.249442986166851,0.100217941323382,10,"S0011",1,0.1,"development",2.61615497471542,2.69786898147968,0.0817140067642592,0.0664289178675972,0.002,0.0102142508455324
"TPL_004","TPL_004_RUN_010",10,26.9786898147968,37.8543939744818,"tonic_shifted_gamma_generic_stress","Tonic:generic_stress","Tonic","none","none","none","shifted_gamma","generic_stress","generic_stress","none","none","tonic","generic_stress_1",1142813353,"point_process=1142813353","2655fdea40c18db405ea9684cd11e0ed228cc8af68cdc48afd261a683f395cb2",0.962944789219182,20.7475017970428,0.02,12,10.875704159685,0.906308679973746,0.23309366796594,0.305929367589832,0.0870756368655039,1,"S0011",1,0.1,"development",2.69786898147968,3.78543939744818,1.0875704159685,0.0962944789219182,0.002,0.0906308679973746
"TPL_004","TPL_004_RUN_011",11,37.8543939744818,38.1331452203039,"background_shifted_gamma","Background","none","none","none","none","shifted_gamma","background","none","none","none","background","background_02",1911503076,"point_process=1911503076","5b0e8fb1c607c4090fdf85356498e51458efe2bd9010d9eff7a92f717bce283c",0.603516050917096,3.49731146881822,0.02,1,0.278751245822088,0.278751245822088,0,0,0,1,"S0011",1,0.1,"development",3.78543939744818,3.81331452203039,0.0278751245822088,0.0603516050917096,0.002,0.0278751245822088
"TPL_004","TPL_004_RUN_012",12,38.1331452203039,44.4831906735202,"tonic_shifted_gamma_stn_like_empirical","Tonic:stn_like_empirical","Tonic","none","none","none","shifted_gamma","stn_like_empirical","stn_like_empirical","none","none","tonic","stn_like_empirical_2",1311439539,"point_process=1311439539","b0ff9e1e452d137363f6f66f3a289032a8628b568b3cee022379339e9e49b147",0.393499551899731,69.4891977496445,0.02,16,6.35004545321631,0.396877840826019,0.138677652876745,0.147000796861458,0.0280061695701166,1,"S0011",1,0.1,"development",3.81331452203039,4.44831906735202,0.635004545321631,0.0393499551899731,0.002,0.0396877840826019
"TPL_004","TPL_004_RUN_013",13,44.4831906735202,48.2227308084958,"canonical_mechanism","Pause:canonical","none","Pause","canonical","none","explicit_gap","canonical","none","none","none","pause","canonical_2",1666286972,"point_process=1666286972","8fa055f180e8c45315350d2457db6831f03d5e3ee93476c9fedde631b3f283ee",3.73954013497569,,,1,3.73954013497569,3.73954013497569,0,0,0,1,"S0011",1,0.1,"development",4.44831906735202,4.82227308084958,0.373954013497569,0.373954013497569,,0.373954013497569
"TPL_004","TPL_004_RUN_001",1,0,6.62192629420036,"broad_hfs_shifted_gamma","Broad_HFS","Broad_HFS","none","none","none","shifted_gamma","intermediate","none","none","none","hfs","intermediate_1",372134659,"point_process=372134659","cf3ad7b73052f2f006c0f47891a6c02a83c906b570b4667785e5147d6d79d507",0.231768544204533,4.49061668911017,0.02,31,6.62192629420036,0.213610525619366,0.428848913014577,0.422869886378326,0.231670532574018,1,"S0014",4,0.4,"development",0,2.64877051768014,2.64877051768014,0.0927074176818132,0.008,0.0854442102477466
"TPL_004","TPL_004_RUN_002",2,6.62192629420036,6.98518688720264,"standalone_background_shifted_gamma","Burst","none","Burst","none","none","shifted_gamma","standalone_background","none","strong","BQ_012","burst","BQ_012",1106771126,"burst=1787104774;hfs=1514593536;hfs_shape=166947744;hfs_total=1726708793;nested_burst=1316150824;nested_duration=2094438342;nested_position=2085551713;point_process=1106771126","f9776eb5b9185043a2fa4cc562565acfe7f20db84c448a026e6f7d0283a64674",0.707899280451238,2.1351109482348,0.02,3,0.363260593002274,0.121086864334091,0.533520502501097,0.639260135718184,0.480822895115373,2,"S0014",4,0.4,"development",2.64877051768014,2.79407475488105,0.14530423720091,0.283159712180495,0.008,0.0484347457336365
"TPL_004","TPL_004_RUN_003",3,6.98518688720264,12.1743442402968,"broad_hfs_shifted_gamma","Burst","Broad_HFS","Burst","none","none","shifted_gamma","irregular","none","weak","BQ_068","hfs_with_nested_burst","BQ_068",329311119,"hfs_with_nested_burst=1395394556;hfs=1002435935;hfs_shape=1966993233;hfs_total=254766606;nested_burst=256563395;nested_duration=911617318;nested_position=2011340699;point_process=329311119","f6f17ceda6cee07171be1e3e322abe0dcacebdaec4f17f8f67fcb02415e6caae",0.186159042320214,1.66548333247192,0.02,32,5.18915735309416,0.162161167284193,0.74823584800266,0.584989153476115,0.38879297212749,256,"S0014",4,0.4,"development",2.79407475488105,4.86973769611872,2.07566294123767,0.0744636169280857,0.008,0.064864466913677
"TPL_004","TPL_004_RUN_004",4,12.1743442402968,15.283865708653,"canonical_mechanism","Pause:canonical","none","Pause","canonical","none","explicit_gap","canonical","none","none","none","pause","canonical_1",315240164,"point_process=315240164","fcc9968d1fe9ced9cfcd511ce7fa4da344f48b1cb5dda6af171ed9483a6fe9e9",3.10952146835625,,,1,3.10952146835625,3.10952146835625,0,0,0,1,"S0014",4,0.4,"development",4.86973769611872,6.11354628346122,1.2438085873425,1.2438085873425,,1.2438085873425
"TPL_004","TPL_004_RUN_005",5,15.283865708653,23.338562647794,"broad_hfs_shifted_gamma","Burst","Broad_HFS","Burst","none","none","shifted_gamma","regular","none","moderate","BQ_067","hfs_with_nested_burst","BQ_067",34862677,"hfs_with_nested_burst=763175566;hfs=997547101;hfs_shape=557954784;hfs_total=1963919536;nested_burst=1812350939;nested_duration=1550172157;nested_position=1345861944;point_process=34862677","719024286450ce8e5a2570cdbcc1313146d2e2455f8cd08fbb8378c76ec8a1a5",0.276248300266452,9.11294553056359,0.02,34,8.05469693914097,0.236902851151205,0.523976143604666,0.379132714342725,0.167081247595157,35,"S0014",4,0.4,"development",6.11354628346122,9.33542505911761,3.22187877565639,0.110499320106581,0.008,0.094761140460482
"TPL_004","TPL_004_RUN_006",6,23.338562647794,24.8397156610165,"background_shifted_gamma","Background","none","none","none","none","shifted_gamma","background","none","none","none","background","background_01",506999611,"point_process=506999611","a5b34882a089567ecf04ab20092e7bd26e159ff6c942f9aeae8b9126147ab73b",0.697808025998529,2.21655012201518,0.02,2,1.50115301322253,0.750576506611264,1.03924600590009,1.46971579618597,1.62004839116892,1,"S0014",4,0.4,"development",9.33542505911761,9.93588626440662,0.600461205289011,0.279123210399412,0.008,0.300230602644505
"TPL_004","TPL_004_RUN_007",7,24.8397156610165,25.6417785721609,"standalone_background_shifted_gamma","Burst","none","Burst","none","none","shifted_gamma","standalone_background","none","weak","BQ_010","burst","BQ_010",1995563359,"burst=2126226035;hfs=985706797;hfs_shape=2099630642;hfs_total=1404506272;nested_burst=2034739474;nested_duration=1823231768;nested_position=822427078;point_process=1995563359","f8c0a574937586c8b6324fd7bb2e486ead71be10f86df397cf8d567e08c7f00f",0.665850640635472,4.45391658842564,0.02,7,0.802062911144312,0.114580415877759,0.407189697253187,0.394824217108446,0.161034381020604,26,"S0014",4,0.4,"development",9.93588626440662,10.2567114288643,0.320825164457725,0.266340256254189,0.008,0.0458321663511035
"TPL_004","TPL_004_RUN_008",8,25.6417785721609,26.1615497471542,"contextual_gap_mechanism","Contextual_Separator","none","none","none","Contextual_Separator","explicit_gap","contextual_separator","none","none","none","contextual_separator","separator_1",817033182,"point_process=817033182","5b7e1256b6d10824a6ea3ca91b7c826b9b6617918cc7c72584f9c91195be844c",0.519771174993366,,,1,0.519771174993366,0.519771174993366,0,0,0,1,"S0014",4,0.4,"development",10.2567114288643,10.4646198988617,0.207908469997346,0.207908469997346,,0.207908469997346
"TPL_004","TPL_004_RUN_009",9,26.1615497471542,26.9786898147968,"standalone_background_shifted_gamma","Burst","none","Burst","none","none","shifted_gamma","standalone_background","none","moderate","BQ_011","burst","BQ_011",766913624,"burst=754673524;hfs=539612748;hfs_shape=116837979;hfs_total=1623661043;nested_burst=174483597;nested_duration=882200524;nested_position=1669072021;point_process=766913624","26fa07f2134ae8b5193d3f5cd08b528a75691b11a12bff82ca6680e78a89a53f",0.664289178675972,3.94433036670089,0.02,8,0.817140067642592,0.102142508455324,0.388699275853112,0.249442986166851,0.100217941323382,10,"S0014",4,0.4,"development",10.4646198988617,10.7914759259187,0.326856027057037,0.265715671470389,0.008,0.0408570033821296
"TPL_004","TPL_004_RUN_010",10,26.9786898147968,37.8543939744818,"tonic_shifted_gamma_generic_stress","Tonic:generic_stress","Tonic","none","none","none","shifted_gamma","generic_stress","generic_stress","none","none","tonic","generic_stress_1",1142813353,"point_process=1142813353","2655fdea40c18db405ea9684cd11e0ed228cc8af68cdc48afd261a683f395cb2",0.962944789219182,20.7475017970428,0.02,12,10.875704159685,0.906308679973746,0.23309366796594,0.305929367589832,0.0870756368655039,1,"S0014",4,0.4,"development",10.7914759259187,15.1417575897927,4.35028166387398,0.385177915687673,0.008,0.362523471989498
"TPL_004","TPL_004_RUN_011",11,37.8543939744818,38.1331452203039,"background_shifted_gamma","Background","none","none","none","none","shifted_gamma","background","none","none","none","background","background_02",1911503076,"point_process=1911503076","5b0e8fb1c607c4090fdf85356498e51458efe2bd9010d9eff7a92f717bce283c",0.603516050917096,3.49731146881822,0.02,1,0.278751245822088,0.278751245822088,0,0,0,1,"S0014",4,0.4,"development",15.1417575897927,15.2532580881215,0.111500498328835,0.241406420366839,0.008,0.111500498328835
"TPL_004","TPL_004_RUN_012",12,38.1331452203039,44.4831906735202,"tonic_shifted_gamma_stn_like_empirical","Tonic:stn_like_empirical","Tonic","none","none","none","shifted_gamma","stn_like_empirical","stn_like_empirical","none","none","tonic","stn_like_empirical_2",1311439539,"point_process=1311439539","b0ff9e1e452d137363f6f66f3a289032a8628b568b3cee022379339e9e49b147",0.393499551899731,69.4891977496445,0.02,16,6.35004545321631,0.396877840826019,0.138677652876745,0.147000796861458,0.0280061695701166,1,"S0014",4,0.4,"development",15.2532580881215,17.7932762694081,2.54001818128652,0.157399820759892,0.008,0.158751136330408
"TPL_004","TPL_004_RUN_013",13,44.4831906735202,48.2227308084958,"canonical_mechanism","Pause:canonical","none","Pause","canonical","none","explicit_gap","canonical","none","none","none","pause","canonical_2",1666286972,"point_process=1666286972","8fa055f180e8c45315350d2457db6831f03d5e3ee93476c9fedde631b3f283ee",3.73954013497569,,,1,3.73954013497569,3.73954013497569,0,0,0,1,"S0014",4,0.4,"development",17.7932762694081,19.2890923233983,1.49581605399027,1.49581605399027,,1.49581605399027
"TPL_004","TPL_004_RUN_001",1,0,6.62192629420036,"broad_hfs_shifted_gamma","Broad_HFS","Broad_HFS","none","none","none","shifted_gamma","intermediate","none","none","none","hfs","intermediate_1",372134659,"point_process=372134659","cf3ad7b73052f2f006c0f47891a6c02a83c906b570b4667785e5147d6d79d507",0.231768544204533,4.49061668911017,0.02,31,6.62192629420036,0.213610525619366,0.428848913014577,0.422869886378326,0.231670532574018,1,"S0055",10,1,"development",0,6.62192629420036,6.62192629420036,0.231768544204533,0.02,0.213610525619366
"TPL_004","TPL_004_RUN_002",2,6.62192629420036,6.98518688720264,"standalone_background_shifted_gamma","Burst","none","Burst","none","none","shifted_gamma","standalone_background","none","strong","BQ_012","burst","BQ_012",1106771126,"burst=1787104774;hfs=1514593536;hfs_shape=166947744;hfs_total=1726708793;nested_burst=1316150824;nested_duration=2094438342;nested_position=2085551713;point_process=1106771126","f9776eb5b9185043a2fa4cc562565acfe7f20db84c448a026e6f7d0283a64674",0.707899280451238,2.1351109482348,0.02,3,0.363260593002274,0.121086864334091,0.533520502501097,0.639260135718184,0.480822895115373,2,"S0055",10,1,"development",6.62192629420036,6.98518688720264,0.363260593002274,0.707899280451238,0.02,0.121086864334091
"TPL_004","TPL_004_RUN_003",3,6.98518688720264,12.1743442402968,"broad_hfs_shifted_gamma","Burst","Broad_HFS","Burst","none","none","shifted_gamma","irregular","none","weak","BQ_068","hfs_with_nested_burst","BQ_068",329311119,"hfs_with_nested_burst=1395394556;hfs=1002435935;hfs_shape=1966993233;hfs_total=254766606;nested_burst=256563395;nested_duration=911617318;nested_position=2011340699;point_process=329311119","f6f17ceda6cee07171be1e3e322abe0dcacebdaec4f17f8f67fcb02415e6caae",0.186159042320214,1.66548333247192,0.02,32,5.18915735309416,0.162161167284193,0.74823584800266,0.584989153476115,0.38879297212749,256,"S0055",10,1,"development",6.98518688720264,12.1743442402968,5.18915735309416,0.186159042320214,0.02,0.162161167284193
"TPL_004","TPL_004_RUN_004",4,12.1743442402968,15.283865708653,"canonical_mechanism","Pause:canonical","none","Pause","canonical","none","explicit_gap","canonical","none","none","none","pause","canonical_1",315240164,"point_process=315240164","fcc9968d1fe9ced9cfcd511ce7fa4da344f48b1cb5dda6af171ed9483a6fe9e9",3.10952146835625,,,1,3.10952146835625,3.10952146835625,0,0,0,1,"S0055",10,1,"development",12.1743442402968,15.283865708653,3.10952146835625,3.10952146835625,,3.10952146835625
"TPL_004","TPL_004_RUN_005",5,15.283865708653,23.338562647794,"broad_hfs_shifted_gamma","Burst","Broad_HFS","Burst","none","none","shifted_gamma","regular","none","moderate","BQ_067","hfs_with_nested_burst","BQ_067",34862677,"hfs_with_nested_burst=763175566;hfs=997547101;hfs_shape=557954784;hfs_total=1963919536;nested_burst=1812350939;nested_duration=1550172157;nested_position=1345861944;point_process=34862677","719024286450ce8e5a2570cdbcc1313146d2e2455f8cd08fbb8378c76ec8a1a5",0.276248300266452,9.11294553056359,0.02,34,8.05469693914097,0.236902851151205,0.523976143604666,0.379132714342725,0.167081247595157,35,"S0055",10,1,"development",15.283865708653,23.338562647794,8.05469693914097,0.276248300266452,0.02,0.236902851151205
"TPL_004","TPL_004_RUN_006",6,23.338562647794,24.8397156610165,"background_shifted_gamma","Background","none","none","none","none","shifted_gamma","background","none","none","none","background","background_01",506999611,"point_process=506999611","a5b34882a089567ecf04ab20092e7bd26e159ff6c942f9aeae8b9126147ab73b",0.697808025998529,2.21655012201518,0.02,2,1.50115301322253,0.750576506611264,1.03924600590009,1.46971579618597,1.62004839116892,1,"S0055",10,1,"development",23.338562647794,24.8397156610165,1.50115301322253,0.697808025998529,0.02,0.750576506611264
"TPL_004","TPL_004_RUN_007",7,24.8397156610165,25.6417785721609,"standalone_background_shifted_gamma","Burst","none","Burst","none","none","shifted_gamma","standalone_background","none","weak","BQ_010","burst","BQ_010",1995563359,"burst=2126226035;hfs=985706797;hfs_shape=2099630642;hfs_total=1404506272;nested_burst=2034739474;nested_duration=1823231768;nested_position=822427078;point_process=1995563359","f8c0a574937586c8b6324fd7bb2e486ead71be10f86df397cf8d567e08c7f00f",0.665850640635472,4.45391658842564,0.02,7,0.802062911144312,0.114580415877759,0.407189697253187,0.394824217108446,0.161034381020604,26,"S0055",10,1,"development",24.8397156610165,25.6417785721609,0.802062911144312,0.665850640635472,0.02,0.114580415877759
"TPL_004","TPL_004_RUN_008",8,25.6417785721609,26.1615497471542,"contextual_gap_mechanism","Contextual_Separator","none","none","none","Contextual_Separator","explicit_gap","contextual_separator","none","none","none","contextual_separator","separator_1",817033182,"point_process=817033182","5b7e1256b6d10824a6ea3ca91b7c826b9b6617918cc7c72584f9c91195be844c",0.519771174993366,,,1,0.519771174993366,0.519771174993366,0,0,0,1,"S0055",10,1,"development",25.6417785721609,26.1615497471542,0.519771174993366,0.519771174993366,,0.519771174993366
"TPL_004","TPL_004_RUN_009",9,26.1615497471542,26.9786898147968,"standalone_background_shifted_gamma","Burst","none","Burst","none","none","shifted_gamma","standalone_background","none","moderate","BQ_011","burst","BQ_011",766913624,"burst=754673524;hfs=539612748;hfs_shape=116837979;hfs_total=1623661043;nested_burst=174483597;nested_duration=882200524;nested_position=1669072021;point_process=766913624","26fa07f2134ae8b5193d3f5cd08b528a75691b11a12bff82ca6680e78a89a53f",0.664289178675972,3.94433036670089,0.02,8,0.817140067642592,0.102142508455324,0.388699275853112,0.249442986166851,0.100217941323382,10,"S0055",10,1,"development",26.1615497471542,26.9786898147968,0.817140067642592,0.664289178675972,0.02,0.102142508455324
"TPL_004","TPL_004_RUN_010",10,26.9786898147968,37.8543939744818,"tonic_shifted_gamma_generic_stress","Tonic:generic_stress","Tonic","none","none","none","shifted_gamma","generic_stress","generic_stress","none","none","tonic","generic_stress_1",1142813353,"point_process=1142813353","2655fdea40c18db405ea9684cd11e0ed228cc8af68cdc48afd261a683f395cb2",0.962944789219182,20.7475017970428,0.02,12,10.875704159685,0.906308679973746,0.23309366796594,0.305929367589832,0.0870756368655039,1,"S0055",10,1,"development",26.9786898147968,37.8543939744818,10.875704159685,0.962944789219182,0.02,0.906308679973746
"TPL_004","TPL_004_RUN_011",11,37.8543939744818,38.1331452203039,"background_shifted_gamma","Background","none","none","none","none","shifted_gamma","background","none","none","none","background","background_02",1911503076,"point_process=1911503076","5b0e8fb1c607c4090fdf85356498e51458efe2bd9010d9eff7a92f717bce283c",0.603516050917096,3.49731146881822,0.02,1,0.278751245822088,0.278751245822088,0,0,0,1,"S0055",10,1,"development",37.8543939744818,38.1331452203039,0.278751245822088,0.603516050917096,0.02,0.278751245822088
"TPL_004","TPL_004_RUN_012",12,38.1331452203039,44.4831906735202,"tonic_shifted_gamma_stn_like_empirical","Tonic:stn_like_empirical","Tonic","none","none","none","shifted_gamma","stn_like_empirical","stn_like_empirical","none","none","tonic","stn_like_empirical_2",1311439539,"point_process=1311439539","b0ff9e1e452d137363f6f66f3a289032a8628b568b3cee022379339e9e49b147",0.393499551899731,69.4891977496445,0.02,16,6.35004545321631,0.396877840826019,0.138677652876745,0.147000796861458,0.0280061695701166,1,"S0055",10,1,"development",38.1331452203039,44.4831906735202,6.35004545321631,0.393499551899731,0.02,0.396877840826019
"TPL_004","TPL_004_RUN_013",13,44.4831906735202,48.2227308084958,"canonical_mechanism","Pause:canonical","none","Pause","canonical","none","explicit_gap","canonical","none","none","none","pause","canonical_2",1666286972,"point_process=1666286972","8fa055f180e8c45315350d2457db6831f03d5e3ee93476c9fedde631b3f283ee",3.73954013497569,,,1,3.73954013497569,3.73954013497569,0,0,0,1,"S0055",10,1,"development",44.4831906735202,48.2227308084958,3.73954013497569,3.73954013497569,,3.73954013497569
"TPL_005","TPL_005_RUN_001",1,0,8.27039491984443,"broad_hfs_shifted_gamma","Burst","Broad_HFS","Burst","none","none","shifted_gamma","regular","none","moderate","BQ_070","hfs_with_nested_burst","BQ_070",1913523802,"hfs_with_nested_burst=1554320036;hfs=1148150554;hfs_shape=1877647505;hfs_total=1870656564;nested_burst=1636980439;nested_duration=1305528966;nested_position=349656795;point_process=1913523802","51550aa7389e222bea5a50b270430ee01b54162d3cc11635ec0e7f2476bd5372",0.273705869824626,9.07314647734165,0.02,34,8.27039491984443,0.243246909407189,0.401896887528539,0.309716205012081,0.149646438218179,3,"S0028",1,0.1,"development",0,0.827039491984443,0.827039491984443,0.0273705869824626,0.002,0.0243246909407189
"TPL_005","TPL_005_RUN_002",2,8.27039491984443,13.012704919031,"canonical_mechanism","Pause:canonical","none","Pause","canonical","none","explicit_gap","canonical","none","none","none","pause","canonical_1",587275924,"point_process=587275924","e8ce7462e6104a23657861af8ea2324ed093dd31685cf782723cd2f1afa08369",4.74230999918655,,,1,4.74230999918655,4.74230999918655,0,0,0,1,"S0028",1,0.1,"development",0.827039491984443,1.3012704919031,0.474230999918655,0.474230999918655,,0.474230999918655
"TPL_005","TPL_005_RUN_003",3,13.012704919031,20.1192166680439,"tonic_shifted_gamma_stn_like_empirical","Tonic:stn_like_empirical","Tonic","none","none","none","shifted_gamma","stn_like_empirical","stn_like_empirical","none","none","tonic","stn_like_empirical_1",1830255722,"point_process=1830255722","b4c083deca60f811c0b6897a6f1f3eb771fd7c913b64544204234331ff357655",0.423789571970701,28.527313657105,0.02,17,7.1065117490129,0.418030102883112,0.161587073355723,0.171315777771708,0.0326301415618384,1,"S0028",1,0.1,"development",1.3012704919031,2.01192166680439,0.71065117490129,0.0423789571970701,0.002,0.0418030102883112
"TPL_005","TPL_005_RUN_004",4,20.1192166680439,21.5312702062118,"background_shifted_gamma","Background","none","none","none","none","shifted_gamma","background","none","none","none","background","background_01",179841750,"point_process=179841750","80aaa954787db9cb23617be7f8adbe16ea47706c229bcf962edc8f8d77ff945b",0.557681709132157,2.86378791928291,0.02,3,1.41205353816795,0.470684512722649,0.666310427846392,0.944850829520192,0.732870187493981,1,"S0028",1,0.1,"development",2.01192166680439,2.15312702062118,0.141205353816795,0.0557681709132157,0.002,0.0470684512722649
"TPL_005","TPL_005_RUN_005",5,21.5312702062118,26.2236820108426,"broad_hfs_shifted_gamma","Burst","Broad_HFS","Burst","none","none","shifted_gamma","intermediate","none","strong","BQ_069","hfs_with_nested_burst","BQ_069",519690389,"hfs_with_nested_burst=1816996191;hfs=284551090;hfs_shape=1514365175;hfs_total=1110017018;nested_burst=1724233641;nested_duration=222919050;nested_position=571030419;point_process=519690389","c2f0097b16012f04b4b06355dc9c9e0a71cb11d65a6e555fe30c442655031bb2",0.180210168296471,4.24431370515376,0.02,32,4.69241180463079,0.146637868894712,0.438318740255164,0.417811657768465,0.199853697205035,12,"S0028",1,0.1,"development",2.15312702062118,2.62236820108426,0.469241180463079,0.0180210168296471,0.002,0.0146637868894712
"TPL_005","TPL_005_RUN_006",6,26.2236820108426,39.6014610352917,"tonic_shifted_gamma_generic_stress","Tonic:generic_stress","Tonic","none","none","none","shifted_gamma","generic_stress","generic_stress","none","none","tonic","generic_stress_2",384557350,"point_process=384557350","ef7a914098fa1262d03ba9369ddf8ea822a1691a3de5b3f257d414b9714b8eb4",0.931895986467134,21.1444977493957,0.02,15,13.3777790244491,0.891851934963273,0.18906614459253,0.200435058938591,0.0450949611007751,1,"S0028",1,0.1,"development",2.62236820108426,3.96014610352917,1.33777790244491,0.0931895986467134,0.002,0.0891851934963273
"TPL_005","TPL_005_RUN_007",7,39.6014610352917,44.1995469529638,"canonical_mechanism","Pause:canonical","none","Pause","canonical","none","explicit_gap","canonical","none","none","none","pause","canonical_2",1480153147,"point_process=1480153147","d625c2bc9de042417740bac948c1274816fbbd08ebdafec6d4fa5833fa7c714a",4.59808591767214,,,1,4.59808591767214,4.59808591767214,0,0,0,1,"S0028",1,0.1,"development",3.96014610352917,4.41995469529639,0.459808591767214,0.459808591767214,,0.459808591767214
"TPL_005","TPL_005_RUN_008",8,44.1995469529638,44.8920035915922,"standalone_background_shifted_gamma","Burst","none","Burst","none","none","shifted_gamma","standalone_background","none","weak","BQ_013","burst","BQ_013",478897772,"burst=1518404702;hfs=1340189994;hfs_shape=856577884;hfs_total=1291306290;nested_burst=770167114;nested_duration=398175455;nested_position=2133660274;point_process=478897772","814afba02d6bdbcc713eca3fa4d542ea6830b5013ca8167632ded14e411fb8a9",0.683225898724049,3.43926096335053,0.02,4,0.69245663862833,0.173114159657082,0.647423008176899,0.584918625537739,0.317245303395228,3,"S0028",1,0.1,"development",4.41995469529639,4.48920035915922,0.069245663862833,0.0683225898724049,0.002,0.0173114159657082
"TPL_005","TPL_005_RUN_009",9,44.8920035915922,48.7079845931595,"broad_hfs_shifted_gamma","Broad_HFS","Broad_HFS","none","none","none","shifted_gamma","irregular","none","none","none","hfs","irregular_1",1111514782,"point_process=1111514782","b4afc2b0e99f127947c5f179444de89fac627c1eec54b53d6e1dabd9eb70e4f6",0.191800692267716,1.37340104968753,0.02,21,3.81598100156736,0.181713381027017,0.715024414231937,0.834384892212706,0.788782089433001,14,"S0028",1,0.1,"development",4.48920035915922,4.87079845931595,0.381598100156736,0.0191800692267716,0.002,0.0181713381027017
"TPL_005","TPL_005_RUN_010",10,48.7079845931595,50.4665535425115,"background_shifted_gamma","Background","none","none","none","none","shifted_gamma","background","none","none","none","background","background_02",1244046503,"point_process=1244046503","970ed0590577963e36480c8de7979c6e004ad30c837ccd4c17c0bcf9b4ff938b",0.759210434695706,5.46775792073458,0.02,2,1.75856894935191,0.879284474675956,0.421763251717535,0.596463310689516,0.266826360749023,1,"S0028",1,0.1,"development",4.87079845931595,5.04665535425115,0.175856894935191,0.0759210434695706,0.002,0.0879284474675956
"TPL_005","TPL_005_RUN_011",11,50.4665535425115,51.2886562711455,"standalone_background_shifted_gamma","Burst","none","Burst","none","none","shifted_gamma","standalone_background","none","moderate","BQ_014","burst","BQ_014",542993143,"burst=2051192863;hfs=2131549373;hfs_shape=1137554444;hfs_total=777120357;nested_burst=744639028;nested_duration=636365189;nested_position=37129128;point_process=542993143","fd0e0b43fd7c535a30c92702ff643ff954b1a950532336842fab0389bc13c528",0.805454160599038,4.53276855349541,0.02,5,0.822102728634075,0.164420545726815,0.601720707959884,0.747416566028741,0.546117525793639,1,"S0028",1,0.1,"development",5.04665535425115,5.12886562711455,0.0822102728634075,0.0805454160599038,0.002,0.0164420545726815
"TPL_005","TPL_005_RUN_012",12,51.2886562711455,51.7460409886565,"contextual_gap_mechanism","Contextual_Separator","none","none","none","Contextual_Separator","explicit_gap","contextual_separator","none","none","none","contextual_separator","separator_1",402403232,"point_process=402403232","4f4a5c5e272b2d289c4757bb7954b81b6bd54e1c794859a44970eb70202f1fb8",0.457384717511013,,,1,0.457384717511013,0.457384717511013,0,0,0,1,"S0028",1,0.1,"development",5.12886562711455,5.17460409886565,0.0457384717511013,0.0457384717511013,,0.0457384717511013
"TPL_005","TPL_005_RUN_013",13,51.7460409886565,52.2608676450793,"standalone_background_shifted_gamma","Burst","none","Burst","none","none","shifted_gamma","standalone_background","none","strong","BQ_015","burst","BQ_015",1991168663,"burst=813128025;hfs=1453273954;hfs_shape=696867517;hfs_total=1854036904;nested_burst=3562469;nested_duration=843301840;nested_position=2040986992;point_process=1991168663","093dd910cbc0d286f91c45ff8339961cffe6da242660e8ab23099df61ff3990e",0.781395702750888,3.50292386189103,0.02,6,0.514826656422744,0.085804442737124,0.175052414568281,0.230395407608253,0.0617208518759019,6,"S0028",1,0.1,"development",5.17460409886565,5.22608676450793,0.0514826656422744,0.0781395702750888,0.002,0.0085804442737124
"TPL_005","TPL_005_RUN_001",1,0,8.27039491984443,"broad_hfs_shifted_gamma","Burst","Broad_HFS","Burst","none","none","shifted_gamma","regular","none","moderate","BQ_070","hfs_with_nested_burst","BQ_070",1913523802,"hfs_with_nested_burst=1554320036;hfs=1148150554;hfs_shape=1877647505;hfs_total=1870656564;nested_burst=1636980439;nested_duration=1305528966;nested_position=349656795;point_process=1913523802","51550aa7389e222bea5a50b270430ee01b54162d3cc11635ec0e7f2476bd5372",0.273705869824626,9.07314647734165,0.02,34,8.27039491984443,0.243246909407189,0.401896887528539,0.309716205012081,0.149646438218179,3,"S0052",4,0.4,"development",0,3.30815796793777,3.30815796793777,0.10948234792985,0.008,0.0972987637628756
"TPL_005","TPL_005_RUN_002",2,8.27039491984443,13.012704919031,"canonical_mechanism","Pause:canonical","none","Pause","canonical","none","explicit_gap","canonical","none","none","none","pause","canonical_1",587275924,"point_process=587275924","e8ce7462e6104a23657861af8ea2324ed093dd31685cf782723cd2f1afa08369",4.74230999918655,,,1,4.74230999918655,4.74230999918655,0,0,0,1,"S0052",4,0.4,"development",3.30815796793777,5.20508196761239,1.89692399967462,1.89692399967462,,1.89692399967462
"TPL_005","TPL_005_RUN_003",3,13.012704919031,20.1192166680439,"tonic_shifted_gamma_stn_like_empirical","Tonic:stn_like_empirical","Tonic","none","none","none","shifted_gamma","stn_like_empirical","stn_like_empirical","none","none","tonic","stn_like_empirical_1",1830255722,"point_process=1830255722","b4c083deca60f811c0b6897a6f1f3eb771fd7c913b64544204234331ff357655",0.423789571970701,28.527313657105,0.02,17,7.1065117490129,0.418030102883112,0.161587073355723,0.171315777771708,0.0326301415618384,1,"S0052",4,0.4,"development",5.20508196761239,8.04768666721755,2.84260469960516,0.16951582878828,0.008,0.167212041153245
"TPL_005","TPL_005_RUN_004",4,20.1192166680439,21.5312702062118,"background_shifted_gamma","Background","none","none","none","none","shifted_gamma","background","none","none","none","background","background_01",179841750,"point_process=179841750","80aaa954787db9cb23617be7f8adbe16ea47706c229bcf962edc8f8d77ff945b",0.557681709132157,2.86378791928291,0.02,3,1.41205353816795,0.470684512722649,0.666310427846392,0.944850829520192,0.732870187493981,1,"S0052",4,0.4,"development",8.04768666721755,8.61250808248473,0.564821415267179,0.223072683652863,0.008,0.18827380508906
"TPL_005","TPL_005_RUN_005",5,21.5312702062118,26.2236820108426,"broad_hfs_shifted_gamma","Burst","Broad_HFS","Burst","none","none","shifted_gamma","intermediate","none","strong","BQ_069","hfs_with_nested_burst","BQ_069",519690389,"hfs_with_nested_burst=1816996191;hfs=284551090;hfs_shape=1514365175;hfs_total=1110017018;nested_burst=1724233641;nested_duration=222919050;nested_position=571030419;point_process=519690389","c2f0097b16012f04b4b06355dc9c9e0a71cb11d65a6e555fe30c442655031bb2",0.180210168296471,4.24431370515376,0.02,32,4.69241180463079,0.146637868894712,0.438318740255164,0.417811657768465,0.199853697205035,12,"S0052",4,0.4,"development",8.61250808248473,10.489472804337,1.87696472185232,0.0720840673185885,0.008,0.0586551475578849
"TPL_005","TPL_005_RUN_006",6,26.2236820108426,39.6014610352917,"tonic_shifted_gamma_generic_stress","Tonic:generic_stress","Tonic","none","none","none","shifted_gamma","generic_stress","generic_stress","none","none","tonic","generic_stress_2",384557350,"point_process=384557350","ef7a914098fa1262d03ba9369ddf8ea822a1691a3de5b3f257d414b9714b8eb4",0.931895986467134,21.1444977493957,0.02,15,13.3777790244491,0.891851934963273,0.18906614459253,0.200435058938591,0.0450949611007751,1,"S0052",4,0.4,"development",10.489472804337,15.8405844141167,5.35111160977964,0.372758394586854,0.008,0.356740773985309
"TPL_005","TPL_005_RUN_007",7,39.6014610352917,44.1995469529638,"canonical_mechanism","Pause:canonical","none","Pause","canonical","none","explicit_gap","canonical","none","none","none","pause","canonical_2",1480153147,"point_process=1480153147","d625c2bc9de042417740bac948c1274816fbbd08ebdafec6d4fa5833fa7c714a",4.59808591767214,,,1,4.59808591767214,4.59808591767214,0,0,0,1,"S0052",4,0.4,"development",15.8405844141167,17.6798187811855,1.83923436706886,1.83923436706886,,1.83923436706886
"TPL_005","TPL_005_RUN_008",8,44.1995469529638,44.8920035915922,"standalone_background_shifted_gamma","Burst","none","Burst","none","none","shifted_gamma","standalone_background","none","weak","BQ_013","burst","BQ_013",478897772,"burst=1518404702;hfs=1340189994;hfs_shape=856577884;hfs_total=1291306290;nested_burst=770167114;nested_duration=398175455;nested_position=2133660274;point_process=478897772","814afba02d6bdbcc713eca3fa4d542ea6830b5013ca8167632ded14e411fb8a9",0.683225898724049,3.43926096335053,0.02,4,0.69245663862833,0.173114159657082,0.647423008176899,0.584918625537739,0.317245303395228,3,"S0052",4,0.4,"development",17.6798187811855,17.9568014366369,0.276982655451332,0.27329035948962,0.008,0.069245663862833
"TPL_005","TPL_005_RUN_009",9,44.8920035915922,48.7079845931595,"broad_hfs_shifted_gamma","Broad_HFS","Broad_HFS","none","none","none","shifted_gamma","irregular","none","none","none","hfs","irregular_1",1111514782,"point_process=1111514782","b4afc2b0e99f127947c5f179444de89fac627c1eec54b53d6e1dabd9eb70e4f6",0.191800692267716,1.37340104968753,0.02,21,3.81598100156736,0.181713381027017,0.715024414231937,0.834384892212706,0.788782089433001,14,"S0052",4,0.4,"development",17.9568014366369,19.4831938372638,1.52639240062695,0.0767202769070864,0.008,0.0726853524108069
"TPL_005","TPL_005_RUN_010",10,48.7079845931595,50.4665535425115,"background_shifted_gamma","Background","none","none","none","none","shifted_gamma","background","none","none","none","background","background_02",1244046503,"point_process=1244046503","970ed0590577963e36480c8de7979c6e004ad30c837ccd4c17c0bcf9b4ff938b",0.759210434695706,5.46775792073458,0.02,2,1.75856894935191,0.879284474675956,0.421763251717535,0.596463310689516,0.266826360749023,1,"S0052",4,0.4,"development",19.4831938372638,20.1866214170046,0.703427579740765,0.303684173878282,0.008,0.351713789870382
"TPL_005","TPL_005_RUN_011",11,50.4665535425115,51.2886562711455,"standalone_background_shifted_gamma","Burst","none","Burst","none","none","shifted_gamma","standalone_background","none","moderate","BQ_014","burst","BQ_014",542993143,"burst=2051192863;hfs=2131549373;hfs_shape=1137554444;hfs_total=777120357;nested_burst=744639028;nested_duration=636365189;nested_position=37129128;point_process=542993143","fd0e0b43fd7c535a30c92702ff643ff954b1a950532336842fab0389bc13c528",0.805454160599038,4.53276855349541,0.02,5,0.822102728634075,0.164420545726815,0.601720707959884,0.747416566028741,0.546117525793639,1,"S0052",4,0.4,"development",20.1866214170046,20.5154625084582,0.32884109145363,0.322181664239615,0.008,0.065768218290726
"TPL_005","TPL_005_RUN_012",12,51.2886562711455,51.7460409886565,"contextual_gap_mechanism","Contextual_Separator","none","none","none","Contextual_Separator","explicit_gap","contextual_separator","none","none","none","contextual_separator","separator_1",402403232,"point_process=402403232","4f4a5c5e272b2d289c4757bb7954b81b6bd54e1c794859a44970eb70202f1fb8",0.457384717511013,,,1,0.457384717511013,0.457384717511013,0,0,0,1,"S0052",4,0.4,"development",20.5154625084582,20.6984163954626,0.182953887004405,0.182953887004405,,0.182953887004405
"TPL_005","TPL_005_RUN_013",13,51.7460409886565,52.2608676450793,"standalone_background_shifted_gamma","Burst","none","Burst","none","none","shifted_gamma","standalone_background","none","strong","BQ_015","burst","BQ_015",1991168663,"burst=813128025;hfs=1453273954;hfs_shape=696867517;hfs_total=1854036904;nested_burst=3562469;nested_duration=843301840;nested_position=2040986992;point_process=1991168663","093dd910cbc0d286f91c45ff8339961cffe6da242660e8ab23099df61ff3990e",0.781395702750888,3.50292386189103,0.02,6,0.514826656422744,0.085804442737124,0.175052414568281,0.230395407608253,0.0617208518759019,6,"S0052",4,0.4,"development",20.6984163954626,20.9043470580317,0.205930662569098,0.312558281100355,0.008,0.0343217770948496
"TPL_005","TPL_005_RUN_001",1,0,8.27039491984443,"broad_hfs_shifted_gamma","Burst","Broad_HFS","Burst","none","none","shifted_gamma","regular","none","moderate","BQ_070","hfs_with_nested_burst","BQ_070",1913523802,"hfs_with_nested_burst=1554320036;hfs=1148150554;hfs_shape=1877647505;hfs_total=1870656564;nested_burst=1636980439;nested_duration=1305528966;nested_position=349656795;point_process=1913523802","51550aa7389e222bea5a50b270430ee01b54162d3cc11635ec0e7f2476bd5372",0.273705869824626,9.07314647734165,0.02,34,8.27039491984443,0.243246909407189,0.401896887528539,0.309716205012081,0.149646438218179,3,"S0009",10,1,"development",0,8.27039491984443,8.27039491984443,0.273705869824626,0.02,0.243246909407189
"TPL_005","TPL_005_RUN_002",2,8.27039491984443,13.012704919031,"canonical_mechanism","Pause:canonical","none","Pause","canonical","none","explicit_gap","canonical","none","none","none","pause","canonical_1",587275924,"point_process=587275924","e8ce7462e6104a23657861af8ea2324ed093dd31685cf782723cd2f1afa08369",4.74230999918655,,,1,4.74230999918655,4.74230999918655,0,0,0,1,"S0009",10,1,"development",8.27039491984443,13.012704919031,4.74230999918655,4.74230999918655,,4.74230999918655
"TPL_005","TPL_005_RUN_003",3,13.012704919031,20.1192166680439,"tonic_shifted_gamma_stn_like_empirical","Tonic:stn_like_empirical","Tonic","none","none","none","shifted_gamma","stn_like_empirical","stn_like_empirical","none","none","tonic","stn_like_empirical_1",1830255722,"point_process=1830255722","b4c083deca60f811c0b6897a6f1f3eb771fd7c913b64544204234331ff357655",0.423789571970701,28.527313657105,0.02,17,7.1065117490129,0.418030102883112,0.161587073355723,0.171315777771708,0.0326301415618384,1,"S0009",10,1,"development",13.012704919031,20.1192166680439,7.1065117490129,0.423789571970701,0.02,0.418030102883112
"TPL_005","TPL_005_RUN_004",4,20.1192166680439,21.5312702062118,"background_shifted_gamma","Background","none","none","none","none","shifted_gamma","background","none","none","none","background","background_01",179841750,"point_process=179841750","80aaa954787db9cb23617be7f8adbe16ea47706c229bcf962edc8f8d77ff945b",0.557681709132157,2.86378791928291,0.02,3,1.41205353816795,0.470684512722649,0.666310427846392,0.944850829520192,0.732870187493981,1,"S0009",10,1,"development",20.1192166680439,21.5312702062118,1.41205353816795,0.557681709132157,0.02,0.470684512722649
"TPL_005","TPL_005_RUN_005",5,21.5312702062118,26.2236820108426,"broad_hfs_shifted_gamma","Burst","Broad_HFS","Burst","none","none","shifted_gamma","intermediate","none","strong","BQ_069","hfs_with_nested_burst","BQ_069",519690389,"hfs_with_nested_burst=1816996191;hfs=284551090;hfs_shape=1514365175;hfs_total=1110017018;nested_burst=1724233641;nested_duration=222919050;nested_position=571030419;point_process=519690389","c2f0097b16012f04b4b06355dc9c9e0a71cb11d65a6e555fe30c442655031bb2",0.180210168296471,4.24431370515376,0.02,32,4.69241180463079,0.146637868894712,0.438318740255164,0.417811657768465,0.199853697205035,12,"S0009",10,1,"development",21.5312702062118,26.2236820108426,4.69241180463079,0.180210168296471,0.02,0.146637868894712
"TPL_005","TPL_005_RUN_006",6,26.2236820108426,39.6014610352917,"tonic_shifted_gamma_generic_stress","Tonic:generic_stress","Tonic","none","none","none","shifted_gamma","generic_stress","generic_stress","none","none","tonic","generic_stress_2",384557350,"point_process=384557350","ef7a914098fa1262d03ba9369ddf8ea822a1691a3de5b3f257d414b9714b8eb4",0.931895986467134,21.1444977493957,0.02,15,13.3777790244491,0.891851934963273,0.18906614459253,0.200435058938591,0.0450949611007751,1,"S0009",10,1,"development",26.2236820108426,39.6014610352917,13.3777790244491,0.931895986467134,0.02,0.891851934963273
"TPL_005","TPL_005_RUN_007",7,39.6014610352917,44.1995469529638,"canonical_mechanism","Pause:canonical","none","Pause","canonical","none","explicit_gap","canonical","none","none","none","pause","canonical_2",1480153147,"point_process=1480153147","d625c2bc9de042417740bac948c1274816fbbd08ebdafec6d4fa5833fa7c714a",4.59808591767214,,,1,4.59808591767214,4.59808591767214,0,0,0,1,"S0009",10,1,"development",39.6014610352917,44.1995469529638,4.59808591767214,4.59808591767214,,4.59808591767214
"TPL_005","TPL_005_RUN_008",8,44.1995469529638,44.8920035915922,"standalone_background_shifted_gamma","Burst","none","Burst","none","none","shifted_gamma","standalone_background","none","weak","BQ_013","burst","BQ_013",478897772,"burst=1518404702;hfs=1340189994;hfs_shape=856577884;hfs_total=1291306290;nested_burst=770167114;nested_duration=398175455;nested_position=2133660274;point_process=478897772","814afba02d6bdbcc713eca3fa4d542ea6830b5013ca8167632ded14e411fb8a9",0.683225898724049,3.43926096335053,0.02,4,0.69245663862833,0.173114159657082,0.647423008176899,0.584918625537739,0.317245303395228,3,"S0009",10,1,"development",44.1995469529638,44.8920035915922,0.69245663862833,0.683225898724049,0.02,0.173114159657082
"TPL_005","TPL_005_RUN_009",9,44.8920035915922,48.7079845931595,"broad_hfs_shifted_gamma","Broad_HFS","Broad_HFS","none","none","none","shifted_gamma","irregular","none","none","none","hfs","irregular_1",1111514782,"point_process=1111514782","b4afc2b0e99f127947c5f179444de89fac627c1eec54b53d6e1dabd9eb70e4f6",0.191800692267716,1.37340104968753,0.02,21,3.81598100156736,0.181713381027017,0.715024414231937,0.834384892212706,0.788782089433001,14,"S0009",10,1,"development",44.8920035915922,48.7079845931595,3.81598100156736,0.191800692267716,0.02,0.181713381027017
"TPL_005","TPL_005_RUN_010",10,48.7079845931595,50.4665535425115,"background_shifted_gamma","Background","none","none","none","none","shifted_gamma","background","none","none","none","background","background_02",1244046503,"point_process=1244046503","970ed0590577963e36480c8de7979c6e004ad30c837ccd4c17c0bcf9b4ff938b",0.759210434695706,5.46775792073458,0.02,2,1.75856894935191,0.879284474675956,0.421763251717535,0.596463310689516,0.266826360749023,1,"S0009",10,1,"development",48.7079845931595,50.4665535425115,1.75856894935191,0.759210434695706,0.02,0.879284474675956
"TPL_005","TPL_005_RUN_011",11,50.4665535425115,51.2886562711455,"standalone_background_shifted_gamma","Burst","none","Burst","none","none","shifted_gamma","standalone_background","none","moderate","BQ_014","burst","BQ_014",542993143,"burst=2051192863;hfs=2131549373;hfs_shape=1137554444;hfs_total=777120357;nested_burst=744639028;nested_duration=636365189;nested_position=37129128;point_process=542993143","fd0e0b43fd7c535a30c92702ff643ff954b1a950532336842fab0389bc13c528",0.805454160599038,4.53276855349541,0.02,5,0.822102728634075,0.164420545726815,0.601720707959884,0.747416566028741,0.546117525793639,1,"S0009",10,1,"development",50.4665535425115,51.2886562711455,0.822102728634075,0.805454160599038,0.02,0.164420545726815
"TPL_005","TPL_005_RUN_012",12,51.2886562711455,51.7460409886565,"contextual_gap_mechanism","Contextual_Separator","none","none","none","Contextual_Separator","explicit_gap","contextual_separator","none","none","none","contextual_separator","separator_1",402403232,"point_process=402403232","4f4a5c5e272b2d289c4757bb7954b81b6bd54e1c794859a44970eb70202f1fb8",0.457384717511013,,,1,0.457384717511013,0.457384717511013,0,0,0,1,"S0009",10,1,"development",51.2886562711455,51.7460409886565,0.457384717511013,0.457384717511013,,0.457384717511013
"TPL_005","TPL_005_RUN_013",13,51.7460409886565,52.2608676450793,"standalone_background_shifted_gamma","Burst","none","Burst","none","none","shifted_gamma","standalone_background","none","strong","BQ_015","burst","BQ_015",1991168663,"burst=813128025;hfs=1453273954;hfs_shape=696867517;hfs_total=1854036904;nested_burst=3562469;nested_duration=843301840;nested_position=2040986992;point_process=1991168663","093dd910cbc0d286f91c45ff8339961cffe6da242660e8ab23099df61ff3990e",0.781395702750888,3.50292386189103,0.02,6,0.514826656422744,0.085804442737124,0.175052414568281,0.230395407608253,0.0617208518759019,6,"S0009",10,1,"development",51.7460409886565,52.2608676450793,0.514826656422744,0.781395702750888,0.02,0.085804442737124
"TPL_006","TPL_006_RUN_001",1,0,10.1609027138614,"tonic_shifted_gamma_generic_stress","Tonic:generic_stress","Tonic","none","none","none","shifted_gamma","generic_stress","generic_stress","none","none","tonic","generic_stress_1",1997916022,"point_process=1997916022","fee85fca23da738adc34ae695eda2a79fba2ceb33358c85a0dc75f8918a8a8c7",0.862538532866165,26.2641016901471,0.02,12,10.1609027138614,0.846741892821784,0.211168662277351,0.172973016234811,0.0403415635996816,1,"S0045",1,0.1,"holdout",0,1.01609027138614,1.01609027138614,0.0862538532866165,0.002,0.0846741892821784
"TPL_006","TPL_006_RUN_002",2,10.1609027138614,14.7105238663667,"complex_multi_gap_mechanism","Pause:complex_multi_gap","none","Pause","complex_multi_gap","none","explicit_gap","complex_multi_gap","none","none","none","pause","complex_multi_gap_1",764173897,"point_process=764173897","01ac5942958dd8d5a13c310eaff7a947ae18f80a94c39939f6ac55998e13f480",2.27481057625264,,,2,4.54962115250528,2.27481057625264,0.320491460209157,0.453243369652548,0.154072164100497,2,"S0045",1,0.1,"holdout",1.01609027138614,1.47105238663667,0.454962115250528,0.227481057625264,,0.227481057625264
"TPL_006","TPL_006_RUN_003",3,14.7105238663667,16.5182538495004,"background_shifted_gamma","Background","none","none","none","none","shifted_gamma","background","none","none","none","background","background_01",999153822,"point_process=999153822","03f6efefd86926fcd30e9e6454ccd684c2622ddf587328679a8c32cf650dbd23",0.567791910737287,4.89373233960941,0.02,3,1.80772998313373,0.602576661044575,0.569397032871915,1.10466931798737,0.921542953183961,1,"S0045",1,0.1,"holdout",1.47105238663667,1.65182538495004,0.180772998313373,0.0567791910737287,0.002,0.0602576661044575
"TPL_006","TPL_006_RUN_004",4,16.5182538495004,22.0617875073584,"broad_hfs_shifted_gamma","Burst","Broad_HFS","Burst","none","none","shifted_gamma","irregular","none","weak","BQ_071","hfs_with_nested_burst","BQ_071",1280243793,"hfs_with_nested_burst=2024607488;hfs=1197789220;hfs_shape=701713644;hfs_total=1153315270;nested_burst=1020137944;nested_duration=1732317299;nested_position=95907903;point_process=1280243793","8b03f899d1e8f622667c28cd8d144d97c54cdc3cee1b60babc0153be630ca930",0.201017327066511,1.48720289440826,0.02,34,5.54353365785796,0.163045107584058,0.757931998394246,0.752925559090173,0.600413581036206,157,"S0045",1,0.1,"holdout",1.65182538495004,2.20617875073584,0.554353365785796,0.0201017327066511,0.002,0.0163045107584058
"TPL_006","TPL_006_RUN_005",5,22.0617875073584,26.490966838227,"canonical_mechanism","Pause:canonical","none","Pause","canonical","none","explicit_gap","canonical","none","none","none","pause","canonical_2",1542591620,"point_process=1542591620","4f20a9bbcf111c2011bd497a39b06f4e74e9e758d09b527a8fd31f4507e52c9a",4.42917933086865,,,1,4.42917933086865,4.42917933086865,0,0,0,1,"S0045",1,0.1,"holdout",2.20617875073584,2.6490966838227,0.442917933086865,0.442917933086865,,0.442917933086865
"TPL_006","TPL_006_RUN_006",6,26.490966838227,35.1196330799596,"broad_hfs_shifted_gamma","Burst","Broad_HFS","Burst","none","none","shifted_gamma","regular","none","strong","BQ_072","hfs_with_nested_burst","BQ_072",863017593,"hfs_with_nested_burst=42742364;hfs=1373219232;hfs_shape=1690929854;hfs_total=143363400;nested_burst=1022044777;nested_duration=722478842;nested_position=957868278;point_process=863017593","699343256101f412b12155d6af4c79554fdbef809425d011b57d50854f0430a0",0.297733808304183,6.08716610865667,0.02,34,8.62866624173257,0.253784301227429,0.537607860052071,0.365666024715011,0.156047188695182,10,"S0045",1,0.1,"holdout",2.6490966838227,3.51196330799596,0.862866624173257,0.0297733808304183,0.002,0.0253784301227429
"TPL_006","TPL_006_RUN_007",7,35.1196330799596,36.1043225170845,"background_shifted_gamma","Background","none","none","none","none","shifted_gamma","background","none","none","none","background","background_02",1510486215,"point_process=1510486215","9f2f51a564f5a83d8abfdd8511be330ed2089660a6b30c37ac6636db8af7e7ee",0.727419821266085,4.135953383171,0.02,1,0.984689437124947,0.984689437124947,0,0,0,1,"S0045",1,0.1,"holdout",3.51196330799596,3.61043225170845,0.0984689437124947,0.0727419821266085,0.002,0.0984689437124947
"TPL_006","TPL_006_RUN_008",8,36.1043225170845,44.2850632930887,"broad_hfs_shifted_gamma","Broad_HFS","Broad_HFS","none","none","none","shifted_gamma","intermediate","none","none","none","hfs","intermediate_1",1389127303,"point_process=1389127303","13c2f6c6754e958e5b1984a85968a3f05ae4563d6afabbff8443907a52e6e8f3",0.290601500542834,4.46764557654969,0.02,29,8.18074077600421,0.282094509517387,0.358957157093343,0.368839829645446,0.188569108838086,3,"S0045",1,0.1,"holdout",3.61043225170845,4.42850632930887,0.818074077600421,0.0290601500542834,0.002,0.0282094509517387
"TPL_006","TPL_006_RUN_009",9,44.2850632930887,44.7361382344434,"standalone_background_shifted_gamma","Burst","none","Burst","none","none","shifted_gamma","standalone_background","none","moderate","BQ_017","burst","BQ_017",2094449451,"burst=1413620294;hfs=63226249;hfs_shape=426858626;hfs_total=15950173;nested_burst=640721103;nested_duration=1351734356;nested_position=678318457;point_process=2094449451","48de24ecc86d1609153b45fdca64cbb738ade9fc239b8ccb9bfd39ae2f079ab1",0.839612140681129,4.9000808686018,0.02,3,0.451074941354708,0.150358313784903,0.31889167308097,0.607305689917288,0.276737566983353,1,"S0045",1,0.1,"holdout",4.42850632930887,4.47361382344434,0.0451074941354708,0.0839612140681129,0.002,0.0150358313784903
"TPL_006","TPL_006_RUN_010",10,44.7361382344434,45.4090477490908,"standalone_background_shifted_gamma","Burst","none","Burst","none","none","shifted_gamma","standalone_background","none","strong","BQ_018","burst","BQ_018",1204900538,"burst=981906006;hfs=1115748143;hfs_shape=1324359041;hfs_total=834320553;nested_burst=220270523;nested_duration=24654246;nested_position=580438852;point_process=1204900538","ab3c6fa0c614c3e9d17cd04c2c421108f1d7fc51057363c8e3369c4f1c07cdff",0.790721644856967,3.48507018014789,0.02,8,0.672909514647361,0.0841136893309202,0.349328518929246,0.420035115766453,0.16061983697504,3,"S0045",1,0.1,"holdout",4.47361382344434,4.54090477490908,0.0672909514647362,0.0790721644856967,0.002,0.00841136893309202
"TPL_006","TPL_006_RUN_011",11,45.4090477490908,45.9175264329294,"contextual_gap_mechanism","Contextual_Separator","none","none","none","Contextual_Separator","explicit_gap","contextual_separator","none","none","none","contextual_separator","separator_1",968410946,"point_process=968410946","4e820e172e66c5b45ed5645c1074a81af412a7da603ec3a6495ac09c15f3c9e5",0.508478683838621,,,1,0.508478683838621,0.508478683838621,0,0,0,1,"S0045",1,0.1,"holdout",4.54090477490908,4.59175264329294,0.0508478683838621,0.0508478683838621,,0.0508478683838621
"TPL_006","TPL_006_RUN_012",12,45.9175264329294,46.7042392636379,"standalone_background_shifted_gamma","Burst","none","Burst","none","none","shifted_gamma","standalone_background","none","weak","BQ_016","burst","BQ_016",283150991,"burst=1323178464;hfs=1854794158;hfs_shape=681222339;hfs_total=1740118892;nested_burst=1448503302;nested_duration=1023861721;nested_position=649506302;point_process=283150991","bc20cd3a41a514487fd44cb9df1659228ec5d24b341ecbad482a5df5c64d01d5",0.563485367456451,2.65070507898927,0.02,7,0.786712830708524,0.112387547244075,0.326182073087802,0.541015296452047,0.268871854074015,5,"S0045",1,0.1,"holdout",4.59175264329294,4.6704239263638,0.0786712830708525,0.0563485367456451,0.002,0.0112387547244075
"TPL_006","TPL_006_RUN_013",13,46.7042392636379,52.7639212755619,"tonic_shifted_gamma_stn_like_empirical","Tonic:stn_like_empirical","Tonic","none","none","none","shifted_gamma","stn_like_empirical","stn_like_empirical","none","none","tonic","stn_like_empirical_2",975589101,"point_process=975589101","935e09229ec1084596355f61ece4f1747c03bec5142692e432aaacb5dbcf8ac5",0.528682711394504,48.619833253324,0.02,11,6.05968201192396,0.550880182902178,0.148972977642964,0.199231022972147,0.0400236977975531,1,"S0045",1,0.1,"holdout",4.6704239263638,5.27639212755619,0.605968201192396,0.0528682711394504,0.002,0.0550880182902178
"TPL_006","TPL_006_RUN_014",14,52.7639212755619,57.7310688490181,"canonical_mechanism","Pause:canonical","none","Pause","canonical","none","explicit_gap","canonical","none","none","none","pause","canonical_3",2109708933,"point_process=2109708933","3e524f405c92a5ec60cbfc3665589173280454de3e1e84769223e184be9c3102",4.96714757345617,,,1,4.96714757345617,4.96714757345617,0,0,0,1,"S0045",1,0.1,"holdout",5.27639212755619,5.77310688490181,0.496714757345617,0.496714757345617,,0.496714757345617
"TPL_006","TPL_006_RUN_001",1,0,10.1609027138614,"tonic_shifted_gamma_generic_stress","Tonic:generic_stress","Tonic","none","none","none","shifted_gamma","generic_stress","generic_stress","none","none","tonic","generic_stress_1",1997916022,"point_process=1997916022","fee85fca23da738adc34ae695eda2a79fba2ceb33358c85a0dc75f8918a8a8c7",0.862538532866165,26.2641016901471,0.02,12,10.1609027138614,0.846741892821784,0.211168662277351,0.172973016234811,0.0403415635996816,1,"S0035",4,0.4,"holdout",0,4.06436108554456,4.06436108554456,0.345015413146466,0.008,0.338696757128713
"TPL_006","TPL_006_RUN_002",2,10.1609027138614,14.7105238663667,"complex_multi_gap_mechanism","Pause:complex_multi_gap","none","Pause","complex_multi_gap","none","explicit_gap","complex_multi_gap","none","none","none","pause","complex_multi_gap_1",764173897,"point_process=764173897","01ac5942958dd8d5a13c310eaff7a947ae18f80a94c39939f6ac55998e13f480",2.27481057625264,,,2,4.54962115250528,2.27481057625264,0.320491460209157,0.453243369652548,0.154072164100497,2,"S0035",4,0.4,"holdout",4.06436108554456,5.88420954654667,1.81984846100211,0.909924230501056,,0.909924230501056
"TPL_006","TPL_006_RUN_003",3,14.7105238663667,16.5182538495004,"background_shifted_gamma","Background","none","none","none","none","shifted_gamma","background","none","none","none","background","background_01",999153822,"point_process=999153822","03f6efefd86926fcd30e9e6454ccd684c2622ddf587328679a8c32cf650dbd23",0.567791910737287,4.89373233960941,0.02,3,1.80772998313373,0.602576661044575,0.569397032871915,1.10466931798737,0.921542953183961,1,"S0035",4,0.4,"holdout",5.88420954654667,6.60730153980017,0.72309199325349,0.227116764294915,0.008,0.24103066441783
"TPL_006","TPL_006_RUN_004",4,16.5182538495004,22.0617875073584,"broad_hfs_shifted_gamma","Burst","Broad_HFS","Burst","none","none","shifted_gamma","irregular","none","weak","BQ_071","hfs_with_nested_burst","BQ_071",1280243793,"hfs_with_nested_burst=2024607488;hfs=1197789220;hfs_shape=701713644;hfs_total=1153315270;nested_burst=1020137944;nested_duration=1732317299;nested_position=95907903;point_process=1280243793","8b03f899d1e8f622667c28cd8d144d97c54cdc3cee1b60babc0153be630ca930",0.201017327066511,1.48720289440826,0.02,34,5.54353365785796,0.163045107584058,0.757931998394246,0.752925559090173,0.600413581036206,157,"S0035",4,0.4,"holdout",6.60730153980017,8.82471500294335,2.21741346314318,0.0804069308266044,0.008,0.065218043033623
"TPL_006","TPL_006_RUN_005",5,22.0617875073584,26.490966838227,"canonical_mechanism","Pause:canonical","none","Pause","canonical","none","explicit_gap","canonical","none","none","none","pause","canonical_2",1542591620,"point_process=1542591620","4f20a9bbcf111c2011bd497a39b06f4e74e9e758d09b527a8fd31f4507e52c9a",4.42917933086865,,,1,4.42917933086865,4.42917933086865,0,0,0,1,"S0035",4,0.4,"holdout",8.82471500294335,10.5963867352908,1.77167173234746,1.77167173234746,,1.77167173234746
"TPL_006","TPL_006_RUN_006",6,26.490966838227,35.1196330799596,"broad_hfs_shifted_gamma","Burst","Broad_HFS","Burst","none","none","shifted_gamma","regular","none","strong","BQ_072","hfs_with_nested_burst","BQ_072",863017593,"hfs_with_nested_burst=42742364;hfs=1373219232;hfs_shape=1690929854;hfs_total=143363400;nested_burst=1022044777;nested_duration=722478842;nested_position=957868278;point_process=863017593","699343256101f412b12155d6af4c79554fdbef809425d011b57d50854f0430a0",0.297733808304183,6.08716610865667,0.02,34,8.62866624173257,0.253784301227429,0.537607860052071,0.365666024715011,0.156047188695182,10,"S0035",4,0.4,"holdout",10.5963867352908,14.0478532319838,3.45146649669303,0.119093523321673,0.008,0.101513720490971
"TPL_006","TPL_006_RUN_007",7,35.1196330799596,36.1043225170845,"background_shifted_gamma","Background","none","none","none","none","shifted_gamma","background","none","none","none","background","background_02",1510486215,"point_process=1510486215","9f2f51a564f5a83d8abfdd8511be330ed2089660a6b30c37ac6636db8af7e7ee",0.727419821266085,4.135953383171,0.02,1,0.984689437124947,0.984689437124947,0,0,0,1,"S0035",4,0.4,"holdout",14.0478532319838,14.4417290068338,0.393875774849979,0.290967928506434,0.008,0.393875774849979
"TPL_006","TPL_006_RUN_008",8,36.1043225170845,44.2850632930887,"broad_hfs_shifted_gamma","Broad_HFS","Broad_HFS","none","none","none","shifted_gamma","intermediate","none","none","none","hfs","intermediate_1",1389127303,"point_process=1389127303","13c2f6c6754e958e5b1984a85968a3f05ae4563d6afabbff8443907a52e6e8f3",0.290601500542834,4.46764557654969,0.02,29,8.18074077600421,0.282094509517387,0.358957157093343,0.368839829645446,0.188569108838086,3,"S0035",4,0.4,"holdout",14.4417290068338,17.7140253172355,3.27229631040168,0.116240600217134,0.008,0.112837803806955
"TPL_006","TPL_006_RUN_009",9,44.2850632930887,44.7361382344434,"standalone_background_shifted_gamma","Burst","none","Burst","none","none","shifted_gamma","standalone_background","none","moderate","BQ_017","burst","BQ_017",2094449451,"burst=1413620294;hfs=63226249;hfs_shape=426858626;hfs_total=15950173;nested_burst=640721103;nested_duration=1351734356;nested_position=678318457;point_process=2094449451","48de24ecc86d1609153b45fdca64cbb738ade9fc239b8ccb9bfd39ae2f079ab1",0.839612140681129,4.9000808686018,0.02,3,0.451074941354708,0.150358313784903,0.31889167308097,0.607305689917288,0.276737566983353,1,"S0035",4,0.4,"holdout",17.7140253172355,17.8944552937774,0.180429976541883,0.335844856272452,0.008,0.0601433255139611
"TPL_006","TPL_006_RUN_010",10,44.7361382344434,45.4090477490908,"standalone_background_shifted_gamma","Burst","none","Burst","none","none","shifted_gamma","standalone_background","none","strong","BQ_018","burst","BQ_018",1204900538,"burst=981906006;hfs=1115748143;hfs_shape=1324359041;hfs_total=834320553;nested_burst=220270523;nested_duration=24654246;nested_position=580438852;point_process=1204900538","ab3c6fa0c614c3e9d17cd04c2c421108f1d7fc51057363c8e3369c4f1c07cdff",0.790721644856967,3.48507018014789,0.02,8,0.672909514647361,0.0841136893309202,0.349328518929246,0.420035115766453,0.16061983697504,3,"S0035",4,0.4,"holdout",17.8944552937774,18.1636190996363,0.269163805858945,0.316288657942787,0.008,0.0336454757323681
"TPL_006","TPL_006_RUN_011",11,45.4090477490908,45.9175264329294,"contextual_gap_mechanism","Contextual_Separator","none","none","none","Contextual_Separator","explicit_gap","contextual_separator","none","none","none","contextual_separator","separator_1",968410946,"point_process=968410946","4e820e172e66c5b45ed5645c1074a81af412a7da603ec3a6495ac09c15f3c9e5",0.508478683838621,,,1,0.508478683838621,0.508478683838621,0,0,0,1,"S0035",4,0.4,"holdout",18.1636190996363,18.3670105731718,0.203391473535448,0.203391473535448,,0.203391473535448
"TPL_006","TPL_006_RUN_012",12,45.9175264329294,46.7042392636379,"standalone_background_shifted_gamma","Burst","none","Burst","none","none","shifted_gamma","standalone_background","none","weak","BQ_016","burst","BQ_016",283150991,"burst=1323178464;hfs=1854794158;hfs_shape=681222339;hfs_total=1740118892;nested_burst=1448503302;nested_duration=1023861721;nested_position=649506302;point_process=283150991","bc20cd3a41a514487fd44cb9df1659228ec5d24b341ecbad482a5df5c64d01d5",0.563485367456451,2.65070507898927,0.02,7,0.786712830708524,0.112387547244075,0.326182073087802,0.541015296452047,0.268871854074015,5,"S0035",4,0.4,"holdout",18.3670105731718,18.6816957054552,0.31468513228341,0.22539414698258,0.008,0.04495501889763
"TPL_006","TPL_006_RUN_013",13,46.7042392636379,52.7639212755619,"tonic_shifted_gamma_stn_like_empirical","Tonic:stn_like_empirical","Tonic","none","none","none","shifted_gamma","stn_like_empirical","stn_like_empirical","none","none","tonic","stn_like_empirical_2",975589101,"point_process=975589101","935e09229ec1084596355f61ece4f1747c03bec5142692e432aaacb5dbcf8ac5",0.528682711394504,48.619833253324,0.02,11,6.05968201192396,0.550880182902178,0.148972977642964,0.199231022972147,0.0400236977975531,1,"S0035",4,0.4,"holdout",18.6816957054552,21.1055685102248,2.42387280476958,0.211473084557802,0.008,0.220352073160871
"TPL_006","TPL_006_RUN_014",14,52.7639212755619,57.7310688490181,"canonical_mechanism","Pause:canonical","none","Pause","canonical","none","explicit_gap","canonical","none","none","none","pause","canonical_3",2109708933,"point_process=2109708933","3e524f405c92a5ec60cbfc3665589173280454de3e1e84769223e184be9c3102",4.96714757345617,,,1,4.96714757345617,4.96714757345617,0,0,0,1,"S0035",4,0.4,"holdout",21.1055685102248,23.0924275396072,1.98685902938247,1.98685902938247,,1.98685902938247
"TPL_006","TPL_006_RUN_001",1,0,10.1609027138614,"tonic_shifted_gamma_generic_stress","Tonic:generic_stress","Tonic","none","none","none","shifted_gamma","generic_stress","generic_stress","none","none","tonic","generic_stress_1",1997916022,"point_process=1997916022","fee85fca23da738adc34ae695eda2a79fba2ceb33358c85a0dc75f8918a8a8c7",0.862538532866165,26.2641016901471,0.02,12,10.1609027138614,0.846741892821784,0.211168662277351,0.172973016234811,0.0403415635996816,1,"S0004",10,1,"holdout",0,10.1609027138614,10.1609027138614,0.862538532866165,0.02,0.846741892821784
"TPL_006","TPL_006_RUN_002",2,10.1609027138614,14.7105238663667,"complex_multi_gap_mechanism","Pause:complex_multi_gap","none","Pause","complex_multi_gap","none","explicit_gap","complex_multi_gap","none","none","none","pause","complex_multi_gap_1",764173897,"point_process=764173897","01ac5942958dd8d5a13c310eaff7a947ae18f80a94c39939f6ac55998e13f480",2.27481057625264,,,2,4.54962115250528,2.27481057625264,0.320491460209157,0.453243369652548,0.154072164100497,2,"S0004",10,1,"holdout",10.1609027138614,14.7105238663667,4.54962115250528,2.27481057625264,,2.27481057625264
"TPL_006","TPL_006_RUN_003",3,14.7105238663667,16.5182538495004,"background_shifted_gamma","Background","none","none","none","none","shifted_gamma","background","none","none","none","background","background_01",999153822,"point_process=999153822","03f6efefd86926fcd30e9e6454ccd684c2622ddf587328679a8c32cf650dbd23",0.567791910737287,4.89373233960941,0.02,3,1.80772998313373,0.602576661044575,0.569397032871915,1.10466931798737,0.921542953183961,1,"S0004",10,1,"holdout",14.7105238663667,16.5182538495004,1.80772998313373,0.567791910737287,0.02,0.602576661044575
"TPL_006","TPL_006_RUN_004",4,16.5182538495004,22.0617875073584,"broad_hfs_shifted_gamma","Burst","Broad_HFS","Burst","none","none","shifted_gamma","irregular","none","weak","BQ_071","hfs_with_nested_burst","BQ_071",1280243793,"hfs_with_nested_burst=2024607488;hfs=1197789220;hfs_shape=701713644;hfs_total=1153315270;nested_burst=1020137944;nested_duration=1732317299;nested_position=95907903;point_process=1280243793","8b03f899d1e8f622667c28cd8d144d97c54cdc3cee1b60babc0153be630ca930",0.201017327066511,1.48720289440826,0.02,34,5.54353365785796,0.163045107584058,0.757931998394246,0.752925559090173,0.600413581036206,157,"S0004",10,1,"holdout",16.5182538495004,22.0617875073584,5.54353365785796,0.201017327066511,0.02,0.163045107584058
"TPL_006","TPL_006_RUN_005",5,22.0617875073584,26.490966838227,"canonical_mechanism","Pause:canonical","none","Pause","canonical","none","explicit_gap","canonical","none","none","none","pause","canonical_2",1542591620,"point_process=1542591620","4f20a9bbcf111c2011bd497a39b06f4e74e9e758d09b527a8fd31f4507e52c9a",4.42917933086865,,,1,4.42917933086865,4.42917933086865,0,0,0,1,"S0004",10,1,"holdout",22.0617875073584,26.490966838227,4.42917933086865,4.42917933086865,,4.42917933086865
"TPL_006","TPL_006_RUN_006",6,26.490966838227,35.1196330799596,"broad_hfs_shifted_gamma","Burst","Broad_HFS","Burst","none","none","shifted_gamma","regular","none","strong","BQ_072","hfs_with_nested_burst","BQ_072",863017593,"hfs_with_nested_burst=42742364;hfs=1373219232;hfs_shape=1690929854;hfs_total=143363400;nested_burst=1022044777;nested_duration=722478842;nested_position=957868278;point_process=863017593","699343256101f412b12155d6af4c79554fdbef809425d011b57d50854f0430a0",0.297733808304183,6.08716610865667,0.02,34,8.62866624173257,0.253784301227429,0.537607860052071,0.365666024715011,0.156047188695182,10,"S0004",10,1,"holdout",26.490966838227,35.1196330799596,8.62866624173257,0.297733808304183,0.02,0.253784301227429
"TPL_006","TPL_006_RUN_007",7,35.1196330799596,36.1043225170845,"background_shifted_gamma","Background","none","none","none","none","shifted_gamma","background","none","none","none","background","background_02",1510486215,"point_process=1510486215","9f2f51a564f5a83d8abfdd8511be330ed2089660a6b30c37ac6636db8af7e7ee",0.727419821266085,4.135953383171,0.02,1,0.984689437124947,0.984689437124947,0,0,0,1,"S0004",10,1,"holdout",35.1196330799596,36.1043225170845,0.984689437124947,0.727419821266085,0.02,0.984689437124947
"TPL_006","TPL_006_RUN_008",8,36.1043225170845,44.2850632930887,"broad_hfs_shifted_gamma","Broad_HFS","Broad_HFS","none","none","none","shifted_gamma","intermediate","none","none","none","hfs","intermediate_1",1389127303,"point_process=1389127303","13c2f6c6754e958e5b1984a85968a3f05ae4563d6afabbff8443907a52e6e8f3",0.290601500542834,4.46764557654969,0.02,29,8.18074077600421,0.282094509517387,0.358957157093343,0.368839829645446,0.188569108838086,3,"S0004",10,1,"holdout",36.1043225170845,44.2850632930887,8.18074077600421,0.290601500542834,0.02,0.282094509517387
"TPL_006","TPL_006_RUN_009",9,44.2850632930887,44.7361382344434,"standalone_background_shifted_gamma","Burst","none","Burst","none","none","shifted_gamma","standalone_background","none","moderate","BQ_017","burst","BQ_017",2094449451,"burst=1413620294;hfs=63226249;hfs_shape=426858626;hfs_total=15950173;nested_burst=640721103;nested_duration=1351734356;nested_position=678318457;point_process=2094449451","48de24ecc86d1609153b45fdca64cbb738ade9fc239b8ccb9bfd39ae2f079ab1",0.839612140681129,4.9000808686018,0.02,3,0.451074941354708,0.150358313784903,0.31889167308097,0.607305689917288,0.276737566983353,1,"S0004",10,1,"holdout",44.2850632930887,44.7361382344434,0.451074941354708,0.839612140681129,0.02,0.150358313784903
"TPL_006","TPL_006_RUN_010",10,44.7361382344434,45.4090477490908,"standalone_background_shifted_gamma","Burst","none","Burst","none","none","shifted_gamma","standalone_background","none","strong","BQ_018","burst","BQ_018",1204900538,"burst=981906006;hfs=1115748143;hfs_shape=1324359041;hfs_total=834320553;nested_burst=220270523;nested_duration=24654246;nested_position=580438852;point_process=1204900538","ab3c6fa0c614c3e9d17cd04c2c421108f1d7fc51057363c8e3369c4f1c07cdff",0.790721644856967,3.48507018014789,0.02,8,0.672909514647361,0.0841136893309202,0.349328518929246,0.420035115766453,0.16061983697504,3,"S0004",10,1,"holdout",44.7361382344434,45.4090477490908,0.672909514647361,0.790721644856967,0.02,0.0841136893309202
"TPL_006","TPL_006_RUN_011",11,45.4090477490908,45.9175264329294,"contextual_gap_mechanism","Contextual_Separator","none","none","none","Contextual_Separator","explicit_gap","contextual_separator","none","none","none","contextual_separator","separator_1",968410946,"point_process=968410946","4e820e172e66c5b45ed5645c1074a81af412a7da603ec3a6495ac09c15f3c9e5",0.508478683838621,,,1,0.508478683838621,0.508478683838621,0,0,0,1,"S0004",10,1,"holdout",45.4090477490908,45.9175264329294,0.508478683838621,0.508478683838621,,0.508478683838621
"TPL_006","TPL_006_RUN_012",12,45.9175264329294,46.7042392636379,"standalone_background_shifted_gamma","Burst","none","Burst","none","none","shifted_gamma","standalone_background","none","weak","BQ_016","burst","BQ_016",283150991,"burst=1323178464;hfs=1854794158;hfs_shape=681222339;hfs_total=1740118892;nested_burst=1448503302;nested_duration=1023861721;nested_position=649506302;point_process=283150991","bc20cd3a41a514487fd44cb9df1659228ec5d24b341ecbad482a5df5c64d01d5",0.563485367456451,2.65070507898927,0.02,7,0.786712830708524,0.112387547244075,0.326182073087802,0.541015296452047,0.268871854074015,5,"S0004",10,1,"holdout",45.9175264329294,46.7042392636379,0.786712830708524,0.563485367456451,0.02,0.112387547244075
"TPL_006","TPL_006_RUN_013",13,46.7042392636379,52.7639212755619,"tonic_shifted_gamma_stn_like_empirical","Tonic:stn_like_empirical","Tonic","none","none","none","shifted_gamma","stn_like_empirical","stn_like_empirical","none","none","tonic","stn_like_empirical_2",975589101,"point_process=975589101","935e09229ec1084596355f61ece4f1747c03bec5142692e432aaacb5dbcf8ac5",0.528682711394504,48.619833253324,0.02,11,6.05968201192396,0.550880182902178,0.148972977642964,0.199231022972147,0.0400236977975531,1,"S0004",10,1,"holdout",46.7042392636379,52.7639212755619,6.05968201192396,0.528682711394504,0.02,0.550880182902178
"TPL_006","TPL_006_RUN_014",14,52.7639212755619,57.7310688490181,"canonical_mechanism","Pause:canonical","none","Pause","canonical","none","explicit_gap","canonical","none","none","none","pause","canonical_3",2109708933,"point_process=2109708933","3e524f405c92a5ec60cbfc3665589173280454de3e1e84769223e184be9c3102",4.96714757345617,,,1,4.96714757345617,4.96714757345617,0,0,0,1,"S0004",10,1,"holdout",52.7639212755619,57.7310688490181,4.96714757345617,4.96714757345617,,4.96714757345617
"TPL_007","TPL_007_RUN_001",1,0,4.53572489287477,"tonic_shifted_gamma_stn_like_empirical","Tonic:stn_like_empirical","Tonic","none","none","none","shifted_gamma","stn_like_empirical","stn_like_empirical","none","none","tonic","stn_like_empirical_1",551668447,"point_process=551668447","590a9a4bf148b78b1df5ef268fcf09478370291cacc3d7d77859af0f4370d4d7",0.368130105128512,67.2582645621151,0.02,12,4.53572489287477,0.377977074406231,0.102547205999503,0.123530747207673,0.015649445786138,1,"S0059",1,0.1,"holdout",0,0.453572489287477,0.453572489287477,0.0368130105128512,0.002,0.0377977074406231
"TPL_007","TPL_007_RUN_002",2,4.53572489287477,6.64044016374894,"background_shifted_gamma","Background","none","none","none","none","shifted_gamma","background","none","none","none","background","background_01",328848859,"point_process=328848859","882267b38075e9b07f4c307a7098521f9f128a780c085048460cd647e14312d6",0.621267273509875,2.75304579909425,0.02,2,2.10471527087417,1.05235763543708,0.701852169315501,0.992568856626959,0.738894701359312,1,"S0059",1,0.1,"holdout",0.453572489287477,0.664044016374894,0.210471527087417,0.0621267273509875,0.002,0.105235763543708
"TPL_007","TPL_007_RUN_003",3,6.64044016374894,15.4765839401092,"broad_hfs_shifted_gamma","Burst","Broad_HFS","Burst","none","none","shifted_gamma","intermediate","none","weak","BQ_073","hfs_with_nested_burst","BQ_073",963576826,"hfs_with_nested_burst=671167420;hfs=973677831;hfs_shape=281536144;hfs_total=679342781;nested_burst=1579467430;nested_duration=233109870;nested_position=222263837;point_process=963576826","3812f8fa4f09fac4f5ab97836aa5ad85e0556eb5f9cff1fb31187d022121f401",0.288179781073704,3.10531514817849,0.02,34,8.83614377636024,0.259886581657654,0.604671677123828,0.579528037710677,0.335090051232879,26,"S0059",1,0.1,"holdout",0.664044016374894,1.54765839401092,0.883614377636024,0.0288179781073704,0.002,0.0259886581657654
"TPL_007","TPL_007_RUN_004",4,15.4765839401092,15.9316007080004,"standalone_background_shifted_gamma","Burst","none","Burst","none","none","shifted_gamma","standalone_background","none","strong","BQ_021","burst","BQ_021",1494865830,"burst=1479248391;hfs=843090476;hfs_shape=697067994;hfs_total=744559189;nested_burst=1817203700;nested_duration=899172514;nested_position=77103781;point_process=1494865830","51f28edda4b0987bde037d26f488127e033fb1effd233ffd99287917434a9609",0.647540139325429,4.18046828433871,0.02,6,0.455016767891227,0.0758361279818712,0.405092648537561,0.757658326539604,0.437771131108488,7,"S0059",1,0.1,"holdout",1.54765839401092,1.59316007080004,0.0455016767891227,0.0647540139325429,0.002,0.00758361279818712
"TPL_007","TPL_007_RUN_005",5,15.9316007080004,22.3410929997413,"broad_hfs_shifted_gamma","Broad_HFS","Broad_HFS","none","none","none","shifted_gamma","regular","none","none","none","hfs","regular_1",1589509574,"point_process=1589509574","ef76e6eb2ca5c58ad6fee89cd9b34114c7c9502e98b4da950123c9fed4409113",0.198178572813049,11.7162573183887,0.02,32,6.40949229174091,0.200296634116903,0.241118469573829,0.227248881383085,0.0636562643458066,1,"S0059",1,0.1,"holdout",1.59316007080004,2.23410929997413,0.640949229174091,0.0198178572813049,0.002,0.0200296634116903
"TPL_007","TPL_007_RUN_006",6,22.3410929997413,24.218980309145,"background_shifted_gamma","Background","none","none","none","none","shifted_gamma","background","none","none","none","background","background_02",26703378,"point_process=26703378","16c6d1b0e3d339773efea11fde6a7f3ad62633281eda2b5b67c3dda602c28268",0.652236761595123,2.34154417226091,0.02,2,1.87788730940371,0.938943654701857,1.00726816268374,1.42449229661397,1.5218837273344,1,"S0059",1,0.1,"holdout",2.23410929997413,2.4218980309145,0.187788730940371,0.0652236761595123,0.002,0.0938943654701857
"TPL_007","TPL_007_RUN_007",7,24.218980309145,27.1815373525596,"canonical_mechanism","Pause:canonical","none","Pause","canonical","none","explicit_gap","canonical","none","none","none","pause","canonical_1",2035094493,"point_process=2035094493","d595b2adbbfac7e15b2b1a7cc1a166b95b47dd411458e8a04e21127e6cb70d61",2.96255704341456,,,1,2.96255704341456,2.96255704341456,0,0,0,1,"S0059",1,0.1,"holdout",2.4218980309145,2.71815373525596,0.296255704341456,0.296255704341456,,0.296255704341456
"TPL_007","TPL_007_RUN_008",8,27.1815373525596,28.0637850327036,"background_shifted_gamma","Background","none","none","none","none","shifted_gamma","background","none","none","none","background","background_03",311934540,"point_process=311934540","a4d8cc73d05bcd3e8479d98c5495d273e7320dec3c228cb25ba7ebcec8664e37",0.593913661560509,2.84911869966891,0.02,2,0.882247680143968,0.441123840071984,0.495219795530793,0.700346551195278,0.36786396882834,1,"S0059",1,0.1,"holdout",2.71815373525596,2.80637850327036,0.0882247680143968,0.059391366156051,0.002,0.0441123840071984
"TPL_007","TPL_007_RUN_009",9,28.0637850327036,28.5489295781626,"standalone_background_shifted_gamma","Burst","none","Burst","none","none","shifted_gamma","standalone_background","none","weak","BQ_019","burst","BQ_019",888615986,"burst=915844629;hfs=1631207641;hfs_shape=363969979;hfs_total=1540731212;nested_burst=1196429790;nested_duration=883244431;nested_position=361565790;point_process=888615986","623d541d3b7078681523219cc9ba2895936943e33c988518a6cb786a3ef487cd",0.508431919582654,2.24274700209498,0.02,4,0.485144545459024,0.121286136364756,0.552728488899387,0.902105421385017,0.626738754445443,9,"S0059",1,0.1,"holdout",2.80637850327036,2.85489295781626,0.0485144545459024,0.0508431919582654,0.002,0.0121286136364756
"TPL_007","TPL_007_RUN_010",10,28.5489295781626,29.0524196501857,"contextual_gap_mechanism","Contextual_Separator","none","none","none","Contextual_Separator","explicit_gap","contextual_separator","none","none","none","contextual_separator","separator_1",631643271,"point_process=631643271","9b60ca1d7b705ee6354237b39aba1f41b01cb6da36ab79079ab7f8d953354f3b",0.503490072023124,,,1,0.503490072023124,0.503490072023124,0,0,0,1,"S0059",1,0.1,"holdout",2.85489295781626,2.90524196501857,0.0503490072023124,0.0503490072023124,,0.0503490072023124
"TPL_007","TPL_007_RUN_011",11,29.0524196501857,29.5335449231488,"standalone_background_shifted_gamma","Burst","none","Burst","none","none","shifted_gamma","standalone_background","none","moderate","BQ_020","burst","BQ_020",1872540926,"burst=1828897718;hfs=425386522;hfs_shape=563957632;hfs_total=375162288;nested_burst=1019978259;nested_duration=180998634;nested_position=833074073;point_process=1872540926","4b6a979cd0542863feac0e53f1906160c3ba007c91cceab1dca6f4c93b8e973b",0.60616169210989,1.80431069806218,0.02,5,0.481125272963104,0.0962250545926207,0.377947991812248,0.536948703085477,0.318954243865186,2,"S0059",1,0.1,"holdout",2.90524196501857,2.95335449231488,0.0481125272963104,0.060616169210989,0.002,0.00962250545926207
"TPL_007","TPL_007_RUN_012",12,29.5335449231488,35.9751321044519,"broad_hfs_shifted_gamma","Burst","Broad_HFS","Burst","none","none","shifted_gamma","irregular","none","moderate","BQ_074","hfs_with_nested_burst","BQ_074",1708937661,"hfs_with_nested_burst=1630095263;hfs=1048010274;hfs_shape=1961467838;hfs_total=1980993989;nested_burst=1287983298;nested_duration=1887435976;nested_position=1222607793;point_process=1708937661","e9e5858b7d875963fb1ee988d58df1ebc3c2aeae717eda5ace1f7f79a84b003e",0.235700743910857,1.65572959631681,0.02,31,6.44158718130309,0.207793134880745,0.60054267340434,0.472863138866253,0.302964989400141,858,"S0059",1,0.1,"holdout",2.95335449231488,3.59751321044519,0.644158718130309,0.0235700743910857,0.002,0.0207793134880745
"TPL_007","TPL_007_RUN_013",13,35.9751321044519,47.6383758100413,"tonic_shifted_gamma_generic_stress","Tonic:generic_stress","Tonic","none","none","none","shifted_gamma","generic_stress","generic_stress","none","none","tonic","generic_stress_2",28437912,"point_process=28437912","57fb1c73b76ef334cbc5d92bc8618a73cb6e2accb6f08cc578c49bc65fb309e9",0.755694733478595,18.6876875320449,0.02,15,11.6632437055894,0.777549580372627,0.17422562240998,0.200913549802709,0.0480726716339451,1,"S0059",1,0.1,"holdout",3.59751321044519,4.76383758100413,1.16632437055894,0.0755694733478595,0.002,0.0777549580372627
"TPL_007","TPL_007_RUN_014",14,47.6383758100413,52.4580185519729,"canonical_mechanism","Pause:canonical","none","Pause","canonical","none","explicit_gap","canonical","none","none","none","pause","canonical_2",1870619954,"point_process=1870619954","febe3e724bf133e0cdab1a277f8310a42b4b1db25618a7f8eabb073c45fa9cd5",4.8196427419316,,,1,4.8196427419316,4.8196427419316,0,0,0,1,"S0059",1,0.1,"holdout",4.76383758100413,5.24580185519729,0.48196427419316,0.48196427419316,,0.48196427419316
"TPL_007","TPL_007_RUN_001",1,0,4.53572489287477,"tonic_shifted_gamma_stn_like_empirical","Tonic:stn_like_empirical","Tonic","none","none","none","shifted_gamma","stn_like_empirical","stn_like_empirical","none","none","tonic","stn_like_empirical_1",551668447,"point_process=551668447","590a9a4bf148b78b1df5ef268fcf09478370291cacc3d7d77859af0f4370d4d7",0.368130105128512,67.2582645621151,0.02,12,4.53572489287477,0.377977074406231,0.102547205999503,0.123530747207673,0.015649445786138,1,"S0041",4,0.4,"holdout",0,1.81428995714991,1.81428995714991,0.147252042051405,0.008,0.151190829762492
"TPL_007","TPL_007_RUN_002",2,4.53572489287477,6.64044016374894,"background_shifted_gamma","Background","none","none","none","none","shifted_gamma","background","none","none","none","background","background_01",328848859,"point_process=328848859","882267b38075e9b07f4c307a7098521f9f128a780c085048460cd647e14312d6",0.621267273509875,2.75304579909425,0.02,2,2.10471527087417,1.05235763543708,0.701852169315501,0.992568856626959,0.738894701359312,1,"S0041",4,0.4,"holdout",1.81428995714991,2.65617606549958,0.841886108349666,0.24850690940395,0.008,0.420943054174833
"TPL_007","TPL_007_RUN_003",3,6.64044016374894,15.4765839401092,"broad_hfs_shifted_gamma","Burst","Broad_HFS","Burst","none","none","shifted_gamma","intermediate","none","weak","BQ_073","hfs_with_nested_burst","BQ_073",963576826,"hfs_with_nested_burst=671167420;hfs=973677831;hfs_shape=281536144;hfs_total=679342781;nested_burst=1579467430;nested_duration=233109870;nested_position=222263837;point_process=963576826","3812f8fa4f09fac4f5ab97836aa5ad85e0556eb5f9cff1fb31187d022121f401",0.288179781073704,3.10531514817849,0.02,34,8.83614377636024,0.259886581657654,0.604671677123828,0.579528037710677,0.335090051232879,26,"S0041",4,0.4,"holdout",2.65617606549958,6.19063357604367,3.5344575105441,0.115271912429482,0.008,0.103954632663062
"TPL_007","TPL_007_RUN_004",4,15.4765839401092,15.9316007080004,"standalone_background_shifted_gamma","Burst","none","Burst","none","none","shifted_gamma","standalone_background","none","strong","BQ_021","burst","BQ_021",1494865830,"burst=1479248391;hfs=843090476;hfs_shape=697067994;hfs_total=744559189;nested_burst=1817203700;nested_duration=899172514;nested_position=77103781;point_process=1494865830","51f28edda4b0987bde037d26f488127e033fb1effd233ffd99287917434a9609",0.647540139325429,4.18046828433871,0.02,6,0.455016767891227,0.0758361279818712,0.405092648537561,0.757658326539604,0.437771131108488,7,"S0041",4,0.4,"holdout",6.19063357604367,6.37264028320016,0.182006707156491,0.259016055730172,0.008,0.0303344511927485
"TPL_007","TPL_007_RUN_005",5,15.9316007080004,22.3410929997413,"broad_hfs_shifted_gamma","Broad_HFS","Broad_HFS","none","none","none","shifted_gamma","regular","none","none","none","hfs","regular_1",1589509574,"point_process=1589509574","ef76e6eb2ca5c58ad6fee89cd9b34114c7c9502e98b4da950123c9fed4409113",0.198178572813049,11.7162573183887,0.02,32,6.40949229174091,0.200296634116903,0.241118469573829,0.227248881383085,0.0636562643458066,1,"S0041",4,0.4,"holdout",6.37264028320016,8.93643719989652,2.56379691669636,0.0792714291252196,0.008,0.0801186536467614
"TPL_007","TPL_007_RUN_006",6,22.3410929997413,24.218980309145,"background_shifted_gamma","Background","none","none","none","none","shifted_gamma","background","none","none","none","background","background_02",26703378,"point_process=26703378","16c6d1b0e3d339773efea11fde6a7f3ad62633281eda2b5b67c3dda602c28268",0.652236761595123,2.34154417226091,0.02,2,1.87788730940371,0.938943654701857,1.00726816268374,1.42449229661397,1.5218837273344,1,"S0041",4,0.4,"holdout",8.93643719989652,9.68759212365801,0.751154923761486,0.260894704638049,0.008,0.375577461880743
"TPL_007","TPL_007_RUN_007",7,24.218980309145,27.1815373525596,"canonical_mechanism","Pause:canonical","none","Pause","canonical","none","explicit_gap","canonical","none","none","none","pause","canonical_1",2035094493,"point_process=2035094493","d595b2adbbfac7e15b2b1a7cc1a166b95b47dd411458e8a04e21127e6cb70d61",2.96255704341456,,,1,2.96255704341456,2.96255704341456,0,0,0,1,"S0041",4,0.4,"holdout",9.68759212365801,10.8726149410238,1.18502281736583,1.18502281736583,,1.18502281736583
"TPL_007","TPL_007_RUN_008",8,27.1815373525596,28.0637850327036,"background_shifted_gamma","Background","none","none","none","none","shifted_gamma","background","none","none","none","background","background_03",311934540,"point_process=311934540","a4d8cc73d05bcd3e8479d98c5495d273e7320dec3c228cb25ba7ebcec8664e37",0.593913661560509,2.84911869966891,0.02,2,0.882247680143968,0.441123840071984,0.495219795530793,0.700346551195278,0.36786396882834,1,"S0041",4,0.4,"holdout",10.8726149410238,11.2255140130814,0.352899072057587,0.237565464624204,0.008,0.176449536028794
"TPL_007","TPL_007_RUN_009",9,28.0637850327036,28.5489295781626,"standalone_background_shifted_gamma","Burst","none","Burst","none","none","shifted_gamma","standalone_background","none","weak","BQ_019","burst","BQ_019",888615986,"burst=915844629;hfs=1631207641;hfs_shape=363969979;hfs_total=1540731212;nested_burst=1196429790;nested_duration=883244431;nested_position=361565790;point_process=888615986","623d541d3b7078681523219cc9ba2895936943e33c988518a6cb786a3ef487cd",0.508431919582654,2.24274700209498,0.02,4,0.485144545459024,0.121286136364756,0.552728488899387,0.902105421385017,0.626738754445443,9,"S0041",4,0.4,"holdout",11.2255140130814,11.419571831265,0.19405781818361,0.203372767833062,0.008,0.0485144545459024
"TPL_007","TPL_007_RUN_010",10,28.5489295781626,29.0524196501857,"contextual_gap_mechanism","Contextual_Separator","none","none","none","Contextual_Separator","explicit_gap","contextual_separator","none","none","none","contextual_separator","separator_1",631643271,"point_process=631643271","9b60ca1d7b705ee6354237b39aba1f41b01cb6da36ab79079ab7f8d953354f3b",0.503490072023124,,,1,0.503490072023124,0.503490072023124,0,0,0,1,"S0041",4,0.4,"holdout",11.419571831265,11.6209678600743,0.201396028809249,0.201396028809249,,0.201396028809249
"TPL_007","TPL_007_RUN_011",11,29.0524196501857,29.5335449231488,"standalone_background_shifted_gamma","Burst","none","Burst","none","none","shifted_gamma","standalone_background","none","moderate","BQ_020","burst","BQ_020",1872540926,"burst=1828897718;hfs=425386522;hfs_shape=563957632;hfs_total=375162288;nested_burst=1019978259;nested_duration=180998634;nested_position=833074073;point_process=1872540926","4b6a979cd0542863feac0e53f1906160c3ba007c91cceab1dca6f4c93b8e973b",0.60616169210989,1.80431069806218,0.02,5,0.481125272963104,0.0962250545926207,0.377947991812248,0.536948703085477,0.318954243865186,2,"S0041",4,0.4,"holdout",11.6209678600743,11.8134179692595,0.192450109185241,0.242464676843956,0.008,0.0384900218370483
"TPL_007","TPL_007_RUN_012",12,29.5335449231488,35.9751321044519,"broad_hfs_shifted_gamma","Burst","Broad_HFS","Burst","none","none","shifted_gamma","irregular","none","moderate","BQ_074","hfs_with_nested_burst","BQ_074",1708937661,"hfs_with_nested_burst=1630095263;hfs=1048010274;hfs_shape=1961467838;hfs_total=1980993989;nested_burst=1287983298;nested_duration=1887435976;nested_position=1222607793;point_process=1708937661","e9e5858b7d875963fb1ee988d58df1ebc3c2aeae717eda5ace1f7f79a84b003e",0.235700743910857,1.65572959631681,0.02,31,6.44158718130309,0.207793134880745,0.60054267340434,0.472863138866253,0.302964989400141,858,"S0041",4,0.4,"holdout",11.8134179692595,14.3900528417808,2.57663487252124,0.0942802975643426,0.008,0.083117253952298
"TPL_007","TPL_007_RUN_013",13,35.9751321044519,47.6383758100413,"tonic_shifted_gamma_generic_stress","Tonic:generic_stress","Tonic","none","none","none","shifted_gamma","generic_stress","generic_stress","none","none","tonic","generic_stress_2",28437912,"point_process=28437912","57fb1c73b76ef334cbc5d92bc8618a73cb6e2accb6f08cc578c49bc65fb309e9",0.755694733478595,18.6876875320449,0.02,15,11.6632437055894,0.777549580372627,0.17422562240998,0.200913549802709,0.0480726716339451,1,"S0041",4,0.4,"holdout",14.3900528417808,19.0553503240165,4.66529748223576,0.302277893391438,0.008,0.311019832149051
"TPL_007","TPL_007_RUN_014",14,47.6383758100413,52.4580185519729,"canonical_mechanism","Pause:canonical","none","Pause","canonical","none","explicit_gap","canonical","none","none","none","pause","canonical_2",1870619954,"point_process=1870619954","febe3e724bf133e0cdab1a277f8310a42b4b1db25618a7f8eabb073c45fa9cd5",4.8196427419316,,,1,4.8196427419316,4.8196427419316,0,0,0,1,"S0041",4,0.4,"holdout",19.0553503240165,20.9832074207892,1.92785709677264,1.92785709677264,,1.92785709677264
"TPL_007","TPL_007_RUN_001",1,0,4.53572489287477,"tonic_shifted_gamma_stn_like_empirical","Tonic:stn_like_empirical","Tonic","none","none","none","shifted_gamma","stn_like_empirical","stn_like_empirical","none","none","tonic","stn_like_empirical_1",551668447,"point_process=551668447","590a9a4bf148b78b1df5ef268fcf09478370291cacc3d7d77859af0f4370d4d7",0.368130105128512,67.2582645621151,0.02,12,4.53572489287477,0.377977074406231,0.102547205999503,0.123530747207673,0.015649445786138,1,"S0043",10,1,"holdout",0,4.53572489287477,4.53572489287477,0.368130105128512,0.02,0.377977074406231
"TPL_007","TPL_007_RUN_002",2,4.53572489287477,6.64044016374894,"background_shifted_gamma","Background","none","none","none","none","shifted_gamma","background","none","none","none","background","background_01",328848859,"point_process=328848859","882267b38075e9b07f4c307a7098521f9f128a780c085048460cd647e14312d6",0.621267273509875,2.75304579909425,0.02,2,2.10471527087417,1.05235763543708,0.701852169315501,0.992568856626959,0.738894701359312,1,"S0043",10,1,"holdout",4.53572489287477,6.64044016374894,2.10471527087417,0.621267273509875,0.02,1.05235763543708
"TPL_007","TPL_007_RUN_003",3,6.64044016374894,15.4765839401092,"broad_hfs_shifted_gamma","Burst","Broad_HFS","Burst","none","none","shifted_gamma","intermediate","none","weak","BQ_073","hfs_with_nested_burst","BQ_073",963576826,"hfs_with_nested_burst=671167420;hfs=973677831;hfs_shape=281536144;hfs_total=679342781;nested_burst=1579467430;nested_duration=233109870;nested_position=222263837;point_process=963576826","3812f8fa4f09fac4f5ab97836aa5ad85e0556eb5f9cff1fb31187d022121f401",0.288179781073704,3.10531514817849,0.02,34,8.83614377636024,0.259886581657654,0.604671677123828,0.579528037710677,0.335090051232879,26,"S0043",10,1,"holdout",6.64044016374894,15.4765839401092,8.83614377636024,0.288179781073704,0.02,0.259886581657654
"TPL_007","TPL_007_RUN_004",4,15.4765839401092,15.9316007080004,"standalone_background_shifted_gamma","Burst","none","Burst","none","none","shifted_gamma","standalone_background","none","strong","BQ_021","burst","BQ_021",1494865830,"burst=1479248391;hfs=843090476;hfs_shape=697067994;hfs_total=744559189;nested_burst=1817203700;nested_duration=899172514;nested_position=77103781;point_process=1494865830","51f28edda4b0987bde037d26f488127e033fb1effd233ffd99287917434a9609",0.647540139325429,4.18046828433871,0.02,6,0.455016767891227,0.0758361279818712,0.405092648537561,0.757658326539604,0.437771131108488,7,"S0043",10,1,"holdout",15.4765839401092,15.9316007080004,0.455016767891227,0.647540139325429,0.02,0.0758361279818712
"TPL_007","TPL_007_RUN_005",5,15.9316007080004,22.3410929997413,"broad_hfs_shifted_gamma","Broad_HFS","Broad_HFS","none","none","none","shifted_gamma","regular","none","none","none","hfs","regular_1",1589509574,"point_process=1589509574","ef76e6eb2ca5c58ad6fee89cd9b34114c7c9502e98b4da950123c9fed4409113",0.198178572813049,11.7162573183887,0.02,32,6.40949229174091,0.200296634116903,0.241118469573829,0.227248881383085,0.0636562643458066,1,"S0043",10,1,"holdout",15.9316007080004,22.3410929997413,6.40949229174091,0.198178572813049,0.02,0.200296634116903
"TPL_007","TPL_007_RUN_006",6,22.3410929997413,24.218980309145,"background_shifted_gamma","Background","none","none","none","none","shifted_gamma","background","none","none","none","background","background_02",26703378,"point_process=26703378","16c6d1b0e3d339773efea11fde6a7f3ad62633281eda2b5b67c3dda602c28268",0.652236761595123,2.34154417226091,0.02,2,1.87788730940371,0.938943654701857,1.00726816268374,1.42449229661397,1.5218837273344,1,"S0043",10,1,"holdout",22.3410929997413,24.218980309145,1.87788730940371,0.652236761595123,0.02,0.938943654701857
"TPL_007","TPL_007_RUN_007",7,24.218980309145,27.1815373525596,"canonical_mechanism","Pause:canonical","none","Pause","canonical","none","explicit_gap","canonical","none","none","none","pause","canonical_1",2035094493,"point_process=2035094493","d595b2adbbfac7e15b2b1a7cc1a166b95b47dd411458e8a04e21127e6cb70d61",2.96255704341456,,,1,2.96255704341456,2.96255704341456,0,0,0,1,"S0043",10,1,"holdout",24.218980309145,27.1815373525596,2.96255704341456,2.96255704341456,,2.96255704341456
"TPL_007","TPL_007_RUN_008",8,27.1815373525596,28.0637850327036,"background_shifted_gamma","Background","none","none","none","none","shifted_gamma","background","none","none","none","background","background_03",311934540,"point_process=311934540","a4d8cc73d05bcd3e8479d98c5495d273e7320dec3c228cb25ba7ebcec8664e37",0.593913661560509,2.84911869966891,0.02,2,0.882247680143968,0.441123840071984,0.495219795530793,0.700346551195278,0.36786396882834,1,"S0043",10,1,"holdout",27.1815373525596,28.0637850327036,0.882247680143968,0.593913661560509,0.02,0.441123840071984
"TPL_007","TPL_007_RUN_009",9,28.0637850327036,28.5489295781626,"standalone_background_shifted_gamma","Burst","none","Burst","none","none","shifted_gamma","standalone_background","none","weak","BQ_019","burst","BQ_019",888615986,"burst=915844629;hfs=1631207641;hfs_shape=363969979;hfs_total=1540731212;nested_burst=1196429790;nested_duration=883244431;nested_position=361565790;point_process=888615986","623d541d3b7078681523219cc9ba2895936943e33c988518a6cb786a3ef487cd",0.508431919582654,2.24274700209498,0.02,4,0.485144545459024,0.121286136364756,0.552728488899387,0.902105421385017,0.626738754445443,9,"S0043",10,1,"holdout",28.0637850327036,28.5489295781626,0.485144545459024,0.508431919582654,0.02,0.121286136364756
"TPL_007","TPL_007_RUN_010",10,28.5489295781626,29.0524196501857,"contextual_gap_mechanism","Contextual_Separator","none","none","none","Contextual_Separator","explicit_gap","contextual_separator","none","none","none","contextual_separator","separator_1",631643271,"point_process=631643271","9b60ca1d7b705ee6354237b39aba1f41b01cb6da36ab79079ab7f8d953354f3b",0.503490072023124,,,1,0.503490072023124,0.503490072023124,0,0,0,1,"S0043",10,1,"holdout",28.5489295781626,29.0524196501857,0.503490072023124,0.503490072023124,,0.503490072023124
"TPL_007","TPL_007_RUN_011",11,29.0524196501857,29.5335449231488,"standalone_background_shifted_gamma","Burst","none","Burst","none","none","shifted_gamma","standalone_background","none","moderate","BQ_020","burst","BQ_020",1872540926,"burst=1828897718;hfs=425386522;hfs_shape=563957632;hfs_total=375162288;nested_burst=1019978259;nested_duration=180998634;nested_position=833074073;point_process=1872540926","4b6a979cd0542863feac0e53f1906160c3ba007c91cceab1dca6f4c93b8e973b",0.60616169210989,1.80431069806218,0.02,5,0.481125272963104,0.0962250545926207,0.377947991812248,0.536948703085477,0.318954243865186,2,"S0043",10,1,"holdout",29.0524196501857,29.5335449231488,0.481125272963104,0.60616169210989,0.02,0.0962250545926207
"TPL_007","TPL_007_RUN_012",12,29.5335449231488,35.9751321044519,"broad_hfs_shifted_gamma","Burst","Broad_HFS","Burst","none","none","shifted_gamma","irregular","none","moderate","BQ_074","hfs_with_nested_burst","BQ_074",1708937661,"hfs_with_nested_burst=1630095263;hfs=1048010274;hfs_shape=1961467838;hfs_total=1980993989;nested_burst=1287983298;nested_duration=1887435976;nested_position=1222607793;point_process=1708937661","e9e5858b7d875963fb1ee988d58df1ebc3c2aeae717eda5ace1f7f79a84b003e",0.235700743910857,1.65572959631681,0.02,31,6.44158718130309,0.207793134880745,0.60054267340434,0.472863138866253,0.302964989400141,858,"S0043",10,1,"holdout",29.5335449231488,35.9751321044519,6.44158718130309,0.235700743910857,0.02,0.207793134880745
"TPL_007","TPL_007_RUN_013",13,35.9751321044519,47.6383758100413,"tonic_shifted_gamma_generic_stress","Tonic:generic_stress","Tonic","none","none","none","shifted_gamma","generic_stress","generic_stress","none","none","tonic","generic_stress_2",28437912,"point_process=28437912","57fb1c73b76ef334cbc5d92bc8618a73cb6e2accb6f08cc578c49bc65fb309e9",0.755694733478595,18.6876875320449,0.02,15,11.6632437055894,0.777549580372627,0.17422562240998,0.200913549802709,0.0480726716339451,1,"S0043",10,1,"holdout",35.9751321044519,47.6383758100413,11.6632437055894,0.755694733478595,0.02,0.777549580372627
"TPL_007","TPL_007_RUN_014",14,47.6383758100413,52.4580185519729,"canonical_mechanism","Pause:canonical","none","Pause","canonical","none","explicit_gap","canonical","none","none","none","pause","canonical_2",1870619954,"point_process=1870619954","febe3e724bf133e0cdab1a277f8310a42b4b1db25618a7f8eabb073c45fa9cd5",4.8196427419316,,,1,4.8196427419316,4.8196427419316,0,0,0,1,"S0043",10,1,"holdout",47.6383758100413,52.4580185519729,4.8196427419316,4.8196427419316,,4.8196427419316
"TPL_008","TPL_008_RUN_001",1,0,5.63749460111961,"tonic_shifted_gamma_stn_like_empirical","Tonic:stn_like_empirical","Tonic","none","none","none","shifted_gamma","stn_like_empirical","stn_like_empirical","none","none","tonic","stn_like_empirical_1",2114160000,"point_process=2114160000","5bfe66b84ee2ee922efe3ca5fef9949fec234343c6ec1fc95e287debfaef58ed",0.397852885304019,39.4207626534626,0.02,13,5.63749460111961,0.433653430855355,0.14539828322387,0.198678739326296,0.0368948791880199,1,"S0026",1,0.1,"holdout",0,0.563749460111961,0.563749460111961,0.0397852885304019,0.002,0.0433653430855355
"TPL_008","TPL_008_RUN_002",2,5.63749460111961,8.89773013330654,"canonical_mechanism","Pause:canonical","none","Pause","canonical","none","explicit_gap","canonical","none","none","none","pause","canonical_1",910386623,"point_process=910386623","e65fa7441ced0d9ad4342812e10123803882145d87735f8edc3ea2fd555f22c0",3.26023553218693,,,1,3.26023553218693,3.26023553218693,0,0,0,1,"S0026",1,0.1,"holdout",0.563749460111961,0.889773013330654,0.326023553218693,0.326023553218693,,0.326023553218693
"TPL_008","TPL_008_RUN_003",3,8.89773013330654,15.2075470364964,"broad_hfs_shifted_gamma","Broad_HFS","Broad_HFS","none","none","none","shifted_gamma","regular","none","none","none","hfs","regular_1",1396359642,"point_process=1396359642","cbd3c61c5893126d61c9c06d2e78bdfb16e98f91a2d03229a64d56a55e329042",0.184031777167693,7.04395239008591,0.02,32,6.30981690318988,0.197181778224684,0.377418256189042,0.498182039804081,0.256390361682851,2,"S0026",1,0.1,"holdout",0.889773013330654,1.52075470364964,0.630981690318988,0.0184031777167693,0.002,0.0197181778224684
"TPL_008","TPL_008_RUN_004",4,15.2075470364964,16.0193517976682,"standalone_background_shifted_gamma","Burst","none","Burst","none","none","shifted_gamma","standalone_background","none","weak","BQ_022","burst","BQ_022",1266092700,"burst=496145617;hfs=1894184899;hfs_shape=287652932;hfs_total=1792589873;nested_burst=292092853;nested_duration=185809794;nested_position=1931748872;point_process=1266092700","5a1e685ca44faabcc7b060dd8d2329826f81b6903ddc04e8a46a5ff96e73b2d7",0.532344655226916,3.95799054205418,0.02,7,0.811804761171806,0.115972108738829,0.204445214899688,0.239659914410878,0.0546150350580267,16,"S0026",1,0.1,"holdout",1.52075470364964,1.60193517976682,0.0811804761171806,0.0532344655226916,0.002,0.0115972108738829
"TPL_008","TPL_008_RUN_005",5,16.0193517976682,17.0013270931298,"background_shifted_gamma","Background","none","none","none","none","shifted_gamma","background","none","none","none","background","background_01",151821245,"point_process=151821245","b64f3a12943426f386809e1e27896b08c269aef6a0a80471ffb00427b4266140",0.702406375098508,4.31434781022836,0.02,1,0.981975295461599,0.981975295461599,0,0,0,1,"S0026",1,0.1,"holdout",1.60193517976682,1.70013270931298,0.0981975295461599,0.0702406375098508,0.002,0.0981975295461599
"TPL_008","TPL_008_RUN_006",6,17.0013270931298,17.790707050278,"standalone_background_shifted_gamma","Burst","none","Burst","none","none","shifted_gamma","standalone_background","none","moderate","BQ_023","burst","BQ_023",1107476770,"burst=1031603349;hfs=999071100;hfs_shape=1501377344;hfs_total=1179500549;nested_burst=1991106921;nested_duration=435962833;nested_position=1122000340;point_process=1107476770","fcd2e3e62e82b4ef27a26fcb1dd984a97d71116501953a65f0767899b60d6fef",0.794028725509997,3.65085614025593,0.02,8,0.789379957148135,0.0986724946435169,0.440895993517525,0.492613377076674,0.252354566224214,2,"S0026",1,0.1,"holdout",1.70013270931298,1.7790707050278,0.0789379957148135,0.0794028725509997,0.002,0.00986724946435169
"TPL_008","TPL_008_RUN_007",7,17.790707050278,18.2767426874164,"contextual_gap_mechanism","Contextual_Separator","none","none","none","Contextual_Separator","explicit_gap","contextual_separator","none","none","none","contextual_separator","separator_1",1854308016,"point_process=1854308016","470d9262a0730589ee5d6f2431e17f6d62fc2ccb29fbc4de62e9f3478a193c93",0.486035637138411,,,1,0.486035637138411,0.486035637138411,0,0,0,1,"S0026",1,0.1,"holdout",1.7790707050278,1.82767426874164,0.0486035637138411,0.0486035637138411,,0.0486035637138411
"TPL_008","TPL_008_RUN_008",8,18.2767426874164,18.6738787557891,"standalone_background_shifted_gamma","Burst","none","Burst","none","none","shifted_gamma","standalone_background","none","strong","BQ_024","burst","BQ_024",480687341,"burst=1050295130;hfs=1670171073;hfs_shape=742874131;hfs_total=1864173020;nested_burst=1518008645;nested_duration=376192901;nested_position=344835737;point_process=480687341","80693d24e476fb7c77938daeb4c0df2394558f4b5af13541c5c6fdc74f36718b",0.759045392205007,4.98389815539122,0.02,4,0.397136068372756,0.0992840170931891,0.284443824306455,0.49132028401997,0.217556047456357,3,"S0026",1,0.1,"holdout",1.82767426874164,1.86738787557891,0.0397136068372756,0.0759045392205007,0.002,0.00992840170931891
"TPL_008","TPL_008_RUN_009",9,18.6738787557891,31.3138282502582,"tonic_shifted_gamma_generic_stress","Tonic:generic_stress","Tonic","none","none","none","shifted_gamma","generic_stress","generic_stress","none","none","tonic","generic_stress_2",1408000253,"point_process=1408000253","f16b5562a877481211b8d6be8519a9024ebd5ba528a526404ab81db5fea9b2c4",0.883927973965183,29.6764672296122,0.02,14,12.6399494944691,0.90285353531922,0.171361713721002,0.237673950526818,0.0581478265208073,1,"S0026",1,0.1,"holdout",1.86738787557891,3.13138282502582,1.26399494944691,0.0883927973965183,0.002,0.090285353531922
"TPL_008","TPL_008_RUN_010",10,31.3138282502582,36.8301289214333,"complex_multi_gap_mechanism","Pause:complex_multi_gap","none","Pause","complex_multi_gap","none","explicit_gap","complex_multi_gap","none","none","none","pause","complex_multi_gap_2",1674833381,"point_process=1674833381","cdd0ecd179b4c027ba6dad4c418eb7e660015695fdcf3673772c408585beead0",2.75815033558756,,,2,5.51630067117512,2.75815033558756,0.206701884832805,0.292320608898634,0.0640885037901511,1,"S0026",1,0.1,"holdout",3.13138282502582,3.68301289214333,0.551630067117512,0.275815033558756,,0.275815033558756
"TPL_008","TPL_008_RUN_011",11,36.8301289214333,37.9498893318267,"background_shifted_gamma","Background","none","none","none","none","shifted_gamma","background","none","none","none","background","background_02",36728499,"point_process=36728499","b895c65f23a526f0ba0fb20e06878c8c0952ad08c329690513ec9d5bca3b3a7d",0.791296072548721,5.25486673228443,0.02,1,1.11976041039337,1.11976041039337,0,0,0,1,"S0026",1,0.1,"holdout",3.68301289214333,3.79498893318267,0.111976041039337,0.0791296072548721,0.002,0.111976041039337
"TPL_008","TPL_008_RUN_012",12,37.9498893318267,45.0639052499068,"broad_hfs_shifted_gamma","Burst","Broad_HFS","Burst","none","none","shifted_gamma","intermediate","none","strong","BQ_075","hfs_with_nested_burst","BQ_075",1310544601,"hfs_with_nested_burst=597470449;hfs=2128921464;hfs_shape=2088948010;hfs_total=1296116654;nested_burst=425698236;nested_duration=1507298691;nested_position=323274869;point_process=1310544601","25c14a0f23dc0a267a0a4aa0ee48a7389cf49f42a0b733498bc58635e2992982",0.212579293558374,3.38331242552958,0.02,34,7.11401591808008,0.209235762296473,0.523714025585398,0.530201074988968,0.287403937272156,3,"S0026",1,0.1,"holdout",3.79498893318267,4.50639052499068,0.711401591808008,0.0212579293558374,0.002,0.0209235762296473
"TPL_008","TPL_008_RUN_013",13,45.0639052499068,49.0593287570384,"canonical_mechanism","Pause:canonical","none","Pause","canonical","none","explicit_gap","canonical","none","none","none","pause","canonical_3",612909246,"point_process=612909246","e8fc616ab3f4feb6f1c82f1b5b3a322a8a3d03ed054674fd4b5c870cbd594314",3.99542350713164,,,1,3.99542350713164,3.99542350713164,0,0,0,1,"S0026",1,0.1,"holdout",4.50639052499068,4.90593287570384,0.399542350713164,0.399542350713164,,0.399542350713164
"TPL_008","TPL_008_RUN_014",14,49.0593287570384,54.7855123012692,"broad_hfs_shifted_gamma","Burst","Broad_HFS","Burst","none","none","shifted_gamma","irregular","none","moderate","BQ_076","hfs_with_nested_burst","BQ_076",1448687887,"hfs_with_nested_burst=374500185;hfs=855110069;hfs_shape=1496549020;hfs_total=452303623;nested_burst=1010782440;nested_duration=510433747;nested_position=1815698976;point_process=1448687887","ef66bfc48a6dbf41f6197d08eb6093f3be245e786b33f6d0eb4f42d6023f4c3b",0.234900193954818,1.41992771008518,0.02,31,5.72618354423079,0.184715598200993,0.769026369421264,0.864415116905185,0.752336542212534,6,"S0026",1,0.1,"holdout",4.90593287570384,5.47855123012692,0.572618354423079,0.0234900193954818,0.002,0.0184715598200993
"TPL_008","TPL_008_RUN_001",1,0,5.63749460111961,"tonic_shifted_gamma_stn_like_empirical","Tonic:stn_like_empirical","Tonic","none","none","none","shifted_gamma","stn_like_empirical","stn_like_empirical","none","none","tonic","stn_like_empirical_1",2114160000,"point_process=2114160000","5bfe66b84ee2ee922efe3ca5fef9949fec234343c6ec1fc95e287debfaef58ed",0.397852885304019,39.4207626534626,0.02,13,5.63749460111961,0.433653430855355,0.14539828322387,0.198678739326296,0.0368948791880199,1,"S0001",4,0.4,"holdout",0,2.25499784044784,2.25499784044784,0.159141154121608,0.008,0.173461372342142
"TPL_008","TPL_008_RUN_002",2,5.63749460111961,8.89773013330654,"canonical_mechanism","Pause:canonical","none","Pause","canonical","none","explicit_gap","canonical","none","none","none","pause","canonical_1",910386623,"point_process=910386623","e65fa7441ced0d9ad4342812e10123803882145d87735f8edc3ea2fd555f22c0",3.26023553218693,,,1,3.26023553218693,3.26023553218693,0,0,0,1,"S0001",4,0.4,"holdout",2.25499784044784,3.55909205332261,1.30409421287477,1.30409421287477,,1.30409421287477
"TPL_008","TPL_008_RUN_003",3,8.89773013330654,15.2075470364964,"broad_hfs_shifted_gamma","Broad_HFS","Broad_HFS","none","none","none","shifted_gamma","regular","none","none","none","hfs","regular_1",1396359642,"point_process=1396359642","cbd3c61c5893126d61c9c06d2e78bdfb16e98f91a2d03229a64d56a55e329042",0.184031777167693,7.04395239008591,0.02,32,6.30981690318988,0.197181778224684,0.377418256189042,0.498182039804081,0.256390361682851,2,"S0001",4,0.4,"holdout",3.55909205332261,6.08301881459857,2.52392676127595,0.0736127108670771,0.008,0.0788727112898735
"TPL_008","TPL_008_RUN_004",4,15.2075470364964,16.0193517976682,"standalone_background_shifted_gamma","Burst","none","Burst","none","none","shifted_gamma","standalone_background","none","weak","BQ_022","burst","BQ_022",1266092700,"burst=496145617;hfs=1894184899;hfs_shape=287652932;hfs_total=1792589873;nested_burst=292092853;nested_duration=185809794;nested_position=1931748872;point_process=1266092700","5a1e685ca44faabcc7b060dd8d2329826f81b6903ddc04e8a46a5ff96e73b2d7",0.532344655226916,3.95799054205418,0.02,7,0.811804761171806,0.115972108738829,0.204445214899688,0.239659914410878,0.0546150350580267,16,"S0001",4,0.4,"holdout",6.08301881459857,6.40774071906729,0.324721904468723,0.212937862090766,0.008,0.0463888434955318
"TPL_008","TPL_008_RUN_005",5,16.0193517976682,17.0013270931298,"background_shifted_gamma","Background","none","none","none","none","shifted_gamma","background","none","none","none","background","background_01",151821245,"point_process=151821245","b64f3a12943426f386809e1e27896b08c269aef6a0a80471ffb00427b4266140",0.702406375098508,4.31434781022836,0.02,1,0.981975295461599,0.981975295461599,0,0,0,1,"S0001",4,0.4,"holdout",6.40774071906729,6.80053083725193,0.39279011818464,0.280962550039403,0.008,0.39279011818464
"TPL_008","TPL_008_RUN_006",6,17.0013270931298,17.790707050278,"standalone_background_shifted_gamma","Burst","none","Burst","none","none","shifted_gamma","standalone_background","none","moderate","BQ_023","burst","BQ_023",1107476770,"burst=1031603349;hfs=999071100;hfs_shape=1501377344;hfs_total=1179500549;nested_burst=1991106921;nested_duration=435962833;nested_position=1122000340;point_process=1107476770","fcd2e3e62e82b4ef27a26fcb1dd984a97d71116501953a65f0767899b60d6fef",0.794028725509997,3.65085614025593,0.02,8,0.789379957148135,0.0986724946435169,0.440895993517525,0.492613377076674,0.252354566224214,2,"S0001",4,0.4,"holdout",6.80053083725193,7.11628282011118,0.315751982859254,0.317611490203999,0.008,0.0394689978574067
"TPL_008","TPL_008_RUN_007",7,17.790707050278,18.2767426874164,"contextual_gap_mechanism","Contextual_Separator","none","none","none","Contextual_Separator","explicit_gap","contextual_separator","none","none","none","contextual_separator","separator_1",1854308016,"point_process=1854308016","470d9262a0730589ee5d6f2431e17f6d62fc2ccb29fbc4de62e9f3478a193c93",0.486035637138411,,,1,0.486035637138411,0.486035637138411,0,0,0,1,"S0001",4,0.4,"holdout",7.11628282011118,7.31069707496655,0.194414254855365,0.194414254855365,,0.194414254855365
"TPL_008","TPL_008_RUN_008",8,18.2767426874164,18.6738787557891,"standalone_background_shifted_gamma","Burst","none","Burst","none","none","shifted_gamma","standalone_background","none","strong","BQ_024","burst","BQ_024",480687341,"burst=1050295130;hfs=1670171073;hfs_shape=742874131;hfs_total=1864173020;nested_burst=1518008645;nested_duration=376192901;nested_position=344835737;point_process=480687341","80693d24e476fb7c77938daeb4c0df2394558f4b5af13541c5c6fdc74f36718b",0.759045392205007,4.98389815539122,0.02,4,0.397136068372756,0.0992840170931891,0.284443824306455,0.49132028401997,0.217556047456357,3,"S0001",4,0.4,"holdout",7.31069707496655,7.46955150231565,0.158854427349103,0.303618156882003,0.008,0.0397136068372756
"TPL_008","TPL_008_RUN_009",9,18.6738787557891,31.3138282502582,"tonic_shifted_gamma_generic_stress","Tonic:generic_stress","Tonic","none","none","none","shifted_gamma","generic_stress","generic_stress","none","none","tonic","generic_stress_2",1408000253,"point_process=1408000253","f16b5562a877481211b8d6be8519a9024ebd5ba528a526404ab81db5fea9b2c4",0.883927973965183,29.6764672296122,0.02,14,12.6399494944691,0.90285353531922,0.171361713721002,0.237673950526818,0.0581478265208073,1,"S0001",4,0.4,"holdout",7.46955150231565,12.5255313001033,5.05597979778763,0.353571189586073,0.008,0.361141414127688
"TPL_008","TPL_008_RUN_010",10,31.3138282502582,36.8301289214333,"complex_multi_gap_mechanism","Pause:complex_multi_gap","none","Pause","complex_multi_gap","none","explicit_gap","complex_multi_gap","none","none","none","pause","complex_multi_gap_2",1674833381,"point_process=1674833381","cdd0ecd179b4c027ba6dad4c418eb7e660015695fdcf3673772c408585beead0",2.75815033558756,,,2,5.51630067117512,2.75815033558756,0.206701884832805,0.292320608898634,0.0640885037901511,1,"S0001",4,0.4,"holdout",12.5255313001033,14.7320515685733,2.20652026847005,1.10326013423502,,1.10326013423502
"TPL_008","TPL_008_RUN_011",11,36.8301289214333,37.9498893318267,"background_shifted_gamma","Background","none","none","none","none","shifted_gamma","background","none","none","none","background","background_02",36728499,"point_process=36728499","b895c65f23a526f0ba0fb20e06878c8c0952ad08c329690513ec9d5bca3b3a7d",0.791296072548721,5.25486673228443,0.02,1,1.11976041039337,1.11976041039337,0,0,0,1,"S0001",4,0.4,"holdout",14.7320515685733,15.1799557327307,0.447904164157347,0.316518429019488,0.008,0.447904164157347
"TPL_008","TPL_008_RUN_012",12,37.9498893318267,45.0639052499068,"broad_hfs_shifted_gamma","Burst","Broad_HFS","Burst","none","none","shifted_gamma","intermediate","none","strong","BQ_075","hfs_with_nested_burst","BQ_075",1310544601,"hfs_with_nested_burst=597470449;hfs=2128921464;hfs_shape=2088948010;hfs_total=1296116654;nested_burst=425698236;nested_duration=1507298691;nested_position=323274869;point_process=1310544601","25c14a0f23dc0a267a0a4aa0ee48a7389cf49f42a0b733498bc58635e2992982",0.212579293558374,3.38331242552958,0.02,34,7.11401591808008,0.209235762296473,0.523714025585398,0.530201074988968,0.287403937272156,3,"S0001",4,0.4,"holdout",15.1799557327307,18.0255620999627,2.84560636723203,0.0850317174233496,0.008,0.0836943049185892
"TPL_008","TPL_008_RUN_013",13,45.0639052499068,49.0593287570384,"canonical_mechanism","Pause:canonical","none","Pause","canonical","none","explicit_gap","canonical","none","none","none","pause","canonical_3",612909246,"point_process=612909246","e8fc616ab3f4feb6f1c82f1b5b3a322a8a3d03ed054674fd4b5c870cbd594314",3.99542350713164,,,1,3.99542350713164,3.99542350713164,0,0,0,1,"S0001",4,0.4,"holdout",18.0255620999627,19.6237315028154,1.59816940285265,1.59816940285265,,1.59816940285265
"TPL_008","TPL_008_RUN_014",14,49.0593287570384,54.7855123012692,"broad_hfs_shifted_gamma","Burst","Broad_HFS","Burst","none","none","shifted_gamma","irregular","none","moderate","BQ_076","hfs_with_nested_burst","BQ_076",1448687887,"hfs_with_nested_burst=374500185;hfs=855110069;hfs_shape=1496549020;hfs_total=452303623;nested_burst=1010782440;nested_duration=510433747;nested_position=1815698976;point_process=1448687887","ef66bfc48a6dbf41f6197d08eb6093f3be245e786b33f6d0eb4f42d6023f4c3b",0.234900193954818,1.41992771008518,0.02,31,5.72618354423079,0.184715598200993,0.769026369421264,0.864415116905185,0.752336542212534,6,"S0001",4,0.4,"holdout",19.6237315028154,21.9142049205077,2.29047341769232,0.0939600775819272,0.008,0.0738862392803973
"TPL_008","TPL_008_RUN_001",1,0,5.63749460111961,"tonic_shifted_gamma_stn_like_empirical","Tonic:stn_like_empirical","Tonic","none","none","none","shifted_gamma","stn_like_empirical","stn_like_empirical","none","none","tonic","stn_like_empirical_1",2114160000,"point_process=2114160000","5bfe66b84ee2ee922efe3ca5fef9949fec234343c6ec1fc95e287debfaef58ed",0.397852885304019,39.4207626534626,0.02,13,5.63749460111961,0.433653430855355,0.14539828322387,0.198678739326296,0.0368948791880199,1,"S0054",10,1,"holdout",0,5.63749460111961,5.63749460111961,0.397852885304019,0.02,0.433653430855355
"TPL_008","TPL_008_RUN_002",2,5.63749460111961,8.89773013330654,"canonical_mechanism","Pause:canonical","none","Pause","canonical","none","explicit_gap","canonical","none","none","none","pause","canonical_1",910386623,"point_process=910386623","e65fa7441ced0d9ad4342812e10123803882145d87735f8edc3ea2fd555f22c0",3.26023553218693,,,1,3.26023553218693,3.26023553218693,0,0,0,1,"S0054",10,1,"holdout",5.63749460111961,8.89773013330654,3.26023553218693,3.26023553218693,,3.26023553218693
"TPL_008","TPL_008_RUN_003",3,8.89773013330654,15.2075470364964,"broad_hfs_shifted_gamma","Broad_HFS","Broad_HFS","none","none","none","shifted_gamma","regular","none","none","none","hfs","regular_1",1396359642,"point_process=1396359642","cbd3c61c5893126d61c9c06d2e78bdfb16e98f91a2d03229a64d56a55e329042",0.184031777167693,7.04395239008591,0.02,32,6.30981690318988,0.197181778224684,0.377418256189042,0.498182039804081,0.256390361682851,2,"S0054",10,1,"holdout",8.89773013330654,15.2075470364964,6.30981690318988,0.184031777167693,0.02,0.197181778224684
"TPL_008","TPL_008_RUN_004",4,15.2075470364964,16.0193517976682,"standalone_background_shifted_gamma","Burst","none","Burst","none","none","shifted_gamma","standalone_background","none","weak","BQ_022","burst","BQ_022",1266092700,"burst=496145617;hfs=1894184899;hfs_shape=287652932;hfs_total=1792589873;nested_burst=292092853;nested_duration=185809794;nested_position=1931748872;point_process=1266092700","5a1e685ca44faabcc7b060dd8d2329826f81b6903ddc04e8a46a5ff96e73b2d7",0.532344655226916,3.95799054205418,0.02,7,0.811804761171806,0.115972108738829,0.204445214899688,0.239659914410878,0.0546150350580267,16,"S0054",10,1,"holdout",15.2075470364964,16.0193517976682,0.811804761171806,0.532344655226916,0.02,0.115972108738829
"TPL_008","TPL_008_RUN_005",5,16.0193517976682,17.0013270931298,"background_shifted_gamma","Background","none","none","none","none","shifted_gamma","background","none","none","none","background","background_01",151821245,"point_process=151821245","b64f3a12943426f386809e1e27896b08c269aef6a0a80471ffb00427b4266140",0.702406375098508,4.31434781022836,0.02,1,0.981975295461599,0.981975295461599,0,0,0,1,"S0054",10,1,"holdout",16.0193517976682,17.0013270931298,0.981975295461599,0.702406375098508,0.02,0.981975295461599
"TPL_008","TPL_008_RUN_006",6,17.0013270931298,17.790707050278,"standalone_background_shifted_gamma","Burst","none","Burst","none","none","shifted_gamma","standalone_background","none","moderate","BQ_023","burst","BQ_023",1107476770,"burst=1031603349;hfs=999071100;hfs_shape=1501377344;hfs_total=1179500549;nested_burst=1991106921;nested_duration=435962833;nested_position=1122000340;point_process=1107476770","fcd2e3e62e82b4ef27a26fcb1dd984a97d71116501953a65f0767899b60d6fef",0.794028725509997,3.65085614025593,0.02,8,0.789379957148135,0.0986724946435169,0.440895993517525,0.492613377076674,0.252354566224214,2,"S0054",10,1,"holdout",17.0013270931298,17.790707050278,0.789379957148135,0.794028725509997,0.02,0.0986724946435169
"TPL_008","TPL_008_RUN_007",7,17.790707050278,18.2767426874164,"contextual_gap_mechanism","Contextual_Separator","none","none","none","Contextual_Separator","explicit_gap","contextual_separator","none","none","none","contextual_separator","separator_1",1854308016,"point_process=1854308016","470d9262a0730589ee5d6f2431e17f6d62fc2ccb29fbc4de62e9f3478a193c93",0.486035637138411,,,1,0.486035637138411,0.486035637138411,0,0,0,1,"S0054",10,1,"holdout",17.790707050278,18.2767426874164,0.486035637138411,0.486035637138411,,0.486035637138411
"TPL_008","TPL_008_RUN_008",8,18.2767426874164,18.6738787557891,"standalone_background_shifted_gamma","Burst","none","Burst","none","none","shifted_gamma","standalone_background","none","strong","BQ_024","burst","BQ_024",480687341,"burst=1050295130;hfs=1670171073;hfs_shape=742874131;hfs_total=1864173020;nested_burst=1518008645;nested_duration=376192901;nested_position=344835737;point_process=480687341","80693d24e476fb7c77938daeb4c0df2394558f4b5af13541c5c6fdc74f36718b",0.759045392205007,4.98389815539122,0.02,4,0.397136068372756,0.0992840170931891,0.284443824306455,0.49132028401997,0.217556047456357,3,"S0054",10,1,"holdout",18.2767426874164,18.6738787557891,0.397136068372756,0.759045392205007,0.02,0.0992840170931891
"TPL_008","TPL_008_RUN_009",9,18.6738787557891,31.3138282502582,"tonic_shifted_gamma_generic_stress","Tonic:generic_stress","Tonic","none","none","none","shifted_gamma","generic_stress","generic_stress","none","none","tonic","generic_stress_2",1408000253,"point_process=1408000253","f16b5562a877481211b8d6be8519a9024ebd5ba528a526404ab81db5fea9b2c4",0.883927973965183,29.6764672296122,0.02,14,12.6399494944691,0.90285353531922,0.171361713721002,0.237673950526818,0.0581478265208073,1,"S0054",10,1,"holdout",18.6738787557891,31.3138282502582,12.6399494944691,0.883927973965183,0.02,0.90285353531922
"TPL_008","TPL_008_RUN_010",10,31.3138282502582,36.8301289214333,"complex_multi_gap_mechanism","Pause:complex_multi_gap","none","Pause","complex_multi_gap","none","explicit_gap","complex_multi_gap","none","none","none","pause","complex_multi_gap_2",1674833381,"point_process=1674833381","cdd0ecd179b4c027ba6dad4c418eb7e660015695fdcf3673772c408585beead0",2.75815033558756,,,2,5.51630067117512,2.75815033558756,0.206701884832805,0.292320608898634,0.0640885037901511,1,"S0054",10,1,"holdout",31.3138282502582,36.8301289214333,5.51630067117512,2.75815033558756,,2.75815033558756
"TPL_008","TPL_008_RUN_011",11,36.8301289214333,37.9498893318267,"background_shifted_gamma","Background","none","none","none","none","shifted_gamma","background","none","none","none","background","background_02",36728499,"point_process=36728499","b895c65f23a526f0ba0fb20e06878c8c0952ad08c329690513ec9d5bca3b3a7d",0.791296072548721,5.25486673228443,0.02,1,1.11976041039337,1.11976041039337,0,0,0,1,"S0054",10,1,"holdout",36.8301289214333,37.9498893318267,1.11976041039337,0.791296072548721,0.02,1.11976041039337
"TPL_008","TPL_008_RUN_012",12,37.9498893318267,45.0639052499068,"broad_hfs_shifted_gamma","Burst","Broad_HFS","Burst","none","none","shifted_gamma","intermediate","none","strong","BQ_075","hfs_with_nested_burst","BQ_075",1310544601,"hfs_with_nested_burst=597470449;hfs=2128921464;hfs_shape=2088948010;hfs_total=1296116654;nested_burst=425698236;nested_duration=1507298691;nested_position=323274869;point_process=1310544601","25c14a0f23dc0a267a0a4aa0ee48a7389cf49f42a0b733498bc58635e2992982",0.212579293558374,3.38331242552958,0.02,34,7.11401591808008,0.209235762296473,0.523714025585398,0.530201074988968,0.287403937272156,3,"S0054",10,1,"holdout",37.9498893318267,45.0639052499068,7.11401591808008,0.212579293558374,0.02,0.209235762296473
"TPL_008","TPL_008_RUN_013",13,45.0639052499068,49.0593287570384,"canonical_mechanism","Pause:canonical","none","Pause","canonical","none","explicit_gap","canonical","none","none","none","pause","canonical_3",612909246,"point_process=612909246","e8fc616ab3f4feb6f1c82f1b5b3a322a8a3d03ed054674fd4b5c870cbd594314",3.99542350713164,,,1,3.99542350713164,3.99542350713164,0,0,0,1,"S0054",10,1,"holdout",45.0639052499068,49.0593287570384,3.99542350713164,3.99542350713164,,3.99542350713164
"TPL_008","TPL_008_RUN_014",14,49.0593287570384,54.7855123012692,"broad_hfs_shifted_gamma","Burst","Broad_HFS","Burst","none","none","shifted_gamma","irregular","none","moderate","BQ_076","hfs_with_nested_burst","BQ_076",1448687887,"hfs_with_nested_burst=374500185;hfs=855110069;hfs_shape=1496549020;hfs_total=452303623;nested_burst=1010782440;nested_duration=510433747;nested_position=1815698976;point_process=1448687887","ef66bfc48a6dbf41f6197d08eb6093f3be245e786b33f6d0eb4f42d6023f4c3b",0.234900193954818,1.41992771008518,0.02,31,5.72618354423079,0.184715598200993,0.769026369421264,0.864415116905185,0.752336542212534,6,"S0054",10,1,"holdout",49.0593287570384,54.7855123012692,5.72618354423079,0.234900193954818,0.02,0.184715598200993
"TPL_009","TPL_009_RUN_001",1,0,7.40365910051747,"broad_hfs_shifted_gamma","Burst","Broad_HFS","Burst","none","none","shifted_gamma","irregular","none","strong","BQ_078","hfs_with_nested_burst","BQ_078",362970168,"hfs_with_nested_burst=80599631;hfs=1471479788;hfs_shape=102837361;hfs_total=833314151;nested_burst=72807461;nested_duration=269875830;nested_position=612714704;point_process=362970168","c3ac811e7a7ddca48484266012db93ba2f9f015da474921831ae3d07c154e574",0.243914369447157,1.31552657943685,0.02,34,7.40365910051747,0.217754679426985,0.764993082400904,0.685132121082003,0.466792183700007,36,"S0048",1,0.1,"holdout",0,0.740365910051747,0.740365910051747,0.0243914369447157,0.002,0.0217754679426985
"TPL_009","TPL_009_RUN_002",2,7.40365910051747,8.24084353281848,"background_shifted_gamma","Background","none","none","none","none","shifted_gamma","background","none","none","none","background","background_01",1223009402,"point_process=1223009402","ebd3705417b9ae295e6595e61d3179b1174c82640aaa17273267d1e79a6af9f1",0.640210258727893,5.19561177655123,0.02,1,0.837184432301007,0.837184432301007,0,0,0,1,"S0048",1,0.1,"holdout",0.740365910051747,0.824084353281848,0.0837184432301007,0.0640210258727893,0.002,0.0837184432301007
"TPL_009","TPL_009_RUN_003",3,8.24084353281848,20.0602108986421,"tonic_shifted_gamma_generic_stress","Tonic:generic_stress","Tonic","none","none","none","shifted_gamma","generic_stress","generic_stress","none","none","tonic","generic_stress_1",49443221,"point_process=49443221","5cc53230e805ae169be5aa1d4adb867cbf799b923af75a0d595db5d2f7c6a9cf",0.751180659630336,25.5351883275434,0.02,15,11.8193673658236,0.78795782438824,0.207819893810753,0.325507877765643,0.108330431694795,1,"S0048",1,0.1,"holdout",0.824084353281848,2.00602108986421,1.18193673658236,0.0751180659630336,0.002,0.078795782438824
"TPL_009","TPL_009_RUN_004",4,20.0602108986421,23.6087940973999,"canonical_mechanism","Pause:canonical","none","Pause","canonical","none","explicit_gap","canonical","none","none","none","pause","canonical_1",376964599,"point_process=376964599","508a5503fdaada7afc09dd11905c0055a0b569eaf0833757e8875c7348a4bb91",3.54858319875784,,,1,3.54858319875784,3.54858319875784,0,0,0,1,"S0048",1,0.1,"holdout",2.00602108986421,2.36087940973999,0.354858319875784,0.354858319875784,,0.354858319875784
"TPL_009","TPL_009_RUN_005",5,23.6087940973999,24.5400241298297,"background_shifted_gamma","Background","none","none","none","none","shifted_gamma","background","none","none","none","background","background_02",2097263143,"point_process=2097263143","15035695493fc34aff3aad8e513f1f6cae8b788c24bef4b27db4efb978da1414",0.614046497922391,5.13820275198668,0.02,1,0.931230032429788,0.931230032429788,0,0,0,1,"S0048",1,0.1,"holdout",2.36087940973999,2.45400241298297,0.0931230032429788,0.0614046497922391,0.002,0.0931230032429788
"TPL_009","TPL_009_RUN_006",6,24.5400241298297,24.97776346302,"standalone_background_shifted_gamma","Burst","none","Burst","none","none","shifted_gamma","standalone_background","none","moderate","BQ_026","burst","BQ_026",299109964,"burst=371430042;hfs=913418902;hfs_shape=1563401624;hfs_total=1237440501;nested_burst=888918800;nested_duration=369361131;nested_position=335045302;point_process=299109964","d9eee4d3d3d53bc555bb2816a93b9db4a6e63acbf9a50b43842e49ed8d760733",0.582432366092689,2.38497394174337,0.02,6,0.437739333190338,0.072956555531723,0.457459566845411,0.58822299491085,0.347337536213931,3,"S0048",1,0.1,"holdout",2.45400241298297,2.497776346302,0.0437739333190338,0.0582432366092689,0.002,0.0072956555531723
"TPL_009","TPL_009_RUN_007",7,24.97776346302,30.732943782377,"broad_hfs_shifted_gamma","Broad_HFS","Broad_HFS","none","none","none","shifted_gamma","intermediate","none","none","none","hfs","intermediate_1",1673729510,"point_process=1673729510","6dabf5ae512c82e481e09531ad201ef5b06b392e580fc5af17239d7ecffd3fbf",0.202804795778357,4.05864461092278,0.02,32,5.75518031935699,0.179849384979906,0.348556912068813,0.440472162271648,0.208428934446524,3,"S0048",1,0.1,"holdout",2.497776346302,3.0732943782377,0.575518031935699,0.0202804795778357,0.002,0.0179849384979906
"TPL_009","TPL_009_RUN_008",8,30.732943782377,31.4183890644169,"standalone_background_shifted_gamma","Burst","none","Burst","none","none","shifted_gamma","standalone_background","none","strong","BQ_027","burst","BQ_027",464521333,"burst=258760365;hfs=1271635993;hfs_shape=1921917705;hfs_total=1518690294;nested_burst=496901030;nested_duration=1656641448;nested_position=583932949;point_process=464521333","29fc4b0e866e2b18de74301317217f7df8b8bc8f0c5048c4c42b09cc5759fdae",0.791882838634774,4.26612707450986,0.02,7,0.685445282039901,0.0979207545771288,0.193384497166026,0.209335894540756,0.0389476544848682,2,"S0048",1,0.1,"holdout",3.0732943782377,3.14183890644169,0.0685445282039901,0.0791882838634774,0.002,0.00979207545771288
"TPL_009","TPL_009_RUN_009",9,31.4183890644169,32.0427743989786,"contextual_gap_mechanism","Contextual_Separator","none","none","none","Contextual_Separator","explicit_gap","contextual_separator","none","none","none","contextual_separator","separator_1",197471079,"point_process=197471079","c536deb0636081a215fe25a7ac44442229cfaacb1165cbec4584c4f3bc34db3b",0.624385334561637,,,1,0.624385334561637,0.624385334561637,0,0,0,1,"S0048",1,0.1,"holdout",3.14183890644169,3.20427743989786,0.0624385334561637,0.0624385334561637,,0.0624385334561637
"TPL_009","TPL_009_RUN_010",10,32.0427743989786,32.8213263774587,"standalone_background_shifted_gamma","Burst","none","Burst","none","none","shifted_gamma","standalone_background","none","weak","BQ_025","burst","BQ_025",447169920,"burst=139667059;hfs=1879150774;hfs_shape=600724957;hfs_total=1937502429;nested_burst=171926561;nested_duration=1031741968;nested_position=1874807393;point_process=447169920","710c6ea16ff2b1cfdbda4aceb002da7f345b6cdc2e374af6ac72bf1b029d225c",0.74724117583828,2.66540598720312,0.02,5,0.778551978480132,0.155710395696026,0.34079091328084,0.507300968012284,0.242145693851563,1,"S0048",1,0.1,"holdout",3.20427743989786,3.28213263774587,0.0778551978480132,0.074724117583828,0.002,0.0155710395696026
"TPL_009","TPL_009_RUN_011",11,32.8213263774587,37.5972783115989,"canonical_mechanism","Pause:canonical","none","Pause","canonical","none","explicit_gap","canonical","none","none","none","pause","canonical_2",93000553,"point_process=93000553","61a3fe6a085f22d5c4b9314075f757b49625646066a9e1528665eceeebbfbf3b",4.77595193414018,,,1,4.77595193414018,4.77595193414018,0,0,0,1,"S0048",1,0.1,"holdout",3.28213263774587,3.75972783115989,0.477595193414018,0.477595193414018,,0.477595193414018
"TPL_009","TPL_009_RUN_012",12,37.5972783115989,44.7490456960894,"tonic_shifted_gamma_stn_like_empirical","Tonic:stn_like_empirical","Tonic","none","none","none","shifted_gamma","stn_like_empirical","stn_like_empirical","none","none","tonic","stn_like_empirical_2",2118472628,"point_process=2118472628","0092713217ee06bfc37487e8e8a576bfbb9140b32943f88d959a5781659463a2",0.462181465234607,49.778988128528,0.02,16,7.1517673844905,0.446985461530656,0.145094672286833,0.145238429905102,0.025878332225121,1,"S0048",1,0.1,"holdout",3.75972783115989,4.47490456960894,0.71517673844905,0.0462181465234607,0.002,0.0446985461530656
"TPL_009","TPL_009_RUN_013",13,44.7490456960894,49.3673572026096,"broad_hfs_shifted_gamma","Burst","Broad_HFS","Burst","none","none","shifted_gamma","regular","none","weak","BQ_077","hfs_with_nested_burst","BQ_077",2076151437,"hfs_with_nested_burst=1324217596;hfs=1590623871;hfs_shape=1961401121;hfs_total=1499222838;nested_burst=1068438712;nested_duration=839287576;nested_position=1790338830;point_process=2076151437","c5940ea30c193511bfed24b09a194460326a25fd80786ccbc12e506de48010ae",0.185201679533347,9.93982476415113,0.02,26,4.61831150652019,0.177627365635392,0.461211165339542,0.325766653873926,0.138886199927251,5,"S0048",1,0.1,"holdout",4.47490456960894,4.93673572026096,0.461831150652019,0.0185201679533347,0.002,0.0177627365635392
"TPL_009","TPL_009_RUN_001",1,0,7.40365910051747,"broad_hfs_shifted_gamma","Burst","Broad_HFS","Burst","none","none","shifted_gamma","irregular","none","strong","BQ_078","hfs_with_nested_burst","BQ_078",362970168,"hfs_with_nested_burst=80599631;hfs=1471479788;hfs_shape=102837361;hfs_total=833314151;nested_burst=72807461;nested_duration=269875830;nested_position=612714704;point_process=362970168","c3ac811e7a7ddca48484266012db93ba2f9f015da474921831ae3d07c154e574",0.243914369447157,1.31552657943685,0.02,34,7.40365910051747,0.217754679426985,0.764993082400904,0.685132121082003,0.466792183700007,36,"S0039",4,0.4,"holdout",0,2.96146364020699,2.96146364020699,0.0975657477788627,0.008,0.0871018717707938
"TPL_009","TPL_009_RUN_002",2,7.40365910051747,8.24084353281848,"background_shifted_gamma","Background","none","none","none","none","shifted_gamma","background","none","none","none","background","background_01",1223009402,"point_process=1223009402","ebd3705417b9ae295e6595e61d3179b1174c82640aaa17273267d1e79a6af9f1",0.640210258727893,5.19561177655123,0.02,1,0.837184432301007,0.837184432301007,0,0,0,1,"S0039",4,0.4,"holdout",2.96146364020699,3.29633741312739,0.334873772920403,0.256084103491157,0.008,0.334873772920403
"TPL_009","TPL_009_RUN_003",3,8.24084353281848,20.0602108986421,"tonic_shifted_gamma_generic_stress","Tonic:generic_stress","Tonic","none","none","none","shifted_gamma","generic_stress","generic_stress","none","none","tonic","generic_stress_1",49443221,"point_process=49443221","5cc53230e805ae169be5aa1d4adb867cbf799b923af75a0d595db5d2f7c6a9cf",0.751180659630336,25.5351883275434,0.02,15,11.8193673658236,0.78795782438824,0.207819893810753,0.325507877765643,0.108330431694795,1,"S0039",4,0.4,"holdout",3.29633741312739,8.02408435945683,4.72774694632944,0.300472263852134,0.008,0.315183129755296
"TPL_009","TPL_009_RUN_004",4,20.0602108986421,23.6087940973999,"canonical_mechanism","Pause:canonical","none","Pause","canonical","none","explicit_gap","canonical","none","none","none","pause","canonical_1",376964599,"point_process=376964599","508a5503fdaada7afc09dd11905c0055a0b569eaf0833757e8875c7348a4bb91",3.54858319875784,,,1,3.54858319875784,3.54858319875784,0,0,0,1,"S0039",4,0.4,"holdout",8.02408435945683,9.44351763895997,1.41943327950314,1.41943327950314,,1.41943327950314
"TPL_009","TPL_009_RUN_005",5,23.6087940973999,24.5400241298297,"background_shifted_gamma","Background","none","none","none","none","shifted_gamma","background","none","none","none","background","background_02",2097263143,"point_process=2097263143","15035695493fc34aff3aad8e513f1f6cae8b788c24bef4b27db4efb978da1414",0.614046497922391,5.13820275198668,0.02,1,0.931230032429788,0.931230032429788,0,0,0,1,"S0039",4,0.4,"holdout",9.44351763895997,9.81600965193188,0.372492012971915,0.245618599168956,0.008,0.372492012971915
"TPL_009","TPL_009_RUN_006",6,24.5400241298297,24.97776346302,"standalone_background_shifted_gamma","Burst","none","Burst","none","none","shifted_gamma","standalone_background","none","moderate","BQ_026","burst","BQ_026",299109964,"burst=371430042;hfs=913418902;hfs_shape=1563401624;hfs_total=1237440501;nested_burst=888918800;nested_duration=369361131;nested_position=335045302;point_process=299109964","d9eee4d3d3d53bc555bb2816a93b9db4a6e63acbf9a50b43842e49ed8d760733",0.582432366092689,2.38497394174337,0.02,6,0.437739333190338,0.072956555531723,0.457459566845411,0.58822299491085,0.347337536213931,3,"S0039",4,0.4,"holdout",9.81600965193188,9.99110538520802,0.175095733276135,0.232972946437076,0.008,0.0291826222126892
"TPL_009","TPL_009_RUN_007",7,24.97776346302,30.732943782377,"broad_hfs_shifted_gamma","Broad_HFS","Broad_HFS","none","none","none","shifted_gamma","intermediate","none","none","none","hfs","intermediate_1",1673729510,"point_process=1673729510","6dabf5ae512c82e481e09531ad201ef5b06b392e580fc5af17239d7ecffd3fbf",0.202804795778357,4.05864461092278,0.02,32,5.75518031935699,0.179849384979906,0.348556912068813,0.440472162271648,0.208428934446524,3,"S0039",4,0.4,"holdout",9.99110538520802,12.2931775129508,2.3020721277428,0.0811219183113426,0.008,0.0719397539919624
"TPL_009","TPL_009_RUN_008",8,30.732943782377,31.4183890644169,"standalone_background_shifted_gamma","Burst","none","Burst","none","none","shifted_gamma","standalone_background","none","strong","BQ_027","burst","BQ_027",464521333,"burst=258760365;hfs=1271635993;hfs_shape=1921917705;hfs_total=1518690294;nested_burst=496901030;nested_duration=1656641448;nested_position=583932949;point_process=464521333","29fc4b0e866e2b18de74301317217f7df8b8bc8f0c5048c4c42b09cc5759fdae",0.791882838634774,4.26612707450986,0.02,7,0.685445282039901,0.0979207545771288,0.193384497166026,0.209335894540756,0.0389476544848682,2,"S0039",4,0.4,"holdout",12.2931775129508,12.5673556257668,0.274178112815961,0.31675313545391,0.008,0.0391683018308515
"TPL_009","TPL_009_RUN_009",9,31.4183890644169,32.0427743989786,"contextual_gap_mechanism","Contextual_Separator","none","none","none","Contextual_Separator","explicit_gap","contextual_separator","none","none","none","contextual_separator","separator_1",197471079,"point_process=197471079","c536deb0636081a215fe25a7ac44442229cfaacb1165cbec4584c4f3bc34db3b",0.624385334561637,,,1,0.624385334561637,0.624385334561637,0,0,0,1,"S0039",4,0.4,"holdout",12.5673556257668,12.8171097595914,0.249754133824655,0.249754133824655,,0.249754133824655
"TPL_009","TPL_009_RUN_010",10,32.0427743989786,32.8213263774587,"standalone_background_shifted_gamma","Burst","none","Burst","none","none","shifted_gamma","standalone_background","none","weak","BQ_025","burst","BQ_025",447169920,"burst=139667059;hfs=1879150774;hfs_shape=600724957;hfs_total=1937502429;nested_burst=171926561;nested_duration=1031741968;nested_position=1874807393;point_process=447169920","710c6ea16ff2b1cfdbda4aceb002da7f345b6cdc2e374af6ac72bf1b029d225c",0.74724117583828,2.66540598720312,0.02,5,0.778551978480132,0.155710395696026,0.34079091328084,0.507300968012284,0.242145693851563,1,"S0039",4,0.4,"holdout",12.8171097595914,13.1285305509835,0.311420791392053,0.298896470335312,0.008,0.0622841582784106
"TPL_009","TPL_009_RUN_011",11,32.8213263774587,37.5972783115989,"canonical_mechanism","Pause:canonical","none","Pause","canonical","none","explicit_gap","canonical","none","none","none","pause","canonical_2",93000553,"point_process=93000553","61a3fe6a085f22d5c4b9314075f757b49625646066a9e1528665eceeebbfbf3b",4.77595193414018,,,1,4.77595193414018,4.77595193414018,0,0,0,1,"S0039",4,0.4,"holdout",13.1285305509835,15.0389113246395,1.91038077365607,1.91038077365607,,1.91038077365607
"TPL_009","TPL_009_RUN_012",12,37.5972783115989,44.7490456960894,"tonic_shifted_gamma_stn_like_empirical","Tonic:stn_like_empirical","Tonic","none","none","none","shifted_gamma","stn_like_empirical","stn_like_empirical","none","none","tonic","stn_like_empirical_2",2118472628,"point_process=2118472628","0092713217ee06bfc37487e8e8a576bfbb9140b32943f88d959a5781659463a2",0.462181465234607,49.778988128528,0.02,16,7.1517673844905,0.446985461530656,0.145094672286833,0.145238429905102,0.025878332225121,1,"S0039",4,0.4,"holdout",15.0389113246395,17.8996182784357,2.8607069537962,0.184872586093843,0.008,0.178794184612262
"TPL_009","TPL_009_RUN_013",13,44.7490456960894,49.3673572026096,"broad_hfs_shifted_gamma","Burst","Broad_HFS","Burst","none","none","shifted_gamma","regular","none","weak","BQ_077","hfs_with_nested_burst","BQ_077",2076151437,"hfs_with_nested_burst=1324217596;hfs=1590623871;hfs_shape=1961401121;hfs_total=1499222838;nested_burst=1068438712;nested_duration=839287576;nested_position=1790338830;point_process=2076151437","c5940ea30c193511bfed24b09a194460326a25fd80786ccbc12e506de48010ae",0.185201679533347,9.93982476415113,0.02,26,4.61831150652019,0.177627365635392,0.461211165339542,0.325766653873926,0.138886199927251,5,"S0039",4,0.4,"holdout",17.8996182784357,19.7469428810438,1.84732460260808,0.074080671813339,0.008,0.0710509462541568
"TPL_009","TPL_009_RUN_001",1,0,7.40365910051747,"broad_hfs_shifted_gamma","Burst","Broad_HFS","Burst","none","none","shifted_gamma","irregular","none","strong","BQ_078","hfs_with_nested_burst","BQ_078",362970168,"hfs_with_nested_burst=80599631;hfs=1471479788;hfs_shape=102837361;hfs_total=833314151;nested_burst=72807461;nested_duration=269875830;nested_position=612714704;point_process=362970168","c3ac811e7a7ddca48484266012db93ba2f9f015da474921831ae3d07c154e574",0.243914369447157,1.31552657943685,0.02,34,7.40365910051747,0.217754679426985,0.764993082400904,0.685132121082003,0.466792183700007,36,"S0008",10,1,"holdout",0,7.40365910051747,7.40365910051747,0.243914369447157,0.02,0.217754679426985
"TPL_009","TPL_009_RUN_002",2,7.40365910051747,8.24084353281848,"background_shifted_gamma","Background","none","none","none","none","shifted_gamma","background","none","none","none","background","background_01",1223009402,"point_process=1223009402","ebd3705417b9ae295e6595e61d3179b1174c82640aaa17273267d1e79a6af9f1",0.640210258727893,5.19561177655123,0.02,1,0.837184432301007,0.837184432301007,0,0,0,1,"S0008",10,1,"holdout",7.40365910051747,8.24084353281848,0.837184432301007,0.640210258727893,0.02,0.837184432301007
"TPL_009","TPL_009_RUN_003",3,8.24084353281848,20.0602108986421,"tonic_shifted_gamma_generic_stress","Tonic:generic_stress","Tonic","none","none","none","shifted_gamma","generic_stress","generic_stress","none","none","tonic","generic_stress_1",49443221,"point_process=49443221","5cc53230e805ae169be5aa1d4adb867cbf799b923af75a0d595db5d2f7c6a9cf",0.751180659630336,25.5351883275434,0.02,15,11.8193673658236,0.78795782438824,0.207819893810753,0.325507877765643,0.108330431694795,1,"S0008",10,1,"holdout",8.24084353281848,20.0602108986421,11.8193673658236,0.751180659630336,0.02,0.78795782438824
"TPL_009","TPL_009_RUN_004",4,20.0602108986421,23.6087940973999,"canonical_mechanism","Pause:canonical","none","Pause","canonical","none","explicit_gap","canonical","none","none","none","pause","canonical_1",376964599,"point_process=376964599","508a5503fdaada7afc09dd11905c0055a0b569eaf0833757e8875c7348a4bb91",3.54858319875784,,,1,3.54858319875784,3.54858319875784,0,0,0,1,"S0008",10,1,"holdout",20.0602108986421,23.6087940973999,3.54858319875784,3.54858319875784,,3.54858319875784
"TPL_009","TPL_009_RUN_005",5,23.6087940973999,24.5400241298297,"background_shifted_gamma","Background","none","none","none","none","shifted_gamma","background","none","none","none","background","background_02",2097263143,"point_process=2097263143","15035695493fc34aff3aad8e513f1f6cae8b788c24bef4b27db4efb978da1414",0.614046497922391,5.13820275198668,0.02,1,0.931230032429788,0.931230032429788,0,0,0,1,"S0008",10,1,"holdout",23.6087940973999,24.5400241298297,0.931230032429788,0.614046497922391,0.02,0.931230032429788
"TPL_009","TPL_009_RUN_006",6,24.5400241298297,24.97776346302,"standalone_background_shifted_gamma","Burst","none","Burst","none","none","shifted_gamma","standalone_background","none","moderate","BQ_026","burst","BQ_026",299109964,"burst=371430042;hfs=913418902;hfs_shape=1563401624;hfs_total=1237440501;nested_burst=888918800;nested_duration=369361131;nested_position=335045302;point_process=299109964","d9eee4d3d3d53bc555bb2816a93b9db4a6e63acbf9a50b43842e49ed8d760733",0.582432366092689,2.38497394174337,0.02,6,0.437739333190338,0.072956555531723,0.457459566845411,0.58822299491085,0.347337536213931,3,"S0008",10,1,"holdout",24.5400241298297,24.97776346302,0.437739333190338,0.582432366092689,0.02,0.072956555531723
"TPL_009","TPL_009_RUN_007",7,24.97776346302,30.732943782377,"broad_hfs_shifted_gamma","Broad_HFS","Broad_HFS","none","none","none","shifted_gamma","intermediate","none","none","none","hfs","intermediate_1",1673729510,"point_process=1673729510","6dabf5ae512c82e481e09531ad201ef5b06b392e580fc5af17239d7ecffd3fbf",0.202804795778357,4.05864461092278,0.02,32,5.75518031935699,0.179849384979906,0.348556912068813,0.440472162271648,0.208428934446524,3,"S0008",10,1,"holdout",24.97776346302,30.732943782377,5.75518031935699,0.202804795778357,0.02,0.179849384979906
"TPL_009","TPL_009_RUN_008",8,30.732943782377,31.4183890644169,"standalone_background_shifted_gamma","Burst","none","Burst","none","none","shifted_gamma","standalone_background","none","strong","BQ_027","burst","BQ_027",464521333,"burst=258760365;hfs=1271635993;hfs_shape=1921917705;hfs_total=1518690294;nested_burst=496901030;nested_duration=1656641448;nested_position=583932949;point_process=464521333","29fc4b0e866e2b18de74301317217f7df8b8bc8f0c5048c4c42b09cc5759fdae",0.791882838634774,4.26612707450986,0.02,7,0.685445282039901,0.0979207545771288,0.193384497166026,0.209335894540756,0.0389476544848682,2,"S0008",10,1,"holdout",30.732943782377,31.4183890644169,0.685445282039901,0.791882838634774,0.02,0.0979207545771288
"TPL_009","TPL_009_RUN_009",9,31.4183890644169,32.0427743989786,"contextual_gap_mechanism","Contextual_Separator","none","none","none","Contextual_Separator","explicit_gap","contextual_separator","none","none","none","contextual_separator","separator_1",197471079,"point_process=197471079","c536deb0636081a215fe25a7ac44442229cfaacb1165cbec4584c4f3bc34db3b",0.624385334561637,,,1,0.624385334561637,0.624385334561637,0,0,0,1,"S0008",10,1,"holdout",31.4183890644169,32.0427743989786,0.624385334561637,0.624385334561637,,0.624385334561637
"TPL_009","TPL_009_RUN_010",10,32.0427743989786,32.8213263774587,"standalone_background_shifted_gamma","Burst","none","Burst","none","none","shifted_gamma","standalone_background","none","weak","BQ_025","burst","BQ_025",447169920,"burst=139667059;hfs=1879150774;hfs_shape=600724957;hfs_total=1937502429;nested_burst=171926561;nested_duration=1031741968;nested_position=1874807393;point_process=447169920","710c6ea16ff2b1cfdbda4aceb002da7f345b6cdc2e374af6ac72bf1b029d225c",0.74724117583828,2.66540598720312,0.02,5,0.778551978480132,0.155710395696026,0.34079091328084,0.507300968012284,0.242145693851563,1,"S0008",10,1,"holdout",32.0427743989786,32.8213263774587,0.778551978480132,0.74724117583828,0.02,0.155710395696026
"TPL_009","TPL_009_RUN_011",11,32.8213263774587,37.5972783115989,"canonical_mechanism","Pause:canonical","none","Pause","canonical","none","explicit_gap","canonical","none","none","none","pause","canonical_2",93000553,"point_process=93000553","61a3fe6a085f22d5c4b9314075f757b49625646066a9e1528665eceeebbfbf3b",4.77595193414018,,,1,4.77595193414018,4.77595193414018,0,0,0,1,"S0008",10,1,"holdout",32.8213263774587,37.5972783115989,4.77595193414018,4.77595193414018,,4.77595193414018
"TPL_009","TPL_009_RUN_012",12,37.5972783115989,44.7490456960894,"tonic_shifted_gamma_stn_like_empirical","Tonic:stn_like_empirical","Tonic","none","none","none","shifted_gamma","stn_like_empirical","stn_like_empirical","none","none","tonic","stn_like_empirical_2",2118472628,"point_process=2118472628","0092713217ee06bfc37487e8e8a576bfbb9140b32943f88d959a5781659463a2",0.462181465234607,49.778988128528,0.02,16,7.1517673844905,0.446985461530656,0.145094672286833,0.145238429905102,0.025878332225121,1,"S0008",10,1,"holdout",37.5972783115989,44.7490456960894,7.1517673844905,0.462181465234607,0.02,0.446985461530656
"TPL_009","TPL_009_RUN_013",13,44.7490456960894,49.3673572026096,"broad_hfs_shifted_gamma","Burst","Broad_HFS","Burst","none","none","shifted_gamma","regular","none","weak","BQ_077","hfs_with_nested_burst","BQ_077",2076151437,"hfs_with_nested_burst=1324217596;hfs=1590623871;hfs_shape=1961401121;hfs_total=1499222838;nested_burst=1068438712;nested_duration=839287576;nested_position=1790338830;point_process=2076151437","c5940ea30c193511bfed24b09a194460326a25fd80786ccbc12e506de48010ae",0.185201679533347,9.93982476415113,0.02,26,4.61831150652019,0.177627365635392,0.461211165339542,0.325766653873926,0.138886199927251,5,"S0008",10,1,"holdout",44.7490456960894,49.3673572026096,4.61831150652019,0.185201679533347,0.02,0.177627365635392
"TPL_010","TPL_010_RUN_001",1,0,7.1913304642795,"tonic_shifted_gamma_stn_like_empirical","Tonic:stn_like_empirical","Tonic","none","none","none","shifted_gamma","stn_like_empirical","stn_like_empirical","none","none","tonic","stn_like_empirical_1",472245404,"point_process=472245404","cd10d990c042aed3f79da1e397d988dee987dac3e2030f8b92216d910cbc48a0",0.440678099729121,42.8707958525047,0.02,16,7.1913304642795,0.449458154017469,0.160772264822382,0.226903411837437,0.057496036161522,1,"S0036",1,0.1,"holdout",0,0.71913304642795,0.71913304642795,0.0440678099729121,0.002,0.0449458154017469
"TPL_010","TPL_010_RUN_002",2,7.1913304642795,10.461351320103,"canonical_mechanism","Pause:canonical","none","Pause","canonical","none","explicit_gap","canonical","none","none","none","pause","canonical_1",395832800,"point_process=395832800","71807751418aa0a43a26524c6ed856670e8d24c46fe327b7b20bc8f5cb68e563",3.27002085582353,,,1,3.27002085582353,3.27002085582353,0,0,0,1,"S0036",1,0.1,"holdout",0.71913304642795,1.0461351320103,0.327002085582353,0.327002085582353,,0.327002085582353
"TPL_010","TPL_010_RUN_003",3,10.461351320103,13.6930326708322,"background_shifted_gamma","Background","none","none","none","none","shifted_gamma","background","none","none","none","background","background_01",1300732986,"point_process=1300732986","ac7324e6e11b9de34bfa43eb3a720d68fe52214c2716e07d20ac3aa30bebaabe",0.736921992979478,2.3661128183594,0.02,3,3.23168135072916,1.07722711690972,0.378863657168651,0.384182858968022,0.161656828578072,1,"S0036",1,0.1,"holdout",1.0461351320103,1.36930326708322,0.323168135072916,0.0736921992979478,0.002,0.107722711690972
"TPL_010","TPL_010_RUN_004",4,13.6930326708322,14.0570683035794,"standalone_background_shifted_gamma","Burst","none","Burst","none","none","shifted_gamma","standalone_background","none","weak","BQ_028","burst","BQ_028",1929058163,"burst=873852954;hfs=706727556;hfs_shape=1773537698;hfs_total=1783962516;nested_burst=1827378595;nested_duration=1133359435;nested_position=1405352760;point_process=1929058163","0cd9d112855716939cad456f0b4826b529120e4ba2f939152e959027e159be92",0.617471897113137,3.27760126292706,0.02,3,0.364035632747179,0.121345210915726,0.351788155944665,0.362157610199822,0.145670211484134,3,"S0036",1,0.1,"holdout",1.36930326708322,1.40570683035794,0.0364035632747179,0.0617471897113137,0.002,0.0121345210915726
"TPL_010","TPL_010_RUN_005",5,14.0570683035794,14.5486986560692,"contextual_gap_mechanism","Contextual_Separator","none","none","none","Contextual_Separator","explicit_gap","contextual_separator","none","none","none","contextual_separator","separator_1",1821354914,"point_process=1821354914","73a73b2cabe888a87d9aea9ea0fe36e6523012819eea8485a00c49d952134f51",0.491630352489869,,,1,0.491630352489869,0.491630352489869,0,0,0,1,"S0036",1,0.1,"holdout",1.40570683035794,1.45486986560692,0.0491630352489869,0.0491630352489869,,0.0491630352489869
"TPL_010","TPL_010_RUN_006",6,14.5486986560692,15.135750481815,"standalone_background_shifted_gamma","Burst","none","Burst","none","none","shifted_gamma","standalone_background","none","moderate","BQ_029","burst","BQ_029",395537575,"burst=750416518;hfs=861184593;hfs_shape=726065819;hfs_total=654339772;nested_burst=242152452;nested_duration=425390024;nested_position=222516905;point_process=395537575","823cc3ae90e6777cb3e26120b87139caad52651160e72a7ca8285f569efb23e5",0.531636438646819,4.65292853936553,0.02,8,0.587051825745735,0.0733814782182169,0.196395429194472,0.242210078767394,0.059158801332046,1,"S0036",1,0.1,"holdout",1.45486986560692,1.5135750481815,0.0587051825745736,0.053163643864682,0.002,0.00733814782182169
"TPL_010","TPL_010_RUN_007",7,15.135750481815,16.5675963193169,"background_shifted_gamma","Background","none","none","none","none","shifted_gamma","background","none","none","none","background","background_02",1437728591,"point_process=1437728591","6daed796c11a4c552a94817d11f1f934e6118df5315afa893eb14f6b2398b60b",0.686538978782482,4.37006345507689,0.02,2,1.43184583750188,0.715922918750942,0.183138912880432,0.258997534393772,0.0503097921165398,1,"S0036",1,0.1,"holdout",1.5135750481815,1.65675963193169,0.143184583750188,0.0686538978782483,0.002,0.0715922918750942
"TPL_010","TPL_010_RUN_008",8,16.5675963193169,30.1237727226028,"tonic_shifted_gamma_generic_stress","Tonic:generic_stress","Tonic","none","none","none","shifted_gamma","generic_stress","generic_stress","none","none","tonic","generic_stress_2",2051921663,"point_process=2051921663","391bfe51555896b687dcac312ca4262c67fc4e1840ae98cd81098a1a53596171",0.999867393658497,24.3987604659051,0.02,13,13.556176403286,1.04278280025277,0.128621318470226,0.145527452569308,0.0198512239676786,1,"S0036",1,0.1,"holdout",1.65675963193169,3.01237727226028,1.3556176403286,0.0999867393658497,0.002,0.104278280025277
"TPL_010","TPL_010_RUN_009",9,30.1237727226028,36.9708212052742,"complex_multi_gap_mechanism","Pause:complex_multi_gap","none","Pause","complex_multi_gap","none","explicit_gap","complex_multi_gap","none","none","none","pause","complex_multi_gap_2",1537047796,"point_process=1537047796","e4e45909396fcd1cab8786cc456bb49cae99c83cf371bca8ab57154b59aab596",2.28234949422379,,,3,6.84704848267138,2.28234949422379,0.185502172515447,0.176036726732155,0.0442770215898368,1,"S0036",1,0.1,"holdout",3.01237727226028,3.69708212052742,0.684704848267138,0.228234949422379,,0.228234949422379
"TPL_010","TPL_010_RUN_010",10,36.9708212052742,37.2236739851319,"background_shifted_gamma","Background","none","none","none","none","shifted_gamma","background","none","none","none","background","background_03",576822989,"point_process=576822989","fe6192ba5cdb2a31f3aef9447ce5374e5d93ba8af37bafb46e1aafbe88e50449",0.728097927535418,4.10932853131089,0.02,1,0.252852779857739,0.252852779857739,0,0,0,1,"S0036",1,0.1,"holdout",3.69708212052742,3.72236739851319,0.0252852779857739,0.0728097927535419,0.002,0.0252852779857739
"TPL_010","TPL_010_RUN_011",11,37.2236739851319,44.9588080332413,"broad_hfs_shifted_gamma","Broad_HFS","Broad_HFS","none","none","none","shifted_gamma","regular","none","none","none","hfs","regular_1",1611622494,"point_process=1611622494","a4e9c3e0ca30bffb3f621b018b5108a5a253022c2c02c427b895de391867fdcb",0.234147716877051,11.0464744297788,0.02,33,7.73513404810934,0.234398001457859,0.280636848952914,0.34015916992253,0.12787920356067,1,"S0036",1,0.1,"holdout",3.72236739851319,4.49588080332413,0.773513404810934,0.0234147716877051,0.002,0.0234398001457859
"TPL_010","TPL_010_RUN_012",12,44.9588080332413,45.3495759095543,"standalone_background_shifted_gamma","Burst","none","Burst","none","none","shifted_gamma","standalone_background","none","strong","BQ_030","burst","BQ_030",1721742352,"burst=264630614;hfs=1055339807;hfs_shape=2034991302;hfs_total=2074841473;nested_burst=1786369939;nested_duration=647352264;nested_position=1660226545;point_process=1721742352","c631ffa456d8024b1a9aaca5b73f2d03eb7dfd715667b460f9e59931e21d4a4a",0.839019012148492,2.82046235576272,0.02,4,0.390767876313037,0.0976919690782592,0.508512411496663,0.518663197280598,0.333636179790533,2,"S0036",1,0.1,"holdout",4.49588080332413,4.53495759095543,0.0390767876313037,0.0839019012148492,0.002,0.00976919690782593
"TPL_010","TPL_010_RUN_013",13,45.3495759095543,52.5703985320665,"broad_hfs_shifted_gamma","Burst","Broad_HFS","Burst","none","none","shifted_gamma","intermediate","none","moderate","BQ_079","hfs_with_nested_burst","BQ_079",2055723087,"hfs_with_nested_burst=646377289;hfs=744029734;hfs_shape=440753249;hfs_total=1344912945;nested_burst=2051341212;nested_duration=1038490936;nested_position=584581115;point_process=2055723087","ba9f093793d7cff0ce1b3193810570b17233c281e2dbb445df0bfb67be035c2d",0.241395782115869,2.87174848378636,0.02,34,7.22082262251217,0.21237713595624,0.673276845994376,0.569209683342786,0.367715879576536,135,"S0036",1,0.1,"holdout",4.53495759095543,5.25703985320665,0.722082262251217,0.0241395782115869,0.002,0.021237713595624
"TPL_010","TPL_010_RUN_014",14,52.5703985320665,56.1656253186315,"canonical_mechanism","Pause:canonical","none","Pause","canonical","none","explicit_gap","canonical","none","none","none","pause","canonical_3",1518135887,"point_process=1518135887","441a7be75dd98a8866af72940024cce832c0b39827a057150e9ddff2e0f0b60b",3.59522678656504,,,1,3.59522678656504,3.59522678656504,0,0,0,1,"S0036",1,0.1,"holdout",5.25703985320665,5.61656253186315,0.359522678656504,0.359522678656504,,0.359522678656504
"TPL_010","TPL_010_RUN_015",15,56.1656253186315,62.5336348162244,"broad_hfs_shifted_gamma","Burst","Broad_HFS","Burst","none","none","shifted_gamma","irregular","none","weak","BQ_080","hfs_with_nested_burst","BQ_080",1808068833,"hfs_with_nested_burst=652415501;hfs=1307556740;hfs_shape=436406153;hfs_total=462468032;nested_burst=603748530;nested_duration=25369761;nested_position=118314130;point_process=1808068833","f1c17cac89321a68025b17fdd741807f6003a8474b9c0cd91b579dcc2a1f492d",0.227044898685999,1.7146353000775,0.02,33,6.36800949759294,0.192969984775544,0.709670055146564,0.604690554093999,0.428571540476936,887,"S0036",1,0.1,"holdout",5.61656253186315,6.25336348162245,0.636800949759294,0.0227044898685999,0.002,0.0192969984775544
"TPL_010","TPL_010_RUN_001",1,0,7.1913304642795,"tonic_shifted_gamma_stn_like_empirical","Tonic:stn_like_empirical","Tonic","none","none","none","shifted_gamma","stn_like_empirical","stn_like_empirical","none","none","tonic","stn_like_empirical_1",472245404,"point_process=472245404","cd10d990c042aed3f79da1e397d988dee987dac3e2030f8b92216d910cbc48a0",0.440678099729121,42.8707958525047,0.02,16,7.1913304642795,0.449458154017469,0.160772264822382,0.226903411837437,0.057496036161522,1,"S0027",4,0.4,"holdout",0,2.8765321857118,2.8765321857118,0.176271239891648,0.008,0.179783261606987
"TPL_010","TPL_010_RUN_002",2,7.1913304642795,10.461351320103,"canonical_mechanism","Pause:canonical","none","Pause","canonical","none","explicit_gap","canonical","none","none","none","pause","canonical_1",395832800,"point_process=395832800","71807751418aa0a43a26524c6ed856670e8d24c46fe327b7b20bc8f5cb68e563",3.27002085582353,,,1,3.27002085582353,3.27002085582353,0,0,0,1,"S0027",4,0.4,"holdout",2.8765321857118,4.18454052804121,1.30800834232941,1.30800834232941,,1.30800834232941
"TPL_010","TPL_010_RUN_003",3,10.461351320103,13.6930326708322,"background_shifted_gamma","Background","none","none","none","none","shifted_gamma","background","none","none","none","background","background_01",1300732986,"point_process=1300732986","ac7324e6e11b9de34bfa43eb3a720d68fe52214c2716e07d20ac3aa30bebaabe",0.736921992979478,2.3661128183594,0.02,3,3.23168135072916,1.07722711690972,0.378863657168651,0.384182858968022,0.161656828578072,1,"S0027",4,0.4,"holdout",4.18454052804121,5.47721306833287,1.29267254029166,0.294768797191791,0.008,0.430890846763887
"TPL_010","TPL_010_RUN_004",4,13.6930326708322,14.0570683035794,"standalone_background_shifted_gamma","Burst","none","Burst","none","none","shifted_gamma","standalone_background","none","weak","BQ_028","burst","BQ_028",1929058163,"burst=873852954;hfs=706727556;hfs_shape=1773537698;hfs_total=1783962516;nested_burst=1827378595;nested_duration=1133359435;nested_position=1405352760;point_process=1929058163","0cd9d112855716939cad456f0b4826b529120e4ba2f939152e959027e159be92",0.617471897113137,3.27760126292706,0.02,3,0.364035632747179,0.121345210915726,0.351788155944665,0.362157610199822,0.145670211484134,3,"S0027",4,0.4,"holdout",5.47721306833287,5.62282732143175,0.145614253098872,0.246988758845255,0.008,0.0485380843662905
"TPL_010","TPL_010_RUN_005",5,14.0570683035794,14.5486986560692,"contextual_gap_mechanism","Contextual_Separator","none","none","none","Contextual_Separator","explicit_gap","contextual_separator","none","none","none","contextual_separator","separator_1",1821354914,"point_process=1821354914","73a73b2cabe888a87d9aea9ea0fe36e6523012819eea8485a00c49d952134f51",0.491630352489869,,,1,0.491630352489869,0.491630352489869,0,0,0,1,"S0027",4,0.4,"holdout",5.62282732143175,5.81947946242769,0.196652140995948,0.196652140995948,,0.196652140995948
"TPL_010","TPL_010_RUN_006",6,14.5486986560692,15.135750481815,"standalone_background_shifted_gamma","Burst","none","Burst","none","none","shifted_gamma","standalone_background","none","moderate","BQ_029","burst","BQ_029",395537575,"burst=750416518;hfs=861184593;hfs_shape=726065819;hfs_total=654339772;nested_burst=242152452;nested_duration=425390024;nested_position=222516905;point_process=395537575","823cc3ae90e6777cb3e26120b87139caad52651160e72a7ca8285f569efb23e5",0.531636438646819,4.65292853936553,0.02,8,0.587051825745735,0.0733814782182169,0.196395429194472,0.242210078767394,0.059158801332046,1,"S0027",4,0.4,"holdout",5.81947946242769,6.05430019272599,0.234820730298294,0.212654575458728,0.008,0.0293525912872868
"TPL_010","TPL_010_RUN_007",7,15.135750481815,16.5675963193169,"background_shifted_gamma","Background","none","none","none","none","shifted_gamma","background","none","none","none","background","background_02",1437728591,"point_process=1437728591","6daed796c11a4c552a94817d11f1f934e6118df5315afa893eb14f6b2398b60b",0.686538978782482,4.37006345507689,0.02,2,1.43184583750188,0.715922918750942,0.183138912880432,0.258997534393772,0.0503097921165398,1,"S0027",4,0.4,"holdout",6.05430019272599,6.62703852772674,0.572738335000754,0.274615591512993,0.008,0.286369167500377
"TPL_010","TPL_010_RUN_008",8,16.5675963193169,30.1237727226028,"tonic_shifted_gamma_generic_stress","Tonic:generic_stress","Tonic","none","none","none","shifted_gamma","generic_stress","generic_stress","none","none","tonic","generic_stress_2",2051921663,"point_process=2051921663","391bfe51555896b687dcac312ca4262c67fc4e1840ae98cd81098a1a53596171",0.999867393658497,24.3987604659051,0.02,13,13.556176403286,1.04278280025277,0.128621318470226,0.145527452569308,0.0198512239676786,1,"S0027",4,0.4,"holdout",6.62703852772674,12.0495090890411,5.42247056131439,0.399946957463399,0.008,0.417113120101107
"TPL_010","TPL_010_RUN_009",9,30.1237727226028,36.9708212052742,"complex_multi_gap_mechanism","Pause:complex_multi_gap","none","Pause","complex_multi_gap","none","explicit_gap","complex_multi_gap","none","none","none","pause","complex_multi_gap_2",1537047796,"point_process=1537047796","e4e45909396fcd1cab8786cc456bb49cae99c83cf371bca8ab57154b59aab596",2.28234949422379,,,3,6.84704848267138,2.28234949422379,0.185502172515447,0.176036726732155,0.0442770215898368,1,"S0027",4,0.4,"holdout",12.0495090890411,14.7883284821097,2.73881939306855,0.912939797689517,,0.912939797689517
"TPL_010","TPL_010_RUN_010",10,36.9708212052742,37.2236739851319,"background_shifted_gamma","Background","none","none","none","none","shifted_gamma","background","none","none","none","background","background_03",576822989,"point_process=576822989","fe6192ba5cdb2a31f3aef9447ce5374e5d93ba8af37bafb46e1aafbe88e50449",0.728097927535418,4.10932853131089,0.02,1,0.252852779857739,0.252852779857739,0,0,0,1,"S0027",4,0.4,"holdout",14.7883284821097,14.8894695940528,0.101141111943096,0.291239171014167,0.008,0.101141111943096
"TPL_010","TPL_010_RUN_011",11,37.2236739851319,44.9588080332413,"broad_hfs_shifted_gamma","Broad_HFS","Broad_HFS","none","none","none","shifted_gamma","regular","none","none","none","hfs","regular_1",1611622494,"point_process=1611622494","a4e9c3e0ca30bffb3f621b018b5108a5a253022c2c02c427b895de391867fdcb",0.234147716877051,11.0464744297788,0.02,33,7.73513404810934,0.234398001457859,0.280636848952914,0.34015916992253,0.12787920356067,1,"S0027",4,0.4,"holdout",14.8894695940528,17.9835232132965,3.09405361924373,0.0936590867508203,0.008,0.0937592005831435
"TPL_010","TPL_010_RUN_012",12,44.9588080332413,45.3495759095543,"standalone_background_shifted_gamma","Burst","none","Burst","none","none","shifted_gamma","standalone_background","none","strong","BQ_030","burst","BQ_030",1721742352,"burst=264630614;hfs=1055339807;hfs_shape=2034991302;hfs_total=2074841473;nested_burst=1786369939;nested_duration=647352264;nested_position=1660226545;point_process=1721742352","c631ffa456d8024b1a9aaca5b73f2d03eb7dfd715667b460f9e59931e21d4a4a",0.839019012148492,2.82046235576272,0.02,4,0.390767876313037,0.0976919690782592,0.508512411496663,0.518663197280598,0.333636179790533,2,"S0027",4,0.4,"holdout",17.9835232132965,18.1398303638217,0.156307150525215,0.335607604859397,0.008,0.0390767876313037
"TPL_010","TPL_010_RUN_013",13,45.3495759095543,52.5703985320665,"broad_hfs_shifted_gamma","Burst","Broad_HFS","Burst","none","none","shifted_gamma","intermediate","none","moderate","BQ_079","hfs_with_nested_burst","BQ_079",2055723087,"hfs_with_nested_burst=646377289;hfs=744029734;hfs_shape=440753249;hfs_total=1344912945;nested_burst=2051341212;nested_duration=1038490936;nested_position=584581115;point_process=2055723087","ba9f093793d7cff0ce1b3193810570b17233c281e2dbb445df0bfb67be035c2d",0.241395782115869,2.87174848378636,0.02,34,7.22082262251217,0.21237713595624,0.673276845994376,0.569209683342786,0.367715879576536,135,"S0027",4,0.4,"holdout",18.1398303638217,21.0281594128266,2.88832904900487,0.0965583128463477,0.008,0.0849508543824961
"TPL_010","TPL_010_RUN_014",14,52.5703985320665,56.1656253186315,"canonical_mechanism","Pause:canonical","none","Pause","canonical","none","explicit_gap","canonical","none","none","none","pause","canonical_3",1518135887,"point_process=1518135887","441a7be75dd98a8866af72940024cce832c0b39827a057150e9ddff2e0f0b60b",3.59522678656504,,,1,3.59522678656504,3.59522678656504,0,0,0,1,"S0027",4,0.4,"holdout",21.0281594128266,22.4662501274526,1.43809071462601,1.43809071462601,,1.43809071462601
"TPL_010","TPL_010_RUN_015",15,56.1656253186315,62.5336348162244,"broad_hfs_shifted_gamma","Burst","Broad_HFS","Burst","none","none","shifted_gamma","irregular","none","weak","BQ_080","hfs_with_nested_burst","BQ_080",1808068833,"hfs_with_nested_burst=652415501;hfs=1307556740;hfs_shape=436406153;hfs_total=462468032;nested_burst=603748530;nested_duration=25369761;nested_position=118314130;point_process=1808068833","f1c17cac89321a68025b17fdd741807f6003a8474b9c0cd91b579dcc2a1f492d",0.227044898685999,1.7146353000775,0.02,33,6.36800949759294,0.192969984775544,0.709670055146564,0.604690554093999,0.428571540476936,887,"S0027",4,0.4,"holdout",22.4662501274526,25.0134539264898,2.54720379903718,0.0908179594743997,0.008,0.0771879939102175
"TPL_010","TPL_010_RUN_001",1,0,7.1913304642795,"tonic_shifted_gamma_stn_like_empirical","Tonic:stn_like_empirical","Tonic","none","none","none","shifted_gamma","stn_like_empirical","stn_like_empirical","none","none","tonic","stn_like_empirical_1",472245404,"point_process=472245404","cd10d990c042aed3f79da1e397d988dee987dac3e2030f8b92216d910cbc48a0",0.440678099729121,42.8707958525047,0.02,16,7.1913304642795,0.449458154017469,0.160772264822382,0.226903411837437,0.057496036161522,1,"S0002",10,1,"holdout",0,7.1913304642795,7.1913304642795,0.440678099729121,0.02,0.449458154017469
"TPL_010","TPL_010_RUN_002",2,7.1913304642795,10.461351320103,"canonical_mechanism","Pause:canonical","none","Pause","canonical","none","explicit_gap","canonical","none","none","none","pause","canonical_1",395832800,"point_process=395832800","71807751418aa0a43a26524c6ed856670e8d24c46fe327b7b20bc8f5cb68e563",3.27002085582353,,,1,3.27002085582353,3.27002085582353,0,0,0,1,"S0002",10,1,"holdout",7.1913304642795,10.461351320103,3.27002085582353,3.27002085582353,,3.27002085582353
"TPL_010","TPL_010_RUN_003",3,10.461351320103,13.6930326708322,"background_shifted_gamma","Background","none","none","none","none","shifted_gamma","background","none","none","none","background","background_01",1300732986,"point_process=1300732986","ac7324e6e11b9de34bfa43eb3a720d68fe52214c2716e07d20ac3aa30bebaabe",0.736921992979478,2.3661128183594,0.02,3,3.23168135072916,1.07722711690972,0.378863657168651,0.384182858968022,0.161656828578072,1,"S0002",10,1,"holdout",10.461351320103,13.6930326708322,3.23168135072916,0.736921992979478,0.02,1.07722711690972
"TPL_010","TPL_010_RUN_004",4,13.6930326708322,14.0570683035794,"standalone_background_shifted_gamma","Burst","none","Burst","none","none","shifted_gamma","standalone_background","none","weak","BQ_028","burst","BQ_028",1929058163,"burst=873852954;hfs=706727556;hfs_shape=1773537698;hfs_total=1783962516;nested_burst=1827378595;nested_duration=1133359435;nested_position=1405352760;point_process=1929058163","0cd9d112855716939cad456f0b4826b529120e4ba2f939152e959027e159be92",0.617471897113137,3.27760126292706,0.02,3,0.364035632747179,0.121345210915726,0.351788155944665,0.362157610199822,0.145670211484134,3,"S0002",10,1,"holdout",13.6930326708322,14.0570683035794,0.364035632747179,0.617471897113137,0.02,0.121345210915726
"TPL_010","TPL_010_RUN_005",5,14.0570683035794,14.5486986560692,"contextual_gap_mechanism","Contextual_Separator","none","none","none","Contextual_Separator","explicit_gap","contextual_separator","none","none","none","contextual_separator","separator_1",1821354914,"point_process=1821354914","73a73b2cabe888a87d9aea9ea0fe36e6523012819eea8485a00c49d952134f51",0.491630352489869,,,1,0.491630352489869,0.491630352489869,0,0,0,1,"S0002",10,1,"holdout",14.0570683035794,14.5486986560692,0.491630352489869,0.491630352489869,,0.491630352489869
"TPL_010","TPL_010_RUN_006",6,14.5486986560692,15.135750481815,"standalone_background_shifted_gamma","Burst","none","Burst","none","none","shifted_gamma","standalone_background","none","moderate","BQ_029","burst","BQ_029",395537575,"burst=750416518;hfs=861184593;hfs_shape=726065819;hfs_total=654339772;nested_burst=242152452;nested_duration=425390024;nested_position=222516905;point_process=395537575","823cc3ae90e6777cb3e26120b87139caad52651160e72a7ca8285f569efb23e5",0.531636438646819,4.65292853936553,0.02,8,0.587051825745735,0.0733814782182169,0.196395429194472,0.242210078767394,0.059158801332046,1,"S0002",10,1,"holdout",14.5486986560692,15.135750481815,0.587051825745735,0.531636438646819,0.02,0.0733814782182169
"TPL_010","TPL_010_RUN_007",7,15.135750481815,16.5675963193169,"background_shifted_gamma","Background","none","none","none","none","shifted_gamma","background","none","none","none","background","background_02",1437728591,"point_process=1437728591","6daed796c11a4c552a94817d11f1f934e6118df5315afa893eb14f6b2398b60b",0.686538978782482,4.37006345507689,0.02,2,1.43184583750188,0.715922918750942,0.183138912880432,0.258997534393772,0.0503097921165398,1,"S0002",10,1,"holdout",15.135750481815,16.5675963193169,1.43184583750188,0.686538978782482,0.02,0.715922918750942
"TPL_010","TPL_010_RUN_008",8,16.5675963193169,30.1237727226028,"tonic_shifted_gamma_generic_stress","Tonic:generic_stress","Tonic","none","none","none","shifted_gamma","generic_stress","generic_stress","none","none","tonic","generic_stress_2",2051921663,"point_process=2051921663","391bfe51555896b687dcac312ca4262c67fc4e1840ae98cd81098a1a53596171",0.999867393658497,24.3987604659051,0.02,13,13.556176403286,1.04278280025277,0.128621318470226,0.145527452569308,0.0198512239676786,1,"S0002",10,1,"holdout",16.5675963193169,30.1237727226028,13.556176403286,0.999867393658497,0.02,1.04278280025277
"TPL_010","TPL_010_RUN_009",9,30.1237727226028,36.9708212052742,"complex_multi_gap_mechanism","Pause:complex_multi_gap","none","Pause","complex_multi_gap","none","explicit_gap","complex_multi_gap","none","none","none","pause","complex_multi_gap_2",1537047796,"point_process=1537047796","e4e45909396fcd1cab8786cc456bb49cae99c83cf371bca8ab57154b59aab596",2.28234949422379,,,3,6.84704848267138,2.28234949422379,0.185502172515447,0.176036726732155,0.0442770215898368,1,"S0002",10,1,"holdout",30.1237727226028,36.9708212052742,6.84704848267138,2.28234949422379,,2.28234949422379
"TPL_010","TPL_010_RUN_010",10,36.9708212052742,37.2236739851319,"background_shifted_gamma","Background","none","none","none","none","shifted_gamma","background","none","none","none","background","background_03",576822989,"point_process=576822989","fe6192ba5cdb2a31f3aef9447ce5374e5d93ba8af37bafb46e1aafbe88e50449",0.728097927535418,4.10932853131089,0.02,1,0.252852779857739,0.252852779857739,0,0,0,1,"S0002",10,1,"holdout",36.9708212052742,37.2236739851319,0.252852779857739,0.728097927535418,0.02,0.252852779857739
"TPL_010","TPL_010_RUN_011",11,37.2236739851319,44.9588080332413,"broad_hfs_shifted_gamma","Broad_HFS","Broad_HFS","none","none","none","shifted_gamma","regular","none","none","none","hfs","regular_1",1611622494,"point_process=1611622494","a4e9c3e0ca30bffb3f621b018b5108a5a253022c2c02c427b895de391867fdcb",0.234147716877051,11.0464744297788,0.02,33,7.73513404810934,0.234398001457859,0.280636848952914,0.34015916992253,0.12787920356067,1,"S0002",10,1,"holdout",37.2236739851319,44.9588080332413,7.73513404810934,0.234147716877051,0.02,0.234398001457859
"TPL_010","TPL_010_RUN_012",12,44.9588080332413,45.3495759095543,"standalone_background_shifted_gamma","Burst","none","Burst","none","none","shifted_gamma","standalone_background","none","strong","BQ_030","burst","BQ_030",1721742352,"burst=264630614;hfs=1055339807;hfs_shape=2034991302;hfs_total=2074841473;nested_burst=1786369939;nested_duration=647352264;nested_position=1660226545;point_process=1721742352","c631ffa456d8024b1a9aaca5b73f2d03eb7dfd715667b460f9e59931e21d4a4a",0.839019012148492,2.82046235576272,0.02,4,0.390767876313037,0.0976919690782592,0.508512411496663,0.518663197280598,0.333636179790533,2,"S0002",10,1,"holdout",44.9588080332413,45.3495759095543,0.390767876313037,0.839019012148492,0.02,0.0976919690782592
"TPL_010","TPL_010_RUN_013",13,45.3495759095543,52.5703985320665,"broad_hfs_shifted_gamma","Burst","Broad_HFS","Burst","none","none","shifted_gamma","intermediate","none","moderate","BQ_079","hfs_with_nested_burst","BQ_079",2055723087,"hfs_with_nested_burst=646377289;hfs=744029734;hfs_shape=440753249;hfs_total=1344912945;nested_burst=2051341212;nested_duration=1038490936;nested_position=584581115;point_process=2055723087","ba9f093793d7cff0ce1b3193810570b17233c281e2dbb445df0bfb67be035c2d",0.241395782115869,2.87174848378636,0.02,34,7.22082262251217,0.21237713595624,0.673276845994376,0.569209683342786,0.367715879576536,135,"S0002",10,1,"holdout",45.3495759095543,52.5703985320665,7.22082262251217,0.241395782115869,0.02,0.21237713595624
"TPL_010","TPL_010_RUN_014",14,52.5703985320665,56.1656253186315,"canonical_mechanism","Pause:canonical","none","Pause","canonical","none","explicit_gap","canonical","none","none","none","pause","canonical_3",1518135887,"point_process=1518135887","441a7be75dd98a8866af72940024cce832c0b39827a057150e9ddff2e0f0b60b",3.59522678656504,,,1,3.59522678656504,3.59522678656504,0,0,0,1,"S0002",10,1,"holdout",52.5703985320665,56.1656253186315,3.59522678656504,3.59522678656504,,3.59522678656504
"TPL_010","TPL_010_RUN_015",15,56.1656253186315,62.5336348162244,"broad_hfs_shifted_gamma","Burst","Broad_HFS","Burst","none","none","shifted_gamma","irregular","none","weak","BQ_080","hfs_with_nested_burst","BQ_080",1808068833,"hfs_with_nested_burst=652415501;hfs=1307556740;hfs_shape=436406153;hfs_total=462468032;nested_burst=603748530;nested_duration=25369761;nested_position=118314130;point_process=1808068833","f1c17cac89321a68025b17fdd741807f6003a8474b9c0cd91b579dcc2a1f492d",0.227044898685999,1.7146353000775,0.02,33,6.36800949759294,0.192969984775544,0.709670055146564,0.604690554093999,0.428571540476936,887,"S0002",10,1,"holdout",56.1656253186315,62.5336348162244,6.36800949759294,0.227044898685999,0.02,0.192969984775544
"TPL_011","TPL_011_RUN_001",1,0,4.22007746221498,"canonical_mechanism","Pause:canonical","none","Pause","canonical","none","explicit_gap","canonical","none","none","none","pause","canonical_1",591287660,"point_process=591287660","f891758cea2cd59b26eb92c508fbd7cc287df7a8b541c2eb0df2fac8718a2f31",4.22007746221498,,,1,4.22007746221498,4.22007746221498,0,0,0,1,"S0050",1,0.1,"holdout",0,0.422007746221498,0.422007746221498,0.422007746221498,,0.422007746221498
"TPL_011","TPL_011_RUN_002",2,4.22007746221498,9.64703684859987,"broad_hfs_shifted_gamma","Burst","Broad_HFS","Burst","none","none","shifted_gamma","intermediate","none","moderate","BQ_081","hfs_with_nested_burst","BQ_081",344646287,"hfs_with_nested_burst=721026085;hfs=1288001675;hfs_shape=1158657711;hfs_total=1893275099;nested_burst=1193826464;nested_duration=713725651;nested_position=1577027919;point_process=344646287","7454aa230daffab075692466979d80d50255d077e26f74c30749b25724da57e7",0.19399833209347,4.03898088275455,0.02,34,5.4269593863849,0.159616452540732,0.587552361943188,0.563774533727858,0.353875921268962,24,"S0050",1,0.1,"holdout",0.422007746221498,0.964703684859987,0.54269593863849,0.019399833209347,0.002,0.0159616452540732
"TPL_011","TPL_011_RUN_003",3,9.64703684859987,10.924434889614,"background_shifted_gamma","Background","none","none","none","none","shifted_gamma","background","none","none","none","background","background_01",885987130,"point_process=885987130","2206d4488069a0724f4306dce08f5cc3778d0787c24523ed9314a2db2617f986",0.758096490707248,4.50363739486784,0.02,2,1.27739804101415,0.638699020507074,0.126371255738391,0.178715943759352,0.0239545414153468,1,"S0050",1,0.1,"holdout",0.964703684859987,1.0924434889614,0.127739804101415,0.0758096490707248,0.002,0.0638699020507074
"TPL_011","TPL_011_RUN_004",4,10.924434889614,17.4117079765541,"broad_hfs_shifted_gamma","Burst","Broad_HFS","Burst","none","none","shifted_gamma","regular","none","weak","BQ_082","hfs_with_nested_burst","BQ_082",379921074,"hfs_with_nested_burst=1573899381;hfs=1971998255;hfs_shape=874847408;hfs_total=996635946;nested_burst=1653443151;nested_duration=963327490;nested_position=2104870440;point_process=379921074","ba0a22fc2ba3df42e1955d9b5fad3ee2a7af3fd1e4aae5d7573c5466e726f9f1",0.236669873045757,8.62404128909111,0.02,31,6.48727308694005,0.20926687377226,0.467538106001303,0.330156804015083,0.127493452997612,3,"S0050",1,0.1,"holdout",1.0924434889614,1.74117079765541,0.648727308694005,0.0236669873045757,0.002,0.020926687377226
"TPL_011","TPL_011_RUN_005",5,17.4117079765541,34.5974576146969,"tonic_shifted_gamma_generic_stress","Tonic:generic_stress","Tonic","none","none","none","shifted_gamma","generic_stress","generic_stress","none","none","tonic","generic_stress_1",221796690,"point_process=221796690","00f45f6c48ec81dc7f1c5f68d025d83309e04660f2f931e2c9c18c7b85b0bf9b",1.04561304602539,23.9786999719217,0.02,17,17.1857496381429,1.01092644930252,0.189029450556014,0.284847650542173,0.0777255084630839,1,"S0050",1,0.1,"holdout",1.74117079765541,3.45974576146969,1.71857496381429,0.104561304602539,0.002,0.101092644930252
"TPL_011","TPL_011_RUN_006",6,34.5974576146969,37.6828628748817,"canonical_mechanism","Pause:canonical","none","Pause","canonical","none","explicit_gap","canonical","none","none","none","pause","canonical_2",1286614383,"point_process=1286614383","fc5783c96baeaf427a1351eb762bfbd665d37869ba5a75d90e17e736cacf8bf4",3.08540526018478,,,1,3.08540526018478,3.08540526018478,0,0,0,1,"S0050",1,0.1,"holdout",3.45974576146969,3.76828628748817,0.308540526018478,0.308540526018478,,0.308540526018478
"TPL_011","TPL_011_RUN_007",7,37.6828628748817,38.3219470400968,"background_shifted_gamma","Background","none","none","none","none","shifted_gamma","background","none","none","none","background","background_02",1592121600,"point_process=1592121600","d551c82ae1f860e5a3e4747bae1e9ef1136672146067078de42bad5ad6b4deec",0.763623747171368,4.15474272088613,0.02,1,0.639084165215068,0.639084165215068,0,0,0,1,"S0050",1,0.1,"holdout",3.76828628748817,3.83219470400968,0.0639084165215068,0.0763623747171369,0.002,0.0639084165215068
"TPL_011","TPL_011_RUN_008",8,38.3219470400968,39.0511403040752,"standalone_background_shifted_gamma","Burst","none","Burst","none","none","shifted_gamma","standalone_background","none","weak","BQ_031","burst","BQ_031",1631450229,"burst=840346521;hfs=795244060;hfs_shape=2023830890;hfs_total=886765568;nested_burst=447354462;nested_duration=403880737;nested_position=2107287551;point_process=1631450229","504c9a56f22809550ac1b583edcbbcc4a1195ccdd2dcfda24644c787f595b84c",0.69056735415943,4.0981680765748,0.02,5,0.729193263978427,0.145838652795685,0.284627241551705,0.371361046902641,0.14808324643909,2,"S0050",1,0.1,"holdout",3.83219470400968,3.90511403040752,0.0729193263978427,0.069056735415943,0.002,0.0145838652795685
"TPL_011","TPL_011_RUN_009",9,39.0511403040752,43.0172958728004,"broad_hfs_shifted_gamma","Broad_HFS","Broad_HFS","none","none","none","shifted_gamma","irregular","none","none","none","hfs","irregular_1",1567744962,"point_process=1567744962","cb388a9f883080d32a38c1df652829c1a820d2923554765196b5c58fd775dca4",0.201187664293684,1.30481901078019,0.02,24,3.96615556872521,0.165256482030217,0.781085078497396,0.771108852613387,0.585459377595572,1,"S0050",1,0.1,"holdout",3.90511403040752,4.30172958728004,0.396615556872521,0.0201187664293684,0.002,0.0165256482030217
"TPL_011","TPL_011_RUN_010",10,43.0172958728004,50.0312105078204,"tonic_shifted_gamma_stn_like_empirical","Tonic:stn_like_empirical","Tonic","none","none","none","shifted_gamma","stn_like_empirical","stn_like_empirical","none","none","tonic","stn_like_empirical_2",1196112886,"point_process=1196112886","1676db5948483e0f81508f21520a76625bf0ba03f83322e397fd3722e297a15b",0.448010885948315,68.2013603905216,0.02,16,7.01391463501995,0.438369664688747,0.132887360941117,0.181343408071816,0.0332692582560061,1,"S0050",1,0.1,"holdout",4.30172958728004,5.00312105078204,0.701391463501995,0.0448010885948315,0.002,0.0438369664688747
"TPL_011","TPL_011_RUN_011",11,50.0312105078204,50.5638154814049,"standalone_background_shifted_gamma","Burst","none","Burst","none","none","shifted_gamma","standalone_background","none","moderate","BQ_032","burst","BQ_032",1522219055,"burst=290613759;hfs=1707367278;hfs_shape=1929016416;hfs_total=1767178577;nested_burst=1995301410;nested_duration=400193504;nested_position=1406442771;point_process=1522219055","54ea9f3b3ce4e779db470f9c6f8360c487ff5ff623c3b76325a2edc8265d6967",0.628167757962365,1.97763108834624,0.02,6,0.532604973584495,0.0887674955974159,0.511611301639938,0.684890367914266,0.423311007483288,2,"S0050",1,0.1,"holdout",5.00312105078204,5.05638154814049,0.0532604973584495,0.0628167757962365,0.002,0.00887674955974159
"TPL_011","TPL_011_RUN_012",12,50.5638154814049,51.0804877528484,"contextual_gap_mechanism","Contextual_Separator","none","none","none","Contextual_Separator","explicit_gap","contextual_separator","none","none","none","contextual_separator","separator_1",1370268244,"point_process=1370268244","7ccc21d3aee399d250ad9137810c6cc9c879dc26ace56f4fd80e6aa492ebf62c",0.516672271443531,,,1,0.516672271443531,0.516672271443531,0,0,0,1,"S0050",1,0.1,"holdout",5.05638154814049,5.10804877528484,0.0516672271443531,0.0516672271443531,,0.0516672271443531
"TPL_011","TPL_011_RUN_013",13,51.0804877528484,51.5771671090267,"standalone_background_shifted_gamma","Burst","none","Burst","none","none","shifted_gamma","standalone_background","none","strong","BQ_033","burst","BQ_033",956622354,"burst=1622394497;hfs=1189939725;hfs_shape=2132496342;hfs_total=91070657;nested_burst=1493107291;nested_duration=713277021;nested_position=1116251031;point_process=956622354","9444616cba9b05b8dfc4389d1c7f49e5d3dca6645e06e56aec6cb5fada72ce31",0.58520634843735,3.53843576684594,0.02,7,0.496679356178271,0.070954193739753,0.342805570442337,0.369316680875568,0.173541760228009,2,"S0050",1,0.1,"holdout",5.10804877528484,5.15771671090267,0.0496679356178271,0.058520634843735,0.002,0.0070954193739753
"TPL_011","TPL_011_RUN_001",1,0,4.22007746221498,"canonical_mechanism","Pause:canonical","none","Pause","canonical","none","explicit_gap","canonical","none","none","none","pause","canonical_1",591287660,"point_process=591287660","f891758cea2cd59b26eb92c508fbd7cc287df7a8b541c2eb0df2fac8718a2f31",4.22007746221498,,,1,4.22007746221498,4.22007746221498,0,0,0,1,"S0034",4,0.4,"holdout",0,1.68803098488599,1.68803098488599,1.68803098488599,,1.68803098488599
"TPL_011","TPL_011_RUN_002",2,4.22007746221498,9.64703684859987,"broad_hfs_shifted_gamma","Burst","Broad_HFS","Burst","none","none","shifted_gamma","intermediate","none","moderate","BQ_081","hfs_with_nested_burst","BQ_081",344646287,"hfs_with_nested_burst=721026085;hfs=1288001675;hfs_shape=1158657711;hfs_total=1893275099;nested_burst=1193826464;nested_duration=713725651;nested_position=1577027919;point_process=344646287","7454aa230daffab075692466979d80d50255d077e26f74c30749b25724da57e7",0.19399833209347,4.03898088275455,0.02,34,5.4269593863849,0.159616452540732,0.587552361943188,0.563774533727858,0.353875921268962,24,"S0034",4,0.4,"holdout",1.68803098488599,3.85881473943995,2.17078375455396,0.0775993328373879,0.008,0.0638465810162929
"TPL_011","TPL_011_RUN_003",3,9.64703684859987,10.924434889614,"background_shifted_gamma","Background","none","none","none","none","shifted_gamma","background","none","none","none","background","background_01",885987130,"point_process=885987130","2206d4488069a0724f4306dce08f5cc3778d0787c24523ed9314a2db2617f986",0.758096490707248,4.50363739486784,0.02,2,1.27739804101415,0.638699020507074,0.126371255738391,0.178715943759352,0.0239545414153468,1,"S0034",4,0.4,"holdout",3.85881473943995,4.36977395584561,0.510959216405659,0.303238596282899,0.008,0.25547960820283
"TPL_011","TPL_011_RUN_004",4,10.924434889614,17.4117079765541,"broad_hfs_shifted_gamma","Burst","Broad_HFS","Burst","none","none","shifted_gamma","regular","none","weak","BQ_082","hfs_with_nested_burst","BQ_082",379921074,"hfs_with_nested_burst=1573899381;hfs=1971998255;hfs_shape=874847408;hfs_total=996635946;nested_burst=1653443151;nested_duration=963327490;nested_position=2104870440;point_process=379921074","ba0a22fc2ba3df42e1955d9b5fad3ee2a7af3fd1e4aae5d7573c5466e726f9f1",0.236669873045757,8.62404128909111,0.02,31,6.48727308694005,0.20926687377226,0.467538106001303,0.330156804015083,0.127493452997612,3,"S0034",4,0.4,"holdout",4.36977395584561,6.96468319062163,2.59490923477602,0.094667949218303,0.008,0.0837067495089039
"TPL_011","TPL_011_RUN_005",5,17.4117079765541,34.5974576146969,"tonic_shifted_gamma_generic_stress","Tonic:generic_stress","Tonic","none","none","none","shifted_gamma","generic_stress","generic_stress","none","none","tonic","generic_stress_1",221796690,"point_process=221796690","00f45f6c48ec81dc7f1c5f68d025d83309e04660f2f931e2c9c18c7b85b0bf9b",1.04561304602539,23.9786999719217,0.02,17,17.1857496381429,1.01092644930252,0.189029450556014,0.284847650542173,0.0777255084630839,1,"S0034",4,0.4,"holdout",6.96468319062163,13.8389830458788,6.87429985525714,0.418245218410157,0.008,0.404370579721008
"TPL_011","TPL_011_RUN_006",6,34.5974576146969,37.6828628748817,"canonical_mechanism","Pause:canonical","none","Pause","canonical","none","explicit_gap","canonical","none","none","none","pause","canonical_2",1286614383,"point_process=1286614383","fc5783c96baeaf427a1351eb762bfbd665d37869ba5a75d90e17e736cacf8bf4",3.08540526018478,,,1,3.08540526018478,3.08540526018478,0,0,0,1,"S0034",4,0.4,"holdout",13.8389830458788,15.0731451499527,1.23416210407391,1.23416210407391,,1.23416210407391
"TPL_011","TPL_011_RUN_007",7,37.6828628748817,38.3219470400968,"background_shifted_gamma","Background","none","none","none","none","shifted_gamma","background","none","none","none","background","background_02",1592121600,"point_process=1592121600","d551c82ae1f860e5a3e4747bae1e9ef1136672146067078de42bad5ad6b4deec",0.763623747171368,4.15474272088613,0.02,1,0.639084165215068,0.639084165215068,0,0,0,1,"S0034",4,0.4,"holdout",15.0731451499527,15.3287788160387,0.255633666086027,0.305449498868547,0.008,0.255633666086027
"TPL_011","TPL_011_RUN_008",8,38.3219470400968,39.0511403040752,"standalone_background_shifted_gamma","Burst","none","Burst","none","none","shifted_gamma","standalone_background","none","weak","BQ_031","burst","BQ_031",1631450229,"burst=840346521;hfs=795244060;hfs_shape=2023830890;hfs_total=886765568;nested_burst=447354462;nested_duration=403880737;nested_position=2107287551;point_process=1631450229","504c9a56f22809550ac1b583edcbbcc4a1195ccdd2dcfda24644c787f595b84c",0.69056735415943,4.0981680765748,0.02,5,0.729193263978427,0.145838652795685,0.284627241551705,0.371361046902641,0.14808324643909,2,"S0034",4,0.4,"holdout",15.3287788160387,15.6204561216301,0.291677305591371,0.276226941663772,0.008,0.0583354611182741
"TPL_011","TPL_011_RUN_009",9,39.0511403040752,43.0172958728004,"broad_hfs_shifted_gamma","Broad_HFS","Broad_HFS","none","none","none","shifted_gamma","irregular","none","none","none","hfs","irregular_1",1567744962,"point_process=1567744962","cb388a9f883080d32a38c1df652829c1a820d2923554765196b5c58fd775dca4",0.201187664293684,1.30481901078019,0.02,24,3.96615556872521,0.165256482030217,0.781085078497396,0.771108852613387,0.585459377595572,1,"S0034",4,0.4,"holdout",15.6204561216301,17.2069183491202,1.58646222749008,0.0804750657174736,0.008,0.0661025928120868
"TPL_011","TPL_011_RUN_010",10,43.0172958728004,50.0312105078204,"tonic_shifted_gamma_stn_like_empirical","Tonic:stn_like_empirical","Tonic","none","none","none","shifted_gamma","stn_like_empirical","stn_like_empirical","none","none","tonic","stn_like_empirical_2",1196112886,"point_process=1196112886","1676db5948483e0f81508f21520a76625bf0ba03f83322e397fd3722e297a15b",0.448010885948315,68.2013603905216,0.02,16,7.01391463501995,0.438369664688747,0.132887360941117,0.181343408071816,0.0332692582560061,1,"S0034",4,0.4,"holdout",17.2069183491202,20.0124842031281,2.80556585400798,0.179204354379326,0.008,0.175347865875499
"TPL_011","TPL_011_RUN_011",11,50.0312105078204,50.5638154814049,"standalone_background_shifted_gamma","Burst","none","Burst","none","none","shifted_gamma","standalone_background","none","moderate","BQ_032","burst","BQ_032",1522219055,"burst=290613759;hfs=1707367278;hfs_shape=1929016416;hfs_total=1767178577;nested_burst=1995301410;nested_duration=400193504;nested_position=1406442771;point_process=1522219055","54ea9f3b3ce4e779db470f9c6f8360c487ff5ff623c3b76325a2edc8265d6967",0.628167757962365,1.97763108834624,0.02,6,0.532604973584495,0.0887674955974159,0.511611301639938,0.684890367914266,0.423311007483288,2,"S0034",4,0.4,"holdout",20.0124842031281,20.2255261925619,0.213041989433798,0.251267103184946,0.008,0.0355069982389664
"TPL_011","TPL_011_RUN_012",12,50.5638154814049,51.0804877528484,"contextual_gap_mechanism","Contextual_Separator","none","none","none","Contextual_Separator","explicit_gap","contextual_separator","none","none","none","contextual_separator","separator_1",1370268244,"point_process=1370268244","7ccc21d3aee399d250ad9137810c6cc9c879dc26ace56f4fd80e6aa492ebf62c",0.516672271443531,,,1,0.516672271443531,0.516672271443531,0,0,0,1,"S0034",4,0.4,"holdout",20.2255261925619,20.4321951011394,0.206668908577412,0.206668908577412,,0.206668908577412
"TPL_011","TPL_011_RUN_013",13,51.0804877528484,51.5771671090267,"standalone_background_shifted_gamma","Burst","none","Burst","none","none","shifted_gamma","standalone_background","none","strong","BQ_033","burst","BQ_033",956622354,"burst=1622394497;hfs=1189939725;hfs_shape=2132496342;hfs_total=91070657;nested_burst=1493107291;nested_duration=713277021;nested_position=1116251031;point_process=956622354","9444616cba9b05b8dfc4389d1c7f49e5d3dca6645e06e56aec6cb5fada72ce31",0.58520634843735,3.53843576684594,0.02,7,0.496679356178271,0.070954193739753,0.342805570442337,0.369316680875568,0.173541760228009,2,"S0034",4,0.4,"holdout",20.4321951011394,20.6308668436107,0.198671742471309,0.23408253937494,0.008,0.0283816774959012
"TPL_011","TPL_011_RUN_001",1,0,4.22007746221498,"canonical_mechanism","Pause:canonical","none","Pause","canonical","none","explicit_gap","canonical","none","none","none","pause","canonical_1",591287660,"point_process=591287660","f891758cea2cd59b26eb92c508fbd7cc287df7a8b541c2eb0df2fac8718a2f31",4.22007746221498,,,1,4.22007746221498,4.22007746221498,0,0,0,1,"S0046",10,1,"holdout",0,4.22007746221498,4.22007746221498,4.22007746221498,,4.22007746221498
"TPL_011","TPL_011_RUN_002",2,4.22007746221498,9.64703684859987,"broad_hfs_shifted_gamma","Burst","Broad_HFS","Burst","none","none","shifted_gamma","intermediate","none","moderate","BQ_081","hfs_with_nested_burst","BQ_081",344646287,"hfs_with_nested_burst=721026085;hfs=1288001675;hfs_shape=1158657711;hfs_total=1893275099;nested_burst=1193826464;nested_duration=713725651;nested_position=1577027919;point_process=344646287","7454aa230daffab075692466979d80d50255d077e26f74c30749b25724da57e7",0.19399833209347,4.03898088275455,0.02,34,5.4269593863849,0.159616452540732,0.587552361943188,0.563774533727858,0.353875921268962,24,"S0046",10,1,"holdout",4.22007746221498,9.64703684859987,5.4269593863849,0.19399833209347,0.02,0.159616452540732
"TPL_011","TPL_011_RUN_003",3,9.64703684859987,10.924434889614,"background_shifted_gamma","Background","none","none","none","none","shifted_gamma","background","none","none","none","background","background_01",885987130,"point_process=885987130","2206d4488069a0724f4306dce08f5cc3778d0787c24523ed9314a2db2617f986",0.758096490707248,4.50363739486784,0.02,2,1.27739804101415,0.638699020507074,0.126371255738391,0.178715943759352,0.0239545414153468,1,"S0046",10,1,"holdout",9.64703684859987,10.924434889614,1.27739804101415,0.758096490707248,0.02,0.638699020507074
"TPL_011","TPL_011_RUN_004",4,10.924434889614,17.4117079765541,"broad_hfs_shifted_gamma","Burst","Broad_HFS","Burst","none","none","shifted_gamma","regular","none","weak","BQ_082","hfs_with_nested_burst","BQ_082",379921074,"hfs_with_nested_burst=1573899381;hfs=1971998255;hfs_shape=874847408;hfs_total=996635946;nested_burst=1653443151;nested_duration=963327490;nested_position=2104870440;point_process=379921074","ba0a22fc2ba3df42e1955d9b5fad3ee2a7af3fd1e4aae5d7573c5466e726f9f1",0.236669873045757,8.62404128909111,0.02,31,6.48727308694005,0.20926687377226,0.467538106001303,0.330156804015083,0.127493452997612,3,"S0046",10,1,"holdout",10.924434889614,17.4117079765541,6.48727308694005,0.236669873045757,0.02,0.20926687377226
"TPL_011","TPL_011_RUN_005",5,17.4117079765541,34.5974576146969,"tonic_shifted_gamma_generic_stress","Tonic:generic_stress","Tonic","none","none","none","shifted_gamma","generic_stress","generic_stress","none","none","tonic","generic_stress_1",221796690,"point_process=221796690","00f45f6c48ec81dc7f1c5f68d025d83309e04660f2f931e2c9c18c7b85b0bf9b",1.04561304602539,23.9786999719217,0.02,17,17.1857496381429,1.01092644930252,0.189029450556014,0.284847650542173,0.0777255084630839,1,"S0046",10,1,"holdout",17.4117079765541,34.5974576146969,17.1857496381429,1.04561304602539,0.02,1.01092644930252
"TPL_011","TPL_011_RUN_006",6,34.5974576146969,37.6828628748817,"canonical_mechanism","Pause:canonical","none","Pause","canonical","none","explicit_gap","canonical","none","none","none","pause","canonical_2",1286614383,"point_process=1286614383","fc5783c96baeaf427a1351eb762bfbd665d37869ba5a75d90e17e736cacf8bf4",3.08540526018478,,,1,3.08540526018478,3.08540526018478,0,0,0,1,"S0046",10,1,"holdout",34.5974576146969,37.6828628748817,3.08540526018478,3.08540526018478,,3.08540526018478
"TPL_011","TPL_011_RUN_007",7,37.6828628748817,38.3219470400968,"background_shifted_gamma","Background","none","none","none","none","shifted_gamma","background","none","none","none","background","background_02",1592121600,"point_process=1592121600","d551c82ae1f860e5a3e4747bae1e9ef1136672146067078de42bad5ad6b4deec",0.763623747171368,4.15474272088613,0.02,1,0.639084165215068,0.639084165215068,0,0,0,1,"S0046",10,1,"holdout",37.6828628748817,38.3219470400968,0.639084165215068,0.763623747171368,0.02,0.639084165215068
"TPL_011","TPL_011_RUN_008",8,38.3219470400968,39.0511403040752,"standalone_background_shifted_gamma","Burst","none","Burst","none","none","shifted_gamma","standalone_background","none","weak","BQ_031","burst","BQ_031",1631450229,"burst=840346521;hfs=795244060;hfs_shape=2023830890;hfs_total=886765568;nested_burst=447354462;nested_duration=403880737;nested_position=2107287551;point_process=1631450229","504c9a56f22809550ac1b583edcbbcc4a1195ccdd2dcfda24644c787f595b84c",0.69056735415943,4.0981680765748,0.02,5,0.729193263978427,0.145838652795685,0.284627241551705,0.371361046902641,0.14808324643909,2,"S0046",10,1,"holdout",38.3219470400968,39.0511403040752,0.729193263978427,0.69056735415943,0.02,0.145838652795685
"TPL_011","TPL_011_RUN_009",9,39.0511403040752,43.0172958728004,"broad_hfs_shifted_gamma","Broad_HFS","Broad_HFS","none","none","none","shifted_gamma","irregular","none","none","none","hfs","irregular_1",1567744962,"point_process=1567744962","cb388a9f883080d32a38c1df652829c1a820d2923554765196b5c58fd775dca4",0.201187664293684,1.30481901078019,0.02,24,3.96615556872521,0.165256482030217,0.781085078497396,0.771108852613387,0.585459377595572,1,"S0046",10,1,"holdout",39.0511403040752,43.0172958728004,3.96615556872521,0.201187664293684,0.02,0.165256482030217
"TPL_011","TPL_011_RUN_010",10,43.0172958728004,50.0312105078204,"tonic_shifted_gamma_stn_like_empirical","Tonic:stn_like_empirical","Tonic","none","none","none","shifted_gamma","stn_like_empirical","stn_like_empirical","none","none","tonic","stn_like_empirical_2",1196112886,"point_process=1196112886","1676db5948483e0f81508f21520a76625bf0ba03f83322e397fd3722e297a15b",0.448010885948315,68.2013603905216,0.02,16,7.01391463501995,0.438369664688747,0.132887360941117,0.181343408071816,0.0332692582560061,1,"S0046",10,1,"holdout",43.0172958728004,50.0312105078204,7.01391463501995,0.448010885948315,0.02,0.438369664688747
"TPL_011","TPL_011_RUN_011",11,50.0312105078204,50.5638154814049,"standalone_background_shifted_gamma","Burst","none","Burst","none","none","shifted_gamma","standalone_background","none","moderate","BQ_032","burst","BQ_032",1522219055,"burst=290613759;hfs=1707367278;hfs_shape=1929016416;hfs_total=1767178577;nested_burst=1995301410;nested_duration=400193504;nested_position=1406442771;point_process=1522219055","54ea9f3b3ce4e779db470f9c6f8360c487ff5ff623c3b76325a2edc8265d6967",0.628167757962365,1.97763108834624,0.02,6,0.532604973584495,0.0887674955974159,0.511611301639938,0.684890367914266,0.423311007483288,2,"S0046",10,1,"holdout",50.0312105078204,50.5638154814049,0.532604973584495,0.628167757962365,0.02,0.0887674955974159
"TPL_011","TPL_011_RUN_012",12,50.5638154814049,51.0804877528484,"contextual_gap_mechanism","Contextual_Separator","none","none","none","Contextual_Separator","explicit_gap","contextual_separator","none","none","none","contextual_separator","separator_1",1370268244,"point_process=1370268244","7ccc21d3aee399d250ad9137810c6cc9c879dc26ace56f4fd80e6aa492ebf62c",0.516672271443531,,,1,0.516672271443531,0.516672271443531,0,0,0,1,"S0046",10,1,"holdout",50.5638154814049,51.0804877528484,0.516672271443531,0.516672271443531,,0.516672271443531
"TPL_011","TPL_011_RUN_013",13,51.0804877528484,51.5771671090267,"standalone_background_shifted_gamma","Burst","none","Burst","none","none","shifted_gamma","standalone_background","none","strong","BQ_033","burst","BQ_033",956622354,"burst=1622394497;hfs=1189939725;hfs_shape=2132496342;hfs_total=91070657;nested_burst=1493107291;nested_duration=713277021;nested_position=1116251031;point_process=956622354","9444616cba9b05b8dfc4389d1c7f49e5d3dca6645e06e56aec6cb5fada72ce31",0.58520634843735,3.53843576684594,0.02,7,0.496679356178271,0.070954193739753,0.342805570442337,0.369316680875568,0.173541760228009,2,"S0046",10,1,"holdout",51.0804877528484,51.5771671090267,0.496679356178271,0.58520634843735,0.02,0.070954193739753
"TPL_012","TPL_012_RUN_001",1,0,12.2075830892282,"tonic_shifted_gamma_generic_stress","Tonic:generic_stress","Tonic","none","none","none","shifted_gamma","generic_stress","generic_stress","none","none","tonic","generic_stress_1",2027550797,"point_process=2027550797","1d8bdcd9dc52b74f4e5a6560933d33ecaa2dd34e14d96587b85dd8e070bb8b74",0.937636054621544,20.4995448463596,0.02,14,12.2075830892282,0.87197022065916,0.129772667087597,0.149142159716867,0.0248226159439081,1,"S0016",1,0.1,"holdout",0,1.22075830892282,1.22075830892282,0.0937636054621544,0.002,0.087197022065916
"TPL_012","TPL_012_RUN_002",2,12.2075830892282,17.8385075580883,"complex_multi_gap_mechanism","Pause:complex_multi_gap","none","Pause","complex_multi_gap","none","explicit_gap","complex_multi_gap","none","none","none","pause","complex_multi_gap_1",1215633983,"point_process=1215633983","821a763869cc09c69d5e1f096866ae00e66485c054e1f01ca76a6a3212ccf4df",2.81546223443002,,,2,5.63092446886003,2.81546223443002,0.146040734455014,0.206532787325208,0.0319918441802397,1,"S0016",1,0.1,"holdout",1.22075830892282,1.78385075580883,0.563092446886003,0.281546223443002,,0.281546223443002
"TPL_012","TPL_012_RUN_003",3,17.8385075580883,23.7587707264146,"tonic_shifted_gamma_stn_like_empirical","Tonic:stn_like_empirical","Tonic","none","none","none","shifted_gamma","stn_like_empirical","stn_like_empirical","none","none","tonic","stn_like_empirical_2",1440115355,"point_process=1440115355","64ed867bf2e89a0b7e30268fe7d20acef593e7a752be209ba21b8f43c0dcb280",0.41765051651746,41.1975772771984,0.02,15,5.92026316832632,0.394684211221755,0.14646606215936,0.208237456950568,0.0398082591396927,1,"S0016",1,0.1,"holdout",1.78385075580883,2.37587707264146,0.592026316832632,0.041765051651746,0.002,0.0394684211221755
"TPL_012","TPL_012_RUN_004",4,23.7587707264146,27.3466440468824,"canonical_mechanism","Pause:canonical","none","Pause","canonical","none","explicit_gap","canonical","none","none","none","pause","canonical_2",1133427293,"point_process=1133427293","4575d9bae5411264ea4270e6c44ef2ecf8ebc38f4f77145d846574b03344669f",3.58787332046777,,,1,3.58787332046777,3.58787332046777,0,0,0,1,"S0016",1,0.1,"holdout",2.37587707264146,2.73466440468824,0.358787332046777,0.358787332046777,,0.358787332046777
"TPL_012","TPL_012_RUN_005",5,27.3466440468824,33.6497405200556,"broad_hfs_shifted_gamma","Broad_HFS","Broad_HFS","none","none","none","shifted_gamma","regular","none","none","none","hfs","regular_1",2127087451,"point_process=2127087451","45eb625e31ee9afdd747f16fd6bfa4bcdc62673001da0124a7ff641ccc81b94b",0.220995693607256,8.07733780145645,0.02,28,6.30309647317324,0.225110588327616,0.345578363660284,0.360694116290679,0.147730810451086,1,"S0016",1,0.1,"holdout",2.73466440468824,3.36497405200556,0.630309647317325,0.0220995693607256,0.002,0.0225110588327616
"TPL_012","TPL_012_RUN_006",6,33.6497405200556,34.0582207459214,"standalone_background_shifted_gamma","Burst","none","Burst","none","none","shifted_gamma","standalone_background","none","moderate","BQ_035","burst","BQ_035",257840219,"burst=1306751652;hfs=134875651;hfs_shape=1715383022;hfs_total=1409264198;nested_burst=1509519878;nested_duration=1727934708;nested_position=1285001741;point_process=257840219","8cb45a86a2a0138227f9a78d779b561464ed860b52666d00fa467224eb40793a",0.785048123414163,2.60058540329337,0.02,4,0.408480225865838,0.10212005646646,0.386072638689154,0.382717991168289,0.123944361723496,3,"S0016",1,0.1,"holdout",3.36497405200556,3.40582207459214,0.0408480225865838,0.0785048123414163,0.002,0.010212005646646
"TPL_012","TPL_012_RUN_007",7,34.0582207459214,35.1623795606538,"background_shifted_gamma","Background","none","none","none","none","shifted_gamma","background","none","none","none","background","background_01",988068402,"point_process=988068402","2f70ca36bcf400b8ca98b0f8b62c458c7dd897684ee3dba1b8d6dfa9a1c847ae",0.585904442949686,5.09858183015604,0.02,3,1.10415881473233,0.368052938244109,0.405760059434517,0.622521295444598,0.296338636778376,1,"S0016",1,0.1,"holdout",3.40582207459214,3.51623795606538,0.110415881473233,0.0585904442949686,0.002,0.0368052938244109
"TPL_012","TPL_012_RUN_008",8,35.1623795606538,41.3569886448616,"broad_hfs_shifted_gamma","Burst","Broad_HFS","Burst","none","none","shifted_gamma","intermediate","none","moderate","BQ_083","hfs_with_nested_burst","BQ_083",185872391,"hfs_with_nested_burst=1080134456;hfs=1566999134;hfs_shape=1988379031;hfs_total=650779478;nested_burst=1380156010;nested_duration=1455590096;nested_position=1471394228;point_process=185872391","63b1c68a4fd1b4ad505547b562e4a2d3e441ae143a989bb192519a2d2c83c18c",0.228109810422175,3.14904462327249,0.02,31,6.19460908420779,0.199826099490574,0.654474128779004,0.582015753550513,0.352226616039293,24,"S0016",1,0.1,"holdout",3.51623795606538,4.13569886448616,0.619460908420779,0.0228109810422175,0.002,0.0199826099490574
"TPL_012","TPL_012_RUN_009",9,41.3569886448616,44.2377716485233,"canonical_mechanism","Pause:canonical","none","Pause","canonical","none","explicit_gap","canonical","none","none","none","pause","canonical_3",6815330,"point_process=6815330","938b2ea5430812fbfe2e5fd7adcc6f00ff8b5bf5e9916b78b21af42151824d7b",2.88078300366178,,,1,2.88078300366178,2.88078300366178,0,0,0,1,"S0016",1,0.1,"holdout",4.13569886448616,4.42377716485233,0.288078300366178,0.288078300366178,,0.288078300366178
"TPL_012","TPL_012_RUN_010",10,44.2377716485233,50.7786831261083,"broad_hfs_shifted_gamma","Burst","Broad_HFS","Burst","none","none","shifted_gamma","irregular","none","strong","BQ_084","hfs_with_nested_burst","BQ_084",1566736883,"hfs_with_nested_burst=1246273114;hfs=849328743;hfs_shape=991910878;hfs_total=577495857;nested_burst=117097013;nested_duration=1654624765;nested_position=2092525642;point_process=1566736883","96b47ac756cb8739d491aa692213509a14514a4cd2ed021938eae490bea0c2bb",0.236648079459555,1.71748456649948,0.02,34,6.54091147758494,0.192379749340733,0.64339755336344,0.620353826899096,0.391909398837918,12,"S0016",1,0.1,"holdout",4.42377716485233,5.07786831261083,0.654091147758494,0.0236648079459555,0.002,0.0192379749340734
"TPL_012","TPL_012_RUN_011",11,50.7786831261083,52.3033130561695,"background_shifted_gamma","Background","none","none","none","none","shifted_gamma","background","none","none","none","background","background_02",1509685962,"point_process=1509685962","a39d8665df927f04e476bfbffc94f4b38e04e58505898138c14818e1cbd3b171",0.564336491120048,3.44542845175602,0.02,2,1.52462993006125,0.762314965030627,0.28409837854731,0.401775779989812,0.121067833039816,1,"S0016",1,0.1,"holdout",5.07786831261083,5.23033130561695,0.152462993006125,0.0564336491120048,0.002,0.0762314965030627
"TPL_012","TPL_012_RUN_012",12,52.3033130561695,52.6470079168816,"standalone_background_shifted_gamma","Burst","none","Burst","none","none","shifted_gamma","standalone_background","none","strong","BQ_036","burst","BQ_036",509376214,"burst=1053636397;hfs=398390965;hfs_shape=658564756;hfs_total=321069899;nested_burst=1298943287;nested_duration=1878614061;nested_position=34446335;point_process=509376214","80ff95682438a22992fe21fbafaca9bed469ed49fb8828ec2bbe5f8d291152dc",0.503115882875864,2.08199394568801,0.02,5,0.34369486071203,0.068738972142406,0.501082795370036,0.540036905093408,0.262487037775377,5,"S0016",1,0.1,"holdout",5.23033130561695,5.26470079168816,0.034369486071203,0.0503115882875864,0.002,0.0068738972142406
"TPL_012","TPL_012_RUN_013",13,52.6470079168816,53.1329629804612,"contextual_gap_mechanism","Contextual_Separator","none","none","none","Contextual_Separator","explicit_gap","contextual_separator","none","none","none","contextual_separator","separator_1",568883771,"point_process=568883771","f5876693cad04b0cf5854bdb04348a0150775e4cf656f6b8a51a04d6eaa6deae",0.485955063579604,,,1,0.485955063579604,0.485955063579604,0,0,0,1,"S0016",1,0.1,"holdout",5.26470079168816,5.31329629804612,0.0485955063579604,0.0485955063579604,,0.0485955063579604
"TPL_012","TPL_012_RUN_014",14,53.1329629804612,53.9041162313044,"standalone_background_shifted_gamma","Burst","none","Burst","none","none","shifted_gamma","standalone_background","none","weak","BQ_034","burst","BQ_034",2147325239,"burst=443459894;hfs=1409037695;hfs_shape=1198561583;hfs_total=201883207;nested_burst=2098107300;nested_duration=766726602;nested_position=1960440342;point_process=2147325239","470c7f8ca67ea13b51cb3bf01fdb471741195f4214740464a9455b1d82b66332",0.542775197594892,4.67114324048161,0.02,8,0.771153250843222,0.0963941563554027,0.380590414718016,0.397213052496,0.179134485518483,10,"S0016",1,0.1,"holdout",5.31329629804612,5.39041162313044,0.0771153250843222,0.0542775197594892,0.002,0.00963941563554027
"TPL_012","TPL_012_RUN_001",1,0,12.2075830892282,"tonic_shifted_gamma_generic_stress","Tonic:generic_stress","Tonic","none","none","none","shifted_gamma","generic_stress","generic_stress","none","none","tonic","generic_stress_1",2027550797,"point_process=2027550797","1d8bdcd9dc52b74f4e5a6560933d33ecaa2dd34e14d96587b85dd8e070bb8b74",0.937636054621544,20.4995448463596,0.02,14,12.2075830892282,0.87197022065916,0.129772667087597,0.149142159716867,0.0248226159439081,1,"S0031",4,0.4,"holdout",0,4.8830332356913,4.8830332356913,0.375054421848618,0.008,0.348788088263664
"TPL_012","TPL_012_RUN_002",2,12.2075830892282,17.8385075580883,"complex_multi_gap_mechanism","Pause:complex_multi_gap","none","Pause","complex_multi_gap","none","explicit_gap","complex_multi_gap","none","none","none","pause","complex_multi_gap_1",1215633983,"point_process=1215633983","821a763869cc09c69d5e1f096866ae00e66485c054e1f01ca76a6a3212ccf4df",2.81546223443002,,,2,5.63092446886003,2.81546223443002,0.146040734455014,0.206532787325208,0.0319918441802397,1,"S0031",4,0.4,"holdout",4.8830332356913,7.13540302323531,2.25236978754401,1.12618489377201,,1.12618489377201
"TPL_012","TPL_012_RUN_003",3,17.8385075580883,23.7587707264146,"tonic_shifted_gamma_stn_like_empirical","Tonic:stn_like_empirical","Tonic","none","none","none","shifted_gamma","stn_like_empirical","stn_like_empirical","none","none","tonic","stn_like_empirical_2",1440115355,"point_process=1440115355","64ed867bf2e89a0b7e30268fe7d20acef593e7a752be209ba21b8f43c0dcb280",0.41765051651746,41.1975772771984,0.02,15,5.92026316832632,0.394684211221755,0.14646606215936,0.208237456950568,0.0398082591396927,1,"S0031",4,0.4,"holdout",7.13540302323531,9.50350829056583,2.36810526733053,0.167060206606984,0.008,0.157873684488702
"TPL_012","TPL_012_RUN_004",4,23.7587707264146,27.3466440468824,"canonical_mechanism","Pause:canonical","none","Pause","canonical","none","explicit_gap","canonical","none","none","none","pause","canonical_2",1133427293,"point_process=1133427293","4575d9bae5411264ea4270e6c44ef2ecf8ebc38f4f77145d846574b03344669f",3.58787332046777,,,1,3.58787332046777,3.58787332046777,0,0,0,1,"S0031",4,0.4,"holdout",9.50350829056583,10.9386576187529,1.43514932818711,1.43514932818711,,1.43514932818711
"TPL_012","TPL_012_RUN_005",5,27.3466440468824,33.6497405200556,"broad_hfs_shifted_gamma","Broad_HFS","Broad_HFS","none","none","none","shifted_gamma","regular","none","none","none","hfs","regular_1",2127087451,"point_process=2127087451","45eb625e31ee9afdd747f16fd6bfa4bcdc62673001da0124a7ff641ccc81b94b",0.220995693607256,8.07733780145645,0.02,28,6.30309647317324,0.225110588327616,0.345578363660284,0.360694116290679,0.147730810451086,1,"S0031",4,0.4,"holdout",10.9386576187529,13.4598962080222,2.5212385892693,0.0883982774429023,0.008,0.0900442353310464
"TPL_012","TPL_012_RUN_006",6,33.6497405200556,34.0582207459214,"standalone_background_shifted_gamma","Burst","none","Burst","none","none","shifted_gamma","standalone_background","none","moderate","BQ_035","burst","BQ_035",257840219,"burst=1306751652;hfs=134875651;hfs_shape=1715383022;hfs_total=1409264198;nested_burst=1509519878;nested_duration=1727934708;nested_position=1285001741;point_process=257840219","8cb45a86a2a0138227f9a78d779b561464ed860b52666d00fa467224eb40793a",0.785048123414163,2.60058540329337,0.02,4,0.408480225865838,0.10212005646646,0.386072638689154,0.382717991168289,0.123944361723496,3,"S0031",4,0.4,"holdout",13.4598962080222,13.6232882983686,0.163392090346335,0.314019249365665,0.008,0.0408480225865838
"TPL_012","TPL_012_RUN_007",7,34.0582207459214,35.1623795606538,"background_shifted_gamma","Background","none","none","none","none","shifted_gamma","background","none","none","none","background","background_01",988068402,"point_process=988068402","2f70ca36bcf400b8ca98b0f8b62c458c7dd897684ee3dba1b8d6dfa9a1c847ae",0.585904442949686,5.09858183015604,0.02,3,1.10415881473233,0.368052938244109,0.405760059434517,0.622521295444598,0.296338636778376,1,"S0031",4,0.4,"holdout",13.6232882983686,14.0649518242615,0.441663525892931,0.234361777179874,0.008,0.147221175297644
"TPL_012","TPL_012_RUN_008",8,35.1623795606538,41.3569886448616,"broad_hfs_shifted_gamma","Burst","Broad_HFS","Burst","none","none","shifted_gamma","intermediate","none","moderate","BQ_083","hfs_with_nested_burst","BQ_083",185872391,"hfs_with_nested_burst=1080134456;hfs=1566999134;hfs_shape=1988379031;hfs_total=650779478;nested_burst=1380156010;nested_duration=1455590096;nested_position=1471394228;point_process=185872391","63b1c68a4fd1b4ad505547b562e4a2d3e441ae143a989bb192519a2d2c83c18c",0.228109810422175,3.14904462327249,0.02,31,6.19460908420779,0.199826099490574,0.654474128779004,0.582015753550513,0.352226616039293,24,"S0031",4,0.4,"holdout",14.0649518242615,16.5427954579446,2.47784363368312,0.0912439241688699,0.008,0.0799304397962296
"TPL_012","TPL_012_RUN_009",9,41.3569886448616,44.2377716485233,"canonical_mechanism","Pause:canonical","none","Pause","canonical","none","explicit_gap","canonical","none","none","none","pause","canonical_3",6815330,"point_process=6815330","938b2ea5430812fbfe2e5fd7adcc6f00ff8b5bf5e9916b78b21af42151824d7b",2.88078300366178,,,1,2.88078300366178,2.88078300366178,0,0,0,1,"S0031",4,0.4,"holdout",16.5427954579446,17.6951086594093,1.15231320146471,1.15231320146471,,1.15231320146471
"TPL_012","TPL_012_RUN_010",10,44.2377716485233,50.7786831261083,"broad_hfs_shifted_gamma","Burst","Broad_HFS","Burst","none","none","shifted_gamma","irregular","none","strong","BQ_084","hfs_with_nested_burst","BQ_084",1566736883,"hfs_with_nested_burst=1246273114;hfs=849328743;hfs_shape=991910878;hfs_total=577495857;nested_burst=117097013;nested_duration=1654624765;nested_position=2092525642;point_process=1566736883","96b47ac756cb8739d491aa692213509a14514a4cd2ed021938eae490bea0c2bb",0.236648079459555,1.71748456649948,0.02,34,6.54091147758494,0.192379749340733,0.64339755336344,0.620353826899096,0.391909398837918,12,"S0031",4,0.4,"holdout",17.6951086594093,20.3114732504433,2.61636459103398,0.0946592317838222,0.008,0.0769518997362934
"TPL_012","TPL_012_RUN_011",11,50.7786831261083,52.3033130561695,"background_shifted_gamma","Background","none","none","none","none","shifted_gamma","background","none","none","none","background","background_02",1509685962,"point_process=1509685962","a39d8665df927f04e476bfbffc94f4b38e04e58505898138c14818e1cbd3b171",0.564336491120048,3.44542845175602,0.02,2,1.52462993006125,0.762314965030627,0.28409837854731,0.401775779989812,0.121067833039816,1,"S0031",4,0.4,"holdout",20.3114732504433,20.9213252224678,0.609851972024502,0.225734596448019,0.008,0.304925986012251
"TPL_012","TPL_012_RUN_012",12,52.3033130561695,52.6470079168816,"standalone_background_shifted_gamma","Burst","none","Burst","none","none","shifted_gamma","standalone_background","none","strong","BQ_036","burst","BQ_036",509376214,"burst=1053636397;hfs=398390965;hfs_shape=658564756;hfs_total=321069899;nested_burst=1298943287;nested_duration=1878614061;nested_position=34446335;point_process=509376214","80ff95682438a22992fe21fbafaca9bed469ed49fb8828ec2bbe5f8d291152dc",0.503115882875864,2.08199394568801,0.02,5,0.34369486071203,0.068738972142406,0.501082795370036,0.540036905093408,0.262487037775377,5,"S0031",4,0.4,"holdout",20.9213252224678,21.0588031667526,0.137477944284812,0.201246353150345,0.008,0.0274955888569624
"TPL_012","TPL_012_RUN_013",13,52.6470079168816,53.1329629804612,"contextual_gap_mechanism","Contextual_Separator","none","none","none","Contextual_Separator","explicit_gap","contextual_separator","none","none","none","contextual_separator","separator_1",568883771,"point_process=568883771","f5876693cad04b0cf5854bdb04348a0150775e4cf656f6b8a51a04d6eaa6deae",0.485955063579604,,,1,0.485955063579604,0.485955063579604,0,0,0,1,"S0031",4,0.4,"holdout",21.0588031667526,21.2531851921845,0.194382025431842,0.194382025431842,,0.194382025431842
"TPL_012","TPL_012_RUN_014",14,53.1329629804612,53.9041162313044,"standalone_background_shifted_gamma","Burst","none","Burst","none","none","shifted_gamma","standalone_background","none","weak","BQ_034","burst","BQ_034",2147325239,"burst=443459894;hfs=1409037695;hfs_shape=1198561583;hfs_total=201883207;nested_burst=2098107300;nested_duration=766726602;nested_position=1960440342;point_process=2147325239","470c7f8ca67ea13b51cb3bf01fdb471741195f4214740464a9455b1d82b66332",0.542775197594892,4.67114324048161,0.02,8,0.771153250843222,0.0963941563554027,0.380590414718016,0.397213052496,0.179134485518483,10,"S0031",4,0.4,"holdout",21.2531851921845,21.5616464925218,0.308461300337289,0.217110079037957,0.008,0.0385576625421611
"TPL_012","TPL_012_RUN_001",1,0,12.2075830892282,"tonic_shifted_gamma_generic_stress","Tonic:generic_stress","Tonic","none","none","none","shifted_gamma","generic_stress","generic_stress","none","none","tonic","generic_stress_1",2027550797,"point_process=2027550797","1d8bdcd9dc52b74f4e5a6560933d33ecaa2dd34e14d96587b85dd8e070bb8b74",0.937636054621544,20.4995448463596,0.02,14,12.2075830892282,0.87197022065916,0.129772667087597,0.149142159716867,0.0248226159439081,1,"S0057",10,1,"holdout",0,12.2075830892282,12.2075830892282,0.937636054621544,0.02,0.87197022065916
"TPL_012","TPL_012_RUN_002",2,12.2075830892282,17.8385075580883,"complex_multi_gap_mechanism","Pause:complex_multi_gap","none","Pause","complex_multi_gap","none","explicit_gap","complex_multi_gap","none","none","none","pause","complex_multi_gap_1",1215633983,"point_process=1215633983","821a763869cc09c69d5e1f096866ae00e66485c054e1f01ca76a6a3212ccf4df",2.81546223443002,,,2,5.63092446886003,2.81546223443002,0.146040734455014,0.206532787325208,0.0319918441802397,1,"S0057",10,1,"holdout",12.2075830892282,17.8385075580883,5.63092446886003,2.81546223443002,,2.81546223443002
"TPL_012","TPL_012_RUN_003",3,17.8385075580883,23.7587707264146,"tonic_shifted_gamma_stn_like_empirical","Tonic:stn_like_empirical","Tonic","none","none","none","shifted_gamma","stn_like_empirical","stn_like_empirical","none","none","tonic","stn_like_empirical_2",1440115355,"point_process=1440115355","64ed867bf2e89a0b7e30268fe7d20acef593e7a752be209ba21b8f43c0dcb280",0.41765051651746,41.1975772771984,0.02,15,5.92026316832632,0.394684211221755,0.14646606215936,0.208237456950568,0.0398082591396927,1,"S0057",10,1,"holdout",17.8385075580883,23.7587707264146,5.92026316832632,0.41765051651746,0.02,0.394684211221755
"TPL_012","TPL_012_RUN_004",4,23.7587707264146,27.3466440468824,"canonical_mechanism","Pause:canonical","none","Pause","canonical","none","explicit_gap","canonical","none","none","none","pause","canonical_2",1133427293,"point_process=1133427293","4575d9bae5411264ea4270e6c44ef2ecf8ebc38f4f77145d846574b03344669f",3.58787332046777,,,1,3.58787332046777,3.58787332046777,0,0,0,1,"S0057",10,1,"holdout",23.7587707264146,27.3466440468824,3.58787332046777,3.58787332046777,,3.58787332046777
"TPL_012","TPL_012_RUN_005",5,27.3466440468824,33.6497405200556,"broad_hfs_shifted_gamma","Broad_HFS","Broad_HFS","none","none","none","shifted_gamma","regular","none","none","none","hfs","regular_1",2127087451,"point_process=2127087451","45eb625e31ee9afdd747f16fd6bfa4bcdc62673001da0124a7ff641ccc81b94b",0.220995693607256,8.07733780145645,0.02,28,6.30309647317324,0.225110588327616,0.345578363660284,0.360694116290679,0.147730810451086,1,"S0057",10,1,"holdout",27.3466440468824,33.6497405200556,6.30309647317324,0.220995693607256,0.02,0.225110588327616
"TPL_012","TPL_012_RUN_006",6,33.6497405200556,34.0582207459214,"standalone_background_shifted_gamma","Burst","none","Burst","none","none","shifted_gamma","standalone_background","none","moderate","BQ_035","burst","BQ_035",257840219,"burst=1306751652;hfs=134875651;hfs_shape=1715383022;hfs_total=1409264198;nested_burst=1509519878;nested_duration=1727934708;nested_position=1285001741;point_process=257840219","8cb45a86a2a0138227f9a78d779b561464ed860b52666d00fa467224eb40793a",0.785048123414163,2.60058540329337,0.02,4,0.408480225865838,0.10212005646646,0.386072638689154,0.382717991168289,0.123944361723496,3,"S0057",10,1,"holdout",33.6497405200556,34.0582207459214,0.408480225865838,0.785048123414163,0.02,0.10212005646646
"TPL_012","TPL_012_RUN_007",7,34.0582207459214,35.1623795606538,"background_shifted_gamma","Background","none","none","none","none","shifted_gamma","background","none","none","none","background","background_01",988068402,"point_process=988068402","2f70ca36bcf400b8ca98b0f8b62c458c7dd897684ee3dba1b8d6dfa9a1c847ae",0.585904442949686,5.09858183015604,0.02,3,1.10415881473233,0.368052938244109,0.405760059434517,0.622521295444598,0.296338636778376,1,"S0057",10,1,"holdout",34.0582207459214,35.1623795606538,1.10415881473233,0.585904442949686,0.02,0.368052938244109
"TPL_012","TPL_012_RUN_008",8,35.1623795606538,41.3569886448616,"broad_hfs_shifted_gamma","Burst","Broad_HFS","Burst","none","none","shifted_gamma","intermediate","none","moderate","BQ_083","hfs_with_nested_burst","BQ_083",185872391,"hfs_with_nested_burst=1080134456;hfs=1566999134;hfs_shape=1988379031;hfs_total=650779478;nested_burst=1380156010;nested_duration=1455590096;nested_position=1471394228;point_process=185872391","63b1c68a4fd1b4ad505547b562e4a2d3e441ae143a989bb192519a2d2c83c18c",0.228109810422175,3.14904462327249,0.02,31,6.19460908420779,0.199826099490574,0.654474128779004,0.582015753550513,0.352226616039293,24,"S0057",10,1,"holdout",35.1623795606538,41.3569886448616,6.19460908420779,0.228109810422175,0.02,0.199826099490574
"TPL_012","TPL_012_RUN_009",9,41.3569886448616,44.2377716485233,"canonical_mechanism","Pause:canonical","none","Pause","canonical","none","explicit_gap","canonical","none","none","none","pause","canonical_3",6815330,"point_process=6815330","938b2ea5430812fbfe2e5fd7adcc6f00ff8b5bf5e9916b78b21af42151824d7b",2.88078300366178,,,1,2.88078300366178,2.88078300366178,0,0,0,1,"S0057",10,1,"holdout",41.3569886448616,44.2377716485233,2.88078300366178,2.88078300366178,,2.88078300366178
"TPL_012","TPL_012_RUN_010",10,44.2377716485233,50.7786831261083,"broad_hfs_shifted_gamma","Burst","Broad_HFS","Burst","none","none","shifted_gamma","irregular","none","strong","BQ_084","hfs_with_nested_burst","BQ_084",1566736883,"hfs_with_nested_burst=1246273114;hfs=849328743;hfs_shape=991910878;hfs_total=577495857;nested_burst=117097013;nested_duration=1654624765;nested_position=2092525642;point_process=1566736883","96b47ac756cb8739d491aa692213509a14514a4cd2ed021938eae490bea0c2bb",0.236648079459555,1.71748456649948,0.02,34,6.54091147758494,0.192379749340733,0.64339755336344,0.620353826899096,0.391909398837918,12,"S0057",10,1,"holdout",44.2377716485233,50.7786831261083,6.54091147758494,0.236648079459555,0.02,0.192379749340733
"TPL_012","TPL_012_RUN_011",11,50.7786831261083,52.3033130561695,"background_shifted_gamma","Background","none","none","none","none","shifted_gamma","background","none","none","none","background","background_02",1509685962,"point_process=1509685962","a39d8665df927f04e476bfbffc94f4b38e04e58505898138c14818e1cbd3b171",0.564336491120048,3.44542845175602,0.02,2,1.52462993006125,0.762314965030627,0.28409837854731,0.401775779989812,0.121067833039816,1,"S0057",10,1,"holdout",50.7786831261083,52.3033130561695,1.52462993006125,0.564336491120048,0.02,0.762314965030627
"TPL_012","TPL_012_RUN_012",12,52.3033130561695,52.6470079168816,"standalone_background_shifted_gamma","Burst","none","Burst","none","none","shifted_gamma","standalone_background","none","strong","BQ_036","burst","BQ_036",509376214,"burst=1053636397;hfs=398390965;hfs_shape=658564756;hfs_total=321069899;nested_burst=1298943287;nested_duration=1878614061;nested_position=34446335;point_process=509376214","80ff95682438a22992fe21fbafaca9bed469ed49fb8828ec2bbe5f8d291152dc",0.503115882875864,2.08199394568801,0.02,5,0.34369486071203,0.068738972142406,0.501082795370036,0.540036905093408,0.262487037775377,5,"S0057",10,1,"holdout",52.3033130561695,52.6470079168816,0.34369486071203,0.503115882875864,0.02,0.068738972142406
"TPL_012","TPL_012_RUN_013",13,52.6470079168816,53.1329629804612,"contextual_gap_mechanism","Contextual_Separator","none","none","none","Contextual_Separator","explicit_gap","contextual_separator","none","none","none","contextual_separator","separator_1",568883771,"point_process=568883771","f5876693cad04b0cf5854bdb04348a0150775e4cf656f6b8a51a04d6eaa6deae",0.485955063579604,,,1,0.485955063579604,0.485955063579604,0,0,0,1,"S0057",10,1,"holdout",52.6470079168816,53.1329629804612,0.485955063579604,0.485955063579604,,0.485955063579604
"TPL_012","TPL_012_RUN_014",14,53.1329629804612,53.9041162313044,"standalone_background_shifted_gamma","Burst","none","Burst","none","none","shifted_gamma","standalone_background","none","weak","BQ_034","burst","BQ_034",2147325239,"burst=443459894;hfs=1409037695;hfs_shape=1198561583;hfs_total=201883207;nested_burst=2098107300;nested_duration=766726602;nested_position=1960440342;point_process=2147325239","470c7f8ca67ea13b51cb3bf01fdb471741195f4214740464a9455b1d82b66332",0.542775197594892,4.67114324048161,0.02,8,0.771153250843222,0.0963941563554027,0.380590414718016,0.397213052496,0.179134485518483,10,"S0057",10,1,"holdout",53.1329629804612,53.9041162313044,0.771153250843222,0.542775197594892,0.02,0.0963941563554027
"TPL_013","TPL_013_RUN_001",1,0,0.689316184315184,"standalone_background_shifted_gamma","Burst","none","Burst","none","none","shifted_gamma","standalone_background","none","weak","BQ_037","burst","BQ_037",236234662,"burst=1622406948;hfs=1714390761;hfs_shape=2053704105;hfs_total=1894418810;nested_burst=1999703588;nested_duration=1174700689;nested_position=1683114776;point_process=236234662","a188520a5ddd32c700221abde68a257646ba90a0971d77bb1b31c50074c37a3e",0.731638873973861,4.4796117067337,0.02,6,0.689316184315184,0.114886030719197,0.30719119264962,0.408112332702389,0.151595762776825,1,"S0012",1,0.1,"holdout",0,0.0689316184315184,0.0689316184315184,0.0731638873973861,0.002,0.0114886030719197
"TPL_013","TPL_013_RUN_002",2,0.689316184315184,1.27688708385388,"contextual_gap_mechanism","Contextual_Separator","none","none","none","Contextual_Separator","explicit_gap","contextual_separator","none","none","none","contextual_separator","separator_1",1314430666,"point_process=1314430666","f83fc3d0ed3cd5ee191ba2781ae8798786f8a697a338523f8a320a0f116c0a26",0.587570899538696,,,1,0.587570899538696,0.587570899538696,0,0,0,1,"S0012",1,0.1,"holdout",0.0689316184315184,0.127688708385388,0.0587570899538696,0.0587570899538696,,0.0587570899538696
"TPL_013","TPL_013_RUN_003",3,1.27688708385388,1.96616684319683,"standalone_background_shifted_gamma","Burst","none","Burst","none","none","shifted_gamma","standalone_background","none","moderate","BQ_038","burst","BQ_038",643286779,"burst=2105701223;hfs=1385585613;hfs_shape=1504372635;hfs_total=1017286780;nested_burst=843616316;nested_duration=585180126;nested_position=1594033143;point_process=643286779","473b061e200dc133593c7f3c0aba42a575a8c3f7d058465f8dbb15929c35b9b9",0.772279854328372,2.12279106602073,0.02,7,0.689279759342946,0.0984685370489923,0.446551764875699,0.331933834310465,0.121287035167168,11,"S0012",1,0.1,"holdout",0.127688708385388,0.196616684319683,0.0689279759342946,0.0772279854328372,0.002,0.00984685370489923
"TPL_013","TPL_013_RUN_004",4,1.96616684319683,12.7098232698084,"tonic_shifted_gamma_generic_stress","Tonic:generic_stress","Tonic","none","none","none","shifted_gamma","generic_stress","generic_stress","none","none","tonic","generic_stress_1",2136338344,"point_process=2136338344","62036a6963411fe6919b89c0323cbd7b85cf44ba2b6e7df83a5a22aac1338fe8",0.818881086236797,9.33115491922945,0.02,12,10.7436564266116,0.895304702217633,0.223743100577025,0.257491819166234,0.0672111173202777,1,"S0012",1,0.1,"holdout",0.196616684319683,1.27098232698084,1.07436564266116,0.0818881086236797,0.002,0.0895304702217633
"TPL_013","TPL_013_RUN_005",5,12.7098232698084,16.3371094058191,"canonical_mechanism","Pause:canonical","none","Pause","canonical","none","explicit_gap","canonical","none","none","none","pause","canonical_1",1816515801,"point_process=1816515801","9dc6bcce4ab9a41edf115868d17a5579ed86edb417328685472d4a980c3beb3e",3.62728613601066,,,1,3.62728613601066,3.62728613601066,0,0,0,1,"S0012",1,0.1,"holdout",1.27098232698084,1.63371094058191,0.362728613601066,0.362728613601066,,0.362728613601066
"TPL_013","TPL_013_RUN_006",6,16.3371094058191,22.5379702771596,"broad_hfs_shifted_gamma","Burst","Broad_HFS","Burst","none","none","shifted_gamma","irregular","none","strong","BQ_086","hfs_with_nested_burst","BQ_086",846086147,"hfs_with_nested_burst=1719349725;hfs=1913055751;hfs_shape=2000529456;hfs_total=380144575;nested_burst=931364139;nested_duration=1888327705;nested_position=2136965434;point_process=846086147","a655dc8fbbd914c8eb6e4c157599393a1c5ac859a813260849cc19123ab4730d",0.199610546384938,1.7236885964172,0.02,33,6.20086087134052,0.187904874889107,0.908796142699563,0.538367456927201,0.369595927768269,677,"S0012",1,0.1,"holdout",1.63371094058191,2.25379702771596,0.620086087134052,0.0199610546384938,0.002,0.0187904874889107
"TPL_013","TPL_013_RUN_007",7,22.5379702771596,24.4051829977295,"background_shifted_gamma","Background","none","none","none","none","shifted_gamma","background","none","none","none","background","background_01",2017352642,"point_process=2017352642","076ed152d20ab97db02afe9c6d2534a7143ea23e7b0be7e87b9b29730d621dda",0.770355362514965,4.76521250593942,0.02,2,1.86721272056989,0.933606360284946,0.679492534787447,0.96094755822768,0.692565157247805,1,"S0012",1,0.1,"holdout",2.25379702771596,2.44051829977295,0.186721272056989,0.0770355362514965,0.002,0.0933606360284946
"TPL_013","TPL_013_RUN_008",8,24.4051829977295,25.232327939528,"standalone_background_shifted_gamma","Burst","none","Burst","none","none","shifted_gamma","standalone_background","none","strong","BQ_039","burst","BQ_039",1630531273,"burst=120475233;hfs=1953578086;hfs_shape=722276966;hfs_total=719973090;nested_burst=1006105724;nested_duration=1159254268;nested_position=657201547;point_process=1630531273","66590ef93798779a0b2b9d2d21b25d8d2a90c0000466813465318f52a06a41a9",0.77384195436025,4.82603939920664,0.02,8,0.827144941798536,0.103393117724817,0.310335190608909,0.267138988861201,0.0697185180646341,3,"S0012",1,0.1,"holdout",2.44051829977295,2.5232327939528,0.0827144941798536,0.077384195436025,0.002,0.0103393117724817
"TPL_013","TPL_013_RUN_009",9,25.232327939528,31.3095335243441,"broad_hfs_shifted_gamma","Broad_HFS","Broad_HFS","none","none","none","shifted_gamma","intermediate","none","none","none","hfs","intermediate_1",83216250,"point_process=83216250","6dca127de68e28fc35035c8c1f94c01ac8aefed6c64c875e085521d9bfb1f282",0.293555970289744,4.59225828358904,0.02,24,6.07720558481605,0.253216899367336,0.440481861286079,0.462630881516168,0.258718401270198,1,"S0012",1,0.1,"holdout",2.5232327939528,3.13095335243441,0.607720558481605,0.0293555970289744,0.002,0.0253216899367336
"TPL_013","TPL_013_RUN_010",10,31.3095335243441,33.7663980069107,"tonic_shifted_gamma_stn_like_empirical","Tonic:stn_like_empirical","Tonic","none","none","none","shifted_gamma","stn_like_empirical","stn_like_empirical","none","none","tonic","stn_like_empirical_2",1117040144,"point_process=1117040144","be893409726f714c15125cd0ef1d7328309add821533dcc5e258f0f96edd53de",0.346053648348898,9.0689149859827,0.02,8,2.45686448256659,0.307108060320823,0.21850179542657,0.248215217309727,0.0575467498614682,1,"S0012",1,0.1,"holdout",3.13095335243441,3.37663980069107,0.245686448256659,0.0346053648348898,0.002,0.0307108060320823
"TPL_013","TPL_013_RUN_011",11,33.7663980069107,36.4665428763628,"background_shifted_gamma","Background","none","none","none","none","shifted_gamma","background","none","none","none","background","background_02",1805667343,"point_process=1805667343","ad8cec3083ab13a2ce9c61015baf40f839681e4652eed06b738fffc238fc573d",0.606750740041025,4.06574946886394,0.02,3,2.70014486945217,0.90004828981739,0.186052621973777,0.188016017562363,0.0306667068090014,1,"S0012",1,0.1,"holdout",3.37663980069107,3.64665428763628,0.270014486945217,0.0606750740041025,0.002,0.090004828981739
"TPL_013","TPL_013_RUN_012",12,36.4665428763628,39.5288796670176,"canonical_mechanism","Pause:canonical","none","Pause","canonical","none","explicit_gap","canonical","none","none","none","pause","canonical_2",159557135,"point_process=159557135","33628a1cc9f1518e3ec52166f592a2e93d219dc405f12f4db36bf68d021a52dd",3.06233679065481,,,1,3.06233679065481,3.06233679065481,0,0,0,1,"S0012",1,0.1,"holdout",3.64665428763628,3.95288796670176,0.306233679065481,0.306233679065481,,0.306233679065481
"TPL_013","TPL_013_RUN_013",13,39.5288796670176,48.7699013975907,"broad_hfs_shifted_gamma","Burst","Broad_HFS","Burst","none","none","shifted_gamma","regular","none","moderate","BQ_085","hfs_with_nested_burst","BQ_085",100353066,"hfs_with_nested_burst=608667197;hfs=1961153410;hfs_shape=711232391;hfs_total=1832533451;nested_burst=243284434;nested_duration=1215778079;nested_position=1330089246;point_process=100353066","84c55df3f4812d530211a4eec25d9da0b61dd36d22e55a6c999361470aebf5d3",0.309453657274134,8.72109963325784,0.02,33,9.24102173057305,0.280030961532517,0.469934088996907,0.356201113628862,0.16382746936517,33,"S0012",1,0.1,"holdout",3.95288796670176,4.87699013975907,0.924102173057305,0.0309453657274134,0.002,0.0280030961532517
"TPL_013","TPL_013_RUN_001",1,0,0.689316184315184,"standalone_background_shifted_gamma","Burst","none","Burst","none","none","shifted_gamma","standalone_background","none","weak","BQ_037","burst","BQ_037",236234662,"burst=1622406948;hfs=1714390761;hfs_shape=2053704105;hfs_total=1894418810;nested_burst=1999703588;nested_duration=1174700689;nested_position=1683114776;point_process=236234662","a188520a5ddd32c700221abde68a257646ba90a0971d77bb1b31c50074c37a3e",0.731638873973861,4.4796117067337,0.02,6,0.689316184315184,0.114886030719197,0.30719119264962,0.408112332702389,0.151595762776825,1,"S0022",4,0.4,"holdout",0,0.275726473726074,0.275726473726074,0.292655549589545,0.008,0.045954412287679
"TPL_013","TPL_013_RUN_002",2,0.689316184315184,1.27688708385388,"contextual_gap_mechanism","Contextual_Separator","none","none","none","Contextual_Separator","explicit_gap","contextual_separator","none","none","none","contextual_separator","separator_1",1314430666,"point_process=1314430666","f83fc3d0ed3cd5ee191ba2781ae8798786f8a697a338523f8a320a0f116c0a26",0.587570899538696,,,1,0.587570899538696,0.587570899538696,0,0,0,1,"S0022",4,0.4,"holdout",0.275726473726074,0.510754833541552,0.235028359815478,0.235028359815478,,0.235028359815478
"TPL_013","TPL_013_RUN_003",3,1.27688708385388,1.96616684319683,"standalone_background_shifted_gamma","Burst","none","Burst","none","none","shifted_gamma","standalone_background","none","moderate","BQ_038","burst","BQ_038",643286779,"burst=2105701223;hfs=1385585613;hfs_shape=1504372635;hfs_total=1017286780;nested_burst=843616316;nested_duration=585180126;nested_position=1594033143;point_process=643286779","473b061e200dc133593c7f3c0aba42a575a8c3f7d058465f8dbb15929c35b9b9",0.772279854328372,2.12279106602073,0.02,7,0.689279759342946,0.0984685370489923,0.446551764875699,0.331933834310465,0.121287035167168,11,"S0022",4,0.4,"holdout",0.510754833541552,0.786466737278731,0.275711903737178,0.308911941731349,0.008,0.0393874148195969
"TPL_013","TPL_013_RUN_004",4,1.96616684319683,12.7098232698084,"tonic_shifted_gamma_generic_stress","Tonic:generic_stress","Tonic","none","none","none","shifted_gamma","generic_stress","generic_stress","none","none","tonic","generic_stress_1",2136338344,"point_process=2136338344","62036a6963411fe6919b89c0323cbd7b85cf44ba2b6e7df83a5a22aac1338fe8",0.818881086236797,9.33115491922945,0.02,12,10.7436564266116,0.895304702217633,0.223743100577025,0.257491819166234,0.0672111173202777,1,"S0022",4,0.4,"holdout",0.786466737278731,5.08392930792337,4.29746257064464,0.327552434494719,0.008,0.358121880887053
"TPL_013","TPL_013_RUN_005",5,12.7098232698084,16.3371094058191,"canonical_mechanism","Pause:canonical","none","Pause","canonical","none","explicit_gap","canonical","none","none","none","pause","canonical_1",1816515801,"point_process=1816515801","9dc6bcce4ab9a41edf115868d17a5579ed86edb417328685472d4a980c3beb3e",3.62728613601066,,,1,3.62728613601066,3.62728613601066,0,0,0,1,"S0022",4,0.4,"holdout",5.08392930792337,6.53484376232763,1.45091445440426,1.45091445440426,,1.45091445440426
"TPL_013","TPL_013_RUN_006",6,16.3371094058191,22.5379702771596,"broad_hfs_shifted_gamma","Burst","Broad_HFS","Burst","none","none","shifted_gamma","irregular","none","strong","BQ_086","hfs_with_nested_burst","BQ_086",846086147,"hfs_with_nested_burst=1719349725;hfs=1913055751;hfs_shape=2000529456;hfs_total=380144575;nested_burst=931364139;nested_duration=1888327705;nested_position=2136965434;point_process=846086147","a655dc8fbbd914c8eb6e4c157599393a1c5ac859a813260849cc19123ab4730d",0.199610546384938,1.7236885964172,0.02,33,6.20086087134052,0.187904874889107,0.908796142699563,0.538367456927201,0.369595927768269,677,"S0022",4,0.4,"holdout",6.53484376232763,9.01518811086384,2.48034434853621,0.0798442185539752,0.008,0.0751619499556427
"TPL_013","TPL_013_RUN_007",7,22.5379702771596,24.4051829977295,"background_shifted_gamma","Background","none","none","none","none","shifted_gamma","background","none","none","none","background","background_01",2017352642,"point_process=2017352642","076ed152d20ab97db02afe9c6d2534a7143ea23e7b0be7e87b9b29730d621dda",0.770355362514965,4.76521250593942,0.02,2,1.86721272056989,0.933606360284946,0.679492534787447,0.96094755822768,0.692565157247805,1,"S0022",4,0.4,"holdout",9.01518811086384,9.7620731990918,0.746885088227957,0.308142145005986,0.008,0.373442544113979
"TPL_013","TPL_013_RUN_008",8,24.4051829977295,25.232327939528,"standalone_background_shifted_gamma","Burst","none","Burst","none","none","shifted_gamma","standalone_background","none","strong","BQ_039","burst","BQ_039",1630531273,"burst=120475233;hfs=1953578086;hfs_shape=722276966;hfs_total=719973090;nested_burst=1006105724;nested_duration=1159254268;nested_position=657201547;point_process=1630531273","66590ef93798779a0b2b9d2d21b25d8d2a90c0000466813465318f52a06a41a9",0.77384195436025,4.82603939920664,0.02,8,0.827144941798536,0.103393117724817,0.310335190608909,0.267138988861201,0.0697185180646341,3,"S0022",4,0.4,"holdout",9.7620731990918,10.0929311758112,0.330857976719415,0.3095367817441,0.008,0.0413572470899268
"TPL_013","TPL_013_RUN_009",9,25.232327939528,31.3095335243441,"broad_hfs_shifted_gamma","Broad_HFS","Broad_HFS","none","none","none","shifted_gamma","intermediate","none","none","none","hfs","intermediate_1",83216250,"point_process=83216250","6dca127de68e28fc35035c8c1f94c01ac8aefed6c64c875e085521d9bfb1f282",0.293555970289744,4.59225828358904,0.02,24,6.07720558481605,0.253216899367336,0.440481861286079,0.462630881516168,0.258718401270198,1,"S0022",4,0.4,"holdout",10.0929311758112,12.5238134097376,2.43088223392642,0.117422388115898,0.008,0.101286759746934
"TPL_013","TPL_013_RUN_010",10,31.3095335243441,33.7663980069107,"tonic_shifted_gamma_stn_like_empirical","Tonic:stn_like_empirical","Tonic","none","none","none","shifted_gamma","stn_like_empirical","stn_like_empirical","none","none","tonic","stn_like_empirical_2",1117040144,"point_process=1117040144","be893409726f714c15125cd0ef1d7328309add821533dcc5e258f0f96edd53de",0.346053648348898,9.0689149859827,0.02,8,2.45686448256659,0.307108060320823,0.21850179542657,0.248215217309727,0.0575467498614682,1,"S0022",4,0.4,"holdout",12.5238134097376,13.5065592027643,0.982745793026635,0.138421459339559,0.008,0.122843224128329
"TPL_013","TPL_013_RUN_011",11,33.7663980069107,36.4665428763628,"background_shifted_gamma","Background","none","none","none","none","shifted_gamma","background","none","none","none","background","background_02",1805667343,"point_process=1805667343","ad8cec3083ab13a2ce9c61015baf40f839681e4652eed06b738fffc238fc573d",0.606750740041025,4.06574946886394,0.02,3,2.70014486945217,0.90004828981739,0.186052621973777,0.188016017562363,0.0306667068090014,1,"S0022",4,0.4,"holdout",13.5065592027643,14.5866171505451,1.08005794778087,0.24270029601641,0.008,0.360019315926956
"TPL_013","TPL_013_RUN_012",12,36.4665428763628,39.5288796670176,"canonical_mechanism","Pause:canonical","none","Pause","canonical","none","explicit_gap","canonical","none","none","none","pause","canonical_2",159557135,"point_process=159557135","33628a1cc9f1518e3ec52166f592a2e93d219dc405f12f4db36bf68d021a52dd",3.06233679065481,,,1,3.06233679065481,3.06233679065481,0,0,0,1,"S0022",4,0.4,"holdout",14.5866171505451,15.8115518668071,1.22493471626192,1.22493471626192,,1.22493471626192
"TPL_013","TPL_013_RUN_013",13,39.5288796670176,48.7699013975907,"broad_hfs_shifted_gamma","Burst","Broad_HFS","Burst","none","none","shifted_gamma","regular","none","moderate","BQ_085","hfs_with_nested_burst","BQ_085",100353066,"hfs_with_nested_burst=608667197;hfs=1961153410;hfs_shape=711232391;hfs_total=1832533451;nested_burst=243284434;nested_duration=1215778079;nested_position=1330089246;point_process=100353066","84c55df3f4812d530211a4eec25d9da0b61dd36d22e55a6c999361470aebf5d3",0.309453657274134,8.72109963325784,0.02,33,9.24102173057305,0.280030961532517,0.469934088996907,0.356201113628862,0.16382746936517,33,"S0022",4,0.4,"holdout",15.8115518668071,19.5079605590363,3.69640869222922,0.123781462909654,0.008,0.112012384613007
"TPL_013","TPL_013_RUN_001",1,0,0.689316184315184,"standalone_background_shifted_gamma","Burst","none","Burst","none","none","shifted_gamma","standalone_background","none","weak","BQ_037","burst","BQ_037",236234662,"burst=1622406948;hfs=1714390761;hfs_shape=2053704105;hfs_total=1894418810;nested_burst=1999703588;nested_duration=1174700689;nested_position=1683114776;point_process=236234662","a188520a5ddd32c700221abde68a257646ba90a0971d77bb1b31c50074c37a3e",0.731638873973861,4.4796117067337,0.02,6,0.689316184315184,0.114886030719197,0.30719119264962,0.408112332702389,0.151595762776825,1,"S0053",10,1,"holdout",0,0.689316184315184,0.689316184315184,0.731638873973861,0.02,0.114886030719197
"TPL_013","TPL_013_RUN_002",2,0.689316184315184,1.27688708385388,"contextual_gap_mechanism","Contextual_Separator","none","none","none","Contextual_Separator","explicit_gap","contextual_separator","none","none","none","contextual_separator","separator_1",1314430666,"point_process=1314430666","f83fc3d0ed3cd5ee191ba2781ae8798786f8a697a338523f8a320a0f116c0a26",0.587570899538696,,,1,0.587570899538696,0.587570899538696,0,0,0,1,"S0053",10,1,"holdout",0.689316184315184,1.27688708385388,0.587570899538696,0.587570899538696,,0.587570899538696
"TPL_013","TPL_013_RUN_003",3,1.27688708385388,1.96616684319683,"standalone_background_shifted_gamma","Burst","none","Burst","none","none","shifted_gamma","standalone_background","none","moderate","BQ_038","burst","BQ_038",643286779,"burst=2105701223;hfs=1385585613;hfs_shape=1504372635;hfs_total=1017286780;nested_burst=843616316;nested_duration=585180126;nested_position=1594033143;point_process=643286779","473b061e200dc133593c7f3c0aba42a575a8c3f7d058465f8dbb15929c35b9b9",0.772279854328372,2.12279106602073,0.02,7,0.689279759342946,0.0984685370489923,0.446551764875699,0.331933834310465,0.121287035167168,11,"S0053",10,1,"holdout",1.27688708385388,1.96616684319683,0.689279759342946,0.772279854328372,0.02,0.0984685370489923
"TPL_013","TPL_013_RUN_004",4,1.96616684319683,12.7098232698084,"tonic_shifted_gamma_generic_stress","Tonic:generic_stress","Tonic","none","none","none","shifted_gamma","generic_stress","generic_stress","none","none","tonic","generic_stress_1",2136338344,"point_process=2136338344","62036a6963411fe6919b89c0323cbd7b85cf44ba2b6e7df83a5a22aac1338fe8",0.818881086236797,9.33115491922945,0.02,12,10.7436564266116,0.895304702217633,0.223743100577025,0.257491819166234,0.0672111173202777,1,"S0053",10,1,"holdout",1.96616684319683,12.7098232698084,10.7436564266116,0.818881086236797,0.02,0.895304702217633
"TPL_013","TPL_013_RUN_005",5,12.7098232698084,16.3371094058191,"canonical_mechanism","Pause:canonical","none","Pause","canonical","none","explicit_gap","canonical","none","none","none","pause","canonical_1",1816515801,"point_process=1816515801","9dc6bcce4ab9a41edf115868d17a5579ed86edb417328685472d4a980c3beb3e",3.62728613601066,,,1,3.62728613601066,3.62728613601066,0,0,0,1,"S0053",10,1,"holdout",12.7098232698084,16.3371094058191,3.62728613601066,3.62728613601066,,3.62728613601066
"TPL_013","TPL_013_RUN_006",6,16.3371094058191,22.5379702771596,"broad_hfs_shifted_gamma","Burst","Broad_HFS","Burst","none","none","shifted_gamma","irregular","none","strong","BQ_086","hfs_with_nested_burst","BQ_086",846086147,"hfs_with_nested_burst=1719349725;hfs=1913055751;hfs_shape=2000529456;hfs_total=380144575;nested_burst=931364139;nested_duration=1888327705;nested_position=2136965434;point_process=846086147","a655dc8fbbd914c8eb6e4c157599393a1c5ac859a813260849cc19123ab4730d",0.199610546384938,1.7236885964172,0.02,33,6.20086087134052,0.187904874889107,0.908796142699563,0.538367456927201,0.369595927768269,677,"S0053",10,1,"holdout",16.3371094058191,22.5379702771596,6.20086087134052,0.199610546384938,0.02,0.187904874889107
"TPL_013","TPL_013_RUN_007",7,22.5379702771596,24.4051829977295,"background_shifted_gamma","Background","none","none","none","none","shifted_gamma","background","none","none","none","background","background_01",2017352642,"point_process=2017352642","076ed152d20ab97db02afe9c6d2534a7143ea23e7b0be7e87b9b29730d621dda",0.770355362514965,4.76521250593942,0.02,2,1.86721272056989,0.933606360284946,0.679492534787447,0.96094755822768,0.692565157247805,1,"S0053",10,1,"holdout",22.5379702771596,24.4051829977295,1.86721272056989,0.770355362514965,0.02,0.933606360284946
"TPL_013","TPL_013_RUN_008",8,24.4051829977295,25.232327939528,"standalone_background_shifted_gamma","Burst","none","Burst","none","none","shifted_gamma","standalone_background","none","strong","BQ_039","burst","BQ_039",1630531273,"burst=120475233;hfs=1953578086;hfs_shape=722276966;hfs_total=719973090;nested_burst=1006105724;nested_duration=1159254268;nested_position=657201547;point_process=1630531273","66590ef93798779a0b2b9d2d21b25d8d2a90c0000466813465318f52a06a41a9",0.77384195436025,4.82603939920664,0.02,8,0.827144941798536,0.103393117724817,0.310335190608909,0.267138988861201,0.0697185180646341,3,"S0053",10,1,"holdout",24.4051829977295,25.232327939528,0.827144941798536,0.77384195436025,0.02,0.103393117724817
"TPL_013","TPL_013_RUN_009",9,25.232327939528,31.3095335243441,"broad_hfs_shifted_gamma","Broad_HFS","Broad_HFS","none","none","none","shifted_gamma","intermediate","none","none","none","hfs","intermediate_1",83216250,"point_process=83216250","6dca127de68e28fc35035c8c1f94c01ac8aefed6c64c875e085521d9bfb1f282",0.293555970289744,4.59225828358904,0.02,24,6.07720558481605,0.253216899367336,0.440481861286079,0.462630881516168,0.258718401270198,1,"S0053",10,1,"holdout",25.232327939528,31.3095335243441,6.07720558481605,0.293555970289744,0.02,0.253216899367336
"TPL_013","TPL_013_RUN_010",10,31.3095335243441,33.7663980069107,"tonic_shifted_gamma_stn_like_empirical","Tonic:stn_like_empirical","Tonic","none","none","none","shifted_gamma","stn_like_empirical","stn_like_empirical","none","none","tonic","stn_like_empirical_2",1117040144,"point_process=1117040144","be893409726f714c15125cd0ef1d7328309add821533dcc5e258f0f96edd53de",0.346053648348898,9.0689149859827,0.02,8,2.45686448256659,0.307108060320823,0.21850179542657,0.248215217309727,0.0575467498614682,1,"S0053",10,1,"holdout",31.3095335243441,33.7663980069107,2.45686448256659,0.346053648348898,0.02,0.307108060320823
"TPL_013","TPL_013_RUN_011",11,33.7663980069107,36.4665428763628,"background_shifted_gamma","Background","none","none","none","none","shifted_gamma","background","none","none","none","background","background_02",1805667343,"point_process=1805667343","ad8cec3083ab13a2ce9c61015baf40f839681e4652eed06b738fffc238fc573d",0.606750740041025,4.06574946886394,0.02,3,2.70014486945217,0.90004828981739,0.186052621973777,0.188016017562363,0.0306667068090014,1,"S0053",10,1,"holdout",33.7663980069107,36.4665428763628,2.70014486945217,0.606750740041025,0.02,0.90004828981739
"TPL_013","TPL_013_RUN_012",12,36.4665428763628,39.5288796670176,"canonical_mechanism","Pause:canonical","none","Pause","canonical","none","explicit_gap","canonical","none","none","none","pause","canonical_2",159557135,"point_process=159557135","33628a1cc9f1518e3ec52166f592a2e93d219dc405f12f4db36bf68d021a52dd",3.06233679065481,,,1,3.06233679065481,3.06233679065481,0,0,0,1,"S0053",10,1,"holdout",36.4665428763628,39.5288796670176,3.06233679065481,3.06233679065481,,3.06233679065481
"TPL_013","TPL_013_RUN_013",13,39.5288796670176,48.7699013975907,"broad_hfs_shifted_gamma","Burst","Broad_HFS","Burst","none","none","shifted_gamma","regular","none","moderate","BQ_085","hfs_with_nested_burst","BQ_085",100353066,"hfs_with_nested_burst=608667197;hfs=1961153410;hfs_shape=711232391;hfs_total=1832533451;nested_burst=243284434;nested_duration=1215778079;nested_position=1330089246;point_process=100353066","84c55df3f4812d530211a4eec25d9da0b61dd36d22e55a6c999361470aebf5d3",0.309453657274134,8.72109963325784,0.02,33,9.24102173057305,0.280030961532517,0.469934088996907,0.356201113628862,0.16382746936517,33,"S0053",10,1,"holdout",39.5288796670176,48.7699013975907,9.24102173057305,0.309453657274134,0.02,0.280030961532517
"TPL_014","TPL_014_RUN_001",1,0,7.51965237711059,"broad_hfs_shifted_gamma","Burst","Broad_HFS","Burst","none","none","shifted_gamma","regular","none","strong","BQ_087","hfs_with_nested_burst","BQ_087",698522750,"hfs_with_nested_burst=15666442;hfs=701907106;hfs_shape=733362008;hfs_total=701572753;nested_burst=441442251;nested_duration=1587187622;nested_position=946355780;point_process=698522750","ae899cf6e4de170f9b8fa3085982d8d72fdb356e9c026c8de6a72c68201bfab9",0.278141765561886,6.46096270764247,0.02,34,7.51965237711059,0.221166246385606,0.391365173583981,0.351866396234273,0.154469050357935,3,"S0033",1,0.1,"holdout",0,0.751965237711059,0.751965237711059,0.0278141765561886,0.002,0.0221166246385606
"TPL_014","TPL_014_RUN_002",2,7.51965237711059,10.3729829007244,"canonical_mechanism","Pause:canonical","none","Pause","canonical","none","explicit_gap","canonical","none","none","none","pause","canonical_1",724884420,"point_process=724884420","889463092fae1b79b410f7a316e765d64d640d3dbc8e8ef489a8f8f6e9b2f3ec",2.85333052361384,,,1,2.85333052361384,2.85333052361384,0,0,0,1,"S0033",1,0.1,"holdout",0.751965237711059,1.03729829007244,0.285333052361384,0.285333052361384,,0.285333052361384
"TPL_014","TPL_014_RUN_003",3,10.3729829007244,16.0871843279651,"broad_hfs_shifted_gamma","Burst","Broad_HFS","Burst","none","none","shifted_gamma","intermediate","none","weak","BQ_088","hfs_with_nested_burst","BQ_088",535433256,"hfs_with_nested_burst=1193655545;hfs=1455876116;hfs_shape=514436563;hfs_total=1446999243;nested_burst=893376246;nested_duration=1382970550;nested_position=362654086;point_process=535433256","3430570148afb0643ebbca0a76514eda6e16469402559e2862b5141ad1ba1bb2",0.234756364291534,4.90988084576093,0.02,31,5.71420142724066,0.184329078298086,0.526537934420979,0.352317711152874,0.148069247002545,12,"S0033",1,0.1,"holdout",1.03729829007244,1.60871843279651,0.571420142724066,0.0234756364291534,0.002,0.0184329078298086
"TPL_014","TPL_014_RUN_004",4,16.0871843279651,16.9916198418363,"background_shifted_gamma","Background","none","none","none","none","shifted_gamma","background","none","none","none","background","background_01",1144135671,"point_process=1144135671","588b4911734f3a6869447539b69778c5477ed051c0a24afe72a25148e6373ea7",0.560010151658207,3.00705868168734,0.02,2,0.904435513871214,0.452217756935607,0.459569220637475,0.64992902467475,0.316805802836004,1,"S0033",1,0.1,"holdout",1.60871843279651,1.69916198418363,0.0904435513871214,0.0560010151658207,0.002,0.0452217756935607
"TPL_014","TPL_014_RUN_005",5,16.9916198418363,24.2455816746078,"tonic_shifted_gamma_generic_stress","Tonic:generic_stress","Tonic","none","none","none","shifted_gamma","generic_stress","generic_stress","none","none","tonic","generic_stress_1",307972554,"point_process=307972554","e77628a2e27f609ad8dc68f05f36077bc4dbd8208dc818957fcd0a40bfbdd9b8",0.640417362004518,4.44390545645729,0.02,10,7.25396183277154,0.725396183277154,0.345083267229454,0.416359259694429,0.196018885535317,1,"S0033",1,0.1,"holdout",1.69916198418363,2.42455816746078,0.725396183277154,0.0640417362004519,0.002,0.0725396183277154
"TPL_014","TPL_014_RUN_006",6,24.2455816746078,30.542616127836,"complex_multi_gap_mechanism","Pause:complex_multi_gap","none","Pause","complex_multi_gap","none","explicit_gap","complex_multi_gap","none","none","none","pause","complex_multi_gap_2",582531202,"point_process=582531202","722bc317c38e6e307c9a02502098c10345fccd815b5ee759e9e0f8df25e8fdbd",2.09901148440937,,,3,6.29703445322812,2.09901148440937,0.15435589260774,0.12994283203808,0.0238408766471537,1,"S0033",1,0.1,"holdout",2.42455816746078,3.0542616127836,0.629703445322812,0.209901148440937,,0.209901148440937
"TPL_014","TPL_014_RUN_007",7,30.542616127836,33.4756696185812,"tonic_shifted_gamma_stn_like_empirical","Tonic:stn_like_empirical","Tonic","none","none","none","shifted_gamma","stn_like_empirical","stn_like_empirical","none","none","tonic","stn_like_empirical_2",1036533114,"point_process=1036533114","f3fb0dc3b5b2d0edd6492c80c448ba7766199106bd27eedffaa8435ba39f7027",0.243690270432271,14.6857103446964,0.02,10,2.9330534907452,0.29330534907452,0.252581136498006,0.267754019696692,0.0867201727965494,1,"S0033",1,0.1,"holdout",3.0542616127836,3.34756696185812,0.29330534907452,0.0243690270432271,0.002,0.029330534907452
"TPL_014","TPL_014_RUN_008",8,33.4756696185812,38.0605049393389,"canonical_mechanism","Pause:canonical","none","Pause","canonical","none","explicit_gap","canonical","none","none","none","pause","canonical_3",1144876270,"point_process=1144876270","b73b5b922c0ee5cecd53260706fcf4632de105312764df0a1e26e7f6796277c5",4.5848353207577,,,1,4.5848353207577,4.5848353207577,0,0,0,1,"S0033",1,0.1,"holdout",3.34756696185812,3.80605049393389,0.45848353207577,0.45848353207577,,0.45848353207577
"TPL_014","TPL_014_RUN_009",9,38.0605049393389,41.1350547234057,"background_shifted_gamma","Background","none","none","none","none","shifted_gamma","background","none","none","none","background","background_02",2033360196,"point_process=2033360196","902d1bf40cdfbae1037ee4c7f48528d1e86d99805a243074ab25345b990126bb",0.720430865138769,2.10032592026982,0.02,3,3.07454978406687,1.02484992802229,0.307875458311003,0.316629415251659,0.100833270147357,1,"S0033",1,0.1,"holdout",3.80605049393389,4.11350547234057,0.307454978406687,0.0720430865138769,0.002,0.102484992802229
"TPL_014","TPL_014_RUN_010",10,41.1350547234057,46.4603622465914,"broad_hfs_shifted_gamma","Broad_HFS","Broad_HFS","none","none","none","shifted_gamma","irregular","none","none","none","hfs","irregular_1",1782112176,"point_process=1782112176","f5546553109b099a381f30edd1111dbff40a6a4127dcc8319f5ed5ca87cc984a",0.282274929382838,1.54293114126194,0.02,21,5.32530752318566,0.253586072532651,0.535715396549389,0.540125475380909,0.333382578225801,7,"S0033",1,0.1,"holdout",4.11350547234057,4.64603622465914,0.532530752318566,0.0282274929382838,0.002,0.0253586072532651
"TPL_014","TPL_014_RUN_011",11,46.4603622465914,47.0705144638653,"standalone_background_shifted_gamma","Burst","none","Burst","none","none","shifted_gamma","standalone_background","none","weak","BQ_040","burst","BQ_040",1074392033,"burst=1971613340;hfs=1328258615;hfs_shape=466147284;hfs_total=447911957;nested_burst=117443151;nested_duration=339338342;nested_position=1654042128;point_process=1074392033","5bfeab27ab67010c91281cf96ff47f6e7ee15c4c6baabea293fd4a5b93c86d2c",0.63844425776042,3.31526788175106,0.02,4,0.61015221727391,0.152538054318478,0.521677994621718,0.982482061840151,0.805957817794067,5,"S0033",1,0.1,"holdout",4.64603622465914,4.70705144638653,0.061015221727391,0.063844425776042,0.002,0.0152538054318478
"TPL_014","TPL_014_RUN_012",12,47.0705144638653,47.7177451691683,"background_shifted_gamma","Background","none","none","none","none","shifted_gamma","background","none","none","none","background","background_03",1997464730,"point_process=1997464730","84364309f9b464970b43fc993409915f7602cfb07cbf250ead8981d6cd33c94d",0.605089101311751,2.83776167384349,0.02,1,0.647230705302984,0.647230705302984,0,0,0,1,"S0033",1,0.1,"holdout",4.70705144638653,4.77177451691683,0.0647230705302984,0.0605089101311751,0.002,0.0647230705302984
"TPL_014","TPL_014_RUN_013",13,47.7177451691683,48.2617304438592,"standalone_background_shifted_gamma","Burst","none","Burst","none","none","shifted_gamma","standalone_background","none","moderate","BQ_041","burst","BQ_041",2067601129,"burst=333466107;hfs=1416021743;hfs_shape=1833541930;hfs_total=1184723096;nested_burst=1992619386;nested_duration=1595528282;nested_position=1199857974;point_process=2067601129","705625285b9c4de68095169caf96baa7506f034ccc161658bcfa53737ed26b8d",0.755225760559551,3.38451910242438,0.02,5,0.543985274690914,0.108797054938183,0.338177134606696,0.482063883390843,0.239850154847633,4,"S0033",1,0.1,"holdout",4.77177451691683,4.82617304438592,0.0543985274690914,0.0755225760559551,0.002,0.0108797054938183
"TPL_014","TPL_014_RUN_014",14,48.2617304438592,48.8426435737272,"contextual_gap_mechanism","Contextual_Separator","none","none","none","Contextual_Separator","explicit_gap","contextual_separator","none","none","none","contextual_separator","separator_1",55683587,"point_process=55683587","70fbe03da4847425eca287780160c6153aeb4ba83ac5e1f4874879b6585f657d",0.580913129867986,,,1,0.580913129867986,0.580913129867986,0,0,0,1,"S0033",1,0.1,"holdout",4.82617304438592,4.88426435737272,0.0580913129867986,0.0580913129867986,,0.0580913129867986
"TPL_014","TPL_014_RUN_015",15,48.8426435737272,49.0982490230745,"standalone_background_shifted_gamma","Burst","none","Burst","none","none","shifted_gamma","standalone_background","none","strong","BQ_042","burst","BQ_042",545937308,"burst=81016014;hfs=1436733772;hfs_shape=1460056050;hfs_total=1146721688;nested_burst=1669264234;nested_duration=1417554360;nested_position=2025368283;point_process=545937308","ef56f8cff7e26056d7416fa91b399e56181cae7ad42d3a54530e05e344475b06",0.734212599787861,3.98070701137185,0.02,3,0.255605449347268,0.0852018164490895,0.579617017119057,0.92898500941069,0.677663176505773,4,"S0033",1,0.1,"holdout",4.88426435737272,4.90982490230745,0.0255605449347268,0.0734212599787861,0.002,0.00852018164490895
"TPL_014","TPL_014_RUN_001",1,0,7.51965237711059,"broad_hfs_shifted_gamma","Burst","Broad_HFS","Burst","none","none","shifted_gamma","regular","none","strong","BQ_087","hfs_with_nested_burst","BQ_087",698522750,"hfs_with_nested_burst=15666442;hfs=701907106;hfs_shape=733362008;hfs_total=701572753;nested_burst=441442251;nested_duration=1587187622;nested_position=946355780;point_process=698522750","ae899cf6e4de170f9b8fa3085982d8d72fdb356e9c026c8de6a72c68201bfab9",0.278141765561886,6.46096270764247,0.02,34,7.51965237711059,0.221166246385606,0.391365173583981,0.351866396234273,0.154469050357935,3,"S0051",4,0.4,"holdout",0,3.00786095084424,3.00786095084424,0.111256706224754,0.008,0.0884664985542422
"TPL_014","TPL_014_RUN_002",2,7.51965237711059,10.3729829007244,"canonical_mechanism","Pause:canonical","none","Pause","canonical","none","explicit_gap","canonical","none","none","none","pause","canonical_1",724884420,"point_process=724884420","889463092fae1b79b410f7a316e765d64d640d3dbc8e8ef489a8f8f6e9b2f3ec",2.85333052361384,,,1,2.85333052361384,2.85333052361384,0,0,0,1,"S0051",4,0.4,"holdout",3.00786095084424,4.14919316028977,1.14133220944554,1.14133220944554,,1.14133220944554
"TPL_014","TPL_014_RUN_003",3,10.3729829007244,16.0871843279651,"broad_hfs_shifted_gamma","Burst","Broad_HFS","Burst","none","none","shifted_gamma","intermediate","none","weak","BQ_088","hfs_with_nested_burst","BQ_088",535433256,"hfs_with_nested_burst=1193655545;hfs=1455876116;hfs_shape=514436563;hfs_total=1446999243;nested_burst=893376246;nested_duration=1382970550;nested_position=362654086;point_process=535433256","3430570148afb0643ebbca0a76514eda6e16469402559e2862b5141ad1ba1bb2",0.234756364291534,4.90988084576093,0.02,31,5.71420142724066,0.184329078298086,0.526537934420979,0.352317711152874,0.148069247002545,12,"S0051",4,0.4,"holdout",4.14919316028977,6.43487373118604,2.28568057089626,0.0939025457166135,0.008,0.0737316313192343
"TPL_014","TPL_014_RUN_004",4,16.0871843279651,16.9916198418363,"background_shifted_gamma","Background","none","none","none","none","shifted_gamma","background","none","none","none","background","background_01",1144135671,"point_process=1144135671","588b4911734f3a6869447539b69778c5477ed051c0a24afe72a25148e6373ea7",0.560010151658207,3.00705868168734,0.02,2,0.904435513871214,0.452217756935607,0.459569220637475,0.64992902467475,0.316805802836004,1,"S0051",4,0.4,"holdout",6.43487373118604,6.79664793673452,0.361774205548485,0.224004060663283,0.008,0.180887102774243
"TPL_014","TPL_014_RUN_005",5,16.9916198418363,24.2455816746078,"tonic_shifted_gamma_generic_stress","Tonic:generic_stress","Tonic","none","none","none","shifted_gamma","generic_stress","generic_stress","none","none","tonic","generic_stress_1",307972554,"point_process=307972554","e77628a2e27f609ad8dc68f05f36077bc4dbd8208dc818957fcd0a40bfbdd9b8",0.640417362004518,4.44390545645729,0.02,10,7.25396183277154,0.725396183277154,0.345083267229454,0.416359259694429,0.196018885535317,1,"S0051",4,0.4,"holdout",6.79664793673452,9.69823266984314,2.90158473310862,0.256166944801807,0.008,0.290158473310862
"TPL_014","TPL_014_RUN_006",6,24.2455816746078,30.542616127836,"complex_multi_gap_mechanism","Pause:complex_multi_gap","none","Pause","complex_multi_gap","none","explicit_gap","complex_multi_gap","none","none","none","pause","complex_multi_gap_2",582531202,"point_process=582531202","722bc317c38e6e307c9a02502098c10345fccd815b5ee759e9e0f8df25e8fdbd",2.09901148440937,,,3,6.29703445322812,2.09901148440937,0.15435589260774,0.12994283203808,0.0238408766471537,1,"S0051",4,0.4,"holdout",9.69823266984314,12.2170464511344,2.51881378129125,0.839604593763749,,0.839604593763749
"TPL_014","TPL_014_RUN_007",7,30.542616127836,33.4756696185812,"tonic_shifted_gamma_stn_like_empirical","Tonic:stn_like_empirical","Tonic","none","none","none","shifted_gamma","stn_like_empirical","stn_like_empirical","none","none","tonic","stn_like_empirical_2",1036533114,"point_process=1036533114","f3fb0dc3b5b2d0edd6492c80c448ba7766199106bd27eedffaa8435ba39f7027",0.243690270432271,14.6857103446964,0.02,10,2.9330534907452,0.29330534907452,0.252581136498006,0.267754019696692,0.0867201727965494,1,"S0051",4,0.4,"holdout",12.2170464511344,13.3902678474325,1.17322139629808,0.0974761081729084,0.008,0.117322139629808
"TPL_014","TPL_014_RUN_008",8,33.4756696185812,38.0605049393389,"canonical_mechanism","Pause:canonical","none","Pause","canonical","none","explicit_gap","canonical","none","none","none","pause","canonical_3",1144876270,"point_process=1144876270","b73b5b922c0ee5cecd53260706fcf4632de105312764df0a1e26e7f6796277c5",4.5848353207577,,,1,4.5848353207577,4.5848353207577,0,0,0,1,"S0051",4,0.4,"holdout",13.3902678474325,15.2242019757355,1.83393412830308,1.83393412830308,,1.83393412830308
"TPL_014","TPL_014_RUN_009",9,38.0605049393389,41.1350547234057,"background_shifted_gamma","Background","none","none","none","none","shifted_gamma","background","none","none","none","background","background_02",2033360196,"point_process=2033360196","902d1bf40cdfbae1037ee4c7f48528d1e86d99805a243074ab25345b990126bb",0.720430865138769,2.10032592026982,0.02,3,3.07454978406687,1.02484992802229,0.307875458311003,0.316629415251659,0.100833270147357,1,"S0051",4,0.4,"holdout",15.2242019757355,16.4540218893623,1.22981991362675,0.288172346055508,0.008,0.409939971208916
"TPL_014","TPL_014_RUN_010",10,41.1350547234057,46.4603622465914,"broad_hfs_shifted_gamma","Broad_HFS","Broad_HFS","none","none","none","shifted_gamma","irregular","none","none","none","hfs","irregular_1",1782112176,"point_process=1782112176","f5546553109b099a381f30edd1111dbff40a6a4127dcc8319f5ed5ca87cc984a",0.282274929382838,1.54293114126194,0.02,21,5.32530752318566,0.253586072532651,0.535715396549389,0.540125475380909,0.333382578225801,7,"S0051",4,0.4,"holdout",16.4540218893623,18.5841448986366,2.13012300927426,0.112909971753135,0.008,0.10143442901306
"TPL_014","TPL_014_RUN_011",11,46.4603622465914,47.0705144638653,"standalone_background_shifted_gamma","Burst","none","Burst","none","none","shifted_gamma","standalone_background","none","weak","BQ_040","burst","BQ_040",1074392033,"burst=1971613340;hfs=1328258615;hfs_shape=466147284;hfs_total=447911957;nested_burst=117443151;nested_duration=339338342;nested_position=1654042128;point_process=1074392033","5bfeab27ab67010c91281cf96ff47f6e7ee15c4c6baabea293fd4a5b93c86d2c",0.63844425776042,3.31526788175106,0.02,4,0.61015221727391,0.152538054318478,0.521677994621718,0.982482061840151,0.805957817794067,5,"S0051",4,0.4,"holdout",18.5841448986366,18.8282057855461,0.244060886909564,0.255377703104168,0.008,0.061015221727391
"TPL_014","TPL_014_RUN_012",12,47.0705144638653,47.7177451691683,"background_shifted_gamma","Background","none","none","none","none","shifted_gamma","background","none","none","none","background","background_03",1997464730,"point_process=1997464730","84364309f9b464970b43fc993409915f7602cfb07cbf250ead8981d6cd33c94d",0.605089101311751,2.83776167384349,0.02,1,0.647230705302984,0.647230705302984,0,0,0,1,"S0051",4,0.4,"holdout",18.8282057855461,19.0870980676673,0.258892282121194,0.2420356405247,0.008,0.258892282121194
"TPL_014","TPL_014_RUN_013",13,47.7177451691683,48.2617304438592,"standalone_background_shifted_gamma","Burst","none","Burst","none","none","shifted_gamma","standalone_background","none","moderate","BQ_041","burst","BQ_041",2067601129,"burst=333466107;hfs=1416021743;hfs_shape=1833541930;hfs_total=1184723096;nested_burst=1992619386;nested_duration=1595528282;nested_position=1199857974;point_process=2067601129","705625285b9c4de68095169caf96baa7506f034ccc161658bcfa53737ed26b8d",0.755225760559551,3.38451910242438,0.02,5,0.543985274690914,0.108797054938183,0.338177134606696,0.482063883390843,0.239850154847633,4,"S0051",4,0.4,"holdout",19.0870980676673,19.3046921775437,0.217594109876366,0.302090304223821,0.008,0.0435188219752731
"TPL_014","TPL_014_RUN_014",14,48.2617304438592,48.8426435737272,"contextual_gap_mechanism","Contextual_Separator","none","none","none","Contextual_Separator","explicit_gap","contextual_separator","none","none","none","contextual_separator","separator_1",55683587,"point_process=55683587","70fbe03da4847425eca287780160c6153aeb4ba83ac5e1f4874879b6585f657d",0.580913129867986,,,1,0.580913129867986,0.580913129867986,0,0,0,1,"S0051",4,0.4,"holdout",19.3046921775437,19.5370574294909,0.232365251947194,0.232365251947194,,0.232365251947194
"TPL_014","TPL_014_RUN_015",15,48.8426435737272,49.0982490230745,"standalone_background_shifted_gamma","Burst","none","Burst","none","none","shifted_gamma","standalone_background","none","strong","BQ_042","burst","BQ_042",545937308,"burst=81016014;hfs=1436733772;hfs_shape=1460056050;hfs_total=1146721688;nested_burst=1669264234;nested_duration=1417554360;nested_position=2025368283;point_process=545937308","ef56f8cff7e26056d7416fa91b399e56181cae7ad42d3a54530e05e344475b06",0.734212599787861,3.98070701137185,0.02,3,0.255605449347268,0.0852018164490895,0.579617017119057,0.92898500941069,0.677663176505773,4,"S0051",4,0.4,"holdout",19.5370574294909,19.6392996092298,0.102242179738907,0.293685039915144,0.008,0.0340807265796358
"TPL_014","TPL_014_RUN_001",1,0,7.51965237711059,"broad_hfs_shifted_gamma","Burst","Broad_HFS","Burst","none","none","shifted_gamma","regular","none","strong","BQ_087","hfs_with_nested_burst","BQ_087",698522750,"hfs_with_nested_burst=15666442;hfs=701907106;hfs_shape=733362008;hfs_total=701572753;nested_burst=441442251;nested_duration=1587187622;nested_position=946355780;point_process=698522750","ae899cf6e4de170f9b8fa3085982d8d72fdb356e9c026c8de6a72c68201bfab9",0.278141765561886,6.46096270764247,0.02,34,7.51965237711059,0.221166246385606,0.391365173583981,0.351866396234273,0.154469050357935,3,"S0019",10,1,"holdout",0,7.51965237711059,7.51965237711059,0.278141765561886,0.02,0.221166246385606
"TPL_014","TPL_014_RUN_002",2,7.51965237711059,10.3729829007244,"canonical_mechanism","Pause:canonical","none","Pause","canonical","none","explicit_gap","canonical","none","none","none","pause","canonical_1",724884420,"point_process=724884420","889463092fae1b79b410f7a316e765d64d640d3dbc8e8ef489a8f8f6e9b2f3ec",2.85333052361384,,,1,2.85333052361384,2.85333052361384,0,0,0,1,"S0019",10,1,"holdout",7.51965237711059,10.3729829007244,2.85333052361384,2.85333052361384,,2.85333052361384
"TPL_014","TPL_014_RUN_003",3,10.3729829007244,16.0871843279651,"broad_hfs_shifted_gamma","Burst","Broad_HFS","Burst","none","none","shifted_gamma","intermediate","none","weak","BQ_088","hfs_with_nested_burst","BQ_088",535433256,"hfs_with_nested_burst=1193655545;hfs=1455876116;hfs_shape=514436563;hfs_total=1446999243;nested_burst=893376246;nested_duration=1382970550;nested_position=362654086;point_process=535433256","3430570148afb0643ebbca0a76514eda6e16469402559e2862b5141ad1ba1bb2",0.234756364291534,4.90988084576093,0.02,31,5.71420142724066,0.184329078298086,0.526537934420979,0.352317711152874,0.148069247002545,12,"S0019",10,1,"holdout",10.3729829007244,16.0871843279651,5.71420142724066,0.234756364291534,0.02,0.184329078298086
"TPL_014","TPL_014_RUN_004",4,16.0871843279651,16.9916198418363,"background_shifted_gamma","Background","none","none","none","none","shifted_gamma","background","none","none","none","background","background_01",1144135671,"point_process=1144135671","588b4911734f3a6869447539b69778c5477ed051c0a24afe72a25148e6373ea7",0.560010151658207,3.00705868168734,0.02,2,0.904435513871214,0.452217756935607,0.459569220637475,0.64992902467475,0.316805802836004,1,"S0019",10,1,"holdout",16.0871843279651,16.9916198418363,0.904435513871214,0.560010151658207,0.02,0.452217756935607
"TPL_014","TPL_014_RUN_005",5,16.9916198418363,24.2455816746078,"tonic_shifted_gamma_generic_stress","Tonic:generic_stress","Tonic","none","none","none","shifted_gamma","generic_stress","generic_stress","none","none","tonic","generic_stress_1",307972554,"point_process=307972554","e77628a2e27f609ad8dc68f05f36077bc4dbd8208dc818957fcd0a40bfbdd9b8",0.640417362004518,4.44390545645729,0.02,10,7.25396183277154,0.725396183277154,0.345083267229454,0.416359259694429,0.196018885535317,1,"S0019",10,1,"holdout",16.9916198418363,24.2455816746078,7.25396183277154,0.640417362004518,0.02,0.725396183277154
"TPL_014","TPL_014_RUN_006",6,24.2455816746078,30.542616127836,"complex_multi_gap_mechanism","Pause:complex_multi_gap","none","Pause","complex_multi_gap","none","explicit_gap","complex_multi_gap","none","none","none","pause","complex_multi_gap_2",582531202,"point_process=582531202","722bc317c38e6e307c9a02502098c10345fccd815b5ee759e9e0f8df25e8fdbd",2.09901148440937,,,3,6.29703445322812,2.09901148440937,0.15435589260774,0.12994283203808,0.0238408766471537,1,"S0019",10,1,"holdout",24.2455816746078,30.542616127836,6.29703445322812,2.09901148440937,,2.09901148440937
"TPL_014","TPL_014_RUN_007",7,30.542616127836,33.4756696185812,"tonic_shifted_gamma_stn_like_empirical","Tonic:stn_like_empirical","Tonic","none","none","none","shifted_gamma","stn_like_empirical","stn_like_empirical","none","none","tonic","stn_like_empirical_2",1036533114,"point_process=1036533114","f3fb0dc3b5b2d0edd6492c80c448ba7766199106bd27eedffaa8435ba39f7027",0.243690270432271,14.6857103446964,0.02,10,2.9330534907452,0.29330534907452,0.252581136498006,0.267754019696692,0.0867201727965494,1,"S0019",10,1,"holdout",30.542616127836,33.4756696185812,2.9330534907452,0.243690270432271,0.02,0.29330534907452
"TPL_014","TPL_014_RUN_008",8,33.4756696185812,38.0605049393389,"canonical_mechanism","Pause:canonical","none","Pause","canonical","none","explicit_gap","canonical","none","none","none","pause","canonical_3",1144876270,"point_process=1144876270","b73b5b922c0ee5cecd53260706fcf4632de105312764df0a1e26e7f6796277c5",4.5848353207577,,,1,4.5848353207577,4.5848353207577,0,0,0,1,"S0019",10,1,"holdout",33.4756696185812,38.0605049393389,4.5848353207577,4.5848353207577,,4.5848353207577
"TPL_014","TPL_014_RUN_009",9,38.0605049393389,41.1350547234057,"background_shifted_gamma","Background","none","none","none","none","shifted_gamma","background","none","none","none","background","background_02",2033360196,"point_process=2033360196","902d1bf40cdfbae1037ee4c7f48528d1e86d99805a243074ab25345b990126bb",0.720430865138769,2.10032592026982,0.02,3,3.07454978406687,1.02484992802229,0.307875458311003,0.316629415251659,0.100833270147357,1,"S0019",10,1,"holdout",38.0605049393389,41.1350547234057,3.07454978406687,0.720430865138769,0.02,1.02484992802229
"TPL_014","TPL_014_RUN_010",10,41.1350547234057,46.4603622465914,"broad_hfs_shifted_gamma","Broad_HFS","Broad_HFS","none","none","none","shifted_gamma","irregular","none","none","none","hfs","irregular_1",1782112176,"point_process=1782112176","f5546553109b099a381f30edd1111dbff40a6a4127dcc8319f5ed5ca87cc984a",0.282274929382838,1.54293114126194,0.02,21,5.32530752318566,0.253586072532651,0.535715396549389,0.540125475380909,0.333382578225801,7,"S0019",10,1,"holdout",41.1350547234057,46.4603622465914,5.32530752318566,0.282274929382838,0.02,0.253586072532651
"TPL_014","TPL_014_RUN_011",11,46.4603622465914,47.0705144638653,"standalone_background_shifted_gamma","Burst","none","Burst","none","none","shifted_gamma","standalone_background","none","weak","BQ_040","burst","BQ_040",1074392033,"burst=1971613340;hfs=1328258615;hfs_shape=466147284;hfs_total=447911957;nested_burst=117443151;nested_duration=339338342;nested_position=1654042128;point_process=1074392033","5bfeab27ab67010c91281cf96ff47f6e7ee15c4c6baabea293fd4a5b93c86d2c",0.63844425776042,3.31526788175106,0.02,4,0.61015221727391,0.152538054318478,0.521677994621718,0.982482061840151,0.805957817794067,5,"S0019",10,1,"holdout",46.4603622465914,47.0705144638653,0.61015221727391,0.63844425776042,0.02,0.152538054318478
"TPL_014","TPL_014_RUN_012",12,47.0705144638653,47.7177451691683,"background_shifted_gamma","Background","none","none","none","none","shifted_gamma","background","none","none","none","background","background_03",1997464730,"point_process=1997464730","84364309f9b464970b43fc993409915f7602cfb07cbf250ead8981d6cd33c94d",0.605089101311751,2.83776167384349,0.02,1,0.647230705302984,0.647230705302984,0,0,0,1,"S0019",10,1,"holdout",47.0705144638653,47.7177451691683,0.647230705302984,0.605089101311751,0.02,0.647230705302984
"TPL_014","TPL_014_RUN_013",13,47.7177451691683,48.2617304438592,"standalone_background_shifted_gamma","Burst","none","Burst","none","none","shifted_gamma","standalone_background","none","moderate","BQ_041","burst","BQ_041",2067601129,"burst=333466107;hfs=1416021743;hfs_shape=1833541930;hfs_total=1184723096;nested_burst=1992619386;nested_duration=1595528282;nested_position=1199857974;point_process=2067601129","705625285b9c4de68095169caf96baa7506f034ccc161658bcfa53737ed26b8d",0.755225760559551,3.38451910242438,0.02,5,0.543985274690914,0.108797054938183,0.338177134606696,0.482063883390843,0.239850154847633,4,"S0019",10,1,"holdout",47.7177451691683,48.2617304438592,0.543985274690914,0.755225760559551,0.02,0.108797054938183
"TPL_014","TPL_014_RUN_014",14,48.2617304438592,48.8426435737272,"contextual_gap_mechanism","Contextual_Separator","none","none","none","Contextual_Separator","explicit_gap","contextual_separator","none","none","none","contextual_separator","separator_1",55683587,"point_process=55683587","70fbe03da4847425eca287780160c6153aeb4ba83ac5e1f4874879b6585f657d",0.580913129867986,,,1,0.580913129867986,0.580913129867986,0,0,0,1,"S0019",10,1,"holdout",48.2617304438592,48.8426435737272,0.580913129867986,0.580913129867986,,0.580913129867986
"TPL_014","TPL_014_RUN_015",15,48.8426435737272,49.0982490230745,"standalone_background_shifted_gamma","Burst","none","Burst","none","none","shifted_gamma","standalone_background","none","strong","BQ_042","burst","BQ_042",545937308,"burst=81016014;hfs=1436733772;hfs_shape=1460056050;hfs_total=1146721688;nested_burst=1669264234;nested_duration=1417554360;nested_position=2025368283;point_process=545937308","ef56f8cff7e26056d7416fa91b399e56181cae7ad42d3a54530e05e344475b06",0.734212599787861,3.98070701137185,0.02,3,0.255605449347268,0.0852018164490895,0.579617017119057,0.92898500941069,0.677663176505773,4,"S0019",10,1,"holdout",48.8426435737272,49.0982490230745,0.255605449347268,0.734212599787861,0.02,0.0852018164490895
"TPL_015","TPL_015_RUN_001",1,0,5.51595379608031,"broad_hfs_shifted_gamma","Burst","Broad_HFS","Burst","none","none","shifted_gamma","irregular","none","moderate","BQ_089","hfs_with_nested_burst","BQ_089",799417571,"hfs_with_nested_burst=565969749;hfs=875161935;hfs_shape=1258989196;hfs_total=9152674;nested_burst=1432150895;nested_duration=1288750331;nested_position=1398797992;point_process=799417571","2e0c62e611e8ae02f24e08026b7412480d7a332e350a3136d22bbd390160d070",0.20399398194626,1.48955081154127,0.02,34,5.51595379608031,0.162233935178833,0.737637110624203,0.617608188897336,0.446092826229474,83,"S0013",1,0.1,"holdout",0,0.551595379608031,0.551595379608031,0.020399398194626,0.002,0.0162233935178833
"TPL_015","TPL_015_RUN_002",2,5.51595379608031,6.40365536498559,"background_shifted_gamma","Background","none","none","none","none","shifted_gamma","background","none","none","none","background","background_01",436960067,"point_process=436960067","8a7bcbbd7e371314f73b247b33a99cea816d3e32e7c9214922b7d2a24cbbec45",0.736775877897162,2.82191116386093,0.02,3,0.887701568905282,0.295900522968427,0.625586608720092,1.32008538983077,1.30709544739514,1,"S0013",1,0.1,"holdout",0.551595379608031,0.640365536498559,0.0887701568905282,0.0736775877897162,0.002,0.0295900522968427
"TPL_015","TPL_015_RUN_003",3,6.40365536498559,7.23377505402718,"standalone_background_shifted_gamma","Burst","none","Burst","none","none","shifted_gamma","standalone_background","none","moderate","BQ_044","burst","BQ_044",1523968850,"burst=772729320;hfs=1361753501;hfs_shape=927373196;hfs_total=1599421913;nested_burst=779453879;nested_duration=748065035;nested_position=139360889;point_process=1523968850","b521f047c5edca380c21ae358c7f69a134cad2c34f80f89ed91776f9216cfa34",0.697295195923653,3.20666060298681,0.02,7,0.830119689041588,0.118588527005941,0.653958148695311,0.776652163173998,0.569264935403181,10,"S0013",1,0.1,"holdout",0.640365536498559,0.723377505402718,0.0830119689041588,0.0697295195923653,0.002,0.0118588527005941
"TPL_015","TPL_015_RUN_004",4,7.23377505402718,13.9862510605266,"broad_hfs_shifted_gamma","Broad_HFS","Broad_HFS","none","none","none","shifted_gamma","intermediate","none","none","none","hfs","intermediate_1",989384404,"point_process=989384404","dd1302e7f4b20206a5e5b1930eec23b1b82f055cc81c2f7ae2a834d94a0358e0",0.227329181330279,3.50614529279992,0.02,30,6.75247600649944,0.225082533549981,0.451688822671952,0.417168863594066,0.255703723266074,1,"S0013",1,0.1,"holdout",0.723377505402718,1.39862510605266,0.675247600649944,0.0227329181330279,0.002,0.0225082533549981
"TPL_015","TPL_015_RUN_005",5,13.9862510605266,16.1545637892247,"background_shifted_gamma","Background","none","none","none","none","shifted_gamma","background","none","none","none","background","background_02",1129024362,"point_process=1129024362","beee6f4bc0106066b65508b17f7201fa10558c13447d15fe219f412c6ca8cc8c",0.564207727683242,4.9259482701309,0.02,3,2.16831272869803,0.722770909566011,0.555537154001195,0.725600424491017,0.535486748059253,1,"S0013",1,0.1,"holdout",1.39862510605266,1.61545637892247,0.216831272869803,0.0564207727683242,0.002,0.0722770909566011
"TPL_015","TPL_015_RUN_006",6,16.1545637892247,22.5246368039704,"broad_hfs_shifted_gamma","Burst","Broad_HFS","Burst","none","none","shifted_gamma","regular","none","weak","BQ_090","hfs_with_nested_burst","BQ_090",402754589,"hfs_with_nested_burst=1560896;hfs=2035156446;hfs_shape=2091941011;hfs_total=450895;nested_burst=162523858;nested_duration=93539782;nested_position=237381426;point_process=402754589","6d0d70de4958bc231cfe607101dfdb9124c1cd5491c0d7abe0a3e13d214699a5",0.243682983410545,7.62579974206164,0.02,33,6.37007301474573,0.193032515598355,0.466015664661248,0.358276773685631,0.131354406793232,72,"S0013",1,0.1,"holdout",1.61545637892247,2.25246368039704,0.637007301474573,0.0243682983410545,0.002,0.0193032515598355
"TPL_015","TPL_015_RUN_007",7,22.5246368039704,26.7622587958655,"canonical_mechanism","Pause:canonical","none","Pause","canonical","none","explicit_gap","canonical","none","none","none","pause","canonical_1",749050151,"point_process=749050151","47e10460180854aa202291b9636f25d43159dc6e1c8152b6558e63e595df720f",4.23762199189514,,,1,4.23762199189514,4.23762199189514,0,0,0,1,"S0013",1,0.1,"holdout",2.25246368039704,2.67622587958655,0.423762199189514,0.423762199189514,,0.423762199189514
"TPL_015","TPL_015_RUN_008",8,26.7622587958655,27.8302725683783,"background_shifted_gamma","Background","none","none","none","none","shifted_gamma","background","none","none","none","background","background_03",2089708492,"point_process=2089708492","ccb66b3de54da9da9cd58986bf8aa60b7edd1519b9841eb6317c08a378b751ce",0.725596469955053,3.70764919102658,0.02,2,1.06801377251278,0.534006886256391,0.00204596607610569,0.00289343297298394,6.27896577686299e-06,1,"S0013",1,0.1,"holdout",2.67622587958655,2.78302725683783,0.106801377251278,0.0725596469955053,0.002,0.0534006886256391
"TPL_015","TPL_015_RUN_009",9,27.8302725683783,32.4262777362275,"tonic_shifted_gamma_generic_stress","Tonic:generic_stress","Tonic","none","none","none","shifted_gamma","generic_stress","generic_stress","none","none","tonic","generic_stress_1",588703944,"point_process=588703944","8e9b31dc934282c57f682e8b8026142e714cc9dcc0023e24919a5c4463054bf5",0.612679602159187,6.98579055350274,0.02,8,4.59600516784915,0.574500645981143,0.313444124504323,0.352941391248175,0.135352990179706,1,"S0013",1,0.1,"holdout",2.78302725683783,3.24262777362275,0.459600516784915,0.0612679602159187,0.002,0.0574500645981144
"TPL_015","TPL_015_RUN_010",10,32.4262777362275,36.7840636053378,"canonical_mechanism","Pause:canonical","none","Pause","canonical","none","explicit_gap","canonical","none","none","none","pause","canonical_2",1276545654,"point_process=1276545654","4c8fc729bdd90eca30d4096f5dc10e9da670a48cec24950508af3221fb73475c",4.35778586911038,,,1,4.35778586911038,4.35778586911038,0,0,0,1,"S0013",1,0.1,"holdout",3.24262777362275,3.67840636053378,0.435778586911038,0.435778586911038,,0.435778586911038
"TPL_015","TPL_015_RUN_011",11,36.7840636053378,37.9918707238056,"background_shifted_gamma","Background","none","none","none","none","shifted_gamma","background","none","none","none","background","background_04",1733570817,"point_process=1733570817","32479fec79ded3912c54127975ac1338b40c7bce0cb93c10624ec2dee44a5c07",0.565260278887581,4.98794070223812,0.02,2,1.20780711846781,0.603903559233905,0.778051092561204,1.10033040731926,0.908045253953526,1,"S0013",1,0.1,"holdout",3.67840636053378,3.79918707238056,0.120780711846781,0.0565260278887581,0.002,0.0603903559233905
"TPL_015","TPL_015_RUN_012",12,37.9918707238056,38.4923926250809,"standalone_background_shifted_gamma","Burst","none","Burst","none","none","shifted_gamma","standalone_background","none","strong","BQ_045","burst","BQ_045",2026064478,"burst=441018129;hfs=125425556;hfs_shape=667359819;hfs_total=473810729;nested_burst=545035034;nested_duration=1051768089;nested_position=1409918369;point_process=2026064478","3b1f8562320e8cf21d94044df3970fde20ddc65c8b35f26e6ee81357a3a8a114",0.62371545775095,3.06235294863582,0.02,8,0.500521901275276,0.0625652376594094,0.246765532362267,0.226707750732938,0.0563223257827054,3,"S0013",1,0.1,"holdout",3.79918707238056,3.84923926250809,0.0500521901275276,0.062371545775095,0.002,0.00625652376594094
"TPL_015","TPL_015_RUN_013",13,38.4923926250809,39.0692060363279,"contextual_gap_mechanism","Contextual_Separator","none","none","none","Contextual_Separator","explicit_gap","contextual_separator","none","none","none","contextual_separator","separator_1",1674260240,"point_process=1674260240","afee0fa9ed394aaa9b751440689abcc47f9063e78824b450a0cc1b2649a89448",0.576813411246985,,,1,0.576813411246985,0.576813411246985,0,0,0,1,"S0013",1,0.1,"holdout",3.84923926250809,3.90692060363279,0.0576813411246985,0.0576813411246985,,0.0576813411246985
"TPL_015","TPL_015_RUN_014",14,39.0692060363279,39.7882420862499,"standalone_background_shifted_gamma","Burst","none","Burst","none","none","shifted_gamma","standalone_background","none","weak","BQ_043","burst","BQ_043",326940857,"burst=438705476;hfs=1702448859;hfs_shape=1122389279;hfs_total=91945741;nested_burst=1301179105;nested_duration=1260661190;nested_position=123024555;point_process=326940857","18d018d974b3506b1f45bacf3161bfef5713e4a1f3232700005a012fd7c31983",0.622576999315061,2.58133904859424,0.02,6,0.719036049921949,0.119839341653658,0.405963408556701,0.641976907401662,0.364106637968416,2,"S0013",1,0.1,"holdout",3.90692060363279,3.97882420862499,0.0719036049921949,0.0622576999315061,0.002,0.0119839341653658
"TPL_015","TPL_015_RUN_015",15,39.7882420862499,41.1432588875103,"background_shifted_gamma","Background","none","none","none","none","shifted_gamma","background","none","none","none","background","background_05",1706169069,"point_process=1706169069","2e466ac6dd33c432177dbe7c4662b9bd9c3d371788f8c696420c88996e053c17",0.786368316574954,2.94956372107845,0.02,2,1.35501680126048,0.677508400630242,0.2090772155369,0.295679833795487,0.0655699230849952,1,"S0013",1,0.1,"holdout",3.97882420862499,4.11432588875103,0.135501680126048,0.0786368316574954,0.002,0.0677508400630242
"TPL_015","TPL_015_RUN_016",16,41.1432588875103,43.6001458850028,"tonic_shifted_gamma_stn_like_empirical","Tonic:stn_like_empirical","Tonic","none","none","none","shifted_gamma","stn_like_empirical","stn_like_empirical","none","none","tonic","stn_like_empirical_2",1323412250,"point_process=1323412250","208a2fdc949bd2d089d2dd0ae58ea878cec0a7d461d91aa129f152b24f778f93",0.291360504855402,9.43312525656074,0.02,8,2.45688699749248,0.30711087468656,0.312467960914642,0.495833595012607,0.25236583015316,1,"S0013",1,0.1,"holdout",4.11432588875103,4.36001458850028,0.245688699749248,0.0291360504855402,0.002,0.030711087468656
"TPL_015","TPL_015_RUN_001",1,0,5.51595379608031,"broad_hfs_shifted_gamma","Burst","Broad_HFS","Burst","none","none","shifted_gamma","irregular","none","moderate","BQ_089","hfs_with_nested_burst","BQ_089",799417571,"hfs_with_nested_burst=565969749;hfs=875161935;hfs_shape=1258989196;hfs_total=9152674;nested_burst=1432150895;nested_duration=1288750331;nested_position=1398797992;point_process=799417571","2e0c62e611e8ae02f24e08026b7412480d7a332e350a3136d22bbd390160d070",0.20399398194626,1.48955081154127,0.02,34,5.51595379608031,0.162233935178833,0.737637110624203,0.617608188897336,0.446092826229474,83,"S0038",4,0.4,"holdout",0,2.20638151843213,2.20638151843213,0.0815975927785039,0.008,0.0648935740715331
"TPL_015","TPL_015_RUN_002",2,5.51595379608031,6.40365536498559,"background_shifted_gamma","Background","none","none","none","none","shifted_gamma","background","none","none","none","background","background_01",436960067,"point_process=436960067","8a7bcbbd7e371314f73b247b33a99cea816d3e32e7c9214922b7d2a24cbbec45",0.736775877897162,2.82191116386093,0.02,3,0.887701568905282,0.295900522968427,0.625586608720092,1.32008538983077,1.30709544739514,1,"S0038",4,0.4,"holdout",2.20638151843213,2.56146214599424,0.355080627562113,0.294710351158865,0.008,0.118360209187371
"TPL_015","TPL_015_RUN_003",3,6.40365536498559,7.23377505402718,"standalone_background_shifted_gamma","Burst","none","Burst","none","none","shifted_gamma","standalone_background","none","moderate","BQ_044","burst","BQ_044",1523968850,"burst=772729320;hfs=1361753501;hfs_shape=927373196;hfs_total=1599421913;nested_burst=779453879;nested_duration=748065035;nested_position=139360889;point_process=1523968850","b521f047c5edca380c21ae358c7f69a134cad2c34f80f89ed91776f9216cfa34",0.697295195923653,3.20666060298681,0.02,7,0.830119689041588,0.118588527005941,0.653958148695311,0.776652163173998,0.569264935403181,10,"S0038",4,0.4,"holdout",2.56146214599424,2.89351002161087,0.332047875616635,0.278918078369461,0.008,0.0474354108023765
"TPL_015","TPL_015_RUN_004",4,7.23377505402718,13.9862510605266,"broad_hfs_shifted_gamma","Broad_HFS","Broad_HFS","none","none","none","shifted_gamma","intermediate","none","none","none","hfs","intermediate_1",989384404,"point_process=989384404","dd1302e7f4b20206a5e5b1930eec23b1b82f055cc81c2f7ae2a834d94a0358e0",0.227329181330279,3.50614529279992,0.02,30,6.75247600649944,0.225082533549981,0.451688822671952,0.417168863594066,0.255703723266074,1,"S0038",4,0.4,"holdout",2.89351002161087,5.59450042421065,2.70099040259978,0.0909316725321114,0.008,0.0900330134199925
"TPL_015","TPL_015_RUN_005",5,13.9862510605266,16.1545637892247,"background_shifted_gamma","Background","none","none","none","none","shifted_gamma","background","none","none","none","background","background_02",1129024362,"point_process=1129024362","beee6f4bc0106066b65508b17f7201fa10558c13447d15fe219f412c6ca8cc8c",0.564207727683242,4.9259482701309,0.02,3,2.16831272869803,0.722770909566011,0.555537154001195,0.725600424491017,0.535486748059253,1,"S0038",4,0.4,"holdout",5.59450042421065,6.46182551568986,0.867325091479213,0.225683091073297,0.008,0.289108363826404
"TPL_015","TPL_015_RUN_006",6,16.1545637892247,22.5246368039704,"broad_hfs_shifted_gamma","Burst","Broad_HFS","Burst","none","none","shifted_gamma","regular","none","weak","BQ_090","hfs_with_nested_burst","BQ_090",402754589,"hfs_with_nested_burst=1560896;hfs=2035156446;hfs_shape=2091941011;hfs_total=450895;nested_burst=162523858;nested_duration=93539782;nested_position=237381426;point_process=402754589","6d0d70de4958bc231cfe607101dfdb9124c1cd5491c0d7abe0a3e13d214699a5",0.243682983410545,7.62579974206164,0.02,33,6.37007301474573,0.193032515598355,0.466015664661248,0.358276773685631,0.131354406793232,72,"S0038",4,0.4,"holdout",6.46182551568986,9.00985472158815,2.54802920589829,0.0974731933642179,0.008,0.0772130062393422
"TPL_015","TPL_015_RUN_007",7,22.5246368039704,26.7622587958655,"canonical_mechanism","Pause:canonical","none","Pause","canonical","none","explicit_gap","canonical","none","none","none","pause","canonical_1",749050151,"point_process=749050151","47e10460180854aa202291b9636f25d43159dc6e1c8152b6558e63e595df720f",4.23762199189514,,,1,4.23762199189514,4.23762199189514,0,0,0,1,"S0038",4,0.4,"holdout",9.00985472158815,10.7049035183462,1.69504879675806,1.69504879675806,,1.69504879675806
"TPL_015","TPL_015_RUN_008",8,26.7622587958655,27.8302725683783,"background_shifted_gamma","Background","none","none","none","none","shifted_gamma","background","none","none","none","background","background_03",2089708492,"point_process=2089708492","ccb66b3de54da9da9cd58986bf8aa60b7edd1519b9841eb6317c08a378b751ce",0.725596469955053,3.70764919102658,0.02,2,1.06801377251278,0.534006886256391,0.00204596607610569,0.00289343297298394,6.27896577686299e-06,1,"S0038",4,0.4,"holdout",10.7049035183462,11.1321090273513,0.427205509005113,0.290238587982021,0.008,0.213602754502556
"TPL_015","TPL_015_RUN_009",9,27.8302725683783,32.4262777362275,"tonic_shifted_gamma_generic_stress","Tonic:generic_stress","Tonic","none","none","none","shifted_gamma","generic_stress","generic_stress","none","none","tonic","generic_stress_1",588703944,"point_process=588703944","8e9b31dc934282c57f682e8b8026142e714cc9dcc0023e24919a5c4463054bf5",0.612679602159187,6.98579055350274,0.02,8,4.59600516784915,0.574500645981143,0.313444124504323,0.352941391248175,0.135352990179706,1,"S0038",4,0.4,"holdout",11.1321090273513,12.970511094491,1.83840206713966,0.245071840863675,0.008,0.229800258392457
"TPL_015","TPL_015_RUN_010",10,32.4262777362275,36.7840636053378,"canonical_mechanism","Pause:canonical","none","Pause","canonical","none","explicit_gap","canonical","none","none","none","pause","canonical_2",1276545654,"point_process=1276545654","4c8fc729bdd90eca30d4096f5dc10e9da670a48cec24950508af3221fb73475c",4.35778586911038,,,1,4.35778586911038,4.35778586911038,0,0,0,1,"S0038",4,0.4,"holdout",12.970511094491,14.7136254421351,1.74311434764415,1.74311434764415,,1.74311434764415
"TPL_015","TPL_015_RUN_011",11,36.7840636053378,37.9918707238056,"background_shifted_gamma","Background","none","none","none","none","shifted_gamma","background","none","none","none","background","background_04",1733570817,"point_process=1733570817","32479fec79ded3912c54127975ac1338b40c7bce0cb93c10624ec2dee44a5c07",0.565260278887581,4.98794070223812,0.02,2,1.20780711846781,0.603903559233905,0.778051092561204,1.10033040731926,0.908045253953526,1,"S0038",4,0.4,"holdout",14.7136254421351,15.1967482895223,0.483122847387124,0.226104111555032,0.008,0.241561423693562
"TPL_015","TPL_015_RUN_012",12,37.9918707238056,38.4923926250809,"standalone_background_shifted_gamma","Burst","none","Burst","none","none","shifted_gamma","standalone_background","none","strong","BQ_045","burst","BQ_045",2026064478,"burst=441018129;hfs=125425556;hfs_shape=667359819;hfs_total=473810729;nested_burst=545035034;nested_duration=1051768089;nested_position=1409918369;point_process=2026064478","3b1f8562320e8cf21d94044df3970fde20ddc65c8b35f26e6ee81357a3a8a114",0.62371545775095,3.06235294863582,0.02,8,0.500521901275276,0.0625652376594094,0.246765532362267,0.226707750732938,0.0563223257827054,3,"S0038",4,0.4,"holdout",15.1967482895223,15.3969570500324,0.20020876051011,0.24948618310038,0.008,0.0250260950637638
"TPL_015","TPL_015_RUN_013",13,38.4923926250809,39.0692060363279,"contextual_gap_mechanism","Contextual_Separator","none","none","none","Contextual_Separator","explicit_gap","contextual_separator","none","none","none","contextual_separator","separator_1",1674260240,"point_process=1674260240","afee0fa9ed394aaa9b751440689abcc47f9063e78824b450a0cc1b2649a89448",0.576813411246985,,,1,0.576813411246985,0.576813411246985,0,0,0,1,"S0038",4,0.4,"holdout",15.3969570500324,15.6276824145312,0.230725364498794,0.230725364498794,,0.230725364498794
"TPL_015","TPL_015_RUN_014",14,39.0692060363279,39.7882420862499,"standalone_background_shifted_gamma","Burst","none","Burst","none","none","shifted_gamma","standalone_background","none","weak","BQ_043","burst","BQ_043",326940857,"burst=438705476;hfs=1702448859;hfs_shape=1122389279;hfs_total=91945741;nested_burst=1301179105;nested_duration=1260661190;nested_position=123024555;point_process=326940857","18d018d974b3506b1f45bacf3161bfef5713e4a1f3232700005a012fd7c31983",0.622576999315061,2.58133904859424,0.02,6,0.719036049921949,0.119839341653658,0.405963408556701,0.641976907401662,0.364106637968416,2,"S0038",4,0.4,"holdout",15.6276824145312,15.9152968344999,0.28761441996878,0.249030799726024,0.008,0.0479357366614633
"TPL_015","TPL_015_RUN_015",15,39.7882420862499,41.1432588875103,"background_shifted_gamma","Background","none","none","none","none","shifted_gamma","background","none","none","none","background","background_05",1706169069,"point_process=1706169069","2e466ac6dd33c432177dbe7c4662b9bd9c3d371788f8c696420c88996e053c17",0.786368316574954,2.94956372107845,0.02,2,1.35501680126048,0.677508400630242,0.2090772155369,0.295679833795487,0.0655699230849952,1,"S0038",4,0.4,"holdout",15.9152968344999,16.4573035550041,0.542006720504194,0.314547326629981,0.008,0.271003360252097
"TPL_015","TPL_015_RUN_016",16,41.1432588875103,43.6001458850028,"tonic_shifted_gamma_stn_like_empirical","Tonic:stn_like_empirical","Tonic","none","none","none","shifted_gamma","stn_like_empirical","stn_like_empirical","none","none","tonic","stn_like_empirical_2",1323412250,"point_process=1323412250","208a2fdc949bd2d089d2dd0ae58ea878cec0a7d461d91aa129f152b24f778f93",0.291360504855402,9.43312525656074,0.02,8,2.45688699749248,0.30711087468656,0.312467960914642,0.495833595012607,0.25236583015316,1,"S0038",4,0.4,"holdout",16.4573035550041,17.4400583540011,0.982754798996991,0.116544201942161,0.008,0.122844349874624
"TPL_015","TPL_015_RUN_001",1,0,5.51595379608031,"broad_hfs_shifted_gamma","Burst","Broad_HFS","Burst","none","none","shifted_gamma","irregular","none","moderate","BQ_089","hfs_with_nested_burst","BQ_089",799417571,"hfs_with_nested_burst=565969749;hfs=875161935;hfs_shape=1258989196;hfs_total=9152674;nested_burst=1432150895;nested_duration=1288750331;nested_position=1398797992;point_process=799417571","2e0c62e611e8ae02f24e08026b7412480d7a332e350a3136d22bbd390160d070",0.20399398194626,1.48955081154127,0.02,34,5.51595379608031,0.162233935178833,0.737637110624203,0.617608188897336,0.446092826229474,83,"S0018",10,1,"holdout",0,5.51595379608031,5.51595379608031,0.20399398194626,0.02,0.162233935178833
"TPL_015","TPL_015_RUN_002",2,5.51595379608031,6.40365536498559,"background_shifted_gamma","Background","none","none","none","none","shifted_gamma","background","none","none","none","background","background_01",436960067,"point_process=436960067","8a7bcbbd7e371314f73b247b33a99cea816d3e32e7c9214922b7d2a24cbbec45",0.736775877897162,2.82191116386093,0.02,3,0.887701568905282,0.295900522968427,0.625586608720092,1.32008538983077,1.30709544739514,1,"S0018",10,1,"holdout",5.51595379608031,6.40365536498559,0.887701568905282,0.736775877897162,0.02,0.295900522968427
"TPL_015","TPL_015_RUN_003",3,6.40365536498559,7.23377505402718,"standalone_background_shifted_gamma","Burst","none","Burst","none","none","shifted_gamma","standalone_background","none","moderate","BQ_044","burst","BQ_044",1523968850,"burst=772729320;hfs=1361753501;hfs_shape=927373196;hfs_total=1599421913;nested_burst=779453879;nested_duration=748065035;nested_position=139360889;point_process=1523968850","b521f047c5edca380c21ae358c7f69a134cad2c34f80f89ed91776f9216cfa34",0.697295195923653,3.20666060298681,0.02,7,0.830119689041588,0.118588527005941,0.653958148695311,0.776652163173998,0.569264935403181,10,"S0018",10,1,"holdout",6.40365536498559,7.23377505402718,0.830119689041588,0.697295195923653,0.02,0.118588527005941
"TPL_015","TPL_015_RUN_004",4,7.23377505402718,13.9862510605266,"broad_hfs_shifted_gamma","Broad_HFS","Broad_HFS","none","none","none","shifted_gamma","intermediate","none","none","none","hfs","intermediate_1",989384404,"point_process=989384404","dd1302e7f4b20206a5e5b1930eec23b1b82f055cc81c2f7ae2a834d94a0358e0",0.227329181330279,3.50614529279992,0.02,30,6.75247600649944,0.225082533549981,0.451688822671952,0.417168863594066,0.255703723266074,1,"S0018",10,1,"holdout",7.23377505402718,13.9862510605266,6.75247600649944,0.227329181330279,0.02,0.225082533549981
"TPL_015","TPL_015_RUN_005",5,13.9862510605266,16.1545637892247,"background_shifted_gamma","Background","none","none","none","none","shifted_gamma","background","none","none","none","background","background_02",1129024362,"point_process=1129024362","beee6f4bc0106066b65508b17f7201fa10558c13447d15fe219f412c6ca8cc8c",0.564207727683242,4.9259482701309,0.02,3,2.16831272869803,0.722770909566011,0.555537154001195,0.725600424491017,0.535486748059253,1,"S0018",10,1,"holdout",13.9862510605266,16.1545637892247,2.16831272869803,0.564207727683242,0.02,0.722770909566011
"TPL_015","TPL_015_RUN_006",6,16.1545637892247,22.5246368039704,"broad_hfs_shifted_gamma","Burst","Broad_HFS","Burst","none","none","shifted_gamma","regular","none","weak","BQ_090","hfs_with_nested_burst","BQ_090",402754589,"hfs_with_nested_burst=1560896;hfs=2035156446;hfs_shape=2091941011;hfs_total=450895;nested_burst=162523858;nested_duration=93539782;nested_position=237381426;point_process=402754589","6d0d70de4958bc231cfe607101dfdb9124c1cd5491c0d7abe0a3e13d214699a5",0.243682983410545,7.62579974206164,0.02,33,6.37007301474573,0.193032515598355,0.466015664661248,0.358276773685631,0.131354406793232,72,"S0018",10,1,"holdout",16.1545637892247,22.5246368039704,6.37007301474573,0.243682983410545,0.02,0.193032515598355
"TPL_015","TPL_015_RUN_007",7,22.5246368039704,26.7622587958655,"canonical_mechanism","Pause:canonical","none","Pause","canonical","none","explicit_gap","canonical","none","none","none","pause","canonical_1",749050151,"point_process=749050151","47e10460180854aa202291b9636f25d43159dc6e1c8152b6558e63e595df720f",4.23762199189514,,,1,4.23762199189514,4.23762199189514,0,0,0,1,"S0018",10,1,"holdout",22.5246368039704,26.7622587958655,4.23762199189514,4.23762199189514,,4.23762199189514
"TPL_015","TPL_015_RUN_008",8,26.7622587958655,27.8302725683783,"background_shifted_gamma","Background","none","none","none","none","shifted_gamma","background","none","none","none","background","background_03",2089708492,"point_process=2089708492","ccb66b3de54da9da9cd58986bf8aa60b7edd1519b9841eb6317c08a378b751ce",0.725596469955053,3.70764919102658,0.02,2,1.06801377251278,0.534006886256391,0.00204596607610569,0.00289343297298394,6.27896577686299e-06,1,"S0018",10,1,"holdout",26.7622587958655,27.8302725683783,1.06801377251278,0.725596469955053,0.02,0.534006886256391
"TPL_015","TPL_015_RUN_009",9,27.8302725683783,32.4262777362275,"tonic_shifted_gamma_generic_stress","Tonic:generic_stress","Tonic","none","none","none","shifted_gamma","generic_stress","generic_stress","none","none","tonic","generic_stress_1",588703944,"point_process=588703944","8e9b31dc934282c57f682e8b8026142e714cc9dcc0023e24919a5c4463054bf5",0.612679602159187,6.98579055350274,0.02,8,4.59600516784915,0.574500645981143,0.313444124504323,0.352941391248175,0.135352990179706,1,"S0018",10,1,"holdout",27.8302725683783,32.4262777362275,4.59600516784915,0.612679602159187,0.02,0.574500645981143
"TPL_015","TPL_015_RUN_010",10,32.4262777362275,36.7840636053378,"canonical_mechanism","Pause:canonical","none","Pause","canonical","none","explicit_gap","canonical","none","none","none","pause","canonical_2",1276545654,"point_process=1276545654","4c8fc729bdd90eca30d4096f5dc10e9da670a48cec24950508af3221fb73475c",4.35778586911038,,,1,4.35778586911038,4.35778586911038,0,0,0,1,"S0018",10,1,"holdout",32.4262777362275,36.7840636053378,4.35778586911038,4.35778586911038,,4.35778586911038
"TPL_015","TPL_015_RUN_011",11,36.7840636053378,37.9918707238056,"background_shifted_gamma","Background","none","none","none","none","shifted_gamma","background","none","none","none","background","background_04",1733570817,"point_process=1733570817","32479fec79ded3912c54127975ac1338b40c7bce0cb93c10624ec2dee44a5c07",0.565260278887581,4.98794070223812,0.02,2,1.20780711846781,0.603903559233905,0.778051092561204,1.10033040731926,0.908045253953526,1,"S0018",10,1,"holdout",36.7840636053378,37.9918707238056,1.20780711846781,0.565260278887581,0.02,0.603903559233905
"TPL_015","TPL_015_RUN_012",12,37.9918707238056,38.4923926250809,"standalone_background_shifted_gamma","Burst","none","Burst","none","none","shifted_gamma","standalone_background","none","strong","BQ_045","burst","BQ_045",2026064478,"burst=441018129;hfs=125425556;hfs_shape=667359819;hfs_total=473810729;nested_burst=545035034;nested_duration=1051768089;nested_position=1409918369;point_process=2026064478","3b1f8562320e8cf21d94044df3970fde20ddc65c8b35f26e6ee81357a3a8a114",0.62371545775095,3.06235294863582,0.02,8,0.500521901275276,0.0625652376594094,0.246765532362267,0.226707750732938,0.0563223257827054,3,"S0018",10,1,"holdout",37.9918707238056,38.4923926250809,0.500521901275276,0.62371545775095,0.02,0.0625652376594094
"TPL_015","TPL_015_RUN_013",13,38.4923926250809,39.0692060363279,"contextual_gap_mechanism","Contextual_Separator","none","none","none","Contextual_Separator","explicit_gap","contextual_separator","none","none","none","contextual_separator","separator_1",1674260240,"point_process=1674260240","afee0fa9ed394aaa9b751440689abcc47f9063e78824b450a0cc1b2649a89448",0.576813411246985,,,1,0.576813411246985,0.576813411246985,0,0,0,1,"S0018",10,1,"holdout",38.4923926250809,39.0692060363279,0.576813411246985,0.576813411246985,,0.576813411246985
"TPL_015","TPL_015_RUN_014",14,39.0692060363279,39.7882420862499,"standalone_background_shifted_gamma","Burst","none","Burst","none","none","shifted_gamma","standalone_background","none","weak","BQ_043","burst","BQ_043",326940857,"burst=438705476;hfs=1702448859;hfs_shape=1122389279;hfs_total=91945741;nested_burst=1301179105;nested_duration=1260661190;nested_position=123024555;point_process=326940857","18d018d974b3506b1f45bacf3161bfef5713e4a1f3232700005a012fd7c31983",0.622576999315061,2.58133904859424,0.02,6,0.719036049921949,0.119839341653658,0.405963408556701,0.641976907401662,0.364106637968416,2,"S0018",10,1,"holdout",39.0692060363279,39.7882420862499,0.719036049921949,0.622576999315061,0.02,0.119839341653658
"TPL_015","TPL_015_RUN_015",15,39.7882420862499,41.1432588875103,"background_shifted_gamma","Background","none","none","none","none","shifted_gamma","background","none","none","none","background","background_05",1706169069,"point_process=1706169069","2e466ac6dd33c432177dbe7c4662b9bd9c3d371788f8c696420c88996e053c17",0.786368316574954,2.94956372107845,0.02,2,1.35501680126048,0.677508400630242,0.2090772155369,0.295679833795487,0.0655699230849952,1,"S0018",10,1,"holdout",39.7882420862499,41.1432588875103,1.35501680126048,0.786368316574954,0.02,0.677508400630242
"TPL_015","TPL_015_RUN_016",16,41.1432588875103,43.6001458850028,"tonic_shifted_gamma_stn_like_empirical","Tonic:stn_like_empirical","Tonic","none","none","none","shifted_gamma","stn_like_empirical","stn_like_empirical","none","none","tonic","stn_like_empirical_2",1323412250,"point_process=1323412250","208a2fdc949bd2d089d2dd0ae58ea878cec0a7d461d91aa129f152b24f778f93",0.291360504855402,9.43312525656074,0.02,8,2.45688699749248,0.30711087468656,0.312467960914642,0.495833595012607,0.25236583015316,1,"S0018",10,1,"holdout",41.1432588875103,43.6001458850028,2.45688699749248,0.291360504855402,0.02,0.30711087468656
"TPL_016","TPL_016_RUN_001",1,0,0.449402560370917,"standalone_background_shifted_gamma","Burst","none","Burst","none","none","shifted_gamma","standalone_background","none","weak","BQ_046","burst","BQ_046",1547630690,"burst=26700092;hfs=1501304487;hfs_shape=116283060;hfs_total=2002240824;nested_burst=2110285959;nested_duration=521953250;nested_position=704376287;point_process=1547630690","89a5f85d8f38735e7b9cb48efec57c65f355a5f8c5a611afeda2a3424a35f9f0",0.642840663809329,4.00893808379769,0.02,4,0.449402560370917,0.112350640092729,0.209374042061624,0.241316879715756,0.0767848177874164,6,"S0010",1,0.1,"holdout",0,0.0449402560370917,0.0449402560370917,0.0642840663809329,0.002,0.0112350640092729
"TPL_016","TPL_016_RUN_002",2,0.449402560370917,0.991744402966405,"contextual_gap_mechanism","Contextual_Separator","none","none","none","Contextual_Separator","explicit_gap","contextual_separator","none","none","none","contextual_separator","separator_1",602338983,"point_process=602338983","74923befb4c70f7b6bd6953302099aacf9a22dea8d4af7cd80fd15ca96e96257",0.542341842595488,,,1,0.542341842595488,0.542341842595488,0,0,0,1,"S0010",1,0.1,"holdout",0.0449402560370917,0.0991744402966405,0.0542341842595488,0.0542341842595488,,0.0542341842595488
"TPL_016","TPL_016_RUN_003",3,0.991744402966405,1.66553514678518,"standalone_background_shifted_gamma","Burst","none","Burst","none","none","shifted_gamma","standalone_background","none","moderate","BQ_047","burst","BQ_047",1221362904,"burst=474911024;hfs=520244275;hfs_shape=376375424;hfs_total=1012079557;nested_burst=1972386655;nested_duration=2123605695;nested_position=517281327;point_process=1221362904","49ca5bc74c650f284ff07b3e06ec5b915932aa0bb77acebd4910fc8305bd1379",0.786331038747448,3.92524946555495,0.02,5,0.673790743818778,0.134758148763756,0.373125951058013,0.473042725846129,0.195029292723453,11,"S0010",1,0.1,"holdout",0.0991744402966405,0.166553514678518,0.0673790743818778,0.0786331038747449,0.002,0.0134758148763756
"TPL_016","TPL_016_RUN_004",4,1.66553514678518,5.38216299397219,"broad_hfs_shifted_gamma","Broad_HFS","Broad_HFS","none","none","none","shifted_gamma","irregular","none","none","none","hfs","irregular_1",401374836,"point_process=401374836","ffd5f9d144ac11eafdcb7a4662aee9936d8fe8e23a2eb4e6a10df21b17d8386e",0.190998525372706,1.67615891285241,0.02,21,3.71662784718701,0.176982278437476,0.645271580647106,0.70297383735485,0.504580549819232,4,"S0010",1,0.1,"holdout",0.166553514678518,0.538216299397219,0.371662784718701,0.0190998525372706,0.002,0.0176982278437476
"TPL_016","TPL_016_RUN_005",5,5.38216299397219,5.74445214606845,"standalone_background_shifted_gamma","Burst","none","Burst","none","none","shifted_gamma","standalone_background","none","strong","BQ_048","burst","BQ_048",873694719,"burst=1727658259;hfs=1288406681;hfs_shape=1559697287;hfs_total=16652897;nested_burst=716186438;nested_duration=1606179542;nested_position=1012744314;point_process=873694719","4d9ba12a71868b6d5089fc5daf1ef76e5cc05e9420d82f47d8477d1d448b51e2",0.545160685782321,4.83933091461658,0.02,6,0.362289152096265,0.0603815253493775,0.2391352980633,0.221893378689737,0.0701494843582462,4,"S0010",1,0.1,"holdout",0.538216299397219,0.574445214606845,0.0362289152096265,0.0545160685782321,0.002,0.00603815253493775
"TPL_016","TPL_016_RUN_006",6,5.74445214606845,6.81511430443994,"background_shifted_gamma","Background","none","none","none","none","shifted_gamma","background","none","none","none","background","background_01",216046339,"point_process=216046339","5010f8d7923b66c1071b42ee1cc30134dd612b3200d8bc59c2b418a96f56402f",0.630004119488876,3.77550519048236,0.02,2,1.07066215837148,0.535331079185741,0.569857503097613,0.805900209500712,0.487106360754969,1,"S0010",1,0.1,"holdout",0.574445214606845,0.681511430443994,0.107066215837148,0.0630004119488876,0.002,0.0535331079185741
"TPL_016","TPL_016_RUN_007",7,6.81511430443994,9.45555695051792,"tonic_shifted_gamma_stn_like_empirical","Tonic:stn_like_empirical","Tonic","none","none","none","shifted_gamma","stn_like_empirical","stn_like_empirical","none","none","tonic","stn_like_empirical_1",1770607672,"point_process=1770607672","11e19baae59f863cc23311a2f8404f00913117ce99ac6326a2909c7b87b803dd",0.338926592632197,14.8320113371592,0.02,8,2.64044264607798,0.330055330759748,0.174191269021988,0.14485196270993,0.0291900688483178,1,"S0010",1,0.1,"holdout",0.681511430443994,0.945555695051792,0.264044264607798,0.0338926592632197,0.002,0.0330055330759748
"TPL_016","TPL_016_RUN_008",8,9.45555695051792,13.8753775684023,"canonical_mechanism","Pause:canonical","none","Pause","canonical","none","explicit_gap","canonical","none","none","none","pause","canonical_1",848666093,"point_process=848666093","f3a1d659d63b89b62b27e2a3d2e4d9eed6c7fecb39e7c2ce1dabccf8b3079e0e",4.4198206178844,,,1,4.4198206178844,4.4198206178844,0,0,0,1,"S0010",1,0.1,"holdout",0.945555695051792,1.38753775684023,0.44198206178844,0.44198206178844,,0.44198206178844
"TPL_016","TPL_016_RUN_009",9,13.8753775684023,14.940953501598,"background_shifted_gamma","Background","none","none","none","none","shifted_gamma","background","none","none","none","background","background_02",1164432398,"point_process=1164432398","96c4ed2e5ff68ec8c69d852ff477d53c5d907cf2e4e8a42df897399a45418d80",0.793395863857586,4.92548165423796,0.02,2,1.06557593319571,0.532787966597857,0.284750891657653,0.402698572880085,0.121624605449743,1,"S0010",1,0.1,"holdout",1.38753775684023,1.4940953501598,0.106557593319571,0.0793395863857586,0.002,0.0532787966597857
"TPL_016","TPL_016_RUN_010",10,14.940953501598,23.5467565194514,"broad_hfs_shifted_gamma","Burst","Broad_HFS","Burst","none","none","shifted_gamma","regular","none","weak","BQ_091","hfs_with_nested_burst","BQ_091",969254449,"hfs_with_nested_burst=1674703971;hfs=1835977723;hfs_shape=351746369;hfs_total=1612140963;nested_burst=998119743;nested_duration=6767658;nested_position=868304998;point_process=969254449","0955bb7720b8e0dc90e7e47fbc79998dd3606ddedcb13861044adf766689c087",0.304534091395326,10.1503339880146,0.02,32,8.60580301785337,0.268931344307918,0.364063490571927,0.324767014205516,0.127717190943951,2,"S0010",1,0.1,"holdout",1.4940953501598,2.35467565194514,0.860580301785337,0.0304534091395326,0.002,0.0268931344307918
"TPL_016","TPL_016_RUN_011",11,23.5467565194514,28.3724934051089,"canonical_mechanism","Pause:canonical","none","Pause","canonical","none","explicit_gap","canonical","none","none","none","pause","canonical_2",640915784,"point_process=640915784","2fa4927ca6e16172cd5305cd11bbac2a4b7844b79a3d2b267a9e8ddb914846ef",4.82573688565753,,,1,4.82573688565753,4.82573688565753,0,0,0,1,"S0010",1,0.1,"holdout",2.35467565194514,2.83724934051089,0.482573688565753,0.482573688565753,,0.482573688565753
"TPL_016","TPL_016_RUN_012",12,28.3724934051089,35.9245453587153,"broad_hfs_shifted_gamma","Burst","Broad_HFS","Burst","none","none","shifted_gamma","intermediate","none","strong","BQ_092","hfs_with_nested_burst","BQ_092",230950389,"hfs_with_nested_burst=250029093;hfs=1742753073;hfs_shape=1677001325;hfs_total=1443811357;nested_burst=307130246;nested_duration=1262749060;nested_position=1141375978;point_process=230950389","3a40eec2e9a65d371f232dc65a19bc8062910a4850fd20f1340078d9e8656fff",0.250160420360044,4.48068136149086,0.02,34,7.5520519536064,0.222119175106071,0.672446020267722,0.40220521639978,0.211847658286178,1485,"S0010",1,0.1,"holdout",2.83724934051089,3.59245453587153,0.75520519536064,0.0250160420360044,0.002,0.0222119175106071
"TPL_016","TPL_016_RUN_013",13,35.9245453587153,44.5832154806139,"tonic_shifted_gamma_generic_stress","Tonic:generic_stress","Tonic","none","none","none","shifted_gamma","generic_stress","generic_stress","none","none","tonic","generic_stress_2",345940,"point_process=345940","4b09f79e703ca4175f80e5a9f05775618ff4ff389d26dab58b05d5703c62e275",0.821710266475566,7.69683759054169,0.02,11,8.6586701218986,0.787151829263509,0.328080281628003,0.313369369656541,0.0965177486581614,1,"S0010",1,0.1,"holdout",3.59245453587153,4.45832154806139,0.86586701218986,0.0821710266475566,0.002,0.0787151829263509
"TPL_016","TPL_016_RUN_014",14,44.5832154806139,50.4055542297097,"complex_multi_gap_mechanism","Pause:complex_multi_gap","none","Pause","complex_multi_gap","none","explicit_gap","complex_multi_gap","none","none","none","pause","complex_multi_gap_3",1101906452,"point_process=1101906452","34554129bd0653f248a4dde83699a22cddf79a9b76eabb9d0850629fce8ccae8",2.9111693745479,,,2,5.8223387490958,2.9111693745479,0.0575879381469698,0.0814416431565476,0.00497455593002883,2,"S0010",1,0.1,"holdout",4.45832154806139,5.04055542297098,0.58223387490958,0.29111693745479,,0.29111693745479
"TPL_016","TPL_016_RUN_001",1,0,0.449402560370917,"standalone_background_shifted_gamma","Burst","none","Burst","none","none","shifted_gamma","standalone_background","none","weak","BQ_046","burst","BQ_046",1547630690,"burst=26700092;hfs=1501304487;hfs_shape=116283060;hfs_total=2002240824;nested_burst=2110285959;nested_duration=521953250;nested_position=704376287;point_process=1547630690","89a5f85d8f38735e7b9cb48efec57c65f355a5f8c5a611afeda2a3424a35f9f0",0.642840663809329,4.00893808379769,0.02,4,0.449402560370917,0.112350640092729,0.209374042061624,0.241316879715756,0.0767848177874164,6,"S0024",4,0.4,"holdout",0,0.179761024148367,0.179761024148367,0.257136265523732,0.008,0.0449402560370917
"TPL_016","TPL_016_RUN_002",2,0.449402560370917,0.991744402966405,"contextual_gap_mechanism","Contextual_Separator","none","none","none","Contextual_Separator","explicit_gap","contextual_separator","none","none","none","contextual_separator","separator_1",602338983,"point_process=602338983","74923befb4c70f7b6bd6953302099aacf9a22dea8d4af7cd80fd15ca96e96257",0.542341842595488,,,1,0.542341842595488,0.542341842595488,0,0,0,1,"S0024",4,0.4,"holdout",0.179761024148367,0.396697761186562,0.216936737038195,0.216936737038195,,0.216936737038195
"TPL_016","TPL_016_RUN_003",3,0.991744402966405,1.66553514678518,"standalone_background_shifted_gamma","Burst","none","Burst","none","none","shifted_gamma","standalone_background","none","moderate","BQ_047","burst","BQ_047",1221362904,"burst=474911024;hfs=520244275;hfs_shape=376375424;hfs_total=1012079557;nested_burst=1972386655;nested_duration=2123605695;nested_position=517281327;point_process=1221362904","49ca5bc74c650f284ff07b3e06ec5b915932aa0bb77acebd4910fc8305bd1379",0.786331038747448,3.92524946555495,0.02,5,0.673790743818778,0.134758148763756,0.373125951058013,0.473042725846129,0.195029292723453,11,"S0024",4,0.4,"holdout",0.396697761186562,0.666214058714073,0.269516297527511,0.314532415498979,0.008,0.0539032595055022
"TPL_016","TPL_016_RUN_004",4,1.66553514678518,5.38216299397219,"broad_hfs_shifted_gamma","Broad_HFS","Broad_HFS","none","none","none","shifted_gamma","irregular","none","none","none","hfs","irregular_1",401374836,"point_process=401374836","ffd5f9d144ac11eafdcb7a4662aee9936d8fe8e23a2eb4e6a10df21b17d8386e",0.190998525372706,1.67615891285241,0.02,21,3.71662784718701,0.176982278437476,0.645271580647106,0.70297383735485,0.504580549819232,4,"S0024",4,0.4,"holdout",0.666214058714073,2.15286519758888,1.4866511388748,0.0763994101490825,0.008,0.0707929113749906
"TPL_016","TPL_016_RUN_005",5,5.38216299397219,5.74445214606845,"standalone_background_shifted_gamma","Burst","none","Burst","none","none","shifted_gamma","standalone_background","none","strong","BQ_048","burst","BQ_048",873694719,"burst=1727658259;hfs=1288406681;hfs_shape=1559697287;hfs_total=16652897;nested_burst=716186438;nested_duration=1606179542;nested_position=1012744314;point_process=873694719","4d9ba12a71868b6d5089fc5daf1ef76e5cc05e9420d82f47d8477d1d448b51e2",0.545160685782321,4.83933091461658,0.02,6,0.362289152096265,0.0603815253493775,0.2391352980633,0.221893378689737,0.0701494843582462,4,"S0024",4,0.4,"holdout",2.15286519758888,2.29778085842738,0.144915660838506,0.218064274312928,0.008,0.024152610139751
"TPL_016","TPL_016_RUN_006",6,5.74445214606845,6.81511430443994,"background_shifted_gamma","Background","none","none","none","none","shifted_gamma","background","none","none","none","background","background_01",216046339,"point_process=216046339","5010f8d7923b66c1071b42ee1cc30134dd612b3200d8bc59c2b418a96f56402f",0.630004119488876,3.77550519048236,0.02,2,1.07066215837148,0.535331079185741,0.569857503097613,0.805900209500712,0.487106360754969,1,"S0024",4,0.4,"holdout",2.29778085842738,2.72604572177598,0.428264863348593,0.252001647795551,0.008,0.214132431674297
"TPL_016","TPL_016_RUN_007",7,6.81511430443994,9.45555695051792,"tonic_shifted_gamma_stn_like_empirical","Tonic:stn_like_empirical","Tonic","none","none","none","shifted_gamma","stn_like_empirical","stn_like_empirical","none","none","tonic","stn_like_empirical_1",1770607672,"point_process=1770607672","11e19baae59f863cc23311a2f8404f00913117ce99ac6326a2909c7b87b803dd",0.338926592632197,14.8320113371592,0.02,8,2.64044264607798,0.330055330759748,0.174191269021988,0.14485196270993,0.0291900688483178,1,"S0024",4,0.4,"holdout",2.72604572177598,3.78222278020717,1.05617705843119,0.135570637052879,0.008,0.132022132303899
"TPL_016","TPL_016_RUN_008",8,9.45555695051792,13.8753775684023,"canonical_mechanism","Pause:canonical","none","Pause","canonical","none","explicit_gap","canonical","none","none","none","pause","canonical_1",848666093,"point_process=848666093","f3a1d659d63b89b62b27e2a3d2e4d9eed6c7fecb39e7c2ce1dabccf8b3079e0e",4.4198206178844,,,1,4.4198206178844,4.4198206178844,0,0,0,1,"S0024",4,0.4,"holdout",3.78222278020717,5.55015102736093,1.76792824715376,1.76792824715376,,1.76792824715376
"TPL_016","TPL_016_RUN_009",9,13.8753775684023,14.940953501598,"background_shifted_gamma","Background","none","none","none","none","shifted_gamma","background","none","none","none","background","background_02",1164432398,"point_process=1164432398","96c4ed2e5ff68ec8c69d852ff477d53c5d907cf2e4e8a42df897399a45418d80",0.793395863857586,4.92548165423796,0.02,2,1.06557593319571,0.532787966597857,0.284750891657653,0.402698572880085,0.121624605449743,1,"S0024",4,0.4,"holdout",5.55015102736093,5.97638140063921,0.426230373278286,0.317358345543034,0.008,0.213115186639143
"TPL_016","TPL_016_RUN_010",10,14.940953501598,23.5467565194514,"broad_hfs_shifted_gamma","Burst","Broad_HFS","Burst","none","none","shifted_gamma","regular","none","weak","BQ_091","hfs_with_nested_burst","BQ_091",969254449,"hfs_with_nested_burst=1674703971;hfs=1835977723;hfs_shape=351746369;hfs_total=1612140963;nested_burst=998119743;nested_duration=6767658;nested_position=868304998;point_process=969254449","0955bb7720b8e0dc90e7e47fbc79998dd3606ddedcb13861044adf766689c087",0.304534091395326,10.1503339880146,0.02,32,8.60580301785337,0.268931344307918,0.364063490571927,0.324767014205516,0.127717190943951,2,"S0024",4,0.4,"holdout",5.97638140063921,9.41870260778056,3.44232120714135,0.12181363655813,0.008,0.107572537723167
"TPL_016","TPL_016_RUN_011",11,23.5467565194514,28.3724934051089,"canonical_mechanism","Pause:canonical","none","Pause","canonical","none","explicit_gap","canonical","none","none","none","pause","canonical_2",640915784,"point_process=640915784","2fa4927ca6e16172cd5305cd11bbac2a4b7844b79a3d2b267a9e8ddb914846ef",4.82573688565753,,,1,4.82573688565753,4.82573688565753,0,0,0,1,"S0024",4,0.4,"holdout",9.41870260778056,11.3489973620436,1.93029475426301,1.93029475426301,,1.93029475426301
"TPL_016","TPL_016_RUN_012",12,28.3724934051089,35.9245453587153,"broad_hfs_shifted_gamma","Burst","Broad_HFS","Burst","none","none","shifted_gamma","intermediate","none","strong","BQ_092","hfs_with_nested_burst","BQ_092",230950389,"hfs_with_nested_burst=250029093;hfs=1742753073;hfs_shape=1677001325;hfs_total=1443811357;nested_burst=307130246;nested_duration=1262749060;nested_position=1141375978;point_process=230950389","3a40eec2e9a65d371f232dc65a19bc8062910a4850fd20f1340078d9e8656fff",0.250160420360044,4.48068136149086,0.02,34,7.5520519536064,0.222119175106071,0.672446020267722,0.40220521639978,0.211847658286178,1485,"S0024",4,0.4,"holdout",11.3489973620436,14.3698181434861,3.02082078144256,0.100064168144017,0.008,0.0888476700424283
"TPL_016","TPL_016_RUN_013",13,35.9245453587153,44.5832154806139,"tonic_shifted_gamma_generic_stress","Tonic:generic_stress","Tonic","none","none","none","shifted_gamma","generic_stress","generic_stress","none","none","tonic","generic_stress_2",345940,"point_process=345940","4b09f79e703ca4175f80e5a9f05775618ff4ff389d26dab58b05d5703c62e275",0.821710266475566,7.69683759054169,0.02,11,8.6586701218986,0.787151829263509,0.328080281628003,0.313369369656541,0.0965177486581614,1,"S0024",4,0.4,"holdout",14.3698181434861,17.8332861922456,3.46346804875944,0.328684106590226,0.008,0.314860731705404
"TPL_016","TPL_016_RUN_014",14,44.5832154806139,50.4055542297097,"complex_multi_gap_mechanism","Pause:complex_multi_gap","none","Pause","complex_multi_gap","none","explicit_gap","complex_multi_gap","none","none","none","pause","complex_multi_gap_3",1101906452,"point_process=1101906452","34554129bd0653f248a4dde83699a22cddf79a9b76eabb9d0850629fce8ccae8",2.9111693745479,,,2,5.8223387490958,2.9111693745479,0.0575879381469698,0.0814416431565476,0.00497455593002883,2,"S0024",4,0.4,"holdout",17.8332861922456,20.1622216918839,2.32893549963832,1.16446774981916,,1.16446774981916
"TPL_016","TPL_016_RUN_001",1,0,0.449402560370917,"standalone_background_shifted_gamma","Burst","none","Burst","none","none","shifted_gamma","standalone_background","none","weak","BQ_046","burst","BQ_046",1547630690,"burst=26700092;hfs=1501304487;hfs_shape=116283060;hfs_total=2002240824;nested_burst=2110285959;nested_duration=521953250;nested_position=704376287;point_process=1547630690","89a5f85d8f38735e7b9cb48efec57c65f355a5f8c5a611afeda2a3424a35f9f0",0.642840663809329,4.00893808379769,0.02,4,0.449402560370917,0.112350640092729,0.209374042061624,0.241316879715756,0.0767848177874164,6,"S0060",10,1,"holdout",0,0.449402560370917,0.449402560370917,0.642840663809329,0.02,0.112350640092729
"TPL_016","TPL_016_RUN_002",2,0.449402560370917,0.991744402966405,"contextual_gap_mechanism","Contextual_Separator","none","none","none","Contextual_Separator","explicit_gap","contextual_separator","none","none","none","contextual_separator","separator_1",602338983,"point_process=602338983","74923befb4c70f7b6bd6953302099aacf9a22dea8d4af7cd80fd15ca96e96257",0.542341842595488,,,1,0.542341842595488,0.542341842595488,0,0,0,1,"S0060",10,1,"holdout",0.449402560370917,0.991744402966405,0.542341842595488,0.542341842595488,,0.542341842595488
"TPL_016","TPL_016_RUN_003",3,0.991744402966405,1.66553514678518,"standalone_background_shifted_gamma","Burst","none","Burst","none","none","shifted_gamma","standalone_background","none","moderate","BQ_047","burst","BQ_047",1221362904,"burst=474911024;hfs=520244275;hfs_shape=376375424;hfs_total=1012079557;nested_burst=1972386655;nested_duration=2123605695;nested_position=517281327;point_process=1221362904","49ca5bc74c650f284ff07b3e06ec5b915932aa0bb77acebd4910fc8305bd1379",0.786331038747448,3.92524946555495,0.02,5,0.673790743818778,0.134758148763756,0.373125951058013,0.473042725846129,0.195029292723453,11,"S0060",10,1,"holdout",0.991744402966405,1.66553514678518,0.673790743818778,0.786331038747448,0.02,0.134758148763756
"TPL_016","TPL_016_RUN_004",4,1.66553514678518,5.38216299397219,"broad_hfs_shifted_gamma","Broad_HFS","Broad_HFS","none","none","none","shifted_gamma","irregular","none","none","none","hfs","irregular_1",401374836,"point_process=401374836","ffd5f9d144ac11eafdcb7a4662aee9936d8fe8e23a2eb4e6a10df21b17d8386e",0.190998525372706,1.67615891285241,0.02,21,3.71662784718701,0.176982278437476,0.645271580647106,0.70297383735485,0.504580549819232,4,"S0060",10,1,"holdout",1.66553514678518,5.38216299397219,3.71662784718701,0.190998525372706,0.02,0.176982278437476
"TPL_016","TPL_016_RUN_005",5,5.38216299397219,5.74445214606845,"standalone_background_shifted_gamma","Burst","none","Burst","none","none","shifted_gamma","standalone_background","none","strong","BQ_048","burst","BQ_048",873694719,"burst=1727658259;hfs=1288406681;hfs_shape=1559697287;hfs_total=16652897;nested_burst=716186438;nested_duration=1606179542;nested_position=1012744314;point_process=873694719","4d9ba12a71868b6d5089fc5daf1ef76e5cc05e9420d82f47d8477d1d448b51e2",0.545160685782321,4.83933091461658,0.02,6,0.362289152096265,0.0603815253493775,0.2391352980633,0.221893378689737,0.0701494843582462,4,"S0060",10,1,"holdout",5.38216299397219,5.74445214606845,0.362289152096265,0.545160685782321,0.02,0.0603815253493775
"TPL_016","TPL_016_RUN_006",6,5.74445214606845,6.81511430443994,"background_shifted_gamma","Background","none","none","none","none","shifted_gamma","background","none","none","none","background","background_01",216046339,"point_process=216046339","5010f8d7923b66c1071b42ee1cc30134dd612b3200d8bc59c2b418a96f56402f",0.630004119488876,3.77550519048236,0.02,2,1.07066215837148,0.535331079185741,0.569857503097613,0.805900209500712,0.487106360754969,1,"S0060",10,1,"holdout",5.74445214606845,6.81511430443994,1.07066215837148,0.630004119488876,0.02,0.535331079185741
"TPL_016","TPL_016_RUN_007",7,6.81511430443994,9.45555695051792,"tonic_shifted_gamma_stn_like_empirical","Tonic:stn_like_empirical","Tonic","none","none","none","shifted_gamma","stn_like_empirical","stn_like_empirical","none","none","tonic","stn_like_empirical_1",1770607672,"point_process=1770607672","11e19baae59f863cc23311a2f8404f00913117ce99ac6326a2909c7b87b803dd",0.338926592632197,14.8320113371592,0.02,8,2.64044264607798,0.330055330759748,0.174191269021988,0.14485196270993,0.0291900688483178,1,"S0060",10,1,"holdout",6.81511430443994,9.45555695051792,2.64044264607798,0.338926592632197,0.02,0.330055330759748
"TPL_016","TPL_016_RUN_008",8,9.45555695051792,13.8753775684023,"canonical_mechanism","Pause:canonical","none","Pause","canonical","none","explicit_gap","canonical","none","none","none","pause","canonical_1",848666093,"point_process=848666093","f3a1d659d63b89b62b27e2a3d2e4d9eed6c7fecb39e7c2ce1dabccf8b3079e0e",4.4198206178844,,,1,4.4198206178844,4.4198206178844,0,0,0,1,"S0060",10,1,"holdout",9.45555695051792,13.8753775684023,4.4198206178844,4.4198206178844,,4.4198206178844
"TPL_016","TPL_016_RUN_009",9,13.8753775684023,14.940953501598,"background_shifted_gamma","Background","none","none","none","none","shifted_gamma","background","none","none","none","background","background_02",1164432398,"point_process=1164432398","96c4ed2e5ff68ec8c69d852ff477d53c5d907cf2e4e8a42df897399a45418d80",0.793395863857586,4.92548165423796,0.02,2,1.06557593319571,0.532787966597857,0.284750891657653,0.402698572880085,0.121624605449743,1,"S0060",10,1,"holdout",13.8753775684023,14.940953501598,1.06557593319571,0.793395863857586,0.02,0.532787966597857
"TPL_016","TPL_016_RUN_010",10,14.940953501598,23.5467565194514,"broad_hfs_shifted_gamma","Burst","Broad_HFS","Burst","none","none","shifted_gamma","regular","none","weak","BQ_091","hfs_with_nested_burst","BQ_091",969254449,"hfs_with_nested_burst=1674703971;hfs=1835977723;hfs_shape=351746369;hfs_total=1612140963;nested_burst=998119743;nested_duration=6767658;nested_position=868304998;point_process=969254449","0955bb7720b8e0dc90e7e47fbc79998dd3606ddedcb13861044adf766689c087",0.304534091395326,10.1503339880146,0.02,32,8.60580301785337,0.268931344307918,0.364063490571927,0.324767014205516,0.127717190943951,2,"S0060",10,1,"holdout",14.940953501598,23.5467565194514,8.60580301785337,0.304534091395326,0.02,0.268931344307918
"TPL_016","TPL_016_RUN_011",11,23.5467565194514,28.3724934051089,"canonical_mechanism","Pause:canonical","none","Pause","canonical","none","explicit_gap","canonical","none","none","none","pause","canonical_2",640915784,"point_process=640915784","2fa4927ca6e16172cd5305cd11bbac2a4b7844b79a3d2b267a9e8ddb914846ef",4.82573688565753,,,1,4.82573688565753,4.82573688565753,0,0,0,1,"S0060",10,1,"holdout",23.5467565194514,28.3724934051089,4.82573688565753,4.82573688565753,,4.82573688565753
"TPL_016","TPL_016_RUN_012",12,28.3724934051089,35.9245453587153,"broad_hfs_shifted_gamma","Burst","Broad_HFS","Burst","none","none","shifted_gamma","intermediate","none","strong","BQ_092","hfs_with_nested_burst","BQ_092",230950389,"hfs_with_nested_burst=250029093;hfs=1742753073;hfs_shape=1677001325;hfs_total=1443811357;nested_burst=307130246;nested_duration=1262749060;nested_position=1141375978;point_process=230950389","3a40eec2e9a65d371f232dc65a19bc8062910a4850fd20f1340078d9e8656fff",0.250160420360044,4.48068136149086,0.02,34,7.5520519536064,0.222119175106071,0.672446020267722,0.40220521639978,0.211847658286178,1485,"S0060",10,1,"holdout",28.3724934051089,35.9245453587153,7.5520519536064,0.250160420360044,0.02,0.222119175106071
"TPL_016","TPL_016_RUN_013",13,35.9245453587153,44.5832154806139,"tonic_shifted_gamma_generic_stress","Tonic:generic_stress","Tonic","none","none","none","shifted_gamma","generic_stress","generic_stress","none","none","tonic","generic_stress_2",345940,"point_process=345940","4b09f79e703ca4175f80e5a9f05775618ff4ff389d26dab58b05d5703c62e275",0.821710266475566,7.69683759054169,0.02,11,8.6586701218986,0.787151829263509,0.328080281628003,0.313369369656541,0.0965177486581614,1,"S0060",10,1,"holdout",35.9245453587153,44.5832154806139,8.6586701218986,0.821710266475566,0.02,0.787151829263509
"TPL_016","TPL_016_RUN_014",14,44.5832154806139,50.4055542297097,"complex_multi_gap_mechanism","Pause:complex_multi_gap","none","Pause","complex_multi_gap","none","explicit_gap","complex_multi_gap","none","none","none","pause","complex_multi_gap_3",1101906452,"point_process=1101906452","34554129bd0653f248a4dde83699a22cddf79a9b76eabb9d0850629fce8ccae8",2.9111693745479,,,2,5.8223387490958,2.9111693745479,0.0575879381469698,0.0814416431565476,0.00497455593002883,2,"S0060",10,1,"holdout",44.5832154806139,50.4055542297097,5.8223387490958,2.9111693745479,,2.9111693745479
"TPL_017","TPL_017_RUN_001",1,0,2.60040453604072,"tonic_shifted_gamma_stn_like_empirical","Tonic:stn_like_empirical","Tonic","none","none","none","shifted_gamma","stn_like_empirical","stn_like_empirical","none","none","tonic","stn_like_empirical_1",552126673,"point_process=552126673","deb88d44af21322bff6fd93c78ea5cb6b9be74c29232771a45daab5f3be63f57",0.363573359390721,23.5592389462981,0.02,8,2.60040453604072,0.32505056700509,0.181467807106761,0.21134469602825,0.0379180787658116,1,"S0005",1,0.1,"holdout",0,0.260040453604072,0.260040453604072,0.0363573359390721,0.002,0.032505056700509
"TPL_017","TPL_017_RUN_002",2,2.60040453604072,3.34885074072604,"standalone_background_shifted_gamma","Burst","none","Burst","none","none","shifted_gamma","standalone_background","none","moderate","BQ_050","burst","BQ_050",651510795,"burst=755242547;hfs=548141537;hfs_shape=1001465628;hfs_total=92851287;nested_burst=506907285;nested_duration=529038271;nested_position=1775270041;point_process=651510795","5f773fc886d5e65e002a1e29c2acf72ef12385a8e0610d09b7f6603ea7640116",0.711368606693577,2.12876745834947,0.02,8,0.748446204685323,0.0935557755856654,0.267654315999485,0.324419891930267,0.101085036999571,2,"S0005",1,0.1,"holdout",0.260040453604072,0.334885074072604,0.0748446204685323,0.0711368606693577,0.002,0.00935557755856654
"TPL_017","TPL_017_RUN_003",3,3.34885074072604,3.93144609783863,"contextual_gap_mechanism","Contextual_Separator","none","none","none","Contextual_Separator","explicit_gap","contextual_separator","none","none","none","contextual_separator","separator_1",133394082,"point_process=133394082","4ee3df9054a4ccbb974ab66ab9c302ecaba111c3b09be13a0a4d5fd1aec5cf44",0.582595357112586,,,1,0.582595357112586,0.582595357112586,0,0,0,1,"S0005",1,0.1,"holdout",0.334885074072604,0.393144609783863,0.0582595357112587,0.0582595357112587,,0.0582595357112587
"TPL_017","TPL_017_RUN_004",4,3.93144609783863,4.18280939148969,"standalone_background_shifted_gamma","Burst","none","Burst","none","none","shifted_gamma","standalone_background","none","strong","BQ_051","burst","BQ_051",1284504141,"burst=1455557416;hfs=1974151460;hfs_shape=497526562;hfs_total=72354606;nested_burst=1974294938;nested_duration=1246301939;nested_position=1012258453;point_process=1284504141","0450695f6b07c65fc2bff440e1f8644fd54c4c24671088e846495855e97071b2",0.520586759247817,4.17637806385756,0.02,4,0.251363293651061,0.0628408234127653,0.20935548822574,0.215675851518853,0.0557463947223272,1,"S0005",1,0.1,"holdout",0.393144609783863,0.418280939148969,0.0251363293651061,0.0520586759247817,0.002,0.00628408234127653
"TPL_017","TPL_017_RUN_005",5,4.18280939148969,7.22320380156158,"canonical_mechanism","Pause:canonical","none","Pause","canonical","none","explicit_gap","canonical","none","none","none","pause","canonical_1",1981558424,"point_process=1981558424","954a0439a4f147f0c2dc724975eb6a3bfe1e02ab1b7f9fc498fc5453499cf81f",3.04039441007189,,,1,3.04039441007189,3.04039441007189,0,0,0,1,"S0005",1,0.1,"holdout",0.418280939148969,0.722320380156158,0.304039441007189,0.304039441007189,,0.304039441007189
"TPL_017","TPL_017_RUN_006",6,7.22320380156158,8.03549670126326,"background_shifted_gamma","Background","none","none","none","none","shifted_gamma","background","none","none","none","background","background_01",401131801,"point_process=401131801","6f6f90b10d39d0b3133842e07ca8b9416fbe0d12f6e2c5448381d41c9688f31f",0.745212326885667,5.23159610549919,0.02,1,0.81229289970168,0.81229289970168,0,0,0,1,"S0005",1,0.1,"holdout",0.722320380156158,0.803549670126326,0.081229289970168,0.0745212326885667,0.002,0.081229289970168
"TPL_017","TPL_017_RUN_007",7,8.03549670126326,13.4921836019417,"broad_hfs_shifted_gamma","Burst","Broad_HFS","Burst","none","none","shifted_gamma","irregular","none","strong","BQ_093","hfs_with_nested_burst","BQ_093",237067895,"hfs_with_nested_burst=590908460;hfs=780421821;hfs_shape=1945531459;hfs_total=734105201;nested_burst=1702348614;nested_duration=1540381915;nested_position=1312505018;point_process=237067895","bda540be0cbbef9d08a3b8229b088cbb9bbe23333f1dd8da8dab7c1c920feec4",0.209035715232603,1.55019593664911,0.02,34,5.45668690067845,0.160490791196425,0.708374213860034,0.67884460496032,0.533516453580618,40,"S0005",1,0.1,"holdout",0.803549670126326,1.34921836019417,0.545668690067845,0.0209035715232603,0.002,0.0160490791196425
"TPL_017","TPL_017_RUN_008",8,13.4921836019417,14.8025687801805,"background_shifted_gamma","Background","none","none","none","none","shifted_gamma","background","none","none","none","background","background_02",1642754738,"point_process=1642754738","44bff283945a0b9b1d4e2087581e883cd67bc1b805650c486ab6f7d15cf54e4f",0.593427350290585,2.28570733033121,0.02,3,1.31038517823881,0.436795059412935,0.395940310956265,0.511774687524668,0.264419359800918,1,"S0005",1,0.1,"holdout",1.34921836019417,1.48025687801805,0.131038517823881,0.0593427350290585,0.002,0.0436795059412935
"TPL_017","TPL_017_RUN_009",9,14.8025687801805,22.1518413561237,"tonic_shifted_gamma_generic_stress","Tonic:generic_stress","Tonic","none","none","none","shifted_gamma","generic_stress","generic_stress","none","none","tonic","generic_stress_2",2104968412,"point_process=2104968412","ac7c852afb42608eecb77617ce17a78bd94878cac7ed18e54237c76c28b6a5c6",0.712862627697177,7.43159647099674,0.02,11,7.34927257594321,0.66811568872211,0.255461338301458,0.364115709389904,0.122208127787004,1,"S0005",1,0.1,"holdout",1.48025687801805,2.21518413561237,0.734927257594321,0.0712862627697177,0.002,0.066811568872211
"TPL_017","TPL_017_RUN_010",10,22.1518413561237,25.5414331090943,"canonical_mechanism","Pause:canonical","none","Pause","canonical","none","explicit_gap","canonical","none","none","none","pause","canonical_2",180363387,"point_process=180363387","11fb0a19e42d2efe843bd60b233cf39e28b7d2da12c0e1d342e638783b8921f2",3.38959175297059,,,1,3.38959175297059,3.38959175297059,0,0,0,1,"S0005",1,0.1,"holdout",2.21518413561237,2.55414331090943,0.338959175297059,0.338959175297059,,0.338959175297059
"TPL_017","TPL_017_RUN_011",11,25.5414331090943,26.1476325418417,"background_shifted_gamma","Background","none","none","none","none","shifted_gamma","background","none","none","none","background","background_03",1794534397,"point_process=1794534397","1ed124e39120ed706c96f9801258fa71819a1e113da4de6448a1b4d50d23ee2a",0.732331231422722,4.00934242247604,0.02,1,0.606199432747333,0.606199432747333,0,0,0,1,"S0005",1,0.1,"holdout",2.55414331090943,2.61476325418417,0.0606199432747333,0.0732331231422722,0.002,0.0606199432747333
"TPL_017","TPL_017_RUN_012",12,26.1476325418417,31.4433852933381,"broad_hfs_shifted_gamma","Burst","Broad_HFS","Burst","none","none","shifted_gamma","intermediate","none","moderate","BQ_094","hfs_with_nested_burst","BQ_094",1062723752,"hfs_with_nested_burst=810066877;hfs=1527188381;hfs_shape=1115712396;hfs_total=605513447;nested_burst=577096437;nested_duration=490850364;nested_position=25995811;point_process=1062723752","a47b0713d9d1003413e29bbdbde532e7a5ee6c564470605b51acc376d46d5682",0.188337628049776,4.09453086387366,0.02,30,5.29575275149645,0.176525091716548,0.560555593287746,0.324672270823498,0.155705420558839,9,"S0005",1,0.1,"holdout",2.61476325418417,3.14433852933381,0.529575275149645,0.0188337628049776,0.002,0.0176525091716548
"TPL_017","TPL_017_RUN_013",13,31.4433852933381,32.2068558479158,"standalone_background_shifted_gamma","Burst","none","Burst","none","none","shifted_gamma","standalone_background","none","weak","BQ_049","burst","BQ_049",210921880,"burst=35181183;hfs=829713545;hfs_shape=1509303826;hfs_total=587066950;nested_burst=894325318;nested_duration=1721334270;nested_position=195571827;point_process=210921880","68700b0c15269896cf565cfcb542ee0df19d13d555fbbccbc09c1475c180fb60",0.504702612990513,4.46801216229796,0.02,7,0.763470554577719,0.109067222082531,0.324566846870734,0.436567553086231,0.1863155992127,3,"S0005",1,0.1,"holdout",3.14433852933381,3.22068558479158,0.0763470554577719,0.0504702612990513,0.002,0.0109067222082531
"TPL_017","TPL_017_RUN_014",14,32.2068558479158,38.8445189004995,"broad_hfs_shifted_gamma","Broad_HFS","Broad_HFS","none","none","none","shifted_gamma","regular","none","none","none","hfs","regular_1",1635686079,"point_process=1635686079","01d6b8e1f2a08ba37c6aeb02876e46cd6dee98e0e30767f230bb421158c3c1f4",0.28939136988949,8.08345812465996,0.02,22,6.6376630525837,0.301711956935623,0.356621517461762,0.441829627173596,0.20290182405329,1,"S0005",1,0.1,"holdout",3.22068558479158,3.88445189004995,0.66376630525837,0.028939136988949,0.002,0.0301711956935623
"TPL_017","TPL_017_RUN_001",1,0,2.60040453604072,"tonic_shifted_gamma_stn_like_empirical","Tonic:stn_like_empirical","Tonic","none","none","none","shifted_gamma","stn_like_empirical","stn_like_empirical","none","none","tonic","stn_like_empirical_1",552126673,"point_process=552126673","deb88d44af21322bff6fd93c78ea5cb6b9be74c29232771a45daab5f3be63f57",0.363573359390721,23.5592389462981,0.02,8,2.60040453604072,0.32505056700509,0.181467807106761,0.21134469602825,0.0379180787658116,1,"S0042",4,0.4,"holdout",0,1.04016181441629,1.04016181441629,0.145429343756288,0.008,0.130020226802036
"TPL_017","TPL_017_RUN_002",2,2.60040453604072,3.34885074072604,"standalone_background_shifted_gamma","Burst","none","Burst","none","none","shifted_gamma","standalone_background","none","moderate","BQ_050","burst","BQ_050",651510795,"burst=755242547;hfs=548141537;hfs_shape=1001465628;hfs_total=92851287;nested_burst=506907285;nested_duration=529038271;nested_position=1775270041;point_process=651510795","5f773fc886d5e65e002a1e29c2acf72ef12385a8e0610d09b7f6603ea7640116",0.711368606693577,2.12876745834947,0.02,8,0.748446204685323,0.0935557755856654,0.267654315999485,0.324419891930267,0.101085036999571,2,"S0042",4,0.4,"holdout",1.04016181441629,1.33954029629042,0.299378481874129,0.284547442677431,0.008,0.0374223102342662
"TPL_017","TPL_017_RUN_003",3,3.34885074072604,3.93144609783863,"contextual_gap_mechanism","Contextual_Separator","none","none","none","Contextual_Separator","explicit_gap","contextual_separator","none","none","none","contextual_separator","separator_1",133394082,"point_process=133394082","4ee3df9054a4ccbb974ab66ab9c302ecaba111c3b09be13a0a4d5fd1aec5cf44",0.582595357112586,,,1,0.582595357112586,0.582595357112586,0,0,0,1,"S0042",4,0.4,"holdout",1.33954029629042,1.57257843913545,0.233038142845035,0.233038142845035,,0.233038142845035
"TPL_017","TPL_017_RUN_004",4,3.93144609783863,4.18280939148969,"standalone_background_shifted_gamma","Burst","none","Burst","none","none","shifted_gamma","standalone_background","none","strong","BQ_051","burst","BQ_051",1284504141,"burst=1455557416;hfs=1974151460;hfs_shape=497526562;hfs_total=72354606;nested_burst=1974294938;nested_duration=1246301939;nested_position=1012258453;point_process=1284504141","0450695f6b07c65fc2bff440e1f8644fd54c4c24671088e846495855e97071b2",0.520586759247817,4.17637806385756,0.02,4,0.251363293651061,0.0628408234127653,0.20935548822574,0.215675851518853,0.0557463947223272,1,"S0042",4,0.4,"holdout",1.57257843913545,1.67312375659587,0.100545317460425,0.208234703699127,0.008,0.0251363293651061
"TPL_017","TPL_017_RUN_005",5,4.18280939148969,7.22320380156158,"canonical_mechanism","Pause:canonical","none","Pause","canonical","none","explicit_gap","canonical","none","none","none","pause","canonical_1",1981558424,"point_process=1981558424","954a0439a4f147f0c2dc724975eb6a3bfe1e02ab1b7f9fc498fc5453499cf81f",3.04039441007189,,,1,3.04039441007189,3.04039441007189,0,0,0,1,"S0042",4,0.4,"holdout",1.67312375659587,2.88928152062463,1.21615776402876,1.21615776402876,,1.21615776402876
"TPL_017","TPL_017_RUN_006",6,7.22320380156158,8.03549670126326,"background_shifted_gamma","Background","none","none","none","none","shifted_gamma","background","none","none","none","background","background_01",401131801,"point_process=401131801","6f6f90b10d39d0b3133842e07ca8b9416fbe0d12f6e2c5448381d41c9688f31f",0.745212326885667,5.23159610549919,0.02,1,0.81229289970168,0.81229289970168,0,0,0,1,"S0042",4,0.4,"holdout",2.88928152062463,3.2141986805053,0.324917159880672,0.298084930754267,0.008,0.324917159880672
"TPL_017","TPL_017_RUN_007",7,8.03549670126326,13.4921836019417,"broad_hfs_shifted_gamma","Burst","Broad_HFS","Burst","none","none","shifted_gamma","irregular","none","strong","BQ_093","hfs_with_nested_burst","BQ_093",237067895,"hfs_with_nested_burst=590908460;hfs=780421821;hfs_shape=1945531459;hfs_total=734105201;nested_burst=1702348614;nested_duration=1540381915;nested_position=1312505018;point_process=237067895","bda540be0cbbef9d08a3b8229b088cbb9bbe23333f1dd8da8dab7c1c920feec4",0.209035715232603,1.55019593664911,0.02,34,5.45668690067845,0.160490791196425,0.708374213860034,0.67884460496032,0.533516453580618,40,"S0042",4,0.4,"holdout",3.2141986805053,5.39687344077669,2.18267476027138,0.0836142860930413,0.008,0.0641963164785701
"TPL_017","TPL_017_RUN_008",8,13.4921836019417,14.8025687801805,"background_shifted_gamma","Background","none","none","none","none","shifted_gamma","background","none","none","none","background","background_02",1642754738,"point_process=1642754738","44bff283945a0b9b1d4e2087581e883cd67bc1b805650c486ab6f7d15cf54e4f",0.593427350290585,2.28570733033121,0.02,3,1.31038517823881,0.436795059412935,0.395940310956265,0.511774687524668,0.264419359800918,1,"S0042",4,0.4,"holdout",5.39687344077669,5.92102751207221,0.524154071295522,0.237370940116234,0.008,0.174718023765174
"TPL_017","TPL_017_RUN_009",9,14.8025687801805,22.1518413561237,"tonic_shifted_gamma_generic_stress","Tonic:generic_stress","Tonic","none","none","none","shifted_gamma","generic_stress","generic_stress","none","none","tonic","generic_stress_2",2104968412,"point_process=2104968412","ac7c852afb42608eecb77617ce17a78bd94878cac7ed18e54237c76c28b6a5c6",0.712862627697177,7.43159647099674,0.02,11,7.34927257594321,0.66811568872211,0.255461338301458,0.364115709389904,0.122208127787004,1,"S0042",4,0.4,"holdout",5.92102751207221,8.86073654244949,2.93970903037728,0.285145051078871,0.008,0.267246275488844
"TPL_017","TPL_017_RUN_010",10,22.1518413561237,25.5414331090943,"canonical_mechanism","Pause:canonical","none","Pause","canonical","none","explicit_gap","canonical","none","none","none","pause","canonical_2",180363387,"point_process=180363387","11fb0a19e42d2efe843bd60b233cf39e28b7d2da12c0e1d342e638783b8921f2",3.38959175297059,,,1,3.38959175297059,3.38959175297059,0,0,0,1,"S0042",4,0.4,"holdout",8.86073654244949,10.2165732436377,1.35583670118824,1.35583670118824,,1.35583670118824
"TPL_017","TPL_017_RUN_011",11,25.5414331090943,26.1476325418417,"background_shifted_gamma","Background","none","none","none","none","shifted_gamma","background","none","none","none","background","background_03",1794534397,"point_process=1794534397","1ed124e39120ed706c96f9801258fa71819a1e113da4de6448a1b4d50d23ee2a",0.732331231422722,4.00934242247604,0.02,1,0.606199432747333,0.606199432747333,0,0,0,1,"S0042",4,0.4,"holdout",10.2165732436377,10.4590530167367,0.242479773098933,0.292932492569089,0.008,0.242479773098933
"TPL_017","TPL_017_RUN_012",12,26.1476325418417,31.4433852933381,"broad_hfs_shifted_gamma","Burst","Broad_HFS","Burst","none","none","shifted_gamma","intermediate","none","moderate","BQ_094","hfs_with_nested_burst","BQ_094",1062723752,"hfs_with_nested_burst=810066877;hfs=1527188381;hfs_shape=1115712396;hfs_total=605513447;nested_burst=577096437;nested_duration=490850364;nested_position=25995811;point_process=1062723752","a47b0713d9d1003413e29bbdbde532e7a5ee6c564470605b51acc376d46d5682",0.188337628049776,4.09453086387366,0.02,30,5.29575275149645,0.176525091716548,0.560555593287746,0.324672270823498,0.155705420558839,9,"S0042",4,0.4,"holdout",10.4590530167367,12.5773541173352,2.11830110059858,0.0753350512199104,0.008,0.0706100366866194
"TPL_017","TPL_017_RUN_013",13,31.4433852933381,32.2068558479158,"standalone_background_shifted_gamma","Burst","none","Burst","none","none","shifted_gamma","standalone_background","none","weak","BQ_049","burst","BQ_049",210921880,"burst=35181183;hfs=829713545;hfs_shape=1509303826;hfs_total=587066950;nested_burst=894325318;nested_duration=1721334270;nested_position=195571827;point_process=210921880","68700b0c15269896cf565cfcb542ee0df19d13d555fbbccbc09c1475c180fb60",0.504702612990513,4.46801216229796,0.02,7,0.763470554577719,0.109067222082531,0.324566846870734,0.436567553086231,0.1863155992127,3,"S0042",4,0.4,"holdout",12.5773541173352,12.8827423391663,0.305388221831087,0.201881045196205,0.008,0.0436268888330125
"TPL_017","TPL_017_RUN_014",14,32.2068558479158,38.8445189004995,"broad_hfs_shifted_gamma","Broad_HFS","Broad_HFS","none","none","none","shifted_gamma","regular","none","none","none","hfs","regular_1",1635686079,"point_process=1635686079","01d6b8e1f2a08ba37c6aeb02876e46cd6dee98e0e30767f230bb421158c3c1f4",0.28939136988949,8.08345812465996,0.02,22,6.6376630525837,0.301711956935623,0.356621517461762,0.441829627173596,0.20290182405329,1,"S0042",4,0.4,"holdout",12.8827423391663,15.5378075601998,2.65506522103348,0.115756547955796,0.008,0.120684782774249
"TPL_017","TPL_017_RUN_001",1,0,2.60040453604072,"tonic_shifted_gamma_stn_like_empirical","Tonic:stn_like_empirical","Tonic","none","none","none","shifted_gamma","stn_like_empirical","stn_like_empirical","none","none","tonic","stn_like_empirical_1",552126673,"point_process=552126673","deb88d44af21322bff6fd93c78ea5cb6b9be74c29232771a45daab5f3be63f57",0.363573359390721,23.5592389462981,0.02,8,2.60040453604072,0.32505056700509,0.181467807106761,0.21134469602825,0.0379180787658116,1,"S0029",10,1,"holdout",0,2.60040453604072,2.60040453604072,0.363573359390721,0.02,0.32505056700509
"TPL_017","TPL_017_RUN_002",2,2.60040453604072,3.34885074072604,"standalone_background_shifted_gamma","Burst","none","Burst","none","none","shifted_gamma","standalone_background","none","moderate","BQ_050","burst","BQ_050",651510795,"burst=755242547;hfs=548141537;hfs_shape=1001465628;hfs_total=92851287;nested_burst=506907285;nested_duration=529038271;nested_position=1775270041;point_process=651510795","5f773fc886d5e65e002a1e29c2acf72ef12385a8e0610d09b7f6603ea7640116",0.711368606693577,2.12876745834947,0.02,8,0.748446204685323,0.0935557755856654,0.267654315999485,0.324419891930267,0.101085036999571,2,"S0029",10,1,"holdout",2.60040453604072,3.34885074072604,0.748446204685323,0.711368606693577,0.02,0.0935557755856654
"TPL_017","TPL_017_RUN_003",3,3.34885074072604,3.93144609783863,"contextual_gap_mechanism","Contextual_Separator","none","none","none","Contextual_Separator","explicit_gap","contextual_separator","none","none","none","contextual_separator","separator_1",133394082,"point_process=133394082","4ee3df9054a4ccbb974ab66ab9c302ecaba111c3b09be13a0a4d5fd1aec5cf44",0.582595357112586,,,1,0.582595357112586,0.582595357112586,0,0,0,1,"S0029",10,1,"holdout",3.34885074072604,3.93144609783863,0.582595357112586,0.582595357112586,,0.582595357112586
"TPL_017","TPL_017_RUN_004",4,3.93144609783863,4.18280939148969,"standalone_background_shifted_gamma","Burst","none","Burst","none","none","shifted_gamma","standalone_background","none","strong","BQ_051","burst","BQ_051",1284504141,"burst=1455557416;hfs=1974151460;hfs_shape=497526562;hfs_total=72354606;nested_burst=1974294938;nested_duration=1246301939;nested_position=1012258453;point_process=1284504141","0450695f6b07c65fc2bff440e1f8644fd54c4c24671088e846495855e97071b2",0.520586759247817,4.17637806385756,0.02,4,0.251363293651061,0.0628408234127653,0.20935548822574,0.215675851518853,0.0557463947223272,1,"S0029",10,1,"holdout",3.93144609783863,4.18280939148969,0.251363293651061,0.520586759247817,0.02,0.0628408234127653
"TPL_017","TPL_017_RUN_005",5,4.18280939148969,7.22320380156158,"canonical_mechanism","Pause:canonical","none","Pause","canonical","none","explicit_gap","canonical","none","none","none","pause","canonical_1",1981558424,"point_process=1981558424","954a0439a4f147f0c2dc724975eb6a3bfe1e02ab1b7f9fc498fc5453499cf81f",3.04039441007189,,,1,3.04039441007189,3.04039441007189,0,0,0,1,"S0029",10,1,"holdout",4.18280939148969,7.22320380156158,3.04039441007189,3.04039441007189,,3.04039441007189
"TPL_017","TPL_017_RUN_006",6,7.22320380156158,8.03549670126326,"background_shifted_gamma","Background","none","none","none","none","shifted_gamma","background","none","none","none","background","background_01",401131801,"point_process=401131801","6f6f90b10d39d0b3133842e07ca8b9416fbe0d12f6e2c5448381d41c9688f31f",0.745212326885667,5.23159610549919,0.02,1,0.81229289970168,0.81229289970168,0,0,0,1,"S0029",10,1,"holdout",7.22320380156158,8.03549670126326,0.81229289970168,0.745212326885667,0.02,0.81229289970168
"TPL_017","TPL_017_RUN_007",7,8.03549670126326,13.4921836019417,"broad_hfs_shifted_gamma","Burst","Broad_HFS","Burst","none","none","shifted_gamma","irregular","none","strong","BQ_093","hfs_with_nested_burst","BQ_093",237067895,"hfs_with_nested_burst=590908460;hfs=780421821;hfs_shape=1945531459;hfs_total=734105201;nested_burst=1702348614;nested_duration=1540381915;nested_position=1312505018;point_process=237067895","bda540be0cbbef9d08a3b8229b088cbb9bbe23333f1dd8da8dab7c1c920feec4",0.209035715232603,1.55019593664911,0.02,34,5.45668690067845,0.160490791196425,0.708374213860034,0.67884460496032,0.533516453580618,40,"S0029",10,1,"holdout",8.03549670126326,13.4921836019417,5.45668690067845,0.209035715232603,0.02,0.160490791196425
"TPL_017","TPL_017_RUN_008",8,13.4921836019417,14.8025687801805,"background_shifted_gamma","Background","none","none","none","none","shifted_gamma","background","none","none","none","background","background_02",1642754738,"point_process=1642754738","44bff283945a0b9b1d4e2087581e883cd67bc1b805650c486ab6f7d15cf54e4f",0.593427350290585,2.28570733033121,0.02,3,1.31038517823881,0.436795059412935,0.395940310956265,0.511774687524668,0.264419359800918,1,"S0029",10,1,"holdout",13.4921836019417,14.8025687801805,1.31038517823881,0.593427350290585,0.02,0.436795059412935
"TPL_017","TPL_017_RUN_009",9,14.8025687801805,22.1518413561237,"tonic_shifted_gamma_generic_stress","Tonic:generic_stress","Tonic","none","none","none","shifted_gamma","generic_stress","generic_stress","none","none","tonic","generic_stress_2",2104968412,"point_process=2104968412","ac7c852afb42608eecb77617ce17a78bd94878cac7ed18e54237c76c28b6a5c6",0.712862627697177,7.43159647099674,0.02,11,7.34927257594321,0.66811568872211,0.255461338301458,0.364115709389904,0.122208127787004,1,"S0029",10,1,"holdout",14.8025687801805,22.1518413561237,7.34927257594321,0.712862627697177,0.02,0.66811568872211
"TPL_017","TPL_017_RUN_010",10,22.1518413561237,25.5414331090943,"canonical_mechanism","Pause:canonical","none","Pause","canonical","none","explicit_gap","canonical","none","none","none","pause","canonical_2",180363387,"point_process=180363387","11fb0a19e42d2efe843bd60b233cf39e28b7d2da12c0e1d342e638783b8921f2",3.38959175297059,,,1,3.38959175297059,3.38959175297059,0,0,0,1,"S0029",10,1,"holdout",22.1518413561237,25.5414331090943,3.38959175297059,3.38959175297059,,3.38959175297059
"TPL_017","TPL_017_RUN_011",11,25.5414331090943,26.1476325418417,"background_shifted_gamma","Background","none","none","none","none","shifted_gamma","background","none","none","none","background","background_03",1794534397,"point_process=1794534397","1ed124e39120ed706c96f9801258fa71819a1e113da4de6448a1b4d50d23ee2a",0.732331231422722,4.00934242247604,0.02,1,0.606199432747333,0.606199432747333,0,0,0,1,"S0029",10,1,"holdout",25.5414331090943,26.1476325418417,0.606199432747333,0.732331231422722,0.02,0.606199432747333
"TPL_017","TPL_017_RUN_012",12,26.1476325418417,31.4433852933381,"broad_hfs_shifted_gamma","Burst","Broad_HFS","Burst","none","none","shifted_gamma","intermediate","none","moderate","BQ_094","hfs_with_nested_burst","BQ_094",1062723752,"hfs_with_nested_burst=810066877;hfs=1527188381;hfs_shape=1115712396;hfs_total=605513447;nested_burst=577096437;nested_duration=490850364;nested_position=25995811;point_process=1062723752","a47b0713d9d1003413e29bbdbde532e7a5ee6c564470605b51acc376d46d5682",0.188337628049776,4.09453086387366,0.02,30,5.29575275149645,0.176525091716548,0.560555593287746,0.324672270823498,0.155705420558839,9,"S0029",10,1,"holdout",26.1476325418417,31.4433852933381,5.29575275149645,0.188337628049776,0.02,0.176525091716548
"TPL_017","TPL_017_RUN_013",13,31.4433852933381,32.2068558479158,"standalone_background_shifted_gamma","Burst","none","Burst","none","none","shifted_gamma","standalone_background","none","weak","BQ_049","burst","BQ_049",210921880,"burst=35181183;hfs=829713545;hfs_shape=1509303826;hfs_total=587066950;nested_burst=894325318;nested_duration=1721334270;nested_position=195571827;point_process=210921880","68700b0c15269896cf565cfcb542ee0df19d13d555fbbccbc09c1475c180fb60",0.504702612990513,4.46801216229796,0.02,7,0.763470554577719,0.109067222082531,0.324566846870734,0.436567553086231,0.1863155992127,3,"S0029",10,1,"holdout",31.4433852933381,32.2068558479158,0.763470554577719,0.504702612990513,0.02,0.109067222082531
"TPL_017","TPL_017_RUN_014",14,32.2068558479158,38.8445189004995,"broad_hfs_shifted_gamma","Broad_HFS","Broad_HFS","none","none","none","shifted_gamma","regular","none","none","none","hfs","regular_1",1635686079,"point_process=1635686079","01d6b8e1f2a08ba37c6aeb02876e46cd6dee98e0e30767f230bb421158c3c1f4",0.28939136988949,8.08345812465996,0.02,22,6.6376630525837,0.301711956935623,0.356621517461762,0.441829627173596,0.20290182405329,1,"S0029",10,1,"holdout",32.2068558479158,38.8445189004995,6.6376630525837,0.28939136988949,0.02,0.301711956935623
"TPL_018","TPL_018_RUN_001",1,0,3.96782248484295,"broad_hfs_shifted_gamma","Broad_HFS","Broad_HFS","none","none","none","shifted_gamma","irregular","none","none","none","hfs","irregular_1",364148743,"point_process=364148743","630053930fa5df567b1b4d12aa11ec4b75283ae9c42beca8037a199da123b728",0.19578457410913,1.73674606641289,0.02,25,3.96782248484295,0.158712899393718,0.517562752041534,0.632496492267867,0.427651759982019,3,"S0023",1,0.1,"holdout",0,0.396782248484295,0.396782248484295,0.019578457410913,0.002,0.0158712899393718
"TPL_018","TPL_018_RUN_002",2,3.96782248484295,4.257781590801,"standalone_background_shifted_gamma","Burst","none","Burst","none","none","shifted_gamma","standalone_background","none","moderate","BQ_053","burst","BQ_053",1816675194,"burst=1703145091;hfs=1912444814;hfs_shape=1764456424;hfs_total=1925276694;nested_burst=850086270;nested_duration=1850404445;nested_position=834047792;point_process=1816675194","96802d998bf99cea3f4ead7a157cc2b60699365e2abb5925bd9e3c9f47ca3d4c",0.581584821722936,3.80423028245568,0.02,3,0.289959105958045,0.0966530353193484,0.398270633538299,0.422715903291917,0.161351706662171,1,"S0023",1,0.1,"holdout",0.396782248484295,0.4257781590801,0.0289959105958045,0.0581584821722936,0.002,0.00966530353193484
"TPL_018","TPL_018_RUN_003",3,4.257781590801,7.34057213677138,"background_shifted_gamma","Background","none","none","none","none","shifted_gamma","background","none","none","none","background","background_01",260627731,"point_process=260627731","7b680d4b034aee211baa087cbaa090a2ed1e8d5288fb21e1359f3aa76a475232",0.726067388907541,5.45277696161065,0.02,3,3.08279054597039,1.0275968486568,0.0368784291231278,0.0420957010519786,0.00192434011258715,1,"S0023",1,0.1,"holdout",0.4257781590801,0.734057213677138,0.308279054597039,0.0726067388907541,0.002,0.10275968486568
"TPL_018","TPL_018_RUN_004",4,7.34057213677138,12.1963756509067,"tonic_shifted_gamma_generic_stress","Tonic:generic_stress","Tonic","none","none","none","shifted_gamma","generic_stress","generic_stress","none","none","tonic","generic_stress_1",1831456120,"point_process=1831456120","2b39e5df489668a3361f6685469eff50139604a47b39137ee6df932458089109",0.596876664389856,4.02218278695364,0.02,9,4.85580351413533,0.539533723792815,0.571653248468684,0.671135036987223,0.386640546430365,2,"S0023",1,0.1,"holdout",0.734057213677138,1.21963756509067,0.485580351413533,0.0596876664389856,0.002,0.0539533723792815
"TPL_018","TPL_018_RUN_005",5,12.1963756509067,18.1818783249648,"complex_multi_gap_mechanism","Pause:complex_multi_gap","none","Pause","complex_multi_gap","none","explicit_gap","complex_multi_gap","none","none","none","pause","complex_multi_gap_1",454340982,"point_process=454340982","6538a8d3d3cd52930e4e63aa9962b09588c5098b17f8b424b86aaad5f3e9244f",2.99275133702904,,,2,5.98550267405808,2.99275133702904,0.0291625586714056,0.041242085986603,0.00127568224239476,1,"S0023",1,0.1,"holdout",1.21963756509067,1.81818783249648,0.598550267405808,0.299275133702904,,0.299275133702904
"TPL_018","TPL_018_RUN_006",6,18.1818783249648,18.7337206882789,"standalone_background_shifted_gamma","Burst","none","Burst","none","none","shifted_gamma","standalone_background","none","strong","BQ_054","burst","BQ_054",805651833,"burst=1256194285;hfs=1116644049;hfs_shape=1529728970;hfs_total=312889285;nested_burst=1728211164;nested_duration=1623300233;nested_position=1850606662;point_process=805651833","fd50403009297e0d263154418a3264b2d6e5332d67ff2458fcbfa67bb2108134",0.788968435872812,2.05622841343284,0.02,6,0.55184236331411,0.0919737272190183,0.309658276217054,0.393948839936801,0.120098656090808,2,"S0023",1,0.1,"holdout",1.81818783249648,1.87337206882789,0.055184236331411,0.0788968435872812,0.002,0.00919737272190183
"TPL_018","TPL_018_RUN_007",7,18.7337206882789,19.362418274711,"contextual_gap_mechanism","Contextual_Separator","none","none","none","Contextual_Separator","explicit_gap","contextual_separator","none","none","none","contextual_separator","separator_1",1751578329,"point_process=1751578329","a43658f5eee2e67b4a87065daead2d044bf766ed94957fbdad344606bad3559c",0.628697586432099,,,1,0.628697586432099,0.628697586432099,0,0,0,1,"S0023",1,0.1,"holdout",1.87337206882789,1.9362418274711,0.0628697586432099,0.0628697586432099,,0.0628697586432099
"TPL_018","TPL_018_RUN_008",8,19.362418274711,20.1912024263068,"standalone_background_shifted_gamma","Burst","none","Burst","none","none","shifted_gamma","standalone_background","none","weak","BQ_052","burst","BQ_052",1269446783,"burst=1836811943;hfs=982630292;hfs_shape=31575450;hfs_total=1909749203;nested_burst=1958349231;nested_duration=1256298555;nested_position=144840683;point_process=1269446783","76799415cd362405e0caa6af98c98e44c2f801a19dba882581b4d7ca1f15d2cf",0.662242089118809,2.03301575928926,0.02,5,0.828784151595776,0.165756830319155,0.924170117235762,1.11436298739818,1.15501317593834,1,"S0023",1,0.1,"holdout",1.9362418274711,2.01912024263068,0.0828784151595776,0.0662242089118809,0.002,0.0165756830319155
"TPL_018","TPL_018_RUN_009",9,20.1912024263068,26.7856271890809,"broad_hfs_shifted_gamma","Burst","Broad_HFS","Burst","none","none","shifted_gamma","regular","none","moderate","BQ_095","hfs_with_nested_burst","BQ_095",2070518859,"hfs_with_nested_burst=1792126717;hfs=1728743472;hfs_shape=1581928420;hfs_total=914986641;nested_burst=1054826561;nested_duration=401125870;nested_position=1836631072;point_process=2070518859","3ce3434587e63d5bc5bf851ba1754a4cd937ba02b0a668ed592a4670272c4f2e",0.230656983689405,7.88538500899449,0.02,31,6.59442476277416,0.212723379444328,0.555688077777924,0.425685803907372,0.235666162651603,38,"S0023",1,0.1,"holdout",2.01912024263068,2.67856271890809,0.659442476277416,0.0230656983689405,0.002,0.0212723379444328
"TPL_018","TPL_018_RUN_010",10,26.7856271890809,29.7443593822306,"canonical_mechanism","Pause:canonical","none","Pause","canonical","none","explicit_gap","canonical","none","none","none","pause","canonical_2",190602639,"point_process=190602639","83fc7a464b29988829440c2fcc4ff830356169761c97c20a9bc72b2bc9c4f7bd",2.95873219314963,,,1,2.95873219314963,2.95873219314963,0,0,0,1,"S0023",1,0.1,"holdout",2.67856271890809,2.97443593822306,0.295873219314963,0.295873219314963,,0.295873219314963
"TPL_018","TPL_018_RUN_011",11,29.7443593822306,35.8188421263809,"broad_hfs_shifted_gamma","Burst","Broad_HFS","Burst","none","none","shifted_gamma","intermediate","none","strong","BQ_096","hfs_with_nested_burst","BQ_096",1436324791,"hfs_with_nested_burst=1071493546;hfs=854449079;hfs_shape=1016339891;hfs_total=2082579022;nested_burst=481150575;nested_duration=902525788;nested_position=2031485089;point_process=1436324791","69ba3ecef0ab9750ed94f00dbf423ea3ad69ff7c8548a364b6182e16e9525f03",0.200440496401861,3.53851550053805,0.02,34,6.07448274415033,0.178661257180892,0.660061315017304,0.558108896898812,0.381235877699138,433,"S0023",1,0.1,"holdout",2.97443593822306,3.58188421263809,0.607448274415033,0.0200440496401861,0.002,0.0178661257180892
"TPL_018","TPL_018_RUN_012",12,35.8188421263809,38.0430893822075,"tonic_shifted_gamma_stn_like_empirical","Tonic:stn_like_empirical","Tonic","none","none","none","shifted_gamma","stn_like_empirical","stn_like_empirical","none","none","tonic","stn_like_empirical_2",1327681488,"point_process=1327681488","9bf2cf0bb4e9f1a4a0f003870cd621d0275838072778f34f848668c9be2e2129",0.29766310502775,9.9300527649466,0.02,8,2.22424725582661,0.278030906978327,0.324254571015581,0.424332223940964,0.168537108375551,1,"S0023",1,0.1,"holdout",3.58188421263809,3.80430893822075,0.222424725582661,0.029766310502775,0.002,0.0278030906978327
"TPL_018","TPL_018_RUN_013",13,38.0430893822075,42.6530544570615,"canonical_mechanism","Pause:canonical","none","Pause","canonical","none","explicit_gap","canonical","none","none","none","pause","canonical_3",785824575,"point_process=785824575","b89c8b626751ec0db7379d7cc7563a1303d03c54fd86bd15f1c03df4fadb51d6",4.60996507485397,,,1,4.60996507485397,4.60996507485397,0,0,0,1,"S0023",1,0.1,"holdout",3.80430893822075,4.26530544570615,0.460996507485397,0.460996507485397,,0.460996507485397
"TPL_018","TPL_018_RUN_001",1,0,3.96782248484295,"broad_hfs_shifted_gamma","Broad_HFS","Broad_HFS","none","none","none","shifted_gamma","irregular","none","none","none","hfs","irregular_1",364148743,"point_process=364148743","630053930fa5df567b1b4d12aa11ec4b75283ae9c42beca8037a199da123b728",0.19578457410913,1.73674606641289,0.02,25,3.96782248484295,0.158712899393718,0.517562752041534,0.632496492267867,0.427651759982019,3,"S0017",4,0.4,"holdout",0,1.58712899393718,1.58712899393718,0.0783138296436519,0.008,0.0634851597574872
"TPL_018","TPL_018_RUN_002",2,3.96782248484295,4.257781590801,"standalone_background_shifted_gamma","Burst","none","Burst","none","none","shifted_gamma","standalone_background","none","moderate","BQ_053","burst","BQ_053",1816675194,"burst=1703145091;hfs=1912444814;hfs_shape=1764456424;hfs_total=1925276694;nested_burst=850086270;nested_duration=1850404445;nested_position=834047792;point_process=1816675194","96802d998bf99cea3f4ead7a157cc2b60699365e2abb5925bd9e3c9f47ca3d4c",0.581584821722936,3.80423028245568,0.02,3,0.289959105958045,0.0966530353193484,0.398270633538299,0.422715903291917,0.161351706662171,1,"S0017",4,0.4,"holdout",1.58712899393718,1.7031126363204,0.115983642383218,0.232633928689174,0.008,0.0386612141277394
"TPL_018","TPL_018_RUN_003",3,4.257781590801,7.34057213677138,"background_shifted_gamma","Background","none","none","none","none","shifted_gamma","background","none","none","none","background","background_01",260627731,"point_process=260627731","7b680d4b034aee211baa087cbaa090a2ed1e8d5288fb21e1359f3aa76a475232",0.726067388907541,5.45277696161065,0.02,3,3.08279054597039,1.0275968486568,0.0368784291231278,0.0420957010519786,0.00192434011258715,1,"S0017",4,0.4,"holdout",1.7031126363204,2.93622885470855,1.23311621838815,0.290426955563016,0.008,0.411038739462718
"TPL_018","TPL_018_RUN_004",4,7.34057213677138,12.1963756509067,"tonic_shifted_gamma_generic_stress","Tonic:generic_stress","Tonic","none","none","none","shifted_gamma","generic_stress","generic_stress","none","none","tonic","generic_stress_1",1831456120,"point_process=1831456120","2b39e5df489668a3361f6685469eff50139604a47b39137ee6df932458089109",0.596876664389856,4.02218278695364,0.02,9,4.85580351413533,0.539533723792815,0.571653248468684,0.671135036987223,0.386640546430365,2,"S0017",4,0.4,"holdout",2.93622885470855,4.87855026036269,1.94232140565413,0.238750665755943,0.008,0.215813489517126
"TPL_018","TPL_018_RUN_005",5,12.1963756509067,18.1818783249648,"complex_multi_gap_mechanism","Pause:complex_multi_gap","none","Pause","complex_multi_gap","none","explicit_gap","complex_multi_gap","none","none","none","pause","complex_multi_gap_1",454340982,"point_process=454340982","6538a8d3d3cd52930e4e63aa9962b09588c5098b17f8b424b86aaad5f3e9244f",2.99275133702904,,,2,5.98550267405808,2.99275133702904,0.0291625586714056,0.041242085986603,0.00127568224239476,1,"S0017",4,0.4,"holdout",4.87855026036269,7.27275132998592,2.39420106962323,1.19710053481162,,1.19710053481162
"TPL_018","TPL_018_RUN_006",6,18.1818783249648,18.7337206882789,"standalone_background_shifted_gamma","Burst","none","Burst","none","none","shifted_gamma","standalone_background","none","strong","BQ_054","burst","BQ_054",805651833,"burst=1256194285;hfs=1116644049;hfs_shape=1529728970;hfs_total=312889285;nested_burst=1728211164;nested_duration=1623300233;nested_position=1850606662;point_process=805651833","fd50403009297e0d263154418a3264b2d6e5332d67ff2458fcbfa67bb2108134",0.788968435872812,2.05622841343284,0.02,6,0.55184236331411,0.0919737272190183,0.309658276217054,0.393948839936801,0.120098656090808,2,"S0017",4,0.4,"holdout",7.27275132998592,7.49348827531156,0.220736945325644,0.315587374349125,0.008,0.0367894908876073
"TPL_018","TPL_018_RUN_007",7,18.7337206882789,19.362418274711,"contextual_gap_mechanism","Contextual_Separator","none","none","none","Contextual_Separator","explicit_gap","contextual_separator","none","none","none","contextual_separator","separator_1",1751578329,"point_process=1751578329","a43658f5eee2e67b4a87065daead2d044bf766ed94957fbdad344606bad3559c",0.628697586432099,,,1,0.628697586432099,0.628697586432099,0,0,0,1,"S0017",4,0.4,"holdout",7.49348827531156,7.7449673098844,0.25147903457284,0.25147903457284,,0.25147903457284
"TPL_018","TPL_018_RUN_008",8,19.362418274711,20.1912024263068,"standalone_background_shifted_gamma","Burst","none","Burst","none","none","shifted_gamma","standalone_background","none","weak","BQ_052","burst","BQ_052",1269446783,"burst=1836811943;hfs=982630292;hfs_shape=31575450;hfs_total=1909749203;nested_burst=1958349231;nested_duration=1256298555;nested_position=144840683;point_process=1269446783","76799415cd362405e0caa6af98c98e44c2f801a19dba882581b4d7ca1f15d2cf",0.662242089118809,2.03301575928926,0.02,5,0.828784151595776,0.165756830319155,0.924170117235762,1.11436298739818,1.15501317593834,1,"S0017",4,0.4,"holdout",7.7449673098844,8.07648097052271,0.33151366063831,0.264896835647523,0.008,0.0663027321276621
"TPL_018","TPL_018_RUN_009",9,20.1912024263068,26.7856271890809,"broad_hfs_shifted_gamma","Burst","Broad_HFS","Burst","none","none","shifted_gamma","regular","none","moderate","BQ_095","hfs_with_nested_burst","BQ_095",2070518859,"hfs_with_nested_burst=1792126717;hfs=1728743472;hfs_shape=1581928420;hfs_total=914986641;nested_burst=1054826561;nested_duration=401125870;nested_position=1836631072;point_process=2070518859","3ce3434587e63d5bc5bf851ba1754a4cd937ba02b0a668ed592a4670272c4f2e",0.230656983689405,7.88538500899449,0.02,31,6.59442476277416,0.212723379444328,0.555688077777924,0.425685803907372,0.235666162651603,38,"S0017",4,0.4,"holdout",8.07648097052271,10.7142508756324,2.63776990510966,0.092262793475762,0.008,0.0850893517777311
"TPL_018","TPL_018_RUN_010",10,26.7856271890809,29.7443593822306,"canonical_mechanism","Pause:canonical","none","Pause","canonical","none","explicit_gap","canonical","none","none","none","pause","canonical_2",190602639,"point_process=190602639","83fc7a464b29988829440c2fcc4ff830356169761c97c20a9bc72b2bc9c4f7bd",2.95873219314963,,,1,2.95873219314963,2.95873219314963,0,0,0,1,"S0017",4,0.4,"holdout",10.7142508756324,11.8977437528922,1.18349287725985,1.18349287725985,,1.18349287725985
"TPL_018","TPL_018_RUN_011",11,29.7443593822306,35.8188421263809,"broad_hfs_shifted_gamma","Burst","Broad_HFS","Burst","none","none","shifted_gamma","intermediate","none","strong","BQ_096","hfs_with_nested_burst","BQ_096",1436324791,"hfs_with_nested_burst=1071493546;hfs=854449079;hfs_shape=1016339891;hfs_total=2082579022;nested_burst=481150575;nested_duration=902525788;nested_position=2031485089;point_process=1436324791","69ba3ecef0ab9750ed94f00dbf423ea3ad69ff7c8548a364b6182e16e9525f03",0.200440496401861,3.53851550053805,0.02,34,6.07448274415033,0.178661257180892,0.660061315017304,0.558108896898812,0.381235877699138,433,"S0017",4,0.4,"holdout",11.8977437528922,14.3275368505524,2.42979309766013,0.0801761985607445,0.008,0.0714645028723568
"TPL_018","TPL_018_RUN_012",12,35.8188421263809,38.0430893822075,"tonic_shifted_gamma_stn_like_empirical","Tonic:stn_like_empirical","Tonic","none","none","none","shifted_gamma","stn_like_empirical","stn_like_empirical","none","none","tonic","stn_like_empirical_2",1327681488,"point_process=1327681488","9bf2cf0bb4e9f1a4a0f003870cd621d0275838072778f34f848668c9be2e2129",0.29766310502775,9.9300527649466,0.02,8,2.22424725582661,0.278030906978327,0.324254571015581,0.424332223940964,0.168537108375551,1,"S0017",4,0.4,"holdout",14.3275368505524,15.217235752883,0.889698902330645,0.1190652420111,0.008,0.111212362791331
"TPL_018","TPL_018_RUN_013",13,38.0430893822075,42.6530544570615,"canonical_mechanism","Pause:canonical","none","Pause","canonical","none","explicit_gap","canonical","none","none","none","pause","canonical_3",785824575,"point_process=785824575","b89c8b626751ec0db7379d7cc7563a1303d03c54fd86bd15f1c03df4fadb51d6",4.60996507485397,,,1,4.60996507485397,4.60996507485397,0,0,0,1,"S0017",4,0.4,"holdout",15.217235752883,17.0612217828246,1.84398602994159,1.84398602994159,,1.84398602994159
"TPL_018","TPL_018_RUN_001",1,0,3.96782248484295,"broad_hfs_shifted_gamma","Broad_HFS","Broad_HFS","none","none","none","shifted_gamma","irregular","none","none","none","hfs","irregular_1",364148743,"point_process=364148743","630053930fa5df567b1b4d12aa11ec4b75283ae9c42beca8037a199da123b728",0.19578457410913,1.73674606641289,0.02,25,3.96782248484295,0.158712899393718,0.517562752041534,0.632496492267867,0.427651759982019,3,"S0032",10,1,"holdout",0,3.96782248484295,3.96782248484295,0.19578457410913,0.02,0.158712899393718
"TPL_018","TPL_018_RUN_002",2,3.96782248484295,4.257781590801,"standalone_background_shifted_gamma","Burst","none","Burst","none","none","shifted_gamma","standalone_background","none","moderate","BQ_053","burst","BQ_053",1816675194,"burst=1703145091;hfs=1912444814;hfs_shape=1764456424;hfs_total=1925276694;nested_burst=850086270;nested_duration=1850404445;nested_position=834047792;point_process=1816675194","96802d998bf99cea3f4ead7a157cc2b60699365e2abb5925bd9e3c9f47ca3d4c",0.581584821722936,3.80423028245568,0.02,3,0.289959105958045,0.0966530353193484,0.398270633538299,0.422715903291917,0.161351706662171,1,"S0032",10,1,"holdout",3.96782248484295,4.257781590801,0.289959105958045,0.581584821722936,0.02,0.0966530353193484
"TPL_018","TPL_018_RUN_003",3,4.257781590801,7.34057213677138,"background_shifted_gamma","Background","none","none","none","none","shifted_gamma","background","none","none","none","background","background_01",260627731,"point_process=260627731","7b680d4b034aee211baa087cbaa090a2ed1e8d5288fb21e1359f3aa76a475232",0.726067388907541,5.45277696161065,0.02,3,3.08279054597039,1.0275968486568,0.0368784291231278,0.0420957010519786,0.00192434011258715,1,"S0032",10,1,"holdout",4.257781590801,7.34057213677138,3.08279054597039,0.726067388907541,0.02,1.0275968486568
"TPL_018","TPL_018_RUN_004",4,7.34057213677138,12.1963756509067,"tonic_shifted_gamma_generic_stress","Tonic:generic_stress","Tonic","none","none","none","shifted_gamma","generic_stress","generic_stress","none","none","tonic","generic_stress_1",1831456120,"point_process=1831456120","2b39e5df489668a3361f6685469eff50139604a47b39137ee6df932458089109",0.596876664389856,4.02218278695364,0.02,9,4.85580351413533,0.539533723792815,0.571653248468684,0.671135036987223,0.386640546430365,2,"S0032",10,1,"holdout",7.34057213677138,12.1963756509067,4.85580351413533,0.596876664389856,0.02,0.539533723792815
"TPL_018","TPL_018_RUN_005",5,12.1963756509067,18.1818783249648,"complex_multi_gap_mechanism","Pause:complex_multi_gap","none","Pause","complex_multi_gap","none","explicit_gap","complex_multi_gap","none","none","none","pause","complex_multi_gap_1",454340982,"point_process=454340982","6538a8d3d3cd52930e4e63aa9962b09588c5098b17f8b424b86aaad5f3e9244f",2.99275133702904,,,2,5.98550267405808,2.99275133702904,0.0291625586714056,0.041242085986603,0.00127568224239476,1,"S0032",10,1,"holdout",12.1963756509067,18.1818783249648,5.98550267405808,2.99275133702904,,2.99275133702904
"TPL_018","TPL_018_RUN_006",6,18.1818783249648,18.7337206882789,"standalone_background_shifted_gamma","Burst","none","Burst","none","none","shifted_gamma","standalone_background","none","strong","BQ_054","burst","BQ_054",805651833,"burst=1256194285;hfs=1116644049;hfs_shape=1529728970;hfs_total=312889285;nested_burst=1728211164;nested_duration=1623300233;nested_position=1850606662;point_process=805651833","fd50403009297e0d263154418a3264b2d6e5332d67ff2458fcbfa67bb2108134",0.788968435872812,2.05622841343284,0.02,6,0.55184236331411,0.0919737272190183,0.309658276217054,0.393948839936801,0.120098656090808,2,"S0032",10,1,"holdout",18.1818783249648,18.7337206882789,0.55184236331411,0.788968435872812,0.02,0.0919737272190183
"TPL_018","TPL_018_RUN_007",7,18.7337206882789,19.362418274711,"contextual_gap_mechanism","Contextual_Separator","none","none","none","Contextual_Separator","explicit_gap","contextual_separator","none","none","none","contextual_separator","separator_1",1751578329,"point_process=1751578329","a43658f5eee2e67b4a87065daead2d044bf766ed94957fbdad344606bad3559c",0.628697586432099,,,1,0.628697586432099,0.628697586432099,0,0,0,1,"S0032",10,1,"holdout",18.7337206882789,19.362418274711,0.628697586432099,0.628697586432099,,0.628697586432099
"TPL_018","TPL_018_RUN_008",8,19.362418274711,20.1912024263068,"standalone_background_shifted_gamma","Burst","none","Burst","none","none","shifted_gamma","standalone_background","none","weak","BQ_052","burst","BQ_052",1269446783,"burst=1836811943;hfs=982630292;hfs_shape=31575450;hfs_total=1909749203;nested_burst=1958349231;nested_duration=1256298555;nested_position=144840683;point_process=1269446783","76799415cd362405e0caa6af98c98e44c2f801a19dba882581b4d7ca1f15d2cf",0.662242089118809,2.03301575928926,0.02,5,0.828784151595776,0.165756830319155,0.924170117235762,1.11436298739818,1.15501317593834,1,"S0032",10,1,"holdout",19.362418274711,20.1912024263068,0.828784151595776,0.662242089118809,0.02,0.165756830319155
"TPL_018","TPL_018_RUN_009",9,20.1912024263068,26.7856271890809,"broad_hfs_shifted_gamma","Burst","Broad_HFS","Burst","none","none","shifted_gamma","regular","none","moderate","BQ_095","hfs_with_nested_burst","BQ_095",2070518859,"hfs_with_nested_burst=1792126717;hfs=1728743472;hfs_shape=1581928420;hfs_total=914986641;nested_burst=1054826561;nested_duration=401125870;nested_position=1836631072;point_process=2070518859","3ce3434587e63d5bc5bf851ba1754a4cd937ba02b0a668ed592a4670272c4f2e",0.230656983689405,7.88538500899449,0.02,31,6.59442476277416,0.212723379444328,0.555688077777924,0.425685803907372,0.235666162651603,38,"S0032",10,1,"holdout",20.1912024263068,26.7856271890809,6.59442476277416,0.230656983689405,0.02,0.212723379444328
"TPL_018","TPL_018_RUN_010",10,26.7856271890809,29.7443593822306,"canonical_mechanism","Pause:canonical","none","Pause","canonical","none","explicit_gap","canonical","none","none","none","pause","canonical_2",190602639,"point_process=190602639","83fc7a464b29988829440c2fcc4ff830356169761c97c20a9bc72b2bc9c4f7bd",2.95873219314963,,,1,2.95873219314963,2.95873219314963,0,0,0,1,"S0032",10,1,"holdout",26.7856271890809,29.7443593822306,2.95873219314963,2.95873219314963,,2.95873219314963
"TPL_018","TPL_018_RUN_011",11,29.7443593822306,35.8188421263809,"broad_hfs_shifted_gamma","Burst","Broad_HFS","Burst","none","none","shifted_gamma","intermediate","none","strong","BQ_096","hfs_with_nested_burst","BQ_096",1436324791,"hfs_with_nested_burst=1071493546;hfs=854449079;hfs_shape=1016339891;hfs_total=2082579022;nested_burst=481150575;nested_duration=902525788;nested_position=2031485089;point_process=1436324791","69ba3ecef0ab9750ed94f00dbf423ea3ad69ff7c8548a364b6182e16e9525f03",0.200440496401861,3.53851550053805,0.02,34,6.07448274415033,0.178661257180892,0.660061315017304,0.558108896898812,0.381235877699138,433,"S0032",10,1,"holdout",29.7443593822306,35.8188421263809,6.07448274415033,0.200440496401861,0.02,0.178661257180892
"TPL_018","TPL_018_RUN_012",12,35.8188421263809,38.0430893822075,"tonic_shifted_gamma_stn_like_empirical","Tonic:stn_like_empirical","Tonic","none","none","none","shifted_gamma","stn_like_empirical","stn_like_empirical","none","none","tonic","stn_like_empirical_2",1327681488,"point_process=1327681488","9bf2cf0bb4e9f1a4a0f003870cd621d0275838072778f34f848668c9be2e2129",0.29766310502775,9.9300527649466,0.02,8,2.22424725582661,0.278030906978327,0.324254571015581,0.424332223940964,0.168537108375551,1,"S0032",10,1,"holdout",35.8188421263809,38.0430893822075,2.22424725582661,0.29766310502775,0.02,0.278030906978327
"TPL_018","TPL_018_RUN_013",13,38.0430893822075,42.6530544570615,"canonical_mechanism","Pause:canonical","none","Pause","canonical","none","explicit_gap","canonical","none","none","none","pause","canonical_3",785824575,"point_process=785824575","b89c8b626751ec0db7379d7cc7563a1303d03c54fd86bd15f1c03df4fadb51d6",4.60996507485397,,,1,4.60996507485397,4.60996507485397,0,0,0,1,"S0032",10,1,"holdout",38.0430893822075,42.6530544570615,4.60996507485397,4.60996507485397,,4.60996507485397
"TPL_019","TPL_019_RUN_001",1,0,0.379075145433936,"standalone_background_shifted_gamma","Burst","none","Burst","none","none","shifted_gamma","standalone_background","none","strong","BQ_057","burst","BQ_057",558146770,"burst=933707102;hfs=1768000623;hfs_shape=2074499672;hfs_total=367576080;nested_burst=2113175506;nested_duration=60095840;nested_position=70942410;point_process=558146770","cca094e0e62af8d4a793ee8b9b0b229c72ea9b1122e30856bd734f3c60d98a8f",0.708123266184703,4.71034645289183,0.02,4,0.379075145433936,0.094768786358484,0.473785198335517,0.604536897903632,0.303020627838933,2,"S0047",1,0.1,"holdout",0,0.0379075145433936,0.0379075145433936,0.0708123266184703,0.002,0.0094768786358484
"TPL_019","TPL_019_RUN_002",2,0.379075145433936,5.53508137498762,"broad_hfs_shifted_gamma","Broad_HFS","Broad_HFS","none","none","none","shifted_gamma","irregular","none","none","none","hfs","irregular_1",1283716326,"point_process=1283716326","8c64d97af7a1a57de9ba7f7a65a75bc757cb8386cfdbc549ce922832c2ef188b",0.257026779293083,1.5553221803857,0.02,22,5.15600622955368,0.234363919525167,0.577210340966964,0.91882710924721,0.792144860583958,3,"S0047",1,0.1,"holdout",0.0379075145433936,0.553508137498762,0.515600622955368,0.0257026779293083,0.002,0.0234363919525167
"TPL_019","TPL_019_RUN_003",3,5.53508137498762,8.4360279762816,"canonical_mechanism","Pause:canonical","none","Pause","canonical","none","explicit_gap","canonical","none","none","none","pause","canonical_1",1128558244,"point_process=1128558244","9e52b3a8c871c3acb02b4ac47ef8cb4ad5db52086e56d98a0ef3aecb1dc2b249",2.90094660129398,,,1,2.90094660129398,2.90094660129398,0,0,0,1,"S0047",1,0.1,"holdout",0.553508137498762,0.84360279762816,0.290094660129398,0.290094660129398,,0.290094660129398
"TPL_019","TPL_019_RUN_004",4,8.4360279762816,12.2683620055675,"background_shifted_gamma","Background","none","none","none","none","shifted_gamma","background","none","none","none","background","background_01",172054185,"point_process=172054185","fd953a1ba8b8a7e5b190995a77c98f0e92ee781966cfa6981306c427ac9d4452",0.782906278804876,4.61003011383582,0.02,3,3.8323340292859,1.27744467642863,0.121175509598042,0.167958341580883,0.0253603134555722,1,"S0047",1,0.1,"holdout",0.84360279762816,1.22683620055675,0.38323340292859,0.0782906278804876,0.002,0.127744467642863
"TPL_019","TPL_019_RUN_005",5,12.2683620055675,20.0291711629772,"broad_hfs_shifted_gamma","Burst","Broad_HFS","Burst","none","none","shifted_gamma","intermediate","none","weak","BQ_097","hfs_with_nested_burst","BQ_097",584841853,"hfs_with_nested_burst=191041107;hfs=553190609;hfs_shape=383960455;hfs_total=1422185868;nested_burst=105410502;nested_duration=1038310582;nested_position=1104141934;point_process=584841853","b3eec88541610011118dfdfd026ae9dcc569737aab04703189ec7c1817966750",0.26010495851282,2.97660335344262,0.02,34,7.76080915740971,0.228259092864992,0.536010518638597,0.397079023341905,0.16917485405653,74,"S0047",1,0.1,"holdout",1.22683620055675,2.00291711629772,0.776080915740971,0.026010495851282,0.002,0.0228259092864992
"TPL_019","TPL_019_RUN_006",6,20.0291711629772,22.4634093571967,"background_shifted_gamma","Background","none","none","none","none","shifted_gamma","background","none","none","none","background","background_02",571206292,"point_process=571206292","df19b08ec6056bc13c07a858cdcef7f3265802942c73e46150c52505cd8f7fae",0.72231087142136,3.95778207445983,0.02,2,2.43423819421949,1.21711909710974,0.60373998962104,0.853817281469067,0.54675296260142,1,"S0047",1,0.1,"holdout",2.00291711629772,2.24634093571967,0.243423819421949,0.072231087142136,0.002,0.121711909710974
"TPL_019","TPL_019_RUN_007",7,22.4634093571967,23.134303210656,"standalone_background_shifted_gamma","Burst","none","Burst","none","none","shifted_gamma","standalone_background","none","weak","BQ_055","burst","BQ_055",1995172913,"burst=208277641;hfs=640213077;hfs_shape=287803215;hfs_total=872781652;nested_burst=1678330516;nested_duration=1367781189;nested_position=246912122;point_process=1995172913","bcb15f363f1d7ae8b3d2f45e32a7539581aa7ad3fc8831a3bd721b880dfa7088",0.54565744191641,1.85798629820347,0.02,7,0.670893853459345,0.0958419790656207,0.488208366317697,0.463959871032621,0.200285105165559,3,"S0047",1,0.1,"holdout",2.24634093571967,2.3134303210656,0.0670893853459345,0.054565744191641,0.002,0.00958419790656207
"TPL_019","TPL_019_RUN_008",8,23.134303210656,23.6445173053805,"contextual_gap_mechanism","Contextual_Separator","none","none","none","Contextual_Separator","explicit_gap","contextual_separator","none","none","none","contextual_separator","separator_1",396199991,"point_process=396199991","ccdbdf3a99af09ac3fdce1579f159d289ade6d609c4e749a41bebd840bec78e3",0.510214094724506,,,1,0.510214094724506,0.510214094724506,0,0,0,1,"S0047",1,0.1,"holdout",2.3134303210656,2.36445173053805,0.0510214094724506,0.0510214094724506,,0.0510214094724506
"TPL_019","TPL_019_RUN_009",9,23.6445173053805,24.4366329514446,"standalone_background_shifted_gamma","Burst","none","Burst","none","none","shifted_gamma","standalone_background","none","moderate","BQ_056","burst","BQ_056",343842902,"burst=173714688;hfs=1289891810;hfs_shape=1146584009;hfs_total=309894514;nested_burst=1157009233;nested_duration=1298337898;nested_position=1669024438;point_process=343842902","33d01285739a9b2a3d6b9106dde38851652e2c9c01950bd4dcf0acf317b989b3",0.646523878758308,4.14602799788117,0.02,8,0.792115646064026,0.0990144557580032,0.267442688263776,0.385002383150216,0.158443151021638,4,"S0047",1,0.1,"holdout",2.36445173053805,2.44366329514446,0.0792115646064026,0.0646523878758308,0.002,0.00990144557580032
"TPL_019","TPL_019_RUN_010",10,24.4366329514446,25.5568064846498,"background_shifted_gamma","Background","none","none","none","none","shifted_gamma","background","none","none","none","background","background_03",1209397567,"point_process=1209397567","aea49b367d47e9b653fe5f8aa3fef57e131c27049f32d40c67104db7533de21f",0.581492305803113,5.26631279080175,0.02,2,1.12017353320521,0.560086766602605,0.0851403625043853,0.120406655359063,0.0108733219910672,1,"S0047",1,0.1,"holdout",2.44366329514446,2.55568064846498,0.112017353320521,0.0581492305803113,0.002,0.0560086766602605
"TPL_019","TPL_019_RUN_011",11,25.5568064846498,28.329364513854,"tonic_shifted_gamma_stn_like_empirical","Tonic:stn_like_empirical","Tonic","none","none","none","shifted_gamma","stn_like_empirical","stn_like_empirical","none","none","tonic","stn_like_empirical_1",1879139969,"point_process=1879139969","2a9c5386e5f8ef9c9a006c03095965e949a31e35dd82dd84ae3b7dbf8f0b2401",0.271927807619795,12.7693462455645,0.02,11,2.77255802920421,0.252050729927656,0.261125215833285,0.264629996835284,0.0896829927752365,1,"S0047",1,0.1,"holdout",2.55568064846498,2.8329364513854,0.277255802920421,0.0271927807619795,0.002,0.0252050729927656
"TPL_019","TPL_019_RUN_012",12,28.329364513854,28.5423657785029,"background_shifted_gamma","Background","none","none","none","none","shifted_gamma","background","none","none","none","background","background_04",209538802,"point_process=209538802","b023d0a752f3d1350bffe39aea08afaf2d94ff058ed44e74373ecb3d2fcf3dc6",0.664535199827515,2.29027712077368,0.02,1,0.213001264648863,0.213001264648863,0,0,0,1,"S0047",1,0.1,"holdout",2.8329364513854,2.85423657785029,0.0213001264648863,0.0664535199827515,0.002,0.0213001264648863
"TPL_019","TPL_019_RUN_013",13,28.5423657785029,38.0149293515369,"tonic_shifted_gamma_generic_stress","Tonic:generic_stress","Tonic","none","none","none","shifted_gamma","generic_stress","generic_stress","none","none","tonic","generic_stress_2",1639352069,"point_process=1639352069","2cd73c23285c37fe3b06ea621582154060e59d35b211b2ebd5dfb4ce8e2b1280",0.723236366477795,5.40451442881022,0.02,11,9.47256357303405,0.861142143003096,0.283721838374956,0.373188470834824,0.126018593900664,1,"S0047",1,0.1,"holdout",2.85423657785029,3.80149293515369,0.947256357303405,0.0723236366477795,0.002,0.0861142143003096
"TPL_019","TPL_019_RUN_014",14,38.0149293515369,42.1117743921004,"canonical_mechanism","Pause:canonical","none","Pause","canonical","none","explicit_gap","canonical","none","none","none","pause","canonical_2",416422900,"point_process=416422900","e2886bf84d8c6ada8ac36e1732084315abbb76c95774cb53960dd7f801e3fb88",4.09684504056349,,,1,4.09684504056349,4.09684504056349,0,0,0,1,"S0047",1,0.1,"holdout",3.80149293515369,4.21117743921004,0.409684504056349,0.409684504056349,,0.409684504056349
"TPL_019","TPL_019_RUN_015",15,42.1117743921004,42.5234016190327,"background_shifted_gamma","Background","none","none","none","none","shifted_gamma","background","none","none","none","background","background_05",2101925599,"point_process=2101925599","0e95e22dee50d5248cb921a954534c8339bd8e64028540133f872d0964dca9c8",0.687099594285246,4.131793347653,0.02,1,0.411627226932336,0.411627226932336,0,0,0,1,"S0047",1,0.1,"holdout",4.21117743921004,4.25234016190327,0.0411627226932336,0.0687099594285246,0.002,0.0411627226932336
"TPL_019","TPL_019_RUN_016",16,42.5234016190327,49.823676394752,"broad_hfs_shifted_gamma","Burst","Broad_HFS","Burst","none","none","shifted_gamma","regular","none","strong","BQ_098","hfs_with_nested_burst","BQ_098",1972889327,"hfs_with_nested_burst=2037116278;hfs=321441187;hfs_shape=406760744;hfs_total=1210867477;nested_burst=935108676;nested_duration=1888532838;nested_position=1984428778;point_process=1972889327","6085de0005da1b5ccb2980c0f05be791984a312a3ead112f2fe072c995e5ee67",0.273607328436337,10.6662489851005,0.02,30,7.3002747757193,0.243342492523977,0.446259728275859,0.392734626358942,0.197735473533857,3,"S0047",1,0.1,"holdout",4.25234016190327,4.9823676394752,0.730027477571931,0.0273607328436337,0.002,0.0243342492523977
"TPL_019","TPL_019_RUN_001",1,0,0.379075145433936,"standalone_background_shifted_gamma","Burst","none","Burst","none","none","shifted_gamma","standalone_background","none","strong","BQ_057","burst","BQ_057",558146770,"burst=933707102;hfs=1768000623;hfs_shape=2074499672;hfs_total=367576080;nested_burst=2113175506;nested_duration=60095840;nested_position=70942410;point_process=558146770","cca094e0e62af8d4a793ee8b9b0b229c72ea9b1122e30856bd734f3c60d98a8f",0.708123266184703,4.71034645289183,0.02,4,0.379075145433936,0.094768786358484,0.473785198335517,0.604536897903632,0.303020627838933,2,"S0037",4,0.4,"holdout",0,0.151630058173574,0.151630058173574,0.283249306473881,0.008,0.0379075145433936
"TPL_019","TPL_019_RUN_002",2,0.379075145433936,5.53508137498762,"broad_hfs_shifted_gamma","Broad_HFS","Broad_HFS","none","none","none","shifted_gamma","irregular","none","none","none","hfs","irregular_1",1283716326,"point_process=1283716326","8c64d97af7a1a57de9ba7f7a65a75bc757cb8386cfdbc549ce922832c2ef188b",0.257026779293083,1.5553221803857,0.02,22,5.15600622955368,0.234363919525167,0.577210340966964,0.91882710924721,0.792144860583958,3,"S0037",4,0.4,"holdout",0.151630058173574,2.21403254999505,2.06240249182147,0.102810711717233,0.008,0.0937455678100669
"TPL_019","TPL_019_RUN_003",3,5.53508137498762,8.4360279762816,"canonical_mechanism","Pause:canonical","none","Pause","canonical","none","explicit_gap","canonical","none","none","none","pause","canonical_1",1128558244,"point_process=1128558244","9e52b3a8c871c3acb02b4ac47ef8cb4ad5db52086e56d98a0ef3aecb1dc2b249",2.90094660129398,,,1,2.90094660129398,2.90094660129398,0,0,0,1,"S0037",4,0.4,"holdout",2.21403254999505,3.37441119051264,1.16037864051759,1.16037864051759,,1.16037864051759
"TPL_019","TPL_019_RUN_004",4,8.4360279762816,12.2683620055675,"background_shifted_gamma","Background","none","none","none","none","shifted_gamma","background","none","none","none","background","background_01",172054185,"point_process=172054185","fd953a1ba8b8a7e5b190995a77c98f0e92ee781966cfa6981306c427ac9d4452",0.782906278804876,4.61003011383582,0.02,3,3.8323340292859,1.27744467642863,0.121175509598042,0.167958341580883,0.0253603134555722,1,"S0037",4,0.4,"holdout",3.37441119051264,4.907344802227,1.53293361171436,0.31316251152195,0.008,0.510977870571453
"TPL_019","TPL_019_RUN_005",5,12.2683620055675,20.0291711629772,"broad_hfs_shifted_gamma","Burst","Broad_HFS","Burst","none","none","shifted_gamma","intermediate","none","weak","BQ_097","hfs_with_nested_burst","BQ_097",584841853,"hfs_with_nested_burst=191041107;hfs=553190609;hfs_shape=383960455;hfs_total=1422185868;nested_burst=105410502;nested_duration=1038310582;nested_position=1104141934;point_process=584841853","b3eec88541610011118dfdfd026ae9dcc569737aab04703189ec7c1817966750",0.26010495851282,2.97660335344262,0.02,34,7.76080915740971,0.228259092864992,0.536010518638597,0.397079023341905,0.16917485405653,74,"S0037",4,0.4,"holdout",4.907344802227,8.01166846519088,3.10432366296389,0.104041983405128,0.008,0.0913036371459966
"TPL_019","TPL_019_RUN_006",6,20.0291711629772,22.4634093571967,"background_shifted_gamma","Background","none","none","none","none","shifted_gamma","background","none","none","none","background","background_02",571206292,"point_process=571206292","df19b08ec6056bc13c07a858cdcef7f3265802942c73e46150c52505cd8f7fae",0.72231087142136,3.95778207445983,0.02,2,2.43423819421949,1.21711909710974,0.60373998962104,0.853817281469067,0.54675296260142,1,"S0037",4,0.4,"holdout",8.01166846519088,8.98536374287868,0.973695277687795,0.288924348568544,0.008,0.486847638843897
"TPL_019","TPL_019_RUN_007",7,22.4634093571967,23.134303210656,"standalone_background_shifted_gamma","Burst","none","Burst","none","none","shifted_gamma","standalone_background","none","weak","BQ_055","burst","BQ_055",1995172913,"burst=208277641;hfs=640213077;hfs_shape=287803215;hfs_total=872781652;nested_burst=1678330516;nested_duration=1367781189;nested_position=246912122;point_process=1995172913","bcb15f363f1d7ae8b3d2f45e32a7539581aa7ad3fc8831a3bd721b880dfa7088",0.54565744191641,1.85798629820347,0.02,7,0.670893853459345,0.0958419790656207,0.488208366317697,0.463959871032621,0.200285105165559,3,"S0037",4,0.4,"holdout",8.98536374287868,9.25372128426242,0.268357541383738,0.218262976766564,0.008,0.0383367916262483
"TPL_019","TPL_019_RUN_008",8,23.134303210656,23.6445173053805,"contextual_gap_mechanism","Contextual_Separator","none","none","none","Contextual_Separator","explicit_gap","contextual_separator","none","none","none","contextual_separator","separator_1",396199991,"point_process=396199991","ccdbdf3a99af09ac3fdce1579f159d289ade6d609c4e749a41bebd840bec78e3",0.510214094724506,,,1,0.510214094724506,0.510214094724506,0,0,0,1,"S0037",4,0.4,"holdout",9.25372128426242,9.45780692215222,0.204085637889802,0.204085637889802,,0.204085637889802
"TPL_019","TPL_019_RUN_009",9,23.6445173053805,24.4366329514446,"standalone_background_shifted_gamma","Burst","none","Burst","none","none","shifted_gamma","standalone_background","none","moderate","BQ_056","burst","BQ_056",343842902,"burst=173714688;hfs=1289891810;hfs_shape=1146584009;hfs_total=309894514;nested_burst=1157009233;nested_duration=1298337898;nested_position=1669024438;point_process=343842902","33d01285739a9b2a3d6b9106dde38851652e2c9c01950bd4dcf0acf317b989b3",0.646523878758308,4.14602799788117,0.02,8,0.792115646064026,0.0990144557580032,0.267442688263776,0.385002383150216,0.158443151021638,4,"S0037",4,0.4,"holdout",9.45780692215222,9.77465318057783,0.31684625842561,0.258609551503323,0.008,0.0396057823032013
"TPL_019","TPL_019_RUN_010",10,24.4366329514446,25.5568064846498,"background_shifted_gamma","Background","none","none","none","none","shifted_gamma","background","none","none","none","background","background_03",1209397567,"point_process=1209397567","aea49b367d47e9b653fe5f8aa3fef57e131c27049f32d40c67104db7533de21f",0.581492305803113,5.26631279080175,0.02,2,1.12017353320521,0.560086766602605,0.0851403625043853,0.120406655359063,0.0108733219910672,1,"S0037",4,0.4,"holdout",9.77465318057783,10.2227225938599,0.448069413282084,0.232596922321245,0.008,0.224034706641042
"TPL_019","TPL_019_RUN_011",11,25.5568064846498,28.329364513854,"tonic_shifted_gamma_stn_like_empirical","Tonic:stn_like_empirical","Tonic","none","none","none","shifted_gamma","stn_like_empirical","stn_like_empirical","none","none","tonic","stn_like_empirical_1",1879139969,"point_process=1879139969","2a9c5386e5f8ef9c9a006c03095965e949a31e35dd82dd84ae3b7dbf8f0b2401",0.271927807619795,12.7693462455645,0.02,11,2.77255802920421,0.252050729927656,0.261125215833285,0.264629996835284,0.0896829927752365,1,"S0037",4,0.4,"holdout",10.2227225938599,11.3317458055416,1.10902321168169,0.108771123047918,0.008,0.100820291971062
"TPL_019","TPL_019_RUN_012",12,28.329364513854,28.5423657785029,"background_shifted_gamma","Background","none","none","none","none","shifted_gamma","background","none","none","none","background","background_04",209538802,"point_process=209538802","b023d0a752f3d1350bffe39aea08afaf2d94ff058ed44e74373ecb3d2fcf3dc6",0.664535199827515,2.29027712077368,0.02,1,0.213001264648863,0.213001264648863,0,0,0,1,"S0037",4,0.4,"holdout",11.3317458055416,11.4169463114011,0.0852005058595452,0.265814079931006,0.008,0.0852005058595452
"TPL_019","TPL_019_RUN_013",13,28.5423657785029,38.0149293515369,"tonic_shifted_gamma_generic_stress","Tonic:generic_stress","Tonic","none","none","none","shifted_gamma","generic_stress","generic_stress","none","none","tonic","generic_stress_2",1639352069,"point_process=1639352069","2cd73c23285c37fe3b06ea621582154060e59d35b211b2ebd5dfb4ce8e2b1280",0.723236366477795,5.40451442881022,0.02,11,9.47256357303405,0.861142143003096,0.283721838374956,0.373188470834824,0.126018593900664,1,"S0037",4,0.4,"holdout",11.4169463114011,15.2059717406148,3.78902542921362,0.289294546591118,0.008,0.344456857201238
"TPL_019","TPL_019_RUN_014",14,38.0149293515369,42.1117743921004,"canonical_mechanism","Pause:canonical","none","Pause","canonical","none","explicit_gap","canonical","none","none","none","pause","canonical_2",416422900,"point_process=416422900","e2886bf84d8c6ada8ac36e1732084315abbb76c95774cb53960dd7f801e3fb88",4.09684504056349,,,1,4.09684504056349,4.09684504056349,0,0,0,1,"S0037",4,0.4,"holdout",15.2059717406148,16.8447097568402,1.6387380162254,1.6387380162254,,1.6387380162254
"TPL_019","TPL_019_RUN_015",15,42.1117743921004,42.5234016190327,"background_shifted_gamma","Background","none","none","none","none","shifted_gamma","background","none","none","none","background","background_05",2101925599,"point_process=2101925599","0e95e22dee50d5248cb921a954534c8339bd8e64028540133f872d0964dca9c8",0.687099594285246,4.131793347653,0.02,1,0.411627226932336,0.411627226932336,0,0,0,1,"S0037",4,0.4,"holdout",16.8447097568402,17.0093606476131,0.164650890772934,0.274839837714098,0.008,0.164650890772934
"TPL_019","TPL_019_RUN_016",16,42.5234016190327,49.823676394752,"broad_hfs_shifted_gamma","Burst","Broad_HFS","Burst","none","none","shifted_gamma","regular","none","strong","BQ_098","hfs_with_nested_burst","BQ_098",1972889327,"hfs_with_nested_burst=2037116278;hfs=321441187;hfs_shape=406760744;hfs_total=1210867477;nested_burst=935108676;nested_duration=1888532838;nested_position=1984428778;point_process=1972889327","6085de0005da1b5ccb2980c0f05be791984a312a3ead112f2fe072c995e5ee67",0.273607328436337,10.6662489851005,0.02,30,7.3002747757193,0.243342492523977,0.446259728275859,0.392734626358942,0.197735473533857,3,"S0037",4,0.4,"holdout",17.0093606476131,19.9294705579008,2.92010991028772,0.109442931374535,0.008,0.0973369970095908
"TPL_019","TPL_019_RUN_001",1,0,0.379075145433936,"standalone_background_shifted_gamma","Burst","none","Burst","none","none","shifted_gamma","standalone_background","none","strong","BQ_057","burst","BQ_057",558146770,"burst=933707102;hfs=1768000623;hfs_shape=2074499672;hfs_total=367576080;nested_burst=2113175506;nested_duration=60095840;nested_position=70942410;point_process=558146770","cca094e0e62af8d4a793ee8b9b0b229c72ea9b1122e30856bd734f3c60d98a8f",0.708123266184703,4.71034645289183,0.02,4,0.379075145433936,0.094768786358484,0.473785198335517,0.604536897903632,0.303020627838933,2,"S0025",10,1,"holdout",0,0.379075145433936,0.379075145433936,0.708123266184703,0.02,0.094768786358484
"TPL_019","TPL_019_RUN_002",2,0.379075145433936,5.53508137498762,"broad_hfs_shifted_gamma","Broad_HFS","Broad_HFS","none","none","none","shifted_gamma","irregular","none","none","none","hfs","irregular_1",1283716326,"point_process=1283716326","8c64d97af7a1a57de9ba7f7a65a75bc757cb8386cfdbc549ce922832c2ef188b",0.257026779293083,1.5553221803857,0.02,22,5.15600622955368,0.234363919525167,0.577210340966964,0.91882710924721,0.792144860583958,3,"S0025",10,1,"holdout",0.379075145433936,5.53508137498762,5.15600622955368,0.257026779293083,0.02,0.234363919525167
"TPL_019","TPL_019_RUN_003",3,5.53508137498762,8.4360279762816,"canonical_mechanism","Pause:canonical","none","Pause","canonical","none","explicit_gap","canonical","none","none","none","pause","canonical_1",1128558244,"point_process=1128558244","9e52b3a8c871c3acb02b4ac47ef8cb4ad5db52086e56d98a0ef3aecb1dc2b249",2.90094660129398,,,1,2.90094660129398,2.90094660129398,0,0,0,1,"S0025",10,1,"holdout",5.53508137498762,8.4360279762816,2.90094660129398,2.90094660129398,,2.90094660129398
"TPL_019","TPL_019_RUN_004",4,8.4360279762816,12.2683620055675,"background_shifted_gamma","Background","none","none","none","none","shifted_gamma","background","none","none","none","background","background_01",172054185,"point_process=172054185","fd953a1ba8b8a7e5b190995a77c98f0e92ee781966cfa6981306c427ac9d4452",0.782906278804876,4.61003011383582,0.02,3,3.8323340292859,1.27744467642863,0.121175509598042,0.167958341580883,0.0253603134555722,1,"S0025",10,1,"holdout",8.4360279762816,12.2683620055675,3.8323340292859,0.782906278804876,0.02,1.27744467642863
"TPL_019","TPL_019_RUN_005",5,12.2683620055675,20.0291711629772,"broad_hfs_shifted_gamma","Burst","Broad_HFS","Burst","none","none","shifted_gamma","intermediate","none","weak","BQ_097","hfs_with_nested_burst","BQ_097",584841853,"hfs_with_nested_burst=191041107;hfs=553190609;hfs_shape=383960455;hfs_total=1422185868;nested_burst=105410502;nested_duration=1038310582;nested_position=1104141934;point_process=584841853","b3eec88541610011118dfdfd026ae9dcc569737aab04703189ec7c1817966750",0.26010495851282,2.97660335344262,0.02,34,7.76080915740971,0.228259092864992,0.536010518638597,0.397079023341905,0.16917485405653,74,"S0025",10,1,"holdout",12.2683620055675,20.0291711629772,7.76080915740971,0.26010495851282,0.02,0.228259092864992
"TPL_019","TPL_019_RUN_006",6,20.0291711629772,22.4634093571967,"background_shifted_gamma","Background","none","none","none","none","shifted_gamma","background","none","none","none","background","background_02",571206292,"point_process=571206292","df19b08ec6056bc13c07a858cdcef7f3265802942c73e46150c52505cd8f7fae",0.72231087142136,3.95778207445983,0.02,2,2.43423819421949,1.21711909710974,0.60373998962104,0.853817281469067,0.54675296260142,1,"S0025",10,1,"holdout",20.0291711629772,22.4634093571967,2.43423819421949,0.72231087142136,0.02,1.21711909710974
"TPL_019","TPL_019_RUN_007",7,22.4634093571967,23.134303210656,"standalone_background_shifted_gamma","Burst","none","Burst","none","none","shifted_gamma","standalone_background","none","weak","BQ_055","burst","BQ_055",1995172913,"burst=208277641;hfs=640213077;hfs_shape=287803215;hfs_total=872781652;nested_burst=1678330516;nested_duration=1367781189;nested_position=246912122;point_process=1995172913","bcb15f363f1d7ae8b3d2f45e32a7539581aa7ad3fc8831a3bd721b880dfa7088",0.54565744191641,1.85798629820347,0.02,7,0.670893853459345,0.0958419790656207,0.488208366317697,0.463959871032621,0.200285105165559,3,"S0025",10,1,"holdout",22.4634093571967,23.134303210656,0.670893853459345,0.54565744191641,0.02,0.0958419790656207
"TPL_019","TPL_019_RUN_008",8,23.134303210656,23.6445173053805,"contextual_gap_mechanism","Contextual_Separator","none","none","none","Contextual_Separator","explicit_gap","contextual_separator","none","none","none","contextual_separator","separator_1",396199991,"point_process=396199991","ccdbdf3a99af09ac3fdce1579f159d289ade6d609c4e749a41bebd840bec78e3",0.510214094724506,,,1,0.510214094724506,0.510214094724506,0,0,0,1,"S0025",10,1,"holdout",23.134303210656,23.6445173053805,0.510214094724506,0.510214094724506,,0.510214094724506
"TPL_019","TPL_019_RUN_009",9,23.6445173053805,24.4366329514446,"standalone_background_shifted_gamma","Burst","none","Burst","none","none","shifted_gamma","standalone_background","none","moderate","BQ_056","burst","BQ_056",343842902,"burst=173714688;hfs=1289891810;hfs_shape=1146584009;hfs_total=309894514;nested_burst=1157009233;nested_duration=1298337898;nested_position=1669024438;point_process=343842902","33d01285739a9b2a3d6b9106dde38851652e2c9c01950bd4dcf0acf317b989b3",0.646523878758308,4.14602799788117,0.02,8,0.792115646064026,0.0990144557580032,0.267442688263776,0.385002383150216,0.158443151021638,4,"S0025",10,1,"holdout",23.6445173053805,24.4366329514446,0.792115646064026,0.646523878758308,0.02,0.0990144557580032
"TPL_019","TPL_019_RUN_010",10,24.4366329514446,25.5568064846498,"background_shifted_gamma","Background","none","none","none","none","shifted_gamma","background","none","none","none","background","background_03",1209397567,"point_process=1209397567","aea49b367d47e9b653fe5f8aa3fef57e131c27049f32d40c67104db7533de21f",0.581492305803113,5.26631279080175,0.02,2,1.12017353320521,0.560086766602605,0.0851403625043853,0.120406655359063,0.0108733219910672,1,"S0025",10,1,"holdout",24.4366329514446,25.5568064846498,1.12017353320521,0.581492305803113,0.02,0.560086766602605
"TPL_019","TPL_019_RUN_011",11,25.5568064846498,28.329364513854,"tonic_shifted_gamma_stn_like_empirical","Tonic:stn_like_empirical","Tonic","none","none","none","shifted_gamma","stn_like_empirical","stn_like_empirical","none","none","tonic","stn_like_empirical_1",1879139969,"point_process=1879139969","2a9c5386e5f8ef9c9a006c03095965e949a31e35dd82dd84ae3b7dbf8f0b2401",0.271927807619795,12.7693462455645,0.02,11,2.77255802920421,0.252050729927656,0.261125215833285,0.264629996835284,0.0896829927752365,1,"S0025",10,1,"holdout",25.5568064846498,28.329364513854,2.77255802920421,0.271927807619795,0.02,0.252050729927656
"TPL_019","TPL_019_RUN_012",12,28.329364513854,28.5423657785029,"background_shifted_gamma","Background","none","none","none","none","shifted_gamma","background","none","none","none","background","background_04",209538802,"point_process=209538802","b023d0a752f3d1350bffe39aea08afaf2d94ff058ed44e74373ecb3d2fcf3dc6",0.664535199827515,2.29027712077368,0.02,1,0.213001264648863,0.213001264648863,0,0,0,1,"S0025",10,1,"holdout",28.329364513854,28.5423657785029,0.213001264648863,0.664535199827515,0.02,0.213001264648863
"TPL_019","TPL_019_RUN_013",13,28.5423657785029,38.0149293515369,"tonic_shifted_gamma_generic_stress","Tonic:generic_stress","Tonic","none","none","none","shifted_gamma","generic_stress","generic_stress","none","none","tonic","generic_stress_2",1639352069,"point_process=1639352069","2cd73c23285c37fe3b06ea621582154060e59d35b211b2ebd5dfb4ce8e2b1280",0.723236366477795,5.40451442881022,0.02,11,9.47256357303405,0.861142143003096,0.283721838374956,0.373188470834824,0.126018593900664,1,"S0025",10,1,"holdout",28.5423657785029,38.0149293515369,9.47256357303405,0.723236366477795,0.02,0.861142143003096
"TPL_019","TPL_019_RUN_014",14,38.0149293515369,42.1117743921004,"canonical_mechanism","Pause:canonical","none","Pause","canonical","none","explicit_gap","canonical","none","none","none","pause","canonical_2",416422900,"point_process=416422900","e2886bf84d8c6ada8ac36e1732084315abbb76c95774cb53960dd7f801e3fb88",4.09684504056349,,,1,4.09684504056349,4.09684504056349,0,0,0,1,"S0025",10,1,"holdout",38.0149293515369,42.1117743921004,4.09684504056349,4.09684504056349,,4.09684504056349
"TPL_019","TPL_019_RUN_015",15,42.1117743921004,42.5234016190327,"background_shifted_gamma","Background","none","none","none","none","shifted_gamma","background","none","none","none","background","background_05",2101925599,"point_process=2101925599","0e95e22dee50d5248cb921a954534c8339bd8e64028540133f872d0964dca9c8",0.687099594285246,4.131793347653,0.02,1,0.411627226932336,0.411627226932336,0,0,0,1,"S0025",10,1,"holdout",42.1117743921004,42.5234016190327,0.411627226932336,0.687099594285246,0.02,0.411627226932336
"TPL_019","TPL_019_RUN_016",16,42.5234016190327,49.823676394752,"broad_hfs_shifted_gamma","Burst","Broad_HFS","Burst","none","none","shifted_gamma","regular","none","strong","BQ_098","hfs_with_nested_burst","BQ_098",1972889327,"hfs_with_nested_burst=2037116278;hfs=321441187;hfs_shape=406760744;hfs_total=1210867477;nested_burst=935108676;nested_duration=1888532838;nested_position=1984428778;point_process=1972889327","6085de0005da1b5ccb2980c0f05be791984a312a3ead112f2fe072c995e5ee67",0.273607328436337,10.6662489851005,0.02,30,7.3002747757193,0.243342492523977,0.446259728275859,0.392734626358942,0.197735473533857,3,"S0025",10,1,"holdout",42.5234016190327,49.823676394752,7.3002747757193,0.273607328436337,0.02,0.243342492523977
"TPL_020","TPL_020_RUN_001",1,0,0.537344407600089,"standalone_background_shifted_gamma","Burst","none","Burst","none","none","shifted_gamma","standalone_background","none","moderate","BQ_059","burst","BQ_059",1747402044,"burst=978444045;hfs=14530002;hfs_shape=473227430;hfs_total=356406277;nested_burst=94384513;nested_duration=659619163;nested_position=869515958;point_process=1747402044","6023f043bfc5bc87b227b44d52946b2a9f4f260ee690981f26ec78bd80081837",0.536160006001592,4.7447994671762,0.02,6,0.537344407600089,0.0895574012666814,0.326739757639218,0.438106775632218,0.158299497806393,2,"S0021",1,0.1,"holdout",0,0.0537344407600089,0.0537344407600089,0.0536160006001592,0.002,0.00895574012666814
"TPL_020","TPL_020_RUN_002",2,0.537344407600089,1.08212154580533,"contextual_gap_mechanism","Contextual_Separator","none","none","none","Contextual_Separator","explicit_gap","contextual_separator","none","none","none","contextual_separator","separator_1",654551471,"point_process=654551471","4664fa0c8da804dea605b00dcab0d55bf791b8d13467613a75c3533566c6bcfd",0.544777138205245,,,1,0.544777138205245,0.544777138205245,0,0,0,1,"S0021",1,0.1,"holdout",0.0537344407600089,0.108212154580533,0.0544777138205245,0.0544777138205245,,0.0544777138205245
"TPL_020","TPL_020_RUN_003",3,1.08212154580533,1.49613475405707,"standalone_background_shifted_gamma","Burst","none","Burst","none","none","shifted_gamma","standalone_background","none","strong","BQ_060","burst","BQ_060",1986175579,"burst=557334293;hfs=162209364;hfs_shape=1863956799;hfs_total=1071030291;nested_burst=1094501952;nested_duration=815689158;nested_position=588789781;point_process=1986175579","1c49829762a805edd0dfac5fd451b7a837b4ebb2a965642cab6ec376a38b1f6a",0.570629002933856,4.63993466347456,0.02,7,0.414013208251736,0.0591447440359622,0.31793804011432,0.439814366681832,0.175963808197145,2,"S0021",1,0.1,"holdout",0.108212154580533,0.149613475405707,0.0414013208251736,0.0570629002933856,0.002,0.00591447440359622
"TPL_020","TPL_020_RUN_004",4,1.49613475405707,6.11819777404314,"tonic_shifted_gamma_generic_stress","Tonic:generic_stress","Tonic","none","none","none","shifted_gamma","generic_stress","generic_stress","none","none","tonic","generic_stress_1",339294258,"point_process=339294258","2fcb28ccbb6a7861dc17cf3aaa9096435238fcea954e067948e3f90d72a1c9be",0.613961716776248,2.80570183193777,0.02,8,4.62206301998607,0.577757877498259,0.391428997903421,0.444185456980117,0.35611837920563,1,"S0021",1,0.1,"holdout",0.149613475405707,0.611819777404314,0.462206301998607,0.0613961716776248,0.002,0.0577757877498259
"TPL_020","TPL_020_RUN_005",5,6.11819777404314,12.8084039497132,"complex_multi_gap_mechanism","Pause:complex_multi_gap","none","Pause","complex_multi_gap","none","explicit_gap","complex_multi_gap","none","none","none","pause","complex_multi_gap_1",1007875408,"point_process=1007875408","97e0901f777c96ebe960a865dd43773c66bcf333552366688117d70f511b5fa7",2.23006872522334,,,3,6.69020617567003,2.23006872522334,0.0959066425500414,0.0813503568583868,0.00984064962727395,1,"S0021",1,0.1,"holdout",0.611819777404314,1.28084039497132,0.669020617567003,0.223006872522334,,0.223006872522334
"TPL_020","TPL_020_RUN_006",6,12.8084039497132,14.8847509597501,"tonic_shifted_gamma_stn_like_empirical","Tonic:stn_like_empirical","Tonic","none","none","none","shifted_gamma","stn_like_empirical","stn_like_empirical","none","none","tonic","stn_like_empirical_2",1818309806,"point_process=1818309806","7f19f98f5be186811c0406673fdf8622117c9f1d70f8000b89e72c4462906f3d",0.251078718481585,8.48881279514171,0.02,8,2.07634701003691,0.259543376254614,0.300560143650214,0.406609255317172,0.168752681951615,1,"S0021",1,0.1,"holdout",1.28084039497132,1.48847509597501,0.207634701003691,0.0251078718481585,0.002,0.0259543376254614
"TPL_020","TPL_020_RUN_007",7,14.8847509597501,17.958657498665,"canonical_mechanism","Pause:canonical","none","Pause","canonical","none","explicit_gap","canonical","none","none","none","pause","canonical_2",1286517840,"point_process=1286517840","b7c8f3457e4749acfcd2afb000e8dfebf4ef1d7064717515b8840d9b1ea12605",3.07390653891489,,,1,3.07390653891489,3.07390653891489,0,0,0,1,"S0021",1,0.1,"holdout",1.48847509597501,1.7958657498665,0.307390653891489,0.307390653891489,,0.307390653891489
"TPL_020","TPL_020_RUN_008",8,17.958657498665,22.7563351577603,"broad_hfs_shifted_gamma","Broad_HFS","Broad_HFS","none","none","none","shifted_gamma","intermediate","none","none","none","hfs","intermediate_1",1713072141,"point_process=1713072141","a9a053b37025bb9708e3a62c59c72ca844bb4b4936a5217aa415f6e4a553f7b4",0.243261541216634,2.51944991038181,0.02,21,4.79767765909538,0.228460840909304,0.601593535656221,0.560227402093276,0.348559559980198,1,"S0021",1,0.1,"holdout",1.7958657498665,2.27563351577603,0.479767765909538,0.0243261541216634,0.002,0.0228460840909304
"TPL_020","TPL_020_RUN_009",9,22.7563351577603,23.4935190557834,"standalone_background_shifted_gamma","Burst","none","Burst","none","none","shifted_gamma","standalone_background","none","weak","BQ_058","burst","BQ_058",2118487110,"burst=948178176;hfs=563270137;hfs_shape=364576271;hfs_total=864789893;nested_burst=1869061472;nested_duration=2129631578;nested_position=1579051365;point_process=2118487110","49be2fe3cdc4fa5df65e16d2199eae047385d7fe9809ac9fed46eac31d96dc5d",0.63170610065572,3.72320006340742,0.02,5,0.737183898023016,0.147436779604603,0.236420196824398,0.242719664160018,0.064801341037575,3,"S0021",1,0.1,"holdout",2.27563351577603,2.34935190557834,0.0737183898023017,0.063170610065572,0.002,0.0147436779604603
"TPL_020","TPL_020_RUN_010",10,23.4935190557834,30.3060010488114,"broad_hfs_shifted_gamma","Burst","Broad_HFS","Burst","none","none","shifted_gamma","irregular","none","weak","BQ_099","hfs_with_nested_burst","BQ_099",1664290206,"hfs_with_nested_burst=2103510173;hfs=1058563055;hfs_shape=1354532868;hfs_total=415170602;nested_burst=1112539392;nested_duration=314690653;nested_position=186442122;point_process=1664290206","d6a4de23392e69ccb6ba2cc6234758d8eb9a43d8933cf30656b4007c25b60b37",0.182592828837223,1.775195136806,0.02,34,6.81248199302802,0.200367117442001,0.766277116444418,0.646463802473757,0.459421260847139,17,"S0021",1,0.1,"holdout",2.34935190557834,3.03060010488114,0.681248199302802,0.0182592828837223,0.002,0.0200367117442001
"TPL_020","TPL_020_RUN_011",11,30.3060010488114,34.5400422063625,"canonical_mechanism","Pause:canonical","none","Pause","canonical","none","explicit_gap","canonical","none","none","none","pause","canonical_3",1984419054,"point_process=1984419054","aaa69b54a1fbd2d7ce1d56c28f03e66b972d64584959387bd28ffa8212903d3d",4.23404115755111,,,1,4.23404115755111,4.23404115755111,0,0,0,1,"S0021",1,0.1,"holdout",3.03060010488114,3.45400422063625,0.423404115755111,0.423404115755111,,0.423404115755111
"TPL_020","TPL_020_RUN_012",12,34.5400422063625,40.4204263956155,"broad_hfs_shifted_gamma","Burst","Broad_HFS","Burst","none","none","shifted_gamma","regular","none","moderate","BQ_100","hfs_with_nested_burst","BQ_100",2001453212,"hfs_with_nested_burst=211649622;hfs=1875291655;hfs_shape=1704973875;hfs_total=1370349192;nested_burst=1153912088;nested_duration=1297624355;nested_position=916388161;point_process=2001453212","2fef648ad13ea816d28fba97eadb695fa79583694f2fc135a0c2cbfe9f5b341f",0.21206723625306,8.3116439608857,0.02,29,5.88038418925302,0.202771868594932,0.525284488579442,0.381368615213183,0.180484466324502,15,"S0021",1,0.1,"holdout",3.45400422063625,4.04204263956155,0.588038418925302,0.021206723625306,0.002,0.0202771868594932
"TPL_020","TPL_020_RUN_001",1,0,0.537344407600089,"standalone_background_shifted_gamma","Burst","none","Burst","none","none","shifted_gamma","standalone_background","none","moderate","BQ_059","burst","BQ_059",1747402044,"burst=978444045;hfs=14530002;hfs_shape=473227430;hfs_total=356406277;nested_burst=94384513;nested_duration=659619163;nested_position=869515958;point_process=1747402044","6023f043bfc5bc87b227b44d52946b2a9f4f260ee690981f26ec78bd80081837",0.536160006001592,4.7447994671762,0.02,6,0.537344407600089,0.0895574012666814,0.326739757639218,0.438106775632218,0.158299497806393,2,"S0020",4,0.4,"holdout",0,0.214937763040036,0.214937763040036,0.214464002400637,0.008,0.0358229605066726
"TPL_020","TPL_020_RUN_002",2,0.537344407600089,1.08212154580533,"contextual_gap_mechanism","Contextual_Separator","none","none","none","Contextual_Separator","explicit_gap","contextual_separator","none","none","none","contextual_separator","separator_1",654551471,"point_process=654551471","4664fa0c8da804dea605b00dcab0d55bf791b8d13467613a75c3533566c6bcfd",0.544777138205245,,,1,0.544777138205245,0.544777138205245,0,0,0,1,"S0020",4,0.4,"holdout",0.214937763040036,0.432848618322134,0.217910855282098,0.217910855282098,,0.217910855282098
"TPL_020","TPL_020_RUN_003",3,1.08212154580533,1.49613475405707,"standalone_background_shifted_gamma","Burst","none","Burst","none","none","shifted_gamma","standalone_background","none","strong","BQ_060","burst","BQ_060",1986175579,"burst=557334293;hfs=162209364;hfs_shape=1863956799;hfs_total=1071030291;nested_burst=1094501952;nested_duration=815689158;nested_position=588789781;point_process=1986175579","1c49829762a805edd0dfac5fd451b7a837b4ebb2a965642cab6ec376a38b1f6a",0.570629002933856,4.63993466347456,0.02,7,0.414013208251736,0.0591447440359622,0.31793804011432,0.439814366681832,0.175963808197145,2,"S0020",4,0.4,"holdout",0.432848618322134,0.598453901622828,0.165605283300694,0.228251601173542,0.008,0.0236578976143849
"TPL_020","TPL_020_RUN_004",4,1.49613475405707,6.11819777404314,"tonic_shifted_gamma_generic_stress","Tonic:generic_stress","Tonic","none","none","none","shifted_gamma","generic_stress","generic_stress","none","none","tonic","generic_stress_1",339294258,"point_process=339294258","2fcb28ccbb6a7861dc17cf3aaa9096435238fcea954e067948e3f90d72a1c9be",0.613961716776248,2.80570183193777,0.02,8,4.62206301998607,0.577757877498259,0.391428997903421,0.444185456980117,0.35611837920563,1,"S0020",4,0.4,"holdout",0.598453901622828,2.44727910961726,1.84882520799443,0.245584686710499,0.008,0.231103150999304
"TPL_020","TPL_020_RUN_005",5,6.11819777404314,12.8084039497132,"complex_multi_gap_mechanism","Pause:complex_multi_gap","none","Pause","complex_multi_gap","none","explicit_gap","complex_multi_gap","none","none","none","pause","complex_multi_gap_1",1007875408,"point_process=1007875408","97e0901f777c96ebe960a865dd43773c66bcf333552366688117d70f511b5fa7",2.23006872522334,,,3,6.69020617567003,2.23006872522334,0.0959066425500414,0.0813503568583868,0.00984064962727395,1,"S0020",4,0.4,"holdout",2.44727910961726,5.12336157988527,2.67608247026801,0.892027490089337,,0.892027490089337
"TPL_020","TPL_020_RUN_006",6,12.8084039497132,14.8847509597501,"tonic_shifted_gamma_stn_like_empirical","Tonic:stn_like_empirical","Tonic","none","none","none","shifted_gamma","stn_like_empirical","stn_like_empirical","none","none","tonic","stn_like_empirical_2",1818309806,"point_process=1818309806","7f19f98f5be186811c0406673fdf8622117c9f1d70f8000b89e72c4462906f3d",0.251078718481585,8.48881279514171,0.02,8,2.07634701003691,0.259543376254614,0.300560143650214,0.406609255317172,0.168752681951615,1,"S0020",4,0.4,"holdout",5.12336157988527,5.95390038390003,0.830538804014765,0.100431487392634,0.008,0.103817350501846
"TPL_020","TPL_020_RUN_007",7,14.8847509597501,17.958657498665,"canonical_mechanism","Pause:canonical","none","Pause","canonical","none","explicit_gap","canonical","none","none","none","pause","canonical_2",1286517840,"point_process=1286517840","b7c8f3457e4749acfcd2afb000e8dfebf4ef1d7064717515b8840d9b1ea12605",3.07390653891489,,,1,3.07390653891489,3.07390653891489,0,0,0,1,"S0020",4,0.4,"holdout",5.95390038390003,7.18346299946599,1.22956261556596,1.22956261556596,,1.22956261556596
"TPL_020","TPL_020_RUN_008",8,17.958657498665,22.7563351577603,"broad_hfs_shifted_gamma","Broad_HFS","Broad_HFS","none","none","none","shifted_gamma","intermediate","none","none","none","hfs","intermediate_1",1713072141,"point_process=1713072141","a9a053b37025bb9708e3a62c59c72ca844bb4b4936a5217aa415f6e4a553f7b4",0.243261541216634,2.51944991038181,0.02,21,4.79767765909538,0.228460840909304,0.601593535656221,0.560227402093276,0.348559559980198,1,"S0020",4,0.4,"holdout",7.18346299946599,9.10253406310414,1.91907106363815,0.0973046164866537,0.008,0.0913843363637215
"TPL_020","TPL_020_RUN_009",9,22.7563351577603,23.4935190557834,"standalone_background_shifted_gamma","Burst","none","Burst","none","none","shifted_gamma","standalone_background","none","weak","BQ_058","burst","BQ_058",2118487110,"burst=948178176;hfs=563270137;hfs_shape=364576271;hfs_total=864789893;nested_burst=1869061472;nested_duration=2129631578;nested_position=1579051365;point_process=2118487110","49be2fe3cdc4fa5df65e16d2199eae047385d7fe9809ac9fed46eac31d96dc5d",0.63170610065572,3.72320006340742,0.02,5,0.737183898023016,0.147436779604603,0.236420196824398,0.242719664160018,0.064801341037575,3,"S0020",4,0.4,"holdout",9.10253406310414,9.39740762231335,0.294873559209207,0.252682440262288,0.008,0.0589747118418413
"TPL_020","TPL_020_RUN_010",10,23.4935190557834,30.3060010488114,"broad_hfs_shifted_gamma","Burst","Broad_HFS","Burst","none","none","shifted_gamma","irregular","none","weak","BQ_099","hfs_with_nested_burst","BQ_099",1664290206,"hfs_with_nested_burst=2103510173;hfs=1058563055;hfs_shape=1354532868;hfs_total=415170602;nested_burst=1112539392;nested_duration=314690653;nested_position=186442122;point_process=1664290206","d6a4de23392e69ccb6ba2cc6234758d8eb9a43d8933cf30656b4007c25b60b37",0.182592828837223,1.775195136806,0.02,34,6.81248199302802,0.200367117442001,0.766277116444418,0.646463802473757,0.459421260847139,17,"S0020",4,0.4,"holdout",9.39740762231335,12.1224004195246,2.72499279721121,0.0730371315348893,0.008,0.0801468469768002
"TPL_020","TPL_020_RUN_011",11,30.3060010488114,34.5400422063625,"canonical_mechanism","Pause:canonical","none","Pause","canonical","none","explicit_gap","canonical","none","none","none","pause","canonical_3",1984419054,"point_process=1984419054","aaa69b54a1fbd2d7ce1d56c28f03e66b972d64584959387bd28ffa8212903d3d",4.23404115755111,,,1,4.23404115755111,4.23404115755111,0,0,0,1,"S0020",4,0.4,"holdout",12.1224004195246,13.816016882545,1.69361646302044,1.69361646302044,,1.69361646302044
"TPL_020","TPL_020_RUN_012",12,34.5400422063625,40.4204263956155,"broad_hfs_shifted_gamma","Burst","Broad_HFS","Burst","none","none","shifted_gamma","regular","none","moderate","BQ_100","hfs_with_nested_burst","BQ_100",2001453212,"hfs_with_nested_burst=211649622;hfs=1875291655;hfs_shape=1704973875;hfs_total=1370349192;nested_burst=1153912088;nested_duration=1297624355;nested_position=916388161;point_process=2001453212","2fef648ad13ea816d28fba97eadb695fa79583694f2fc135a0c2cbfe9f5b341f",0.21206723625306,8.3116439608857,0.02,29,5.88038418925302,0.202771868594932,0.525284488579442,0.381368615213183,0.180484466324502,15,"S0020",4,0.4,"holdout",13.816016882545,16.1681705582462,2.35215367570121,0.0848268945012242,0.008,0.0811087474379727
"TPL_020","TPL_020_RUN_001",1,0,0.537344407600089,"standalone_background_shifted_gamma","Burst","none","Burst","none","none","shifted_gamma","standalone_background","none","moderate","BQ_059","burst","BQ_059",1747402044,"burst=978444045;hfs=14530002;hfs_shape=473227430;hfs_total=356406277;nested_burst=94384513;nested_duration=659619163;nested_position=869515958;point_process=1747402044","6023f043bfc5bc87b227b44d52946b2a9f4f260ee690981f26ec78bd80081837",0.536160006001592,4.7447994671762,0.02,6,0.537344407600089,0.0895574012666814,0.326739757639218,0.438106775632218,0.158299497806393,2,"S0003",10,1,"holdout",0,0.537344407600089,0.537344407600089,0.536160006001592,0.02,0.0895574012666814
"TPL_020","TPL_020_RUN_002",2,0.537344407600089,1.08212154580533,"contextual_gap_mechanism","Contextual_Separator","none","none","none","Contextual_Separator","explicit_gap","contextual_separator","none","none","none","contextual_separator","separator_1",654551471,"point_process=654551471","4664fa0c8da804dea605b00dcab0d55bf791b8d13467613a75c3533566c6bcfd",0.544777138205245,,,1,0.544777138205245,0.544777138205245,0,0,0,1,"S0003",10,1,"holdout",0.537344407600089,1.08212154580533,0.544777138205245,0.544777138205245,,0.544777138205245
"TPL_020","TPL_020_RUN_003",3,1.08212154580533,1.49613475405707,"standalone_background_shifted_gamma","Burst","none","Burst","none","none","shifted_gamma","standalone_background","none","strong","BQ_060","burst","BQ_060",1986175579,"burst=557334293;hfs=162209364;hfs_shape=1863956799;hfs_total=1071030291;nested_burst=1094501952;nested_duration=815689158;nested_position=588789781;point_process=1986175579","1c49829762a805edd0dfac5fd451b7a837b4ebb2a965642cab6ec376a38b1f6a",0.570629002933856,4.63993466347456,0.02,7,0.414013208251736,0.0591447440359622,0.31793804011432,0.439814366681832,0.175963808197145,2,"S0003",10,1,"holdout",1.08212154580533,1.49613475405707,0.414013208251736,0.570629002933856,0.02,0.0591447440359622
"TPL_020","TPL_020_RUN_004",4,1.49613475405707,6.11819777404314,"tonic_shifted_gamma_generic_stress","Tonic:generic_stress","Tonic","none","none","none","shifted_gamma","generic_stress","generic_stress","none","none","tonic","generic_stress_1",339294258,"point_process=339294258","2fcb28ccbb6a7861dc17cf3aaa9096435238fcea954e067948e3f90d72a1c9be",0.613961716776248,2.80570183193777,0.02,8,4.62206301998607,0.577757877498259,0.391428997903421,0.444185456980117,0.35611837920563,1,"S0003",10,1,"holdout",1.49613475405707,6.11819777404314,4.62206301998607,0.613961716776248,0.02,0.577757877498259
"TPL_020","TPL_020_RUN_005",5,6.11819777404314,12.8084039497132,"complex_multi_gap_mechanism","Pause:complex_multi_gap","none","Pause","complex_multi_gap","none","explicit_gap","complex_multi_gap","none","none","none","pause","complex_multi_gap_1",1007875408,"point_process=1007875408","97e0901f777c96ebe960a865dd43773c66bcf333552366688117d70f511b5fa7",2.23006872522334,,,3,6.69020617567003,2.23006872522334,0.0959066425500414,0.0813503568583868,0.00984064962727395,1,"S0003",10,1,"holdout",6.11819777404314,12.8084039497132,6.69020617567003,2.23006872522334,,2.23006872522334
"TPL_020","TPL_020_RUN_006",6,12.8084039497132,14.8847509597501,"tonic_shifted_gamma_stn_like_empirical","Tonic:stn_like_empirical","Tonic","none","none","none","shifted_gamma","stn_like_empirical","stn_like_empirical","none","none","tonic","stn_like_empirical_2",1818309806,"point_process=1818309806","7f19f98f5be186811c0406673fdf8622117c9f1d70f8000b89e72c4462906f3d",0.251078718481585,8.48881279514171,0.02,8,2.07634701003691,0.259543376254614,0.300560143650214,0.406609255317172,0.168752681951615,1,"S0003",10,1,"holdout",12.8084039497132,14.8847509597501,2.07634701003691,0.251078718481585,0.02,0.259543376254614
"TPL_020","TPL_020_RUN_007",7,14.8847509597501,17.958657498665,"canonical_mechanism","Pause:canonical","none","Pause","canonical","none","explicit_gap","canonical","none","none","none","pause","canonical_2",1286517840,"point_process=1286517840","b7c8f3457e4749acfcd2afb000e8dfebf4ef1d7064717515b8840d9b1ea12605",3.07390653891489,,,1,3.07390653891489,3.07390653891489,0,0,0,1,"S0003",10,1,"holdout",14.8847509597501,17.958657498665,3.07390653891489,3.07390653891489,,3.07390653891489
"TPL_020","TPL_020_RUN_008",8,17.958657498665,22.7563351577603,"broad_hfs_shifted_gamma","Broad_HFS","Broad_HFS","none","none","none","shifted_gamma","intermediate","none","none","none","hfs","intermediate_1",1713072141,"point_process=1713072141","a9a053b37025bb9708e3a62c59c72ca844bb4b4936a5217aa415f6e4a553f7b4",0.243261541216634,2.51944991038181,0.02,21,4.79767765909538,0.228460840909304,0.601593535656221,0.560227402093276,0.348559559980198,1,"S0003",10,1,"holdout",17.958657498665,22.7563351577603,4.79767765909538,0.243261541216634,0.02,0.228460840909304
"TPL_020","TPL_020_RUN_009",9,22.7563351577603,23.4935190557834,"standalone_background_shifted_gamma","Burst","none","Burst","none","none","shifted_gamma","standalone_background","none","weak","BQ_058","burst","BQ_058",2118487110,"burst=948178176;hfs=563270137;hfs_shape=364576271;hfs_total=864789893;nested_burst=1869061472;nested_duration=2129631578;nested_position=1579051365;point_process=2118487110","49be2fe3cdc4fa5df65e16d2199eae047385d7fe9809ac9fed46eac31d96dc5d",0.63170610065572,3.72320006340742,0.02,5,0.737183898023016,0.147436779604603,0.236420196824398,0.242719664160018,0.064801341037575,3,"S0003",10,1,"holdout",22.7563351577603,23.4935190557834,0.737183898023016,0.63170610065572,0.02,0.147436779604603
"TPL_020","TPL_020_RUN_010",10,23.4935190557834,30.3060010488114,"broad_hfs_shifted_gamma","Burst","Broad_HFS","Burst","none","none","shifted_gamma","irregular","none","weak","BQ_099","hfs_with_nested_burst","BQ_099",1664290206,"hfs_with_nested_burst=2103510173;hfs=1058563055;hfs_shape=1354532868;hfs_total=415170602;nested_burst=1112539392;nested_duration=314690653;nested_position=186442122;point_process=1664290206","d6a4de23392e69ccb6ba2cc6234758d8eb9a43d8933cf30656b4007c25b60b37",0.182592828837223,1.775195136806,0.02,34,6.81248199302802,0.200367117442001,0.766277116444418,0.646463802473757,0.459421260847139,17,"S0003",10,1,"holdout",23.4935190557834,30.3060010488114,6.81248199302802,0.182592828837223,0.02,0.200367117442001
"TPL_020","TPL_020_RUN_011",11,30.3060010488114,34.5400422063625,"canonical_mechanism","Pause:canonical","none","Pause","canonical","none","explicit_gap","canonical","none","none","none","pause","canonical_3",1984419054,"point_process=1984419054","aaa69b54a1fbd2d7ce1d56c28f03e66b972d64584959387bd28ffa8212903d3d",4.23404115755111,,,1,4.23404115755111,4.23404115755111,0,0,0,1,"S0003",10,1,"holdout",30.3060010488114,34.5400422063625,4.23404115755111,4.23404115755111,,4.23404115755111
"TPL_020","TPL_020_RUN_012",12,34.5400422063625,40.4204263956155,"broad_hfs_shifted_gamma","Burst","Broad_HFS","Burst","none","none","shifted_gamma","regular","none","moderate","BQ_100","hfs_with_nested_burst","BQ_100",2001453212,"hfs_with_nested_burst=211649622;hfs=1875291655;hfs_shape=1704973875;hfs_total=1370349192;nested_burst=1153912088;nested_duration=1297624355;nested_position=916388161;point_process=2001453212","2fef648ad13ea816d28fba97eadb695fa79583694f2fc135a0c2cbfe9f5b341f",0.21206723625306,8.3116439608857,0.02,29,5.88038418925302,0.202771868594932,0.525284488579442,0.381368615213183,0.180484466324502,15,"S0003",10,1,"holdout",34.5400422063625,40.4204263956155,5.88038418925302,0.21206723625306,0.02,0.202771868594932
