"Template_ID","State_Envelope_ID","Run_ID","State_Label","Tonic_Subtype","Start_u","End_u","Duration_u","N_Boundary_Spikes","N_ISIs","Renewal_Family","Regularity_Regime","Mean_ISI_Parameter_u","Gamma_Shape","Refractory_u","Observed_Mean_ISI_u","CV","CV2","LV","Contains_Injected_Burst","Burst_Strength_Stratum","Tonic_Intended_Stratum","Composite_HFS_Regime_ID","Boundary_Observability","Start_Boundary_Observability","End_Boundary_Observability","Start_Boundary_Contrast","End_Boundary_Contrast","Start_Hard_Cut_Reason","End_Hard_Cut_Reason","Tonic_Phenotype_Evidence_Score","Tonic_Phenotype","Eligibility_Reason","Sample_ID","Scale_Factor","B_s","Split","Start_s","End_s","Duration_s","Mean_ISI_Parameter_s","Refractory_s","Observed_Mean_ISI_s"
"TPL_001","TPL_001_STATE_001","TPL_001_RUN_001","Tonic","generic_stress",0,11.8933117726839,11.8933117726839,15,14,"shifted_gamma","generic_stress",0.838208558922634,17.3829596880823,0.02,0.849522269477419,0.189176629587034,0.217835991177462,0.0503352156711561,FALSE,"none","eligible","none","not_applicable","not_applicable","not_applicable",,,"none","none",0.710593942501275,"eligible","pre_frozen_timestamp_evidence_contract_met","S0015",1,0.1,"development",0,1.18933117726839,1.18933117726839,0.0838208558922634,0.002,0.0849522269477419
"TPL_001","TPL_001_STATE_002","TPL_001_RUN_007","Tonic","stn_like_empirical",19.0748320227762,25.9081149121717,6.83328288939545,17,16,"shifted_gamma","stn_like_empirical",0.425872288411483,73.9279026072472,0.02,0.427080180587216,0.0954584296329728,0.12469889569981,0.0159962800855511,FALSE,"none","eligible","none","not_applicable","not_applicable","not_applicable",,,"none","none",0.94615937215323,"eligible","pre_frozen_timestamp_evidence_contract_met","S0015",1,0.1,"development",1.90748320227762,2.59081149121717,0.683328288939545,0.0425872288411483,0.002,0.0427080180587216
"TPL_001","TPL_001_STATE_003","TPL_001_RUN_010","Broad_HFS","none",32.8102865536165,37.021832241739,4.21154568812246,24,23,"shifted_gamma","irregular",0.199131448133849,1.39302199515514,0.02,0.183110682092281,0.724425125918456,0.955871014383057,0.824376992739366,FALSE,"none","not_applicable","none","no_evidence_at_one_or_more_boundaries","no_evidence","clear",0.533322834405025,1.7881580626235,"none","none",,"not_applicable","not_applicable","S0015",1,0.1,"development",3.28102865536165,3.7021832241739,0.421154568812246,0.0199131448133849,0.002,0.0183110682092281
"TPL_001","TPL_001_STATE_004","TPL_001_RUN_012","Broad_HFS","none",39.5385751659494,45.6157773277303,6.07720216178088,35,34,"shifted_gamma","regular",0.21103762134444,7.44428947241977,0.02,0.178741240052379,0.490272008697929,0.313256184345717,0.14421010578455,TRUE,"weak","not_applicable","TPL_001_REGIME_01","clear_or_hard_cut","clear","hard_cut_canonical_pause",1.902509982679,0.975247761102163,"none","canonical_pause",,"not_applicable","not_applicable","S0015",1,0.1,"development",3.95385751659494,4.56157773277303,0.607720216178088,0.021103762134444,0.002,0.0178741240052379
"TPL_001","TPL_001_STATE_005","TPL_001_RUN_014","Broad_HFS","none",49.0092463815165,55.4215189590178,6.4122725775013,29,28,"shifted_gamma","intermediate",0.258682600390166,3.89285871800967,0.02,0.229009734910761,0.549340970749773,0.485265930219755,0.266641183538235,TRUE,"moderate","not_applicable","TPL_001_REGIME_01","ambiguous_or_edge","hard_cut_canonical_pause","recording_edge_unobservable",1.39236520247156,,"canonical_pause","none",,"not_applicable","not_applicable","S0015",1,0.1,"development",4.90092463815165,5.54215189590178,0.641227257750131,0.0258682600390166,0.002,0.0229009734910761
"TPL_001","TPL_001_STATE_001","TPL_001_RUN_001","Tonic","generic_stress",0,11.8933117726839,11.8933117726839,15,14,"shifted_gamma","generic_stress",0.838208558922634,17.3829596880823,0.02,0.849522269477419,0.189176629587034,0.217835991177462,0.0503352156711561,FALSE,"none","eligible","none","not_applicable","not_applicable","not_applicable",,,"none","none",0.710593942501275,"eligible","pre_frozen_timestamp_evidence_contract_met","S0056",4,0.4,"development",0,4.75732470907355,4.75732470907355,0.335283423569053,0.008,0.339808907790968
"TPL_001","TPL_001_STATE_002","TPL_001_RUN_007","Tonic","stn_like_empirical",19.0748320227762,25.9081149121717,6.83328288939545,17,16,"shifted_gamma","stn_like_empirical",0.425872288411483,73.9279026072472,0.02,0.427080180587216,0.0954584296329728,0.12469889569981,0.0159962800855511,FALSE,"none","eligible","none","not_applicable","not_applicable","not_applicable",,,"none","none",0.94615937215323,"eligible","pre_frozen_timestamp_evidence_contract_met","S0056",4,0.4,"development",7.62993280911049,10.3632459648687,2.73331315575818,0.170348915364593,0.008,0.170832072234886
"TPL_001","TPL_001_STATE_003","TPL_001_RUN_010","Broad_HFS","none",32.8102865536165,37.021832241739,4.21154568812246,24,23,"shifted_gamma","irregular",0.199131448133849,1.39302199515514,0.02,0.183110682092281,0.724425125918456,0.955871014383057,0.824376992739366,FALSE,"none","not_applicable","none","no_evidence_at_one_or_more_boundaries","no_evidence","clear",0.533322834405025,1.7881580626235,"none","none",,"not_applicable","not_applicable","S0056",4,0.4,"development",13.1241146214466,14.8087328966956,1.68461827524898,0.0796525792535395,0.008,0.0732442728369123
"TPL_001","TPL_001_STATE_004","TPL_001_RUN_012","Broad_HFS","none",39.5385751659494,45.6157773277303,6.07720216178088,35,34,"shifted_gamma","regular",0.21103762134444,7.44428947241977,0.02,0.178741240052379,0.490272008697929,0.313256184345717,0.14421010578455,TRUE,"weak","not_applicable","TPL_001_REGIME_01","clear_or_hard_cut","clear","hard_cut_canonical_pause",1.902509982679,0.975247761102163,"none","canonical_pause",,"not_applicable","not_applicable","S0056",4,0.4,"development",15.8154300663798,18.2463109310921,2.43088086471235,0.0844150485377759,0.008,0.0714964960209515
"TPL_001","TPL_001_STATE_005","TPL_001_RUN_014","Broad_HFS","none",49.0092463815165,55.4215189590178,6.4122725775013,29,28,"shifted_gamma","intermediate",0.258682600390166,3.89285871800967,0.02,0.229009734910761,0.549340970749773,0.485265930219755,0.266641183538235,TRUE,"moderate","not_applicable","TPL_001_REGIME_01","ambiguous_or_edge","hard_cut_canonical_pause","recording_edge_unobservable",1.39236520247156,,"canonical_pause","none",,"not_applicable","not_applicable","S0056",4,0.4,"development",19.6036985526066,22.1686075836071,2.56490903100052,0.103473040156066,0.008,0.0916038939643044
"TPL_001","TPL_001_STATE_001","TPL_001_RUN_001","Tonic","generic_stress",0,11.8933117726839,11.8933117726839,15,14,"shifted_gamma","generic_stress",0.838208558922634,17.3829596880823,0.02,0.849522269477419,0.189176629587034,0.217835991177462,0.0503352156711561,FALSE,"none","eligible","none","not_applicable","not_applicable","not_applicable",,,"none","none",0.710593942501275,"eligible","pre_frozen_timestamp_evidence_contract_met","S0007",10,1,"development",0,11.8933117726839,11.8933117726839,0.838208558922634,0.02,0.849522269477419
"TPL_001","TPL_001_STATE_002","TPL_001_RUN_007","Tonic","stn_like_empirical",19.0748320227762,25.9081149121717,6.83328288939545,17,16,"shifted_gamma","stn_like_empirical",0.425872288411483,73.9279026072472,0.02,0.427080180587216,0.0954584296329728,0.12469889569981,0.0159962800855511,FALSE,"none","eligible","none","not_applicable","not_applicable","not_applicable",,,"none","none",0.94615937215323,"eligible","pre_frozen_timestamp_evidence_contract_met","S0007",10,1,"development",19.0748320227762,25.9081149121717,6.83328288939545,0.425872288411483,0.02,0.427080180587216
"TPL_001","TPL_001_STATE_003","TPL_001_RUN_010","Broad_HFS","none",32.8102865536165,37.021832241739,4.21154568812246,24,23,"shifted_gamma","irregular",0.199131448133849,1.39302199515514,0.02,0.183110682092281,0.724425125918456,0.955871014383057,0.824376992739366,FALSE,"none","not_applicable","none","no_evidence_at_one_or_more_boundaries","no_evidence","clear",0.533322834405025,1.7881580626235,"none","none",,"not_applicable","not_applicable","S0007",10,1,"development",32.8102865536165,37.021832241739,4.21154568812246,0.199131448133849,0.02,0.183110682092281
"TPL_001","TPL_001_STATE_004","TPL_001_RUN_012","Broad_HFS","none",39.5385751659494,45.6157773277303,6.07720216178088,35,34,"shifted_gamma","regular",0.21103762134444,7.44428947241977,0.02,0.178741240052379,0.490272008697929,0.313256184345717,0.14421010578455,TRUE,"weak","not_applicable","TPL_001_REGIME_01","clear_or_hard_cut","clear","hard_cut_canonical_pause",1.902509982679,0.975247761102163,"none","canonical_pause",,"not_applicable","not_applicable","S0007",10,1,"development",39.5385751659494,45.6157773277303,6.07720216178088,0.21103762134444,0.02,0.178741240052379
"TPL_001","TPL_001_STATE_005","TPL_001_RUN_014","Broad_HFS","none",49.0092463815165,55.4215189590178,6.4122725775013,29,28,"shifted_gamma","intermediate",0.258682600390166,3.89285871800967,0.02,0.229009734910761,0.549340970749773,0.485265930219755,0.266641183538235,TRUE,"moderate","not_applicable","TPL_001_REGIME_01","ambiguous_or_edge","hard_cut_canonical_pause","recording_edge_unobservable",1.39236520247156,,"canonical_pause","none",,"not_applicable","not_applicable","S0007",10,1,"development",49.0092463815165,55.4215189590178,6.4122725775013,0.258682600390166,0.02,0.229009734910761
"TPL_002","TPL_002_STATE_001","TPL_002_RUN_001","Broad_HFS","none",0,5.29445742582929,5.29445742582929,29,28,"shifted_gamma","regular",0.186064923629165,11.9944697865285,0.02,0.189087765208189,0.223496007310492,0.3447713198605,0.131005783889844,FALSE,"none","not_applicable","none","no_evidence_at_one_or_more_boundaries","recording_edge_unobservable","no_evidence",,0.545986795907911,"none","none",,"not_applicable","not_applicable","S0030",1,0.1,"development",0,0.529445742582929,0.529445742582929,0.0186064923629165,0.002,0.0189087765208189
"TPL_002","TPL_002_STATE_002","TPL_002_RUN_004","Broad_HFS","none",6.5210678712089,14.0706765640248,7.54960869281593,34,33,"shifted_gamma","irregular",0.209748844350688,1.53397443986032,0.02,0.228776020994422,0.722796108755169,0.602568554066839,0.402611027920056,TRUE,"strong","not_applicable","none","no_evidence_at_one_or_more_boundaries","no_evidence","no_evidence",0.245820372035192,1.11973934801589,"none","none",,"not_applicable","not_applicable","S0030",1,0.1,"development",0.65210678712089,1.40706765640248,0.754960869281593,0.0209748844350688,0.002,0.0228776020994422
"TPL_002","TPL_002_STATE_003","TPL_002_RUN_006","Broad_HFS","none",14.7896974613872,20.9379864768168,6.14828901542962,31,30,"shifted_gamma","intermediate",0.240889180484228,4.77644504932687,0.02,0.204942967180987,0.461523648172983,0.487073841754383,0.24187744675948,TRUE,"weak","not_applicable","none","no_evidence_at_one_or_more_boundaries","ambiguous","no_evidence",1.23487732355284,1.06492844700904,"none","none",,"not_applicable","not_applicable","S0030",1,0.1,"development",1.47896974613872,2.09379864768168,0.614828901542962,0.0240889180484228,0.002,0.0204942967180987
"TPL_002","TPL_002_STATE_004","TPL_002_RUN_007","Tonic","stn_like_empirical",20.9379864768168,25.5492993628034,4.61131288598659,12,11,"shifted_gamma","stn_like_empirical",0.437289732834324,63.2727455860004,0.02,0.419210262362418,0.0762765171536837,0.0654090991048621,0.00594742970873216,FALSE,"none","eligible","none","not_applicable","not_applicable","not_applicable",,,"none","none",0.696978098263856,"eligible","pre_frozen_timestamp_evidence_contract_met","S0030",1,0.1,"development",2.09379864768168,2.55492993628034,0.461131288598659,0.0437289732834324,0.002,0.0419210262362418
"TPL_002","TPL_002_STATE_005","TPL_002_RUN_015","Tonic","generic_stress",36.8823311774658,52.1441900267807,15.2618588493149,18,17,"shifted_gamma","generic_stress",0.962867005751468,29.0323241064325,0.02,0.897756402900876,0.194628482509664,0.249501574782949,0.0669345141293446,FALSE,"none","eligible","none","not_applicable","not_applicable","not_applicable",,,"none","none",0.872906875828642,"eligible","pre_frozen_timestamp_evidence_contract_met","S0030",1,0.1,"development",3.68823311774658,5.21441900267807,1.52618588493149,0.0962867005751468,0.002,0.0897756402900876
"TPL_002","TPL_002_STATE_001","TPL_002_RUN_001","Broad_HFS","none",0,5.29445742582929,5.29445742582929,29,28,"shifted_gamma","regular",0.186064923629165,11.9944697865285,0.02,0.189087765208189,0.223496007310492,0.3447713198605,0.131005783889844,FALSE,"none","not_applicable","none","no_evidence_at_one_or_more_boundaries","recording_edge_unobservable","no_evidence",,0.545986795907911,"none","none",,"not_applicable","not_applicable","S0006",4,0.4,"development",0,2.11778297033172,2.11778297033172,0.0744259694516659,0.008,0.0756351060832756
"TPL_002","TPL_002_STATE_002","TPL_002_RUN_004","Broad_HFS","none",6.5210678712089,14.0706765640248,7.54960869281593,34,33,"shifted_gamma","irregular",0.209748844350688,1.53397443986032,0.02,0.228776020994422,0.722796108755169,0.602568554066839,0.402611027920056,TRUE,"strong","not_applicable","none","no_evidence_at_one_or_more_boundaries","no_evidence","no_evidence",0.245820372035192,1.11973934801589,"none","none",,"not_applicable","not_applicable","S0006",4,0.4,"development",2.60842714848356,5.62827062560993,3.01984347712637,0.0838995377402753,0.008,0.0915104083977688
"TPL_002","TPL_002_STATE_003","TPL_002_RUN_006","Broad_HFS","none",14.7896974613872,20.9379864768168,6.14828901542962,31,30,"shifted_gamma","intermediate",0.240889180484228,4.77644504932687,0.02,0.204942967180987,0.461523648172983,0.487073841754383,0.24187744675948,TRUE,"weak","not_applicable","none","no_evidence_at_one_or_more_boundaries","ambiguous","no_evidence",1.23487732355284,1.06492844700904,"none","none",,"not_applicable","not_applicable","S0006",4,0.4,"development",5.91587898455486,8.37519459072671,2.45931560617185,0.0963556721936911,0.008,0.081977186872395
"TPL_002","TPL_002_STATE_004","TPL_002_RUN_007","Tonic","stn_like_empirical",20.9379864768168,25.5492993628034,4.61131288598659,12,11,"shifted_gamma","stn_like_empirical",0.437289732834324,63.2727455860004,0.02,0.419210262362418,0.0762765171536837,0.0654090991048621,0.00594742970873216,FALSE,"none","eligible","none","not_applicable","not_applicable","not_applicable",,,"none","none",0.696978098263856,"eligible","pre_frozen_timestamp_evidence_contract_met","S0006",4,0.4,"development",8.37519459072671,10.2197197451214,1.84452515439464,0.17491589313373,0.008,0.167684104944967
"TPL_002","TPL_002_STATE_005","TPL_002_RUN_015","Tonic","generic_stress",36.8823311774658,52.1441900267807,15.2618588493149,18,17,"shifted_gamma","generic_stress",0.962867005751468,29.0323241064325,0.02,0.897756402900876,0.194628482509664,0.249501574782949,0.0669345141293446,FALSE,"none","eligible","none","not_applicable","not_applicable","not_applicable",,,"none","none",0.872906875828642,"eligible","pre_frozen_timestamp_evidence_contract_met","S0006",4,0.4,"development",14.7529324709863,20.8576760107123,6.10474353972596,0.385146802300587,0.008,0.359102561160351
"TPL_002","TPL_002_STATE_001","TPL_002_RUN_001","Broad_HFS","none",0,5.29445742582929,5.29445742582929,29,28,"shifted_gamma","regular",0.186064923629165,11.9944697865285,0.02,0.189087765208189,0.223496007310492,0.3447713198605,0.131005783889844,FALSE,"none","not_applicable","none","no_evidence_at_one_or_more_boundaries","recording_edge_unobservable","no_evidence",,0.545986795907911,"none","none",,"not_applicable","not_applicable","S0044",10,1,"development",0,5.29445742582929,5.29445742582929,0.186064923629165,0.02,0.189087765208189
"TPL_002","TPL_002_STATE_002","TPL_002_RUN_004","Broad_HFS","none",6.5210678712089,14.0706765640248,7.54960869281593,34,33,"shifted_gamma","irregular",0.209748844350688,1.53397443986032,0.02,0.228776020994422,0.722796108755169,0.602568554066839,0.402611027920056,TRUE,"strong","not_applicable","none","no_evidence_at_one_or_more_boundaries","no_evidence","no_evidence",0.245820372035192,1.11973934801589,"none","none",,"not_applicable","not_applicable","S0044",10,1,"development",6.5210678712089,14.0706765640248,7.54960869281593,0.209748844350688,0.02,0.228776020994422
"TPL_002","TPL_002_STATE_003","TPL_002_RUN_006","Broad_HFS","none",14.7896974613872,20.9379864768168,6.14828901542962,31,30,"shifted_gamma","intermediate",0.240889180484228,4.77644504932687,0.02,0.204942967180987,0.461523648172983,0.487073841754383,0.24187744675948,TRUE,"weak","not_applicable","none","no_evidence_at_one_or_more_boundaries","ambiguous","no_evidence",1.23487732355284,1.06492844700904,"none","none",,"not_applicable","not_applicable","S0044",10,1,"development",14.7896974613872,20.9379864768168,6.14828901542962,0.240889180484228,0.02,0.204942967180987
"TPL_002","TPL_002_STATE_004","TPL_002_RUN_007","Tonic","stn_like_empirical",20.9379864768168,25.5492993628034,4.61131288598659,12,11,"shifted_gamma","stn_like_empirical",0.437289732834324,63.2727455860004,0.02,0.419210262362418,0.0762765171536837,0.0654090991048621,0.00594742970873216,FALSE,"none","eligible","none","not_applicable","not_applicable","not_applicable",,,"none","none",0.696978098263856,"eligible","pre_frozen_timestamp_evidence_contract_met","S0044",10,1,"development",20.9379864768168,25.5492993628034,4.61131288598659,0.437289732834324,0.02,0.419210262362418
"TPL_002","TPL_002_STATE_005","TPL_002_RUN_015","Tonic","generic_stress",36.8823311774658,52.1441900267807,15.2618588493149,18,17,"shifted_gamma","generic_stress",0.962867005751468,29.0323241064325,0.02,0.897756402900876,0.194628482509664,0.249501574782949,0.0669345141293446,FALSE,"none","eligible","none","not_applicable","not_applicable","not_applicable",,,"none","none",0.872906875828642,"eligible","pre_frozen_timestamp_evidence_contract_met","S0044",10,1,"development",36.8823311774658,52.1441900267807,15.2618588493149,0.962867005751468,0.02,0.897756402900876
"TPL_003","TPL_003_STATE_001","TPL_003_RUN_001","Broad_HFS","none",0,6.13691478637606,6.13691478637606,27,26,"shifted_gamma","irregular",0.240267782802694,1.683004309237,0.02,0.236035184091387,0.613807611651865,0.568348691065084,0.389342768876497,TRUE,"moderate","not_applicable","TPL_003_REGIME_01","ambiguous_or_edge","recording_edge_unobservable","hard_cut_canonical_pause",,1.42627508052704,"none","canonical_pause",,"not_applicable","not_applicable","S0058",1,0.1,"development",0,0.613691478637606,0.613691478637606,0.0240267782802694,0.002,0.0236035184091387
"TPL_003","TPL_003_STATE_002","TPL_003_RUN_003","Broad_HFS","none",10.9380444190986,19.6772632868459,8.73921886774726,35,34,"shifted_gamma","regular",0.287067122259177,8.53394838469103,0.02,0.25703584905139,0.59480634062125,0.37713550952756,0.169562495515678,TRUE,"strong","not_applicable","TPL_003_REGIME_01","clear_or_hard_cut","hard_cut_canonical_pause","clear",0.738638942100919,3.18057931860052,"canonical_pause","none",,"not_applicable","not_applicable","S0058",1,0.1,"development",1.09380444190986,1.96772632868459,0.873921886774726,0.0287067122259177,0.002,0.025703584905139
"TPL_003","TPL_003_STATE_003","TPL_003_RUN_004","Tonic","generic_stress",19.6772632868459,30.8286323828563,11.1513690960104,14,13,"shifted_gamma","generic_stress",0.88803278998239,26.586092567537,0.02,0.857797622770034,0.233131653610148,0.177465773440724,0.0346156861135627,FALSE,"none","eligible","none","not_applicable","not_applicable","not_applicable",,,"none","none",0.807475061431629,"eligible","pre_frozen_timestamp_evidence_contract_met","S0058",1,0.1,"development",1.96772632868459,3.08286323828563,1.11513690960104,0.088803278998239,0.002,0.0857797622770034
"TPL_003","TPL_003_STATE_004","TPL_003_RUN_010","Broad_HFS","none",36.0713132367282,40.0709380328801,3.99962479615195,23,22,"shifted_gamma","intermediate",0.191498660552315,2.43707130867988,0.02,0.181801127097816,0.492172989817612,0.638388925618091,0.479771209115285,FALSE,"none","not_applicable","none","no_evidence_at_one_or_more_boundaries","no_evidence","ambiguous",0.779667048320325,1.27180470983437,"none","none",,"not_applicable","not_applicable","S0058",1,0.1,"development",3.60713132367282,4.00709380328801,0.399962479615195,0.0191498660552315,0.002,0.0181801127097816
"TPL_003","TPL_003_STATE_005","TPL_003_RUN_011","Tonic","stn_like_empirical",40.0709380328801,44.359583575867,4.28864554298689,13,12,"shifted_gamma","stn_like_empirical",0.370676530152559,57.4328200379387,0.02,0.357387128582241,0.125737203859942,0.126853651960354,0.0184626414746475,FALSE,"none","eligible","none","not_applicable","not_applicable","not_applicable",,,"none","none",0.778821901769313,"eligible","pre_frozen_timestamp_evidence_contract_met","S0058",1,0.1,"development",4.00709380328801,4.4359583575867,0.428864554298689,0.0370676530152559,0.002,0.0357387128582241
"TPL_003","TPL_003_STATE_001","TPL_003_RUN_001","Broad_HFS","none",0,6.13691478637606,6.13691478637606,27,26,"shifted_gamma","irregular",0.240267782802694,1.683004309237,0.02,0.236035184091387,0.613807611651865,0.568348691065084,0.389342768876497,TRUE,"moderate","not_applicable","TPL_003_REGIME_01","ambiguous_or_edge","recording_edge_unobservable","hard_cut_canonical_pause",,1.42627508052704,"none","canonical_pause",,"not_applicable","not_applicable","S0049",4,0.4,"development",0,2.45476591455042,2.45476591455042,0.0961071131210774,0.008,0.0944140736365547
"TPL_003","TPL_003_STATE_002","TPL_003_RUN_003","Broad_HFS","none",10.9380444190986,19.6772632868459,8.73921886774726,35,34,"shifted_gamma","regular",0.287067122259177,8.53394838469103,0.02,0.25703584905139,0.59480634062125,0.37713550952756,0.169562495515678,TRUE,"strong","not_applicable","TPL_003_REGIME_01","clear_or_hard_cut","hard_cut_canonical_pause","clear",0.738638942100919,3.18057931860052,"canonical_pause","none",,"not_applicable","not_applicable","S0049",4,0.4,"development",4.37521776763946,7.87090531473836,3.4956875470989,0.114826848903671,0.008,0.102814339620556
"TPL_003","TPL_003_STATE_003","TPL_003_RUN_004","Tonic","generic_stress",19.6772632868459,30.8286323828563,11.1513690960104,14,13,"shifted_gamma","generic_stress",0.88803278998239,26.586092567537,0.02,0.857797622770034,0.233131653610148,0.177465773440724,0.0346156861135627,FALSE,"none","eligible","none","not_applicable","not_applicable","not_applicable",,,"none","none",0.807475061431629,"eligible","pre_frozen_timestamp_evidence_contract_met","S0049",4,0.4,"development",7.87090531473836,12.3314529531425,4.46054763840418,0.355213115992956,0.008,0.343119049108014
"TPL_003","TPL_003_STATE_004","TPL_003_RUN_010","Broad_HFS","none",36.0713132367282,40.0709380328801,3.99962479615195,23,22,"shifted_gamma","intermediate",0.191498660552315,2.43707130867988,0.02,0.181801127097816,0.492172989817612,0.638388925618091,0.479771209115285,FALSE,"none","not_applicable","none","no_evidence_at_one_or_more_boundaries","no_evidence","ambiguous",0.779667048320325,1.27180470983437,"none","none",,"not_applicable","not_applicable","S0049",4,0.4,"development",14.4285252946913,16.028375213152,1.59984991846078,0.0765994642209262,0.008,0.0727204508391263
"TPL_003","TPL_003_STATE_005","TPL_003_RUN_011","Tonic","stn_like_empirical",40.0709380328801,44.359583575867,4.28864554298689,13,12,"shifted_gamma","stn_like_empirical",0.370676530152559,57.4328200379387,0.02,0.357387128582241,0.125737203859942,0.126853651960354,0.0184626414746475,FALSE,"none","eligible","none","not_applicable","not_applicable","not_applicable",,,"none","none",0.778821901769313,"eligible","pre_frozen_timestamp_evidence_contract_met","S0049",4,0.4,"development",16.028375213152,17.7438334303468,1.71545821719476,0.148270612061024,0.008,0.142954851432896
"TPL_003","TPL_003_STATE_001","TPL_003_RUN_001","Broad_HFS","none",0,6.13691478637606,6.13691478637606,27,26,"shifted_gamma","irregular",0.240267782802694,1.683004309237,0.02,0.236035184091387,0.613807611651865,0.568348691065084,0.389342768876497,TRUE,"moderate","not_applicable","TPL_003_REGIME_01","ambiguous_or_edge","recording_edge_unobservable","hard_cut_canonical_pause",,1.42627508052704,"none","canonical_pause",,"not_applicable","not_applicable","S0040",10,1,"development",0,6.13691478637606,6.13691478637606,0.240267782802694,0.02,0.236035184091387
"TPL_003","TPL_003_STATE_002","TPL_003_RUN_003","Broad_HFS","none",10.9380444190986,19.6772632868459,8.73921886774726,35,34,"shifted_gamma","regular",0.287067122259177,8.53394838469103,0.02,0.25703584905139,0.59480634062125,0.37713550952756,0.169562495515678,TRUE,"strong","not_applicable","TPL_003_REGIME_01","clear_or_hard_cut","hard_cut_canonical_pause","clear",0.738638942100919,3.18057931860052,"canonical_pause","none",,"not_applicable","not_applicable","S0040",10,1,"development",10.9380444190986,19.6772632868459,8.73921886774726,0.287067122259177,0.02,0.25703584905139
"TPL_003","TPL_003_STATE_003","TPL_003_RUN_004","Tonic","generic_stress",19.6772632868459,30.8286323828563,11.1513690960104,14,13,"shifted_gamma","generic_stress",0.88803278998239,26.586092567537,0.02,0.857797622770034,0.233131653610148,0.177465773440724,0.0346156861135627,FALSE,"none","eligible","none","not_applicable","not_applicable","not_applicable",,,"none","none",0.807475061431629,"eligible","pre_frozen_timestamp_evidence_contract_met","S0040",10,1,"development",19.6772632868459,30.8286323828563,11.1513690960104,0.88803278998239,0.02,0.857797622770034
"TPL_003","TPL_003_STATE_004","TPL_003_RUN_010","Broad_HFS","none",36.0713132367282,40.0709380328801,3.99962479615195,23,22,"shifted_gamma","intermediate",0.191498660552315,2.43707130867988,0.02,0.181801127097816,0.492172989817612,0.638388925618091,0.479771209115285,FALSE,"none","not_applicable","none","no_evidence_at_one_or_more_boundaries","no_evidence","ambiguous",0.779667048320325,1.27180470983437,"none","none",,"not_applicable","not_applicable","S0040",10,1,"development",36.0713132367282,40.0709380328801,3.99962479615195,0.191498660552315,0.02,0.181801127097816
"TPL_003","TPL_003_STATE_005","TPL_003_RUN_011","Tonic","stn_like_empirical",40.0709380328801,44.359583575867,4.28864554298689,13,12,"shifted_gamma","stn_like_empirical",0.370676530152559,57.4328200379387,0.02,0.357387128582241,0.125737203859942,0.126853651960354,0.0184626414746475,FALSE,"none","eligible","none","not_applicable","not_applicable","not_applicable",,,"none","none",0.778821901769313,"eligible","pre_frozen_timestamp_evidence_contract_met","S0040",10,1,"development",40.0709380328801,44.359583575867,4.28864554298689,0.370676530152559,0.02,0.357387128582241
"TPL_004","TPL_004_STATE_001","TPL_004_RUN_001","Broad_HFS","none",0,6.62192629420036,6.62192629420036,32,31,"shifted_gamma","intermediate",0.231768544204533,4.49061668911017,0.02,0.213610525619366,0.428848913014577,0.422869886378326,0.231670532574018,FALSE,"none","not_applicable","none","no_evidence_at_one_or_more_boundaries","recording_edge_unobservable","no_evidence",,0.7540156892501,"none","none",,"not_applicable","not_applicable","S0011",1,0.1,"development",0,0.662192629420036,0.662192629420036,0.0231768544204533,0.002,0.0213610525619366
"TPL_004","TPL_004_STATE_002","TPL_004_RUN_003","Broad_HFS","none",6.98518688720264,12.1743442402968,5.18915735309416,33,32,"shifted_gamma","irregular",0.186159042320214,1.66548333247192,0.02,0.162161167284193,0.74823584800266,0.584989153476115,0.38879297212749,TRUE,"weak","not_applicable","none","no_evidence_at_one_or_more_boundaries","no_evidence","ambiguous",0.985458973444506,1.41449686802625,"none","none",,"not_applicable","not_applicable","S0011",1,0.1,"development",0.698518688720264,1.21743442402968,0.518915735309416,0.0186159042320214,0.002,0.0162161167284193
"TPL_004","TPL_004_STATE_003","TPL_004_RUN_005","Broad_HFS","none",15.283865708653,23.338562647794,8.05469693914097,35,34,"shifted_gamma","regular",0.276248300266452,9.11294553056359,0.02,0.236902851151205,0.523976143604666,0.379132714342725,0.167081247595157,TRUE,"moderate","not_applicable","none","no_evidence_at_one_or_more_boundaries","no_evidence","no_evidence",1.05448931235121,0.516983096043703,"none","none",,"not_applicable","not_applicable","S0011",1,0.1,"development",1.5283865708653,2.3338562647794,0.805469693914097,0.0276248300266452,0.002,0.0236902851151205
"TPL_004","TPL_004_STATE_004","TPL_004_RUN_010","Tonic","generic_stress",26.9786898147968,37.8543939744818,10.8757041596849,13,12,"shifted_gamma","generic_stress",0.962944789219182,20.7475017970428,0.02,0.906308679973746,0.23309366796594,0.305929367589832,0.0870756368655039,FALSE,"none","eligible","none","not_applicable","not_applicable","not_applicable",,,"none","none",0.762452488613026,"eligible","pre_frozen_timestamp_evidence_contract_met","S0011",1,0.1,"development",2.69786898147968,3.78543939744818,1.08757041596849,0.0962944789219182,0.002,0.0906308679973746
"TPL_004","TPL_004_STATE_005","TPL_004_RUN_012","Tonic","stn_like_empirical",38.1331452203039,44.4831906735202,6.35004545321631,17,16,"shifted_gamma","stn_like_empirical",0.393499551899731,69.4891977496445,0.02,0.396877840826019,0.138677652876745,0.147000796861458,0.0280061695701166,FALSE,"none","eligible","none","not_applicable","not_applicable","not_applicable",,,"none","none",0.87157669539192,"eligible","pre_frozen_timestamp_evidence_contract_met","S0011",1,0.1,"development",3.81331452203039,4.44831906735202,0.635004545321631,0.0393499551899731,0.002,0.0396877840826019
"TPL_004","TPL_004_STATE_001","TPL_004_RUN_001","Broad_HFS","none",0,6.62192629420036,6.62192629420036,32,31,"shifted_gamma","intermediate",0.231768544204533,4.49061668911017,0.02,0.213610525619366,0.428848913014577,0.422869886378326,0.231670532574018,FALSE,"none","not_applicable","none","no_evidence_at_one_or_more_boundaries","recording_edge_unobservable","no_evidence",,0.7540156892501,"none","none",,"not_applicable","not_applicable","S0014",4,0.4,"development",0,2.64877051768014,2.64877051768014,0.0927074176818132,0.008,0.0854442102477466
"TPL_004","TPL_004_STATE_002","TPL_004_RUN_003","Broad_HFS","none",6.98518688720264,12.1743442402968,5.18915735309416,33,32,"shifted_gamma","irregular",0.186159042320214,1.66548333247192,0.02,0.162161167284193,0.74823584800266,0.584989153476115,0.38879297212749,TRUE,"weak","not_applicable","none","no_evidence_at_one_or_more_boundaries","no_evidence","ambiguous",0.985458973444506,1.41449686802625,"none","none",,"not_applicable","not_applicable","S0014",4,0.4,"development",2.79407475488105,4.86973769611872,2.07566294123767,0.0744636169280857,0.008,0.064864466913677
"TPL_004","TPL_004_STATE_003","TPL_004_RUN_005","Broad_HFS","none",15.283865708653,23.338562647794,8.05469693914097,35,34,"shifted_gamma","regular",0.276248300266452,9.11294553056359,0.02,0.236902851151205,0.523976143604666,0.379132714342725,0.167081247595157,TRUE,"moderate","not_applicable","none","no_evidence_at_one_or_more_boundaries","no_evidence","no_evidence",1.05448931235121,0.516983096043703,"none","none",,"not_applicable","not_applicable","S0014",4,0.4,"development",6.11354628346122,9.33542505911761,3.22187877565639,0.110499320106581,0.008,0.094761140460482
"TPL_004","TPL_004_STATE_004","TPL_004_RUN_010","Tonic","generic_stress",26.9786898147968,37.8543939744818,10.8757041596849,13,12,"shifted_gamma","generic_stress",0.962944789219182,20.7475017970428,0.02,0.906308679973746,0.23309366796594,0.305929367589832,0.0870756368655039,FALSE,"none","eligible","none","not_applicable","not_applicable","not_applicable",,,"none","none",0.762452488613026,"eligible","pre_frozen_timestamp_evidence_contract_met","S0014",4,0.4,"development",10.7914759259187,15.1417575897927,4.35028166387398,0.385177915687673,0.008,0.362523471989498
"TPL_004","TPL_004_STATE_005","TPL_004_RUN_012","Tonic","stn_like_empirical",38.1331452203039,44.4831906735202,6.35004545321631,17,16,"shifted_gamma","stn_like_empirical",0.393499551899731,69.4891977496445,0.02,0.396877840826019,0.138677652876745,0.147000796861458,0.0280061695701166,FALSE,"none","eligible","none","not_applicable","not_applicable","not_applicable",,,"none","none",0.87157669539192,"eligible","pre_frozen_timestamp_evidence_contract_met","S0014",4,0.4,"development",15.2532580881215,17.7932762694081,2.54001818128652,0.157399820759892,0.008,0.158751136330408
"TPL_004","TPL_004_STATE_001","TPL_004_RUN_001","Broad_HFS","none",0,6.62192629420036,6.62192629420036,32,31,"shifted_gamma","intermediate",0.231768544204533,4.49061668911017,0.02,0.213610525619366,0.428848913014577,0.422869886378326,0.231670532574018,FALSE,"none","not_applicable","none","no_evidence_at_one_or_more_boundaries","recording_edge_unobservable","no_evidence",,0.7540156892501,"none","none",,"not_applicable","not_applicable","S0055",10,1,"development",0,6.62192629420036,6.62192629420036,0.231768544204533,0.02,0.213610525619366
"TPL_004","TPL_004_STATE_002","TPL_004_RUN_003","Broad_HFS","none",6.98518688720264,12.1743442402968,5.18915735309416,33,32,"shifted_gamma","irregular",0.186159042320214,1.66548333247192,0.02,0.162161167284193,0.74823584800266,0.584989153476115,0.38879297212749,TRUE,"weak","not_applicable","none","no_evidence_at_one_or_more_boundaries","no_evidence","ambiguous",0.985458973444506,1.41449686802625,"none","none",,"not_applicable","not_applicable","S0055",10,1,"development",6.98518688720264,12.1743442402968,5.18915735309416,0.186159042320214,0.02,0.162161167284193
"TPL_004","TPL_004_STATE_003","TPL_004_RUN_005","Broad_HFS","none",15.283865708653,23.338562647794,8.05469693914097,35,34,"shifted_gamma","regular",0.276248300266452,9.11294553056359,0.02,0.236902851151205,0.523976143604666,0.379132714342725,0.167081247595157,TRUE,"moderate","not_applicable","none","no_evidence_at_one_or_more_boundaries","no_evidence","no_evidence",1.05448931235121,0.516983096043703,"none","none",,"not_applicable","not_applicable","S0055",10,1,"development",15.283865708653,23.338562647794,8.05469693914097,0.276248300266452,0.02,0.236902851151205
"TPL_004","TPL_004_STATE_004","TPL_004_RUN_010","Tonic","generic_stress",26.9786898147968,37.8543939744818,10.8757041596849,13,12,"shifted_gamma","generic_stress",0.962944789219182,20.7475017970428,0.02,0.906308679973746,0.23309366796594,0.305929367589832,0.0870756368655039,FALSE,"none","eligible","none","not_applicable","not_applicable","not_applicable",,,"none","none",0.762452488613026,"eligible","pre_frozen_timestamp_evidence_contract_met","S0055",10,1,"development",26.9786898147968,37.8543939744818,10.8757041596849,0.962944789219182,0.02,0.906308679973746
"TPL_004","TPL_004_STATE_005","TPL_004_RUN_012","Tonic","stn_like_empirical",38.1331452203039,44.4831906735202,6.35004545321631,17,16,"shifted_gamma","stn_like_empirical",0.393499551899731,69.4891977496445,0.02,0.396877840826019,0.138677652876745,0.147000796861458,0.0280061695701166,FALSE,"none","eligible","none","not_applicable","not_applicable","not_applicable",,,"none","none",0.87157669539192,"eligible","pre_frozen_timestamp_evidence_contract_met","S0055",10,1,"development",38.1331452203039,44.4831906735202,6.35004545321631,0.393499551899731,0.02,0.396877840826019
"TPL_005","TPL_005_STATE_001","TPL_005_RUN_001","Broad_HFS","none",0,8.27039491984443,8.27039491984443,35,34,"shifted_gamma","regular",0.273705869824626,9.07314647734165,0.02,0.243246909407189,0.401896887528539,0.309716205012081,0.149646438218179,TRUE,"moderate","not_applicable","none","ambiguous_or_edge","recording_edge_unobservable","clear",,1.98849658158131,"none","none",,"not_applicable","not_applicable","S0028",1,0.1,"development",0,0.827039491984443,0.827039491984443,0.0273705869824626,0.002,0.0243246909407189
"TPL_005","TPL_005_STATE_002","TPL_005_RUN_003","Tonic","stn_like_empirical",13.012704919031,20.1192166680439,7.1065117490129,18,17,"shifted_gamma","stn_like_empirical",0.423789571970701,28.527313657105,0.02,0.418030102883112,0.161587073355723,0.171315777771708,0.0326301415618384,FALSE,"none","eligible","none","not_applicable","not_applicable","not_applicable",,,"none","none",0.765860502727578,"eligible","pre_frozen_timestamp_evidence_contract_met","S0028",1,0.1,"development",1.3012704919031,2.01192166680439,0.71065117490129,0.0423789571970701,0.002,0.0418030102883112
"TPL_005","TPL_005_STATE_003","TPL_005_RUN_005","Broad_HFS","none",21.5312702062118,26.2236820108426,4.69241180463079,33,32,"shifted_gamma","intermediate",0.180210168296471,4.24431370515376,0.02,0.146637868894712,0.438318740255164,0.417811657768465,0.199853697205035,TRUE,"strong","not_applicable","none","clear_or_hard_cut","clear","clear",2.23456250335803,5.73525034544291,"none","none",,"not_applicable","not_applicable","S0028",1,0.1,"development",2.15312702062118,2.62236820108426,0.469241180463079,0.0180210168296471,0.002,0.0146637868894712
"TPL_005","TPL_005_STATE_004","TPL_005_RUN_006","Tonic","generic_stress",26.2236820108426,39.6014610352917,13.3777790244491,16,15,"shifted_gamma","generic_stress",0.931895986467134,21.1444977493957,0.02,0.891851934963273,0.18906614459253,0.200435058938591,0.0450949611007751,FALSE,"none","eligible","none","not_applicable","not_applicable","not_applicable",,,"none","none",0.866037698996311,"eligible","pre_frozen_timestamp_evidence_contract_met","S0028",1,0.1,"development",2.62236820108426,3.96014610352917,1.33777790244491,0.0931895986467134,0.002,0.0891851934963273
"TPL_005","TPL_005_STATE_005","TPL_005_RUN_009","Broad_HFS","none",44.8920035915922,48.7079845931595,3.81598100156737,22,21,"shifted_gamma","irregular",0.191800692267716,1.37340104968753,0.02,0.181713381027017,0.715024414231937,0.834384892212706,0.788782089433001,FALSE,"none","not_applicable","none","no_evidence_at_one_or_more_boundaries","no_evidence","clear",0.928626199683786,10.4892643964447,"none","none",,"not_applicable","not_applicable","S0028",1,0.1,"development",4.48920035915922,4.87079845931595,0.381598100156737,0.0191800692267716,0.002,0.0181713381027017
"TPL_005","TPL_005_STATE_001","TPL_005_RUN_001","Broad_HFS","none",0,8.27039491984443,8.27039491984443,35,34,"shifted_gamma","regular",0.273705869824626,9.07314647734165,0.02,0.243246909407189,0.401896887528539,0.309716205012081,0.149646438218179,TRUE,"moderate","not_applicable","none","ambiguous_or_edge","recording_edge_unobservable","clear",,1.98849658158131,"none","none",,"not_applicable","not_applicable","S0052",4,0.4,"development",0,3.30815796793777,3.30815796793777,0.10948234792985,0.008,0.0972987637628756
"TPL_005","TPL_005_STATE_002","TPL_005_RUN_003","Tonic","stn_like_empirical",13.012704919031,20.1192166680439,7.1065117490129,18,17,"shifted_gamma","stn_like_empirical",0.423789571970701,28.527313657105,0.02,0.418030102883112,0.161587073355723,0.171315777771708,0.0326301415618384,FALSE,"none","eligible","none","not_applicable","not_applicable","not_applicable",,,"none","none",0.765860502727578,"eligible","pre_frozen_timestamp_evidence_contract_met","S0052",4,0.4,"development",5.20508196761239,8.04768666721755,2.84260469960516,0.16951582878828,0.008,0.167212041153245
"TPL_005","TPL_005_STATE_003","TPL_005_RUN_005","Broad_HFS","none",21.5312702062118,26.2236820108426,4.69241180463079,33,32,"shifted_gamma","intermediate",0.180210168296471,4.24431370515376,0.02,0.146637868894712,0.438318740255164,0.417811657768465,0.199853697205035,TRUE,"strong","not_applicable","none","clear_or_hard_cut","clear","clear",2.23456250335803,5.73525034544291,"none","none",,"not_applicable","not_applicable","S0052",4,0.4,"development",8.61250808248473,10.489472804337,1.87696472185232,0.0720840673185885,0.008,0.0586551475578849
"TPL_005","TPL_005_STATE_004","TPL_005_RUN_006","Tonic","generic_stress",26.2236820108426,39.6014610352917,13.3777790244491,16,15,"shifted_gamma","generic_stress",0.931895986467134,21.1444977493957,0.02,0.891851934963273,0.18906614459253,0.200435058938591,0.0450949611007751,FALSE,"none","eligible","none","not_applicable","not_applicable","not_applicable",,,"none","none",0.866037698996311,"eligible","pre_frozen_timestamp_evidence_contract_met","S0052",4,0.4,"development",10.489472804337,15.8405844141167,5.35111160977964,0.372758394586854,0.008,0.356740773985309
"TPL_005","TPL_005_STATE_005","TPL_005_RUN_009","Broad_HFS","none",44.8920035915922,48.7079845931595,3.81598100156737,22,21,"shifted_gamma","irregular",0.191800692267716,1.37340104968753,0.02,0.181713381027017,0.715024414231937,0.834384892212706,0.788782089433001,FALSE,"none","not_applicable","none","no_evidence_at_one_or_more_boundaries","no_evidence","clear",0.928626199683786,10.4892643964447,"none","none",,"not_applicable","not_applicable","S0052",4,0.4,"development",17.9568014366369,19.4831938372638,1.52639240062695,0.0767202769070864,0.008,0.0726853524108069
"TPL_005","TPL_005_STATE_001","TPL_005_RUN_001","Broad_HFS","none",0,8.27039491984443,8.27039491984443,35,34,"shifted_gamma","regular",0.273705869824626,9.07314647734165,0.02,0.243246909407189,0.401896887528539,0.309716205012081,0.149646438218179,TRUE,"moderate","not_applicable","none","ambiguous_or_edge","recording_edge_unobservable","clear",,1.98849658158131,"none","none",,"not_applicable","not_applicable","S0009",10,1,"development",0,8.27039491984443,8.27039491984443,0.273705869824626,0.02,0.243246909407189
"TPL_005","TPL_005_STATE_002","TPL_005_RUN_003","Tonic","stn_like_empirical",13.012704919031,20.1192166680439,7.1065117490129,18,17,"shifted_gamma","stn_like_empirical",0.423789571970701,28.527313657105,0.02,0.418030102883112,0.161587073355723,0.171315777771708,0.0326301415618384,FALSE,"none","eligible","none","not_applicable","not_applicable","not_applicable",,,"none","none",0.765860502727578,"eligible","pre_frozen_timestamp_evidence_contract_met","S0009",10,1,"development",13.012704919031,20.1192166680439,7.1065117490129,0.423789571970701,0.02,0.418030102883112
"TPL_005","TPL_005_STATE_003","TPL_005_RUN_005","Broad_HFS","none",21.5312702062118,26.2236820108426,4.69241180463079,33,32,"shifted_gamma","intermediate",0.180210168296471,4.24431370515376,0.02,0.146637868894712,0.438318740255164,0.417811657768465,0.199853697205035,TRUE,"strong","not_applicable","none","clear_or_hard_cut","clear","clear",2.23456250335803,5.73525034544291,"none","none",,"not_applicable","not_applicable","S0009",10,1,"development",21.5312702062118,26.2236820108426,4.69241180463079,0.180210168296471,0.02,0.146637868894712
"TPL_005","TPL_005_STATE_004","TPL_005_RUN_006","Tonic","generic_stress",26.2236820108426,39.6014610352917,13.3777790244491,16,15,"shifted_gamma","generic_stress",0.931895986467134,21.1444977493957,0.02,0.891851934963273,0.18906614459253,0.200435058938591,0.0450949611007751,FALSE,"none","eligible","none","not_applicable","not_applicable","not_applicable",,,"none","none",0.866037698996311,"eligible","pre_frozen_timestamp_evidence_contract_met","S0009",10,1,"development",26.2236820108426,39.6014610352917,13.3777790244491,0.931895986467134,0.02,0.891851934963273
"TPL_005","TPL_005_STATE_005","TPL_005_RUN_009","Broad_HFS","none",44.8920035915922,48.7079845931595,3.81598100156737,22,21,"shifted_gamma","irregular",0.191800692267716,1.37340104968753,0.02,0.181713381027017,0.715024414231937,0.834384892212706,0.788782089433001,FALSE,"none","not_applicable","none","no_evidence_at_one_or_more_boundaries","no_evidence","clear",0.928626199683786,10.4892643964447,"none","none",,"not_applicable","not_applicable","S0009",10,1,"development",44.8920035915922,48.7079845931595,3.81598100156737,0.191800692267716,0.02,0.181713381027017
"TPL_006","TPL_006_STATE_001","TPL_006_RUN_001","Tonic","generic_stress",0,10.1609027138614,10.1609027138614,13,12,"shifted_gamma","generic_stress",0.862538532866165,26.2641016901471,0.02,0.846741892821784,0.211168662277351,0.172973016234811,0.0403415635996816,FALSE,"none","eligible","none","not_applicable","not_applicable","not_applicable",,,"none","none",0.685117301895753,"eligible","pre_frozen_timestamp_evidence_contract_met","S0045",1,0.1,"holdout",0,1.01609027138614,1.01609027138614,0.0862538532866165,0.002,0.0846741892821784
"TPL_006","TPL_006_STATE_002","TPL_006_RUN_004","Broad_HFS","none",16.5182538495004,22.0617875073584,5.54353365785796,35,34,"shifted_gamma","irregular",0.201017327066511,1.48720289440826,0.02,0.163045107584058,0.757931998394246,0.752925559090173,0.600413581036206,TRUE,"weak","not_applicable","TPL_006_REGIME_01","clear_or_hard_cut","clear","hard_cut_canonical_pause",4.70084850887233,1.403252709656,"none","canonical_pause",,"not_applicable","not_applicable","S0045",1,0.1,"holdout",1.65182538495004,2.20617875073584,0.554353365785796,0.0201017327066511,0.002,0.0163045107584058
"TPL_006","TPL_006_STATE_003","TPL_006_RUN_006","Broad_HFS","none",26.490966838227,35.1196330799596,8.62866624173257,35,34,"shifted_gamma","regular",0.297733808304183,6.08716610865667,0.02,0.253784301227429,0.537607860052071,0.365666024715011,0.156047188695182,TRUE,"strong","not_applicable","TPL_006_REGIME_01","ambiguous_or_edge","hard_cut_canonical_pause","ambiguous",1.16106133596266,1.37176751952218,"canonical_pause","none",,"not_applicable","not_applicable","S0045",1,0.1,"holdout",2.6490966838227,3.51196330799596,0.862866624173257,0.0297733808304183,0.002,0.0253784301227429
"TPL_006","TPL_006_STATE_004","TPL_006_RUN_008","Broad_HFS","none",36.1043225170845,44.2850632930887,8.18074077600421,30,29,"shifted_gamma","intermediate",0.290601500542834,4.46764557654969,0.02,0.282094509517387,0.358957157093343,0.368839829645446,0.188569108838086,FALSE,"none","not_applicable","none","ambiguous_or_edge","clear","ambiguous",1.61830425910745,1.31395590500644,"none","none",,"not_applicable","not_applicable","S0045",1,0.1,"holdout",3.61043225170845,4.42850632930887,0.818074077600421,0.0290601500542834,0.002,0.0282094509517387
"TPL_006","TPL_006_STATE_005","TPL_006_RUN_013","Tonic","stn_like_empirical",46.7042392636379,52.7639212755619,6.05968201192395,12,11,"shifted_gamma","stn_like_empirical",0.528682711394504,48.619833253324,0.02,0.550880182902178,0.148972977642964,0.199231022972147,0.0400236977975531,FALSE,"none","eligible","none","not_applicable","not_applicable","not_applicable",,,"none","none",0.739445016158736,"eligible","pre_frozen_timestamp_evidence_contract_met","S0045",1,0.1,"holdout",4.6704239263638,5.27639212755619,0.605968201192395,0.0528682711394504,0.002,0.0550880182902178
"TPL_006","TPL_006_STATE_001","TPL_006_RUN_001","Tonic","generic_stress",0,10.1609027138614,10.1609027138614,13,12,"shifted_gamma","generic_stress",0.862538532866165,26.2641016901471,0.02,0.846741892821784,0.211168662277351,0.172973016234811,0.0403415635996816,FALSE,"none","eligible","none","not_applicable","not_applicable","not_applicable",,,"none","none",0.685117301895753,"eligible","pre_frozen_timestamp_evidence_contract_met","S0035",4,0.4,"holdout",0,4.06436108554456,4.06436108554456,0.345015413146466,0.008,0.338696757128713
"TPL_006","TPL_006_STATE_002","TPL_006_RUN_004","Broad_HFS","none",16.5182538495004,22.0617875073584,5.54353365785796,35,34,"shifted_gamma","irregular",0.201017327066511,1.48720289440826,0.02,0.163045107584058,0.757931998394246,0.752925559090173,0.600413581036206,TRUE,"weak","not_applicable","TPL_006_REGIME_01","clear_or_hard_cut","clear","hard_cut_canonical_pause",4.70084850887233,1.403252709656,"none","canonical_pause",,"not_applicable","not_applicable","S0035",4,0.4,"holdout",6.60730153980017,8.82471500294335,2.21741346314318,0.0804069308266044,0.008,0.065218043033623
"TPL_006","TPL_006_STATE_003","TPL_006_RUN_006","Broad_HFS","none",26.490966838227,35.1196330799596,8.62866624173257,35,34,"shifted_gamma","regular",0.297733808304183,6.08716610865667,0.02,0.253784301227429,0.537607860052071,0.365666024715011,0.156047188695182,TRUE,"strong","not_applicable","TPL_006_REGIME_01","ambiguous_or_edge","hard_cut_canonical_pause","ambiguous",1.16106133596266,1.37176751952218,"canonical_pause","none",,"not_applicable","not_applicable","S0035",4,0.4,"holdout",10.5963867352908,14.0478532319838,3.45146649669303,0.119093523321673,0.008,0.101513720490971
"TPL_006","TPL_006_STATE_004","TPL_006_RUN_008","Broad_HFS","none",36.1043225170845,44.2850632930887,8.18074077600421,30,29,"shifted_gamma","intermediate",0.290601500542834,4.46764557654969,0.02,0.282094509517387,0.358957157093343,0.368839829645446,0.188569108838086,FALSE,"none","not_applicable","none","ambiguous_or_edge","clear","ambiguous",1.61830425910745,1.31395590500644,"none","none",,"not_applicable","not_applicable","S0035",4,0.4,"holdout",14.4417290068338,17.7140253172355,3.27229631040168,0.116240600217134,0.008,0.112837803806955
"TPL_006","TPL_006_STATE_005","TPL_006_RUN_013","Tonic","stn_like_empirical",46.7042392636379,52.7639212755619,6.05968201192395,12,11,"shifted_gamma","stn_like_empirical",0.528682711394504,48.619833253324,0.02,0.550880182902178,0.148972977642964,0.199231022972147,0.0400236977975531,FALSE,"none","eligible","none","not_applicable","not_applicable","not_applicable",,,"none","none",0.739445016158736,"eligible","pre_frozen_timestamp_evidence_contract_met","S0035",4,0.4,"holdout",18.6816957054552,21.1055685102248,2.42387280476958,0.211473084557802,0.008,0.220352073160871
"TPL_006","TPL_006_STATE_001","TPL_006_RUN_001","Tonic","generic_stress",0,10.1609027138614,10.1609027138614,13,12,"shifted_gamma","generic_stress",0.862538532866165,26.2641016901471,0.02,0.846741892821784,0.211168662277351,0.172973016234811,0.0403415635996816,FALSE,"none","eligible","none","not_applicable","not_applicable","not_applicable",,,"none","none",0.685117301895753,"eligible","pre_frozen_timestamp_evidence_contract_met","S0004",10,1,"holdout",0,10.1609027138614,10.1609027138614,0.862538532866165,0.02,0.846741892821784
"TPL_006","TPL_006_STATE_002","TPL_006_RUN_004","Broad_HFS","none",16.5182538495004,22.0617875073584,5.54353365785796,35,34,"shifted_gamma","irregular",0.201017327066511,1.48720289440826,0.02,0.163045107584058,0.757931998394246,0.752925559090173,0.600413581036206,TRUE,"weak","not_applicable","TPL_006_REGIME_01","clear_or_hard_cut","clear","hard_cut_canonical_pause",4.70084850887233,1.403252709656,"none","canonical_pause",,"not_applicable","not_applicable","S0004",10,1,"holdout",16.5182538495004,22.0617875073584,5.54353365785796,0.201017327066511,0.02,0.163045107584058
"TPL_006","TPL_006_STATE_003","TPL_006_RUN_006","Broad_HFS","none",26.490966838227,35.1196330799596,8.62866624173257,35,34,"shifted_gamma","regular",0.297733808304183,6.08716610865667,0.02,0.253784301227429,0.537607860052071,0.365666024715011,0.156047188695182,TRUE,"strong","not_applicable","TPL_006_REGIME_01","ambiguous_or_edge","hard_cut_canonical_pause","ambiguous",1.16106133596266,1.37176751952218,"canonical_pause","none",,"not_applicable","not_applicable","S0004",10,1,"holdout",26.490966838227,35.1196330799596,8.62866624173257,0.297733808304183,0.02,0.253784301227429
"TPL_006","TPL_006_STATE_004","TPL_006_RUN_008","Broad_HFS","none",36.1043225170845,44.2850632930887,8.18074077600421,30,29,"shifted_gamma","intermediate",0.290601500542834,4.46764557654969,0.02,0.282094509517387,0.358957157093343,0.368839829645446,0.188569108838086,FALSE,"none","not_applicable","none","ambiguous_or_edge","clear","ambiguous",1.61830425910745,1.31395590500644,"none","none",,"not_applicable","not_applicable","S0004",10,1,"holdout",36.1043225170845,44.2850632930887,8.18074077600421,0.290601500542834,0.02,0.282094509517387
"TPL_006","TPL_006_STATE_005","TPL_006_RUN_013","Tonic","stn_like_empirical",46.7042392636379,52.7639212755619,6.05968201192395,12,11,"shifted_gamma","stn_like_empirical",0.528682711394504,48.619833253324,0.02,0.550880182902178,0.148972977642964,0.199231022972147,0.0400236977975531,FALSE,"none","eligible","none","not_applicable","not_applicable","not_applicable",,,"none","none",0.739445016158736,"eligible","pre_frozen_timestamp_evidence_contract_met","S0004",10,1,"holdout",46.7042392636379,52.7639212755619,6.05968201192395,0.528682711394504,0.02,0.550880182902178
"TPL_007","TPL_007_STATE_001","TPL_007_RUN_001","Tonic","stn_like_empirical",0,4.53572489287477,4.53572489287477,13,12,"shifted_gamma","stn_like_empirical",0.368130105128512,67.2582645621151,0.02,0.377977074406231,0.102547205999503,0.123530747207673,0.015649445786138,FALSE,"none","eligible","none","not_applicable","not_applicable","not_applicable",,,"none","none",0.697783925660831,"eligible","pre_frozen_timestamp_evidence_contract_met","S0059",1,0.1,"holdout",0,0.453572489287477,0.453572489287477,0.0368130105128512,0.002,0.0377977074406231
"TPL_007","TPL_007_STATE_002","TPL_007_RUN_003","Broad_HFS","none",6.64044016374894,15.4765839401092,8.83614377636024,35,34,"shifted_gamma","intermediate",0.288179781073704,3.10531514817849,0.02,0.259886581657654,0.604671677123828,0.579528037710677,0.335090051232879,TRUE,"weak","not_applicable","none","no_evidence_at_one_or_more_boundaries","ambiguous","no_evidence",1.59256532207607,0.228292641327091,"none","none",,"not_applicable","not_applicable","S0059",1,0.1,"holdout",0.664044016374894,1.54765839401092,0.883614377636024,0.0288179781073704,0.002,0.0259886581657654
"TPL_007","TPL_007_STATE_003","TPL_007_RUN_005","Broad_HFS","none",15.9316007080004,22.3410929997413,6.4094922917409,33,32,"shifted_gamma","regular",0.198178572813049,11.7162573183887,0.02,0.200296634116903,0.241118469573829,0.227248881383085,0.0636562643458066,FALSE,"none","not_applicable","none","no_evidence_at_one_or_more_boundaries","no_evidence","clear",0.439687653567963,8.03505860093947,"none","none",,"not_applicable","not_applicable","S0059",1,0.1,"holdout",1.59316007080004,2.23410929997413,0.640949229174091,0.0198178572813049,0.002,0.0200296634116903
"TPL_007","TPL_007_STATE_004","TPL_007_RUN_012","Broad_HFS","none",29.5335449231488,35.9751321044519,6.44158718130309,32,31,"shifted_gamma","irregular",0.235700743910857,1.65572959631681,0.02,0.207793134880745,0.60054267340434,0.472863138866253,0.302964989400141,TRUE,"moderate","not_applicable","none","no_evidence_at_one_or_more_boundaries","no_evidence","clear",0.363455973862733,4.23922901258645,"none","none",,"not_applicable","not_applicable","S0059",1,0.1,"holdout",2.95335449231488,3.59751321044519,0.644158718130309,0.0235700743910857,0.002,0.0207793134880745
"TPL_007","TPL_007_STATE_005","TPL_007_RUN_013","Tonic","generic_stress",35.9751321044519,47.6383758100413,11.6632437055894,16,15,"shifted_gamma","generic_stress",0.755694733478595,18.6876875320449,0.02,0.777549580372627,0.17422562240998,0.200913549802709,0.0480726716339451,FALSE,"none","eligible","none","not_applicable","not_applicable","not_applicable",,,"none","none",0.857796332727405,"eligible","pre_frozen_timestamp_evidence_contract_met","S0059",1,0.1,"holdout",3.59751321044519,4.76383758100413,1.16632437055894,0.0755694733478595,0.002,0.0777549580372627
"TPL_007","TPL_007_STATE_001","TPL_007_RUN_001","Tonic","stn_like_empirical",0,4.53572489287477,4.53572489287477,13,12,"shifted_gamma","stn_like_empirical",0.368130105128512,67.2582645621151,0.02,0.377977074406231,0.102547205999503,0.123530747207673,0.015649445786138,FALSE,"none","eligible","none","not_applicable","not_applicable","not_applicable",,,"none","none",0.697783925660831,"eligible","pre_frozen_timestamp_evidence_contract_met","S0041",4,0.4,"holdout",0,1.81428995714991,1.81428995714991,0.147252042051405,0.008,0.151190829762492
"TPL_007","TPL_007_STATE_002","TPL_007_RUN_003","Broad_HFS","none",6.64044016374894,15.4765839401092,8.83614377636024,35,34,"shifted_gamma","intermediate",0.288179781073704,3.10531514817849,0.02,0.259886581657654,0.604671677123828,0.579528037710677,0.335090051232879,TRUE,"weak","not_applicable","none","no_evidence_at_one_or_more_boundaries","ambiguous","no_evidence",1.59256532207607,0.228292641327091,"none","none",,"not_applicable","not_applicable","S0041",4,0.4,"holdout",2.65617606549958,6.19063357604367,3.5344575105441,0.115271912429482,0.008,0.103954632663062
"TPL_007","TPL_007_STATE_003","TPL_007_RUN_005","Broad_HFS","none",15.9316007080004,22.3410929997413,6.4094922917409,33,32,"shifted_gamma","regular",0.198178572813049,11.7162573183887,0.02,0.200296634116903,0.241118469573829,0.227248881383085,0.0636562643458066,FALSE,"none","not_applicable","none","no_evidence_at_one_or_more_boundaries","no_evidence","clear",0.439687653567963,8.03505860093947,"none","none",,"not_applicable","not_applicable","S0041",4,0.4,"holdout",6.37264028320016,8.93643719989652,2.56379691669636,0.0792714291252196,0.008,0.0801186536467614
"TPL_007","TPL_007_STATE_004","TPL_007_RUN_012","Broad_HFS","none",29.5335449231488,35.9751321044519,6.44158718130309,32,31,"shifted_gamma","irregular",0.235700743910857,1.65572959631681,0.02,0.207793134880745,0.60054267340434,0.472863138866253,0.302964989400141,TRUE,"moderate","not_applicable","none","no_evidence_at_one_or_more_boundaries","no_evidence","clear",0.363455973862733,4.23922901258645,"none","none",,"not_applicable","not_applicable","S0041",4,0.4,"holdout",11.8134179692595,14.3900528417808,2.57663487252124,0.0942802975643426,0.008,0.083117253952298
"TPL_007","TPL_007_STATE_005","TPL_007_RUN_013","Tonic","generic_stress",35.9751321044519,47.6383758100413,11.6632437055894,16,15,"shifted_gamma","generic_stress",0.755694733478595,18.6876875320449,0.02,0.777549580372627,0.17422562240998,0.200913549802709,0.0480726716339451,FALSE,"none","eligible","none","not_applicable","not_applicable","not_applicable",,,"none","none",0.857796332727405,"eligible","pre_frozen_timestamp_evidence_contract_met","S0041",4,0.4,"holdout",14.3900528417808,19.0553503240165,4.66529748223577,0.302277893391438,0.008,0.311019832149051
"TPL_007","TPL_007_STATE_001","TPL_007_RUN_001","Tonic","stn_like_empirical",0,4.53572489287477,4.53572489287477,13,12,"shifted_gamma","stn_like_empirical",0.368130105128512,67.2582645621151,0.02,0.377977074406231,0.102547205999503,0.123530747207673,0.015649445786138,FALSE,"none","eligible","none","not_applicable","not_applicable","not_applicable",,,"none","none",0.697783925660831,"eligible","pre_frozen_timestamp_evidence_contract_met","S0043",10,1,"holdout",0,4.53572489287477,4.53572489287477,0.368130105128512,0.02,0.377977074406231
"TPL_007","TPL_007_STATE_002","TPL_007_RUN_003","Broad_HFS","none",6.64044016374894,15.4765839401092,8.83614377636024,35,34,"shifted_gamma","intermediate",0.288179781073704,3.10531514817849,0.02,0.259886581657654,0.604671677123828,0.579528037710677,0.335090051232879,TRUE,"weak","not_applicable","none","no_evidence_at_one_or_more_boundaries","ambiguous","no_evidence",1.59256532207607,0.228292641327091,"none","none",,"not_applicable","not_applicable","S0043",10,1,"holdout",6.64044016374894,15.4765839401092,8.83614377636024,0.288179781073704,0.02,0.259886581657654
"TPL_007","TPL_007_STATE_003","TPL_007_RUN_005","Broad_HFS","none",15.9316007080004,22.3410929997413,6.4094922917409,33,32,"shifted_gamma","regular",0.198178572813049,11.7162573183887,0.02,0.200296634116903,0.241118469573829,0.227248881383085,0.0636562643458066,FALSE,"none","not_applicable","none","no_evidence_at_one_or_more_boundaries","no_evidence","clear",0.439687653567963,8.03505860093947,"none","none",,"not_applicable","not_applicable","S0043",10,1,"holdout",15.9316007080004,22.3410929997413,6.4094922917409,0.198178572813049,0.02,0.200296634116903
"TPL_007","TPL_007_STATE_004","TPL_007_RUN_012","Broad_HFS","none",29.5335449231488,35.9751321044519,6.44158718130309,32,31,"shifted_gamma","irregular",0.235700743910857,1.65572959631681,0.02,0.207793134880745,0.60054267340434,0.472863138866253,0.302964989400141,TRUE,"moderate","not_applicable","none","no_evidence_at_one_or_more_boundaries","no_evidence","clear",0.363455973862733,4.23922901258645,"none","none",,"not_applicable","not_applicable","S0043",10,1,"holdout",29.5335449231488,35.9751321044519,6.44158718130309,0.235700743910857,0.02,0.207793134880745
"TPL_007","TPL_007_STATE_005","TPL_007_RUN_013","Tonic","generic_stress",35.9751321044519,47.6383758100413,11.6632437055894,16,15,"shifted_gamma","generic_stress",0.755694733478595,18.6876875320449,0.02,0.777549580372627,0.17422562240998,0.200913549802709,0.0480726716339451,FALSE,"none","eligible","none","not_applicable","not_applicable","not_applicable",,,"none","none",0.857796332727405,"eligible","pre_frozen_timestamp_evidence_contract_met","S0043",10,1,"holdout",35.9751321044519,47.6383758100413,11.6632437055894,0.755694733478595,0.02,0.777549580372627
"TPL_008","TPL_008_STATE_001","TPL_008_RUN_001","Tonic","stn_like_empirical",0,5.63749460111961,5.63749460111961,14,13,"shifted_gamma","stn_like_empirical",0.397852885304019,39.4207626534626,0.02,0.433653430855355,0.14539828322387,0.198678739326296,0.0368948791880199,FALSE,"none","eligible","none","not_applicable","not_applicable","not_applicable",,,"none","none",0.727608355475147,"eligible","pre_frozen_timestamp_evidence_contract_met","S0026",1,0.1,"holdout",0,0.563749460111961,0.563749460111961,0.0397852885304019,0.002,0.0433653430855355
"TPL_008","TPL_008_STATE_002","TPL_008_RUN_003","Broad_HFS","none",8.89773013330654,15.2075470364964,6.30981690318988,33,32,"shifted_gamma","regular",0.184031777167693,7.04395239008591,0.02,0.197181778224684,0.377418256189042,0.498182039804081,0.256390361682851,FALSE,"none","not_applicable","none","no_evidence_at_one_or_more_boundaries","clear","no_evidence",1.89310361333712,0.566593182458581,"none","none",,"not_applicable","not_applicable","S0026",1,0.1,"holdout",0.889773013330654,1.52075470364964,0.630981690318988,0.0184031777167693,0.002,0.0197181778224684
"TPL_008","TPL_008_STATE_003","TPL_008_RUN_009","Tonic","generic_stress",18.6738787557891,31.3138282502582,12.6399494944691,15,14,"shifted_gamma","generic_stress",0.883927973965183,29.6764672296122,0.02,0.90285353531922,0.171361713721002,0.237673950526818,0.0581478265208073,FALSE,"none","eligible","none","not_applicable","not_applicable","not_applicable",,,"none","none",0.798081412922847,"eligible","pre_frozen_timestamp_evidence_contract_met","S0026",1,0.1,"holdout",1.86738787557891,3.13138282502582,1.26399494944691,0.0883927973965183,0.002,0.090285353531922
"TPL_008","TPL_008_STATE_004","TPL_008_RUN_012","Broad_HFS","none",37.9498893318267,45.0639052499068,7.11401591808008,35,34,"shifted_gamma","intermediate",0.212579293558374,3.38331242552958,0.02,0.209235762296473,0.523714025585398,0.530201074988968,0.287403937272156,TRUE,"strong","not_applicable","TPL_008_REGIME_01","clear_or_hard_cut","clear","hard_cut_canonical_pause",6.57375955284552,2.03188466046782,"none","canonical_pause",,"not_applicable","not_applicable","S0026",1,0.1,"holdout",3.79498893318267,4.50639052499068,0.711401591808008,0.0212579293558374,0.002,0.0209235762296473
"TPL_008","TPL_008_STATE_005","TPL_008_RUN_014","Broad_HFS","none",49.0593287570384,54.7855123012692,5.72618354423079,32,31,"shifted_gamma","irregular",0.234900193954818,1.41992771008518,0.02,0.184715598200993,0.769026369421264,0.864415116905185,0.752336542212534,TRUE,"moderate","not_applicable","TPL_008_REGIME_01","ambiguous_or_edge","hard_cut_canonical_pause","recording_edge_unobservable",2.25010115842674,,"canonical_pause","none",,"not_applicable","not_applicable","S0026",1,0.1,"holdout",4.90593287570384,5.47855123012692,0.572618354423079,0.0234900193954818,0.002,0.0184715598200993
"TPL_008","TPL_008_STATE_001","TPL_008_RUN_001","Tonic","stn_like_empirical",0,5.63749460111961,5.63749460111961,14,13,"shifted_gamma","stn_like_empirical",0.397852885304019,39.4207626534626,0.02,0.433653430855355,0.14539828322387,0.198678739326296,0.0368948791880199,FALSE,"none","eligible","none","not_applicable","not_applicable","not_applicable",,,"none","none",0.727608355475147,"eligible","pre_frozen_timestamp_evidence_contract_met","S0001",4,0.4,"holdout",0,2.25499784044784,2.25499784044784,0.159141154121608,0.008,0.173461372342142
"TPL_008","TPL_008_STATE_002","TPL_008_RUN_003","Broad_HFS","none",8.89773013330654,15.2075470364964,6.30981690318988,33,32,"shifted_gamma","regular",0.184031777167693,7.04395239008591,0.02,0.197181778224684,0.377418256189042,0.498182039804081,0.256390361682851,FALSE,"none","not_applicable","none","no_evidence_at_one_or_more_boundaries","clear","no_evidence",1.89310361333712,0.566593182458581,"none","none",,"not_applicable","not_applicable","S0001",4,0.4,"holdout",3.55909205332261,6.08301881459857,2.52392676127595,0.0736127108670771,0.008,0.0788727112898735
"TPL_008","TPL_008_STATE_003","TPL_008_RUN_009","Tonic","generic_stress",18.6738787557891,31.3138282502582,12.6399494944691,15,14,"shifted_gamma","generic_stress",0.883927973965183,29.6764672296122,0.02,0.90285353531922,0.171361713721002,0.237673950526818,0.0581478265208073,FALSE,"none","eligible","none","not_applicable","not_applicable","not_applicable",,,"none","none",0.798081412922847,"eligible","pre_frozen_timestamp_evidence_contract_met","S0001",4,0.4,"holdout",7.46955150231565,12.5255313001033,5.05597979778763,0.353571189586073,0.008,0.361141414127688
"TPL_008","TPL_008_STATE_004","TPL_008_RUN_012","Broad_HFS","none",37.9498893318267,45.0639052499068,7.11401591808008,35,34,"shifted_gamma","intermediate",0.212579293558374,3.38331242552958,0.02,0.209235762296473,0.523714025585398,0.530201074988968,0.287403937272156,TRUE,"strong","not_applicable","TPL_008_REGIME_01","clear_or_hard_cut","clear","hard_cut_canonical_pause",6.57375955284552,2.03188466046782,"none","canonical_pause",,"not_applicable","not_applicable","S0001",4,0.4,"holdout",15.1799557327307,18.0255620999627,2.84560636723203,0.0850317174233496,0.008,0.0836943049185892
"TPL_008","TPL_008_STATE_005","TPL_008_RUN_014","Broad_HFS","none",49.0593287570384,54.7855123012692,5.72618354423079,32,31,"shifted_gamma","irregular",0.234900193954818,1.41992771008518,0.02,0.184715598200993,0.769026369421264,0.864415116905185,0.752336542212534,TRUE,"moderate","not_applicable","TPL_008_REGIME_01","ambiguous_or_edge","hard_cut_canonical_pause","recording_edge_unobservable",2.25010115842674,,"canonical_pause","none",,"not_applicable","not_applicable","S0001",4,0.4,"holdout",19.6237315028154,21.9142049205077,2.29047341769232,0.0939600775819272,0.008,0.0738862392803973
"TPL_008","TPL_008_STATE_001","TPL_008_RUN_001","Tonic","stn_like_empirical",0,5.63749460111961,5.63749460111961,14,13,"shifted_gamma","stn_like_empirical",0.397852885304019,39.4207626534626,0.02,0.433653430855355,0.14539828322387,0.198678739326296,0.0368948791880199,FALSE,"none","eligible","none","not_applicable","not_applicable","not_applicable",,,"none","none",0.727608355475147,"eligible","pre_frozen_timestamp_evidence_contract_met","S0054",10,1,"holdout",0,5.63749460111961,5.63749460111961,0.397852885304019,0.02,0.433653430855355
"TPL_008","TPL_008_STATE_002","TPL_008_RUN_003","Broad_HFS","none",8.89773013330654,15.2075470364964,6.30981690318988,33,32,"shifted_gamma","regular",0.184031777167693,7.04395239008591,0.02,0.197181778224684,0.377418256189042,0.498182039804081,0.256390361682851,FALSE,"none","not_applicable","none","no_evidence_at_one_or_more_boundaries","clear","no_evidence",1.89310361333712,0.566593182458581,"none","none",,"not_applicable","not_applicable","S0054",10,1,"holdout",8.89773013330654,15.2075470364964,6.30981690318988,0.184031777167693,0.02,0.197181778224684
"TPL_008","TPL_008_STATE_003","TPL_008_RUN_009","Tonic","generic_stress",18.6738787557891,31.3138282502582,12.6399494944691,15,14,"shifted_gamma","generic_stress",0.883927973965183,29.6764672296122,0.02,0.90285353531922,0.171361713721002,0.237673950526818,0.0581478265208073,FALSE,"none","eligible","none","not_applicable","not_applicable","not_applicable",,,"none","none",0.798081412922847,"eligible","pre_frozen_timestamp_evidence_contract_met","S0054",10,1,"holdout",18.6738787557891,31.3138282502582,12.6399494944691,0.883927973965183,0.02,0.90285353531922
"TPL_008","TPL_008_STATE_004","TPL_008_RUN_012","Broad_HFS","none",37.9498893318267,45.0639052499068,7.11401591808008,35,34,"shifted_gamma","intermediate",0.212579293558374,3.38331242552958,0.02,0.209235762296473,0.523714025585398,0.530201074988968,0.287403937272156,TRUE,"strong","not_applicable","TPL_008_REGIME_01","clear_or_hard_cut","clear","hard_cut_canonical_pause",6.57375955284552,2.03188466046782,"none","canonical_pause",,"not_applicable","not_applicable","S0054",10,1,"holdout",37.9498893318267,45.0639052499068,7.11401591808008,0.212579293558374,0.02,0.209235762296473
"TPL_008","TPL_008_STATE_005","TPL_008_RUN_014","Broad_HFS","none",49.0593287570384,54.7855123012692,5.72618354423079,32,31,"shifted_gamma","irregular",0.234900193954818,1.41992771008518,0.02,0.184715598200993,0.769026369421264,0.864415116905185,0.752336542212534,TRUE,"moderate","not_applicable","TPL_008_REGIME_01","ambiguous_or_edge","hard_cut_canonical_pause","recording_edge_unobservable",2.25010115842674,,"canonical_pause","none",,"not_applicable","not_applicable","S0054",10,1,"holdout",49.0593287570384,54.7855123012692,5.72618354423079,0.234900193954818,0.02,0.184715598200993
"TPL_009","TPL_009_STATE_001","TPL_009_RUN_001","Broad_HFS","none",0,7.40365910051747,7.40365910051747,35,34,"shifted_gamma","irregular",0.243914369447157,1.31552657943685,0.02,0.217754679426985,0.764993082400904,0.685132121082003,0.466792183700007,TRUE,"strong","not_applicable","none","ambiguous_or_edge","recording_edge_unobservable","clear",,3.26348676167412,"none","none",,"not_applicable","not_applicable","S0048",1,0.1,"holdout",0,0.740365910051747,0.740365910051747,0.0243914369447157,0.002,0.0217754679426985
"TPL_009","TPL_009_STATE_002","TPL_009_RUN_003","Tonic","generic_stress",8.24084353281848,20.0602108986421,11.8193673658236,16,15,"shifted_gamma","generic_stress",0.751180659630336,25.5351883275434,0.02,0.78795782438824,0.207819893810753,0.325507877765643,0.108330431694795,FALSE,"none","eligible","none","not_applicable","not_applicable","not_applicable",,,"none","none",0.737614282376133,"eligible","pre_frozen_timestamp_evidence_contract_met","S0048",1,0.1,"holdout",0.824084353281848,2.00602108986421,1.18193673658236,0.0751180659630336,0.002,0.078795782438824
"TPL_009","TPL_009_STATE_003","TPL_009_RUN_007","Broad_HFS","none",24.97776346302,30.732943782377,5.75518031935699,33,32,"shifted_gamma","intermediate",0.202804795778357,4.05864461092278,0.02,0.179849384979906,0.348556912068813,0.440472162271648,0.208428934446524,FALSE,"none","not_applicable","none","no_evidence_at_one_or_more_boundaries","no_evidence","no_evidence",0.406288690900898,0.547583777054562,"none","none",,"not_applicable","not_applicable","S0048",1,0.1,"holdout",2.497776346302,3.0732943782377,0.575518031935699,0.0202804795778357,0.002,0.0179849384979906
"TPL_009","TPL_009_STATE_004","TPL_009_RUN_012","Tonic","stn_like_empirical",37.5972783115989,44.7490456960894,7.1517673844905,17,16,"shifted_gamma","stn_like_empirical",0.462181465234607,49.778988128528,0.02,0.446985461530656,0.145094672286833,0.145238429905102,0.025878332225121,FALSE,"none","eligible","none","not_applicable","not_applicable","not_applicable",,,"none","none",0.872667951562247,"eligible","pre_frozen_timestamp_evidence_contract_met","S0048",1,0.1,"holdout",3.75972783115989,4.47490456960894,0.71517673844905,0.0462181465234607,0.002,0.0446985461530656
"TPL_009","TPL_009_STATE_005","TPL_009_RUN_013","Broad_HFS","none",44.7490456960894,49.3673572026096,4.61831150652019,27,26,"shifted_gamma","regular",0.185201679533347,9.93982476415113,0.02,0.177627365635392,0.461211165339542,0.325766653873926,0.138886199927251,TRUE,"weak","not_applicable","none","ambiguous_or_edge","clear","recording_edge_unobservable",1.97667896391098,,"none","none",,"not_applicable","not_applicable","S0048",1,0.1,"holdout",4.47490456960894,4.93673572026096,0.461831150652019,0.0185201679533347,0.002,0.0177627365635392
"TPL_009","TPL_009_STATE_001","TPL_009_RUN_001","Broad_HFS","none",0,7.40365910051747,7.40365910051747,35,34,"shifted_gamma","irregular",0.243914369447157,1.31552657943685,0.02,0.217754679426985,0.764993082400904,0.685132121082003,0.466792183700007,TRUE,"strong","not_applicable","none","ambiguous_or_edge","recording_edge_unobservable","clear",,3.26348676167412,"none","none",,"not_applicable","not_applicable","S0039",4,0.4,"holdout",0,2.96146364020699,2.96146364020699,0.0975657477788627,0.008,0.0871018717707938
"TPL_009","TPL_009_STATE_002","TPL_009_RUN_003","Tonic","generic_stress",8.24084353281848,20.0602108986421,11.8193673658236,16,15,"shifted_gamma","generic_stress",0.751180659630336,25.5351883275434,0.02,0.78795782438824,0.207819893810753,0.325507877765643,0.108330431694795,FALSE,"none","eligible","none","not_applicable","not_applicable","not_applicable",,,"none","none",0.737614282376133,"eligible","pre_frozen_timestamp_evidence_contract_met","S0039",4,0.4,"holdout",3.29633741312739,8.02408435945683,4.72774694632944,0.300472263852134,0.008,0.315183129755296
"TPL_009","TPL_009_STATE_003","TPL_009_RUN_007","Broad_HFS","none",24.97776346302,30.732943782377,5.75518031935699,33,32,"shifted_gamma","intermediate",0.202804795778357,4.05864461092278,0.02,0.179849384979906,0.348556912068813,0.440472162271648,0.208428934446524,FALSE,"none","not_applicable","none","no_evidence_at_one_or_more_boundaries","no_evidence","no_evidence",0.406288690900898,0.547583777054562,"none","none",,"not_applicable","not_applicable","S0039",4,0.4,"holdout",9.99110538520802,12.2931775129508,2.3020721277428,0.0811219183113426,0.008,0.0719397539919624
"TPL_009","TPL_009_STATE_004","TPL_009_RUN_012","Tonic","stn_like_empirical",37.5972783115989,44.7490456960894,7.1517673844905,17,16,"shifted_gamma","stn_like_empirical",0.462181465234607,49.778988128528,0.02,0.446985461530656,0.145094672286833,0.145238429905102,0.025878332225121,FALSE,"none","eligible","none","not_applicable","not_applicable","not_applicable",,,"none","none",0.872667951562247,"eligible","pre_frozen_timestamp_evidence_contract_met","S0039",4,0.4,"holdout",15.0389113246395,17.8996182784357,2.8607069537962,0.184872586093843,0.008,0.178794184612262
"TPL_009","TPL_009_STATE_005","TPL_009_RUN_013","Broad_HFS","none",44.7490456960894,49.3673572026096,4.61831150652019,27,26,"shifted_gamma","regular",0.185201679533347,9.93982476415113,0.02,0.177627365635392,0.461211165339542,0.325766653873926,0.138886199927251,TRUE,"weak","not_applicable","none","ambiguous_or_edge","clear","recording_edge_unobservable",1.97667896391098,,"none","none",,"not_applicable","not_applicable","S0039",4,0.4,"holdout",17.8996182784357,19.7469428810438,1.84732460260808,0.074080671813339,0.008,0.0710509462541568
"TPL_009","TPL_009_STATE_001","TPL_009_RUN_001","Broad_HFS","none",0,7.40365910051747,7.40365910051747,35,34,"shifted_gamma","irregular",0.243914369447157,1.31552657943685,0.02,0.217754679426985,0.764993082400904,0.685132121082003,0.466792183700007,TRUE,"strong","not_applicable","none","ambiguous_or_edge","recording_edge_unobservable","clear",,3.26348676167412,"none","none",,"not_applicable","not_applicable","S0008",10,1,"holdout",0,7.40365910051747,7.40365910051747,0.243914369447157,0.02,0.217754679426985
"TPL_009","TPL_009_STATE_002","TPL_009_RUN_003","Tonic","generic_stress",8.24084353281848,20.0602108986421,11.8193673658236,16,15,"shifted_gamma","generic_stress",0.751180659630336,25.5351883275434,0.02,0.78795782438824,0.207819893810753,0.325507877765643,0.108330431694795,FALSE,"none","eligible","none","not_applicable","not_applicable","not_applicable",,,"none","none",0.737614282376133,"eligible","pre_frozen_timestamp_evidence_contract_met","S0008",10,1,"holdout",8.24084353281848,20.0602108986421,11.8193673658236,0.751180659630336,0.02,0.78795782438824
"TPL_009","TPL_009_STATE_003","TPL_009_RUN_007","Broad_HFS","none",24.97776346302,30.732943782377,5.75518031935699,33,32,"shifted_gamma","intermediate",0.202804795778357,4.05864461092278,0.02,0.179849384979906,0.348556912068813,0.440472162271648,0.208428934446524,FALSE,"none","not_applicable","none","no_evidence_at_one_or_more_boundaries","no_evidence","no_evidence",0.406288690900898,0.547583777054562,"none","none",,"not_applicable","not_applicable","S0008",10,1,"holdout",24.97776346302,30.732943782377,5.75518031935699,0.202804795778357,0.02,0.179849384979906
"TPL_009","TPL_009_STATE_004","TPL_009_RUN_012","Tonic","stn_like_empirical",37.5972783115989,44.7490456960894,7.1517673844905,17,16,"shifted_gamma","stn_like_empirical",0.462181465234607,49.778988128528,0.02,0.446985461530656,0.145094672286833,0.145238429905102,0.025878332225121,FALSE,"none","eligible","none","not_applicable","not_applicable","not_applicable",,,"none","none",0.872667951562247,"eligible","pre_frozen_timestamp_evidence_contract_met","S0008",10,1,"holdout",37.5972783115989,44.7490456960894,7.1517673844905,0.462181465234607,0.02,0.446985461530656
"TPL_009","TPL_009_STATE_005","TPL_009_RUN_013","Broad_HFS","none",44.7490456960894,49.3673572026096,4.61831150652019,27,26,"shifted_gamma","regular",0.185201679533347,9.93982476415113,0.02,0.177627365635392,0.461211165339542,0.325766653873926,0.138886199927251,TRUE,"weak","not_applicable","none","ambiguous_or_edge","clear","recording_edge_unobservable",1.97667896391098,,"none","none",,"not_applicable","not_applicable","S0008",10,1,"holdout",44.7490456960894,49.3673572026096,4.61831150652019,0.185201679533347,0.02,0.177627365635392
"TPL_010","TPL_010_STATE_001","TPL_010_RUN_001","Tonic","stn_like_empirical",0,7.1913304642795,7.1913304642795,17,16,"shifted_gamma","stn_like_empirical",0.440678099729121,42.8707958525047,0.02,0.449458154017469,0.160772264822382,0.226903411837437,0.057496036161522,FALSE,"none","eligible","none","not_applicable","not_applicable","not_applicable",,,"none","none",0.878426557351522,"eligible","pre_frozen_timestamp_evidence_contract_met","S0036",1,0.1,"holdout",0,0.71913304642795,0.71913304642795,0.0440678099729121,0.002,0.0449458154017469
"TPL_010","TPL_010_STATE_002","TPL_010_RUN_008","Tonic","generic_stress",16.5675963193169,30.1237727226028,13.556176403286,14,13,"shifted_gamma","generic_stress",0.999867393658497,24.3987604659051,0.02,1.04278280025277,0.128621318470226,0.145527452569308,0.0198512239676786,FALSE,"none","eligible","none","not_applicable","not_applicable","not_applicable",,,"none","none",0.805345632371074,"eligible","pre_frozen_timestamp_evidence_contract_met","S0036",1,0.1,"holdout",1.65675963193169,3.01237727226028,1.3556176403286,0.0999867393658497,0.002,0.104278280025277
"TPL_010","TPL_010_STATE_003","TPL_010_RUN_011","Broad_HFS","none",37.2236739851319,44.9588080332413,7.73513404810934,34,33,"shifted_gamma","regular",0.234147716877051,11.0464744297788,0.02,0.234398001457859,0.280636848952914,0.34015916992253,0.12787920356067,FALSE,"none","not_applicable","none","no_evidence_at_one_or_more_boundaries","clear","no_evidence",9.67113527075958,0.298471109385793,"none","none",,"not_applicable","not_applicable","S0036",1,0.1,"holdout",3.72236739851319,4.49588080332413,0.773513404810934,0.0234147716877051,0.002,0.0234398001457859
"TPL_010","TPL_010_STATE_004","TPL_010_RUN_013","Broad_HFS","none",45.3495759095543,52.5703985320665,7.22082262251217,35,34,"shifted_gamma","intermediate",0.241395782115869,2.87174848378636,0.02,0.21237713595624,0.673276845994376,0.569209683342786,0.367715879576536,TRUE,"moderate","not_applicable","TPL_010_REGIME_01","no_evidence_at_one_or_more_boundaries","no_evidence","hard_cut_canonical_pause",0.607481134535757,2.08898995001762,"none","canonical_pause",,"not_applicable","not_applicable","S0036",1,0.1,"holdout",4.53495759095543,5.25703985320665,0.722082262251217,0.0241395782115869,0.002,0.021237713595624
"TPL_010","TPL_010_STATE_005","TPL_010_RUN_015","Broad_HFS","none",56.1656253186315,62.5336348162244,6.36800949759294,34,33,"shifted_gamma","irregular",0.227044898685999,1.7146353000775,0.02,0.192969984775544,0.709670055146564,0.604690554093999,0.428571540476936,TRUE,"weak","not_applicable","TPL_010_REGIME_01","ambiguous_or_edge","hard_cut_canonical_pause","recording_edge_unobservable",1.64536995394588,,"canonical_pause","none",,"not_applicable","not_applicable","S0036",1,0.1,"holdout",5.61656253186315,6.25336348162245,0.636800949759294,0.0227044898685999,0.002,0.0192969984775544
"TPL_010","TPL_010_STATE_001","TPL_010_RUN_001","Tonic","stn_like_empirical",0,7.1913304642795,7.1913304642795,17,16,"shifted_gamma","stn_like_empirical",0.440678099729121,42.8707958525047,0.02,0.449458154017469,0.160772264822382,0.226903411837437,0.057496036161522,FALSE,"none","eligible","none","not_applicable","not_applicable","not_applicable",,,"none","none",0.878426557351522,"eligible","pre_frozen_timestamp_evidence_contract_met","S0027",4,0.4,"holdout",0,2.8765321857118,2.8765321857118,0.176271239891648,0.008,0.179783261606987
"TPL_010","TPL_010_STATE_002","TPL_010_RUN_008","Tonic","generic_stress",16.5675963193169,30.1237727226028,13.556176403286,14,13,"shifted_gamma","generic_stress",0.999867393658497,24.3987604659051,0.02,1.04278280025277,0.128621318470226,0.145527452569308,0.0198512239676786,FALSE,"none","eligible","none","not_applicable","not_applicable","not_applicable",,,"none","none",0.805345632371074,"eligible","pre_frozen_timestamp_evidence_contract_met","S0027",4,0.4,"holdout",6.62703852772674,12.0495090890411,5.42247056131439,0.399946957463399,0.008,0.417113120101107
"TPL_010","TPL_010_STATE_003","TPL_010_RUN_011","Broad_HFS","none",37.2236739851319,44.9588080332413,7.73513404810934,34,33,"shifted_gamma","regular",0.234147716877051,11.0464744297788,0.02,0.234398001457859,0.280636848952914,0.34015916992253,0.12787920356067,FALSE,"none","not_applicable","none","no_evidence_at_one_or_more_boundaries","clear","no_evidence",9.67113527075958,0.298471109385793,"none","none",,"not_applicable","not_applicable","S0027",4,0.4,"holdout",14.8894695940528,17.9835232132965,3.09405361924374,0.0936590867508203,0.008,0.0937592005831435
"TPL_010","TPL_010_STATE_004","TPL_010_RUN_013","Broad_HFS","none",45.3495759095543,52.5703985320665,7.22082262251217,35,34,"shifted_gamma","intermediate",0.241395782115869,2.87174848378636,0.02,0.21237713595624,0.673276845994376,0.569209683342786,0.367715879576536,TRUE,"moderate","not_applicable","TPL_010_REGIME_01","no_evidence_at_one_or_more_boundaries","no_evidence","hard_cut_canonical_pause",0.607481134535757,2.08898995001762,"none","canonical_pause",,"not_applicable","not_applicable","S0027",4,0.4,"holdout",18.1398303638217,21.0281594128266,2.88832904900487,0.0965583128463477,0.008,0.0849508543824961
"TPL_010","TPL_010_STATE_005","TPL_010_RUN_015","Broad_HFS","none",56.1656253186315,62.5336348162244,6.36800949759294,34,33,"shifted_gamma","irregular",0.227044898685999,1.7146353000775,0.02,0.192969984775544,0.709670055146564,0.604690554093999,0.428571540476936,TRUE,"weak","not_applicable","TPL_010_REGIME_01","ambiguous_or_edge","hard_cut_canonical_pause","recording_edge_unobservable",1.64536995394588,,"canonical_pause","none",,"not_applicable","not_applicable","S0027",4,0.4,"holdout",22.4662501274526,25.0134539264898,2.54720379903717,0.0908179594743997,0.008,0.0771879939102175
"TPL_010","TPL_010_STATE_001","TPL_010_RUN_001","Tonic","stn_like_empirical",0,7.1913304642795,7.1913304642795,17,16,"shifted_gamma","stn_like_empirical",0.440678099729121,42.8707958525047,0.02,0.449458154017469,0.160772264822382,0.226903411837437,0.057496036161522,FALSE,"none","eligible","none","not_applicable","not_applicable","not_applicable",,,"none","none",0.878426557351522,"eligible","pre_frozen_timestamp_evidence_contract_met","S0002",10,1,"holdout",0,7.1913304642795,7.1913304642795,0.440678099729121,0.02,0.449458154017469
"TPL_010","TPL_010_STATE_002","TPL_010_RUN_008","Tonic","generic_stress",16.5675963193169,30.1237727226028,13.556176403286,14,13,"shifted_gamma","generic_stress",0.999867393658497,24.3987604659051,0.02,1.04278280025277,0.128621318470226,0.145527452569308,0.0198512239676786,FALSE,"none","eligible","none","not_applicable","not_applicable","not_applicable",,,"none","none",0.805345632371074,"eligible","pre_frozen_timestamp_evidence_contract_met","S0002",10,1,"holdout",16.5675963193169,30.1237727226028,13.556176403286,0.999867393658497,0.02,1.04278280025277
"TPL_010","TPL_010_STATE_003","TPL_010_RUN_011","Broad_HFS","none",37.2236739851319,44.9588080332413,7.73513404810934,34,33,"shifted_gamma","regular",0.234147716877051,11.0464744297788,0.02,0.234398001457859,0.280636848952914,0.34015916992253,0.12787920356067,FALSE,"none","not_applicable","none","no_evidence_at_one_or_more_boundaries","clear","no_evidence",9.67113527075958,0.298471109385793,"none","none",,"not_applicable","not_applicable","S0002",10,1,"holdout",37.2236739851319,44.9588080332413,7.73513404810934,0.234147716877051,0.02,0.234398001457859
"TPL_010","TPL_010_STATE_004","TPL_010_RUN_013","Broad_HFS","none",45.3495759095543,52.5703985320665,7.22082262251217,35,34,"shifted_gamma","intermediate",0.241395782115869,2.87174848378636,0.02,0.21237713595624,0.673276845994376,0.569209683342786,0.367715879576536,TRUE,"moderate","not_applicable","TPL_010_REGIME_01","no_evidence_at_one_or_more_boundaries","no_evidence","hard_cut_canonical_pause",0.607481134535757,2.08898995001762,"none","canonical_pause",,"not_applicable","not_applicable","S0002",10,1,"holdout",45.3495759095543,52.5703985320665,7.22082262251217,0.241395782115869,0.02,0.21237713595624
"TPL_010","TPL_010_STATE_005","TPL_010_RUN_015","Broad_HFS","none",56.1656253186315,62.5336348162244,6.36800949759294,34,33,"shifted_gamma","irregular",0.227044898685999,1.7146353000775,0.02,0.192969984775544,0.709670055146564,0.604690554093999,0.428571540476936,TRUE,"weak","not_applicable","TPL_010_REGIME_01","ambiguous_or_edge","hard_cut_canonical_pause","recording_edge_unobservable",1.64536995394588,,"canonical_pause","none",,"not_applicable","not_applicable","S0002",10,1,"holdout",56.1656253186315,62.5336348162244,6.36800949759294,0.227044898685999,0.02,0.192969984775544
"TPL_011","TPL_011_STATE_001","TPL_011_RUN_002","Broad_HFS","none",4.22007746221498,9.64703684859987,5.4269593863849,35,34,"shifted_gamma","intermediate",0.19399833209347,4.03898088275455,0.02,0.159616452540732,0.587552361943188,0.563774533727858,0.353875921268962,TRUE,"moderate","not_applicable","none","clear_or_hard_cut","clear","clear",47.2012550547959,4.52350927958229,"none","none",,"not_applicable","not_applicable","S0050",1,0.1,"holdout",0.422007746221498,0.964703684859987,0.54269593863849,0.019399833209347,0.002,0.0159616452540732
"TPL_011","TPL_011_STATE_002","TPL_011_RUN_004","Broad_HFS","none",10.924434889614,17.4117079765541,6.48727308694005,32,31,"shifted_gamma","regular",0.236669873045757,8.62404128909111,0.02,0.20926687377226,0.467538106001303,0.330156804015083,0.127493452997612,TRUE,"weak","not_applicable","none","clear_or_hard_cut","clear","clear",3.02713151092452,4.57712077158654,"none","none",,"not_applicable","not_applicable","S0050",1,0.1,"holdout",1.0924434889614,1.74117079765541,0.648727308694005,0.0236669873045757,0.002,0.020926687377226
"TPL_011","TPL_011_STATE_003","TPL_011_RUN_005","Tonic","generic_stress",17.4117079765541,34.5974576146969,17.1857496381429,18,17,"shifted_gamma","generic_stress",1.04561304602539,23.9786999719217,0.02,1.01092644930252,0.189029450556014,0.284847650542173,0.0777255084630839,FALSE,"none","eligible","none","not_applicable","not_applicable","not_applicable",,,"none","none",0.832296846236156,"eligible","pre_frozen_timestamp_evidence_contract_met","S0050",1,0.1,"holdout",1.74117079765541,3.45974576146969,1.71857496381429,0.104561304602539,0.002,0.101092644930252
"TPL_011","TPL_011_STATE_004","TPL_011_RUN_009","Broad_HFS","none",39.0511403040752,43.0172958728004,3.96615556872521,25,24,"shifted_gamma","irregular",0.201187664293684,1.30481901078019,0.02,0.165256482030217,0.781085078497396,0.771108852613387,0.585459377595572,FALSE,"none","not_applicable","none","no_evidence_at_one_or_more_boundaries","no_evidence","clear",0.396986233399696,3.35596518848423,"none","none",,"not_applicable","not_applicable","S0050",1,0.1,"holdout",3.90511403040752,4.30172958728004,0.396615556872521,0.0201187664293684,0.002,0.0165256482030217
"TPL_011","TPL_011_STATE_005","TPL_011_RUN_010","Tonic","stn_like_empirical",43.0172958728004,50.0312105078204,7.01391463501994,17,16,"shifted_gamma","stn_like_empirical",0.448010885948315,68.2013603905216,0.02,0.438369664688747,0.132887360941117,0.181343408071816,0.0332692582560061,FALSE,"none","eligible","none","not_applicable","not_applicable","not_applicable",,,"none","none",0.885722457479769,"eligible","pre_frozen_timestamp_evidence_contract_met","S0050",1,0.1,"holdout",4.30172958728004,5.00312105078204,0.701391463501994,0.0448010885948315,0.002,0.0438369664688747
"TPL_011","TPL_011_STATE_001","TPL_011_RUN_002","Broad_HFS","none",4.22007746221498,9.64703684859987,5.4269593863849,35,34,"shifted_gamma","intermediate",0.19399833209347,4.03898088275455,0.02,0.159616452540732,0.587552361943188,0.563774533727858,0.353875921268962,TRUE,"moderate","not_applicable","none","clear_or_hard_cut","clear","clear",47.2012550547959,4.52350927958229,"none","none",,"not_applicable","not_applicable","S0034",4,0.4,"holdout",1.68803098488599,3.85881473943995,2.17078375455396,0.0775993328373879,0.008,0.0638465810162929
"TPL_011","TPL_011_STATE_002","TPL_011_RUN_004","Broad_HFS","none",10.924434889614,17.4117079765541,6.48727308694005,32,31,"shifted_gamma","regular",0.236669873045757,8.62404128909111,0.02,0.20926687377226,0.467538106001303,0.330156804015083,0.127493452997612,TRUE,"weak","not_applicable","none","clear_or_hard_cut","clear","clear",3.02713151092452,4.57712077158654,"none","none",,"not_applicable","not_applicable","S0034",4,0.4,"holdout",4.36977395584561,6.96468319062163,2.59490923477602,0.094667949218303,0.008,0.0837067495089039
"TPL_011","TPL_011_STATE_003","TPL_011_RUN_005","Tonic","generic_stress",17.4117079765541,34.5974576146969,17.1857496381429,18,17,"shifted_gamma","generic_stress",1.04561304602539,23.9786999719217,0.02,1.01092644930252,0.189029450556014,0.284847650542173,0.0777255084630839,FALSE,"none","eligible","none","not_applicable","not_applicable","not_applicable",,,"none","none",0.832296846236156,"eligible","pre_frozen_timestamp_evidence_contract_met","S0034",4,0.4,"holdout",6.96468319062163,13.8389830458788,6.87429985525714,0.418245218410157,0.008,0.404370579721008
"TPL_011","TPL_011_STATE_004","TPL_011_RUN_009","Broad_HFS","none",39.0511403040752,43.0172958728004,3.96615556872521,25,24,"shifted_gamma","irregular",0.201187664293684,1.30481901078019,0.02,0.165256482030217,0.781085078497396,0.771108852613387,0.585459377595572,FALSE,"none","not_applicable","none","no_evidence_at_one_or_more_boundaries","no_evidence","clear",0.396986233399696,3.35596518848423,"none","none",,"not_applicable","not_applicable","S0034",4,0.4,"holdout",15.6204561216301,17.2069183491202,1.58646222749009,0.0804750657174736,0.008,0.0661025928120868
"TPL_011","TPL_011_STATE_005","TPL_011_RUN_010","Tonic","stn_like_empirical",43.0172958728004,50.0312105078204,7.01391463501994,17,16,"shifted_gamma","stn_like_empirical",0.448010885948315,68.2013603905216,0.02,0.438369664688747,0.132887360941117,0.181343408071816,0.0332692582560061,FALSE,"none","eligible","none","not_applicable","not_applicable","not_applicable",,,"none","none",0.885722457479769,"eligible","pre_frozen_timestamp_evidence_contract_met","S0034",4,0.4,"holdout",17.2069183491202,20.0124842031281,2.80556585400798,0.179204354379326,0.008,0.175347865875499
"TPL_011","TPL_011_STATE_001","TPL_011_RUN_002","Broad_HFS","none",4.22007746221498,9.64703684859987,5.4269593863849,35,34,"shifted_gamma","intermediate",0.19399833209347,4.03898088275455,0.02,0.159616452540732,0.587552361943188,0.563774533727858,0.353875921268962,TRUE,"moderate","not_applicable","none","clear_or_hard_cut","clear","clear",47.2012550547959,4.52350927958229,"none","none",,"not_applicable","not_applicable","S0046",10,1,"holdout",4.22007746221498,9.64703684859987,5.4269593863849,0.19399833209347,0.02,0.159616452540732
"TPL_011","TPL_011_STATE_002","TPL_011_RUN_004","Broad_HFS","none",10.924434889614,17.4117079765541,6.48727308694005,32,31,"shifted_gamma","regular",0.236669873045757,8.62404128909111,0.02,0.20926687377226,0.467538106001303,0.330156804015083,0.127493452997612,TRUE,"weak","not_applicable","none","clear_or_hard_cut","clear","clear",3.02713151092452,4.57712077158654,"none","none",,"not_applicable","not_applicable","S0046",10,1,"holdout",10.924434889614,17.4117079765541,6.48727308694005,0.236669873045757,0.02,0.20926687377226
"TPL_011","TPL_011_STATE_003","TPL_011_RUN_005","Tonic","generic_stress",17.4117079765541,34.5974576146969,17.1857496381429,18,17,"shifted_gamma","generic_stress",1.04561304602539,23.9786999719217,0.02,1.01092644930252,0.189029450556014,0.284847650542173,0.0777255084630839,FALSE,"none","eligible","none","not_applicable","not_applicable","not_applicable",,,"none","none",0.832296846236156,"eligible","pre_frozen_timestamp_evidence_contract_met","S0046",10,1,"holdout",17.4117079765541,34.5974576146969,17.1857496381429,1.04561304602539,0.02,1.01092644930252
"TPL_011","TPL_011_STATE_004","TPL_011_RUN_009","Broad_HFS","none",39.0511403040752,43.0172958728004,3.96615556872521,25,24,"shifted_gamma","irregular",0.201187664293684,1.30481901078019,0.02,0.165256482030217,0.781085078497396,0.771108852613387,0.585459377595572,FALSE,"none","not_applicable","none","no_evidence_at_one_or_more_boundaries","no_evidence","clear",0.396986233399696,3.35596518848423,"none","none",,"not_applicable","not_applicable","S0046",10,1,"holdout",39.0511403040752,43.0172958728004,3.96615556872521,0.201187664293684,0.02,0.165256482030217
"TPL_011","TPL_011_STATE_005","TPL_011_RUN_010","Tonic","stn_like_empirical",43.0172958728004,50.0312105078204,7.01391463501994,17,16,"shifted_gamma","stn_like_empirical",0.448010885948315,68.2013603905216,0.02,0.438369664688747,0.132887360941117,0.181343408071816,0.0332692582560061,FALSE,"none","eligible","none","not_applicable","not_applicable","not_applicable",,,"none","none",0.885722457479769,"eligible","pre_frozen_timestamp_evidence_contract_met","S0046",10,1,"holdout",43.0172958728004,50.0312105078204,7.01391463501994,0.448010885948315,0.02,0.438369664688747
"TPL_012","TPL_012_STATE_001","TPL_012_RUN_001","Tonic","generic_stress",0,12.2075830892282,12.2075830892282,15,14,"shifted_gamma","generic_stress",0.937636054621544,20.4995448463596,0.02,0.87197022065916,0.129772667087597,0.149142159716867,0.0248226159439081,FALSE,"none","eligible","none","not_applicable","not_applicable","not_applicable",,,"none","none",0.795752640033437,"eligible","pre_frozen_timestamp_evidence_contract_met","S0016",1,0.1,"holdout",0,1.22075830892282,1.22075830892282,0.0937636054621544,0.002,0.087197022065916
"TPL_012","TPL_012_STATE_002","TPL_012_RUN_003","Tonic","stn_like_empirical",17.8385075580883,23.7587707264146,5.92026316832632,16,15,"shifted_gamma","stn_like_empirical",0.41765051651746,41.1975772771984,0.02,0.394684211221755,0.14646606215936,0.208237456950568,0.0398082591396927,FALSE,"none","eligible","none","not_applicable","not_applicable","not_applicable",,,"none","none",0.833590486496694,"eligible","pre_frozen_timestamp_evidence_contract_met","S0016",1,0.1,"holdout",1.78385075580883,2.37587707264146,0.592026316832632,0.041765051651746,0.002,0.0394684211221755
"TPL_012","TPL_012_STATE_003","TPL_012_RUN_005","Broad_HFS","none",27.3466440468824,33.6497405200556,6.30309647317324,29,28,"shifted_gamma","regular",0.220995693607256,8.07733780145645,0.02,0.225110588327616,0.345578363660284,0.360694116290679,0.147730810451086,FALSE,"none","not_applicable","none","no_evidence_at_one_or_more_boundaries","clear","no_evidence",1.79905150691052,0.566948911538726,"none","none",,"not_applicable","not_applicable","S0016",1,0.1,"holdout",2.73466440468824,3.36497405200556,0.630309647317325,0.0220995693607256,0.002,0.0225110588327616
"TPL_012","TPL_012_STATE_004","TPL_012_RUN_008","Broad_HFS","none",35.1623795606538,41.3569886448616,6.19460908420779,32,31,"shifted_gamma","intermediate",0.228109810422175,3.14904462327249,0.02,0.199826099490574,0.654474128779004,0.582015753550513,0.352226616039293,TRUE,"moderate","not_applicable","TPL_012_REGIME_01","clear_or_hard_cut","clear","hard_cut_canonical_pause",1.83000664889723,0.531206573813195,"none","canonical_pause",,"not_applicable","not_applicable","S0016",1,0.1,"holdout",3.51623795606538,4.13569886448616,0.619460908420779,0.0228109810422175,0.002,0.0199826099490574
"TPL_012","TPL_012_STATE_005","TPL_012_RUN_010","Broad_HFS","none",44.2377716485233,50.7786831261083,6.54091147758494,35,34,"shifted_gamma","irregular",0.236648079459555,1.71748456649948,0.02,0.192379749340733,0.64339755336344,0.620353826899096,0.391909398837918,TRUE,"strong","not_applicable","TPL_012_REGIME_01","clear_or_hard_cut","hard_cut_canonical_pause","clear",1.88250682370445,4.60591603711218,"canonical_pause","none",,"not_applicable","not_applicable","S0016",1,0.1,"holdout",4.42377716485233,5.07786831261083,0.654091147758494,0.0236648079459555,0.002,0.0192379749340734
"TPL_012","TPL_012_STATE_001","TPL_012_RUN_001","Tonic","generic_stress",0,12.2075830892282,12.2075830892282,15,14,"shifted_gamma","generic_stress",0.937636054621544,20.4995448463596,0.02,0.87197022065916,0.129772667087597,0.149142159716867,0.0248226159439081,FALSE,"none","eligible","none","not_applicable","not_applicable","not_applicable",,,"none","none",0.795752640033437,"eligible","pre_frozen_timestamp_evidence_contract_met","S0031",4,0.4,"holdout",0,4.8830332356913,4.8830332356913,0.375054421848618,0.008,0.348788088263664
"TPL_012","TPL_012_STATE_002","TPL_012_RUN_003","Tonic","stn_like_empirical",17.8385075580883,23.7587707264146,5.92026316832632,16,15,"shifted_gamma","stn_like_empirical",0.41765051651746,41.1975772771984,0.02,0.394684211221755,0.14646606215936,0.208237456950568,0.0398082591396927,FALSE,"none","eligible","none","not_applicable","not_applicable","not_applicable",,,"none","none",0.833590486496694,"eligible","pre_frozen_timestamp_evidence_contract_met","S0031",4,0.4,"holdout",7.13540302323531,9.50350829056583,2.36810526733053,0.167060206606984,0.008,0.157873684488702
"TPL_012","TPL_012_STATE_003","TPL_012_RUN_005","Broad_HFS","none",27.3466440468824,33.6497405200556,6.30309647317324,29,28,"shifted_gamma","regular",0.220995693607256,8.07733780145645,0.02,0.225110588327616,0.345578363660284,0.360694116290679,0.147730810451086,FALSE,"none","not_applicable","none","no_evidence_at_one_or_more_boundaries","clear","no_evidence",1.79905150691052,0.566948911538726,"none","none",,"not_applicable","not_applicable","S0031",4,0.4,"holdout",10.9386576187529,13.4598962080222,2.5212385892693,0.0883982774429023,0.008,0.0900442353310464
"TPL_012","TPL_012_STATE_004","TPL_012_RUN_008","Broad_HFS","none",35.1623795606538,41.3569886448616,6.19460908420779,32,31,"shifted_gamma","intermediate",0.228109810422175,3.14904462327249,0.02,0.199826099490574,0.654474128779004,0.582015753550513,0.352226616039293,TRUE,"moderate","not_applicable","TPL_012_REGIME_01","clear_or_hard_cut","clear","hard_cut_canonical_pause",1.83000664889723,0.531206573813195,"none","canonical_pause",,"not_applicable","not_applicable","S0031",4,0.4,"holdout",14.0649518242615,16.5427954579446,2.47784363368312,0.0912439241688699,0.008,0.0799304397962296
"TPL_012","TPL_012_STATE_005","TPL_012_RUN_010","Broad_HFS","none",44.2377716485233,50.7786831261083,6.54091147758494,35,34,"shifted_gamma","irregular",0.236648079459555,1.71748456649948,0.02,0.192379749340733,0.64339755336344,0.620353826899096,0.391909398837918,TRUE,"strong","not_applicable","TPL_012_REGIME_01","clear_or_hard_cut","hard_cut_canonical_pause","clear",1.88250682370445,4.60591603711218,"canonical_pause","none",,"not_applicable","not_applicable","S0031",4,0.4,"holdout",17.6951086594093,20.3114732504433,2.61636459103398,0.0946592317838222,0.008,0.0769518997362934
"TPL_012","TPL_012_STATE_001","TPL_012_RUN_001","Tonic","generic_stress",0,12.2075830892282,12.2075830892282,15,14,"shifted_gamma","generic_stress",0.937636054621544,20.4995448463596,0.02,0.87197022065916,0.129772667087597,0.149142159716867,0.0248226159439081,FALSE,"none","eligible","none","not_applicable","not_applicable","not_applicable",,,"none","none",0.795752640033437,"eligible","pre_frozen_timestamp_evidence_contract_met","S0057",10,1,"holdout",0,12.2075830892282,12.2075830892282,0.937636054621544,0.02,0.87197022065916
"TPL_012","TPL_012_STATE_002","TPL_012_RUN_003","Tonic","stn_like_empirical",17.8385075580883,23.7587707264146,5.92026316832632,16,15,"shifted_gamma","stn_like_empirical",0.41765051651746,41.1975772771984,0.02,0.394684211221755,0.14646606215936,0.208237456950568,0.0398082591396927,FALSE,"none","eligible","none","not_applicable","not_applicable","not_applicable",,,"none","none",0.833590486496694,"eligible","pre_frozen_timestamp_evidence_contract_met","S0057",10,1,"holdout",17.8385075580883,23.7587707264146,5.92026316832632,0.41765051651746,0.02,0.394684211221755
"TPL_012","TPL_012_STATE_003","TPL_012_RUN_005","Broad_HFS","none",27.3466440468824,33.6497405200556,6.30309647317324,29,28,"shifted_gamma","regular",0.220995693607256,8.07733780145645,0.02,0.225110588327616,0.345578363660284,0.360694116290679,0.147730810451086,FALSE,"none","not_applicable","none","no_evidence_at_one_or_more_boundaries","clear","no_evidence",1.79905150691052,0.566948911538726,"none","none",,"not_applicable","not_applicable","S0057",10,1,"holdout",27.3466440468824,33.6497405200556,6.30309647317324,0.220995693607256,0.02,0.225110588327616
"TPL_012","TPL_012_STATE_004","TPL_012_RUN_008","Broad_HFS","none",35.1623795606538,41.3569886448616,6.19460908420779,32,31,"shifted_gamma","intermediate",0.228109810422175,3.14904462327249,0.02,0.199826099490574,0.654474128779004,0.582015753550513,0.352226616039293,TRUE,"moderate","not_applicable","TPL_012_REGIME_01","clear_or_hard_cut","clear","hard_cut_canonical_pause",1.83000664889723,0.531206573813195,"none","canonical_pause",,"not_applicable","not_applicable","S0057",10,1,"holdout",35.1623795606538,41.3569886448616,6.19460908420779,0.228109810422175,0.02,0.199826099490574
"TPL_012","TPL_012_STATE_005","TPL_012_RUN_010","Broad_HFS","none",44.2377716485233,50.7786831261083,6.54091147758494,35,34,"shifted_gamma","irregular",0.236648079459555,1.71748456649948,0.02,0.192379749340733,0.64339755336344,0.620353826899096,0.391909398837918,TRUE,"strong","not_applicable","TPL_012_REGIME_01","clear_or_hard_cut","hard_cut_canonical_pause","clear",1.88250682370445,4.60591603711218,"canonical_pause","none",,"not_applicable","not_applicable","S0057",10,1,"holdout",44.2377716485233,50.7786831261083,6.54091147758494,0.236648079459555,0.02,0.192379749340733
"TPL_013","TPL_013_STATE_001","TPL_013_RUN_004","Tonic","generic_stress",1.96616684319683,12.7098232698084,10.7436564266116,13,12,"shifted_gamma","generic_stress",0.818881086236797,9.33115491922945,0.02,0.895304702217633,0.223743100577025,0.257491819166234,0.0672111173202777,FALSE,"none","ambiguous","none","not_applicable","not_applicable","not_applicable",,,"none","none",0.745679170080681,"eligible","pre_frozen_timestamp_evidence_contract_met","S0012",1,0.1,"holdout",0.196616684319683,1.27098232698084,1.07436564266116,0.0818881086236797,0.002,0.0895304702217633
"TPL_013","TPL_013_STATE_002","TPL_013_RUN_006","Broad_HFS","none",16.3371094058191,22.5379702771596,6.20086087134052,34,33,"shifted_gamma","irregular",0.199610546384938,1.7236885964172,0.02,0.187904874889107,0.908796142699563,0.538367456927201,0.369595927768269,TRUE,"strong","not_applicable","none","clear_or_hard_cut","clear","clear",3.46120646613066,2.23991930988531,"none","none",,"not_applicable","not_applicable","S0012",1,0.1,"holdout",1.63371094058191,2.25379702771596,0.620086087134052,0.0199610546384938,0.002,0.0187904874889107
"TPL_013","TPL_013_STATE_003","TPL_013_RUN_009","Broad_HFS","none",25.232327939528,31.3095335243441,6.07720558481605,25,24,"shifted_gamma","intermediate",0.293555970289744,4.59225828358904,0.02,0.253216899367336,0.440481861286079,0.462630881516168,0.258718401270198,FALSE,"none","not_applicable","none","no_evidence_at_one_or_more_boundaries","no_evidence","no_evidence",0.325136782219599,1.13155829849087,"none","none",,"not_applicable","not_applicable","S0012",1,0.1,"holdout",2.5232327939528,3.13095335243441,0.607720558481605,0.0293555970289744,0.002,0.0253216899367336
"TPL_013","TPL_013_STATE_005","TPL_013_RUN_013","Broad_HFS","none",39.5288796670176,48.7699013975907,9.24102173057305,34,33,"shifted_gamma","regular",0.309453657274134,8.72109963325784,0.02,0.280030961532517,0.469934088996907,0.356201113628862,0.16382746936517,TRUE,"moderate","not_applicable","none","ambiguous_or_edge","clear","recording_edge_unobservable",2.43047625632202,,"none","none",,"not_applicable","not_applicable","S0012",1,0.1,"holdout",3.95288796670176,4.87699013975907,0.924102173057305,0.0309453657274134,0.002,0.0280030961532517
"TPL_013","TPL_013_STATE_001","TPL_013_RUN_004","Tonic","generic_stress",1.96616684319683,12.7098232698084,10.7436564266116,13,12,"shifted_gamma","generic_stress",0.818881086236797,9.33115491922945,0.02,0.895304702217633,0.223743100577025,0.257491819166234,0.0672111173202777,FALSE,"none","ambiguous","none","not_applicable","not_applicable","not_applicable",,,"none","none",0.745679170080681,"eligible","pre_frozen_timestamp_evidence_contract_met","S0022",4,0.4,"holdout",0.786466737278731,5.08392930792337,4.29746257064464,0.327552434494719,0.008,0.358121880887053
"TPL_013","TPL_013_STATE_002","TPL_013_RUN_006","Broad_HFS","none",16.3371094058191,22.5379702771596,6.20086087134052,34,33,"shifted_gamma","irregular",0.199610546384938,1.7236885964172,0.02,0.187904874889107,0.908796142699563,0.538367456927201,0.369595927768269,TRUE,"strong","not_applicable","none","clear_or_hard_cut","clear","clear",3.46120646613066,2.23991930988531,"none","none",,"not_applicable","not_applicable","S0022",4,0.4,"holdout",6.53484376232763,9.01518811086384,2.48034434853621,0.0798442185539752,0.008,0.0751619499556427
"TPL_013","TPL_013_STATE_003","TPL_013_RUN_009","Broad_HFS","none",25.232327939528,31.3095335243441,6.07720558481605,25,24,"shifted_gamma","intermediate",0.293555970289744,4.59225828358904,0.02,0.253216899367336,0.440481861286079,0.462630881516168,0.258718401270198,FALSE,"none","not_applicable","none","no_evidence_at_one_or_more_boundaries","no_evidence","no_evidence",0.325136782219599,1.13155829849087,"none","none",,"not_applicable","not_applicable","S0022",4,0.4,"holdout",10.0929311758112,12.5238134097376,2.43088223392642,0.117422388115898,0.008,0.101286759746934
"TPL_013","TPL_013_STATE_005","TPL_013_RUN_013","Broad_HFS","none",39.5288796670176,48.7699013975907,9.24102173057305,34,33,"shifted_gamma","regular",0.309453657274134,8.72109963325784,0.02,0.280030961532517,0.469934088996907,0.356201113628862,0.16382746936517,TRUE,"moderate","not_applicable","none","ambiguous_or_edge","clear","recording_edge_unobservable",2.43047625632202,,"none","none",,"not_applicable","not_applicable","S0022",4,0.4,"holdout",15.8115518668071,19.5079605590363,3.69640869222922,0.123781462909654,0.008,0.112012384613007
"TPL_013","TPL_013_STATE_001","TPL_013_RUN_004","Tonic","generic_stress",1.96616684319683,12.7098232698084,10.7436564266116,13,12,"shifted_gamma","generic_stress",0.818881086236797,9.33115491922945,0.02,0.895304702217633,0.223743100577025,0.257491819166234,0.0672111173202777,FALSE,"none","ambiguous","none","not_applicable","not_applicable","not_applicable",,,"none","none",0.745679170080681,"eligible","pre_frozen_timestamp_evidence_contract_met","S0053",10,1,"holdout",1.96616684319683,12.7098232698084,10.7436564266116,0.818881086236797,0.02,0.895304702217633
"TPL_013","TPL_013_STATE_002","TPL_013_RUN_006","Broad_HFS","none",16.3371094058191,22.5379702771596,6.20086087134052,34,33,"shifted_gamma","irregular",0.199610546384938,1.7236885964172,0.02,0.187904874889107,0.908796142699563,0.538367456927201,0.369595927768269,TRUE,"strong","not_applicable","none","clear_or_hard_cut","clear","clear",3.46120646613066,2.23991930988531,"none","none",,"not_applicable","not_applicable","S0053",10,1,"holdout",16.3371094058191,22.5379702771596,6.20086087134052,0.199610546384938,0.02,0.187904874889107
"TPL_013","TPL_013_STATE_003","TPL_013_RUN_009","Broad_HFS","none",25.232327939528,31.3095335243441,6.07720558481605,25,24,"shifted_gamma","intermediate",0.293555970289744,4.59225828358904,0.02,0.253216899367336,0.440481861286079,0.462630881516168,0.258718401270198,FALSE,"none","not_applicable","none","no_evidence_at_one_or_more_boundaries","no_evidence","no_evidence",0.325136782219599,1.13155829849087,"none","none",,"not_applicable","not_applicable","S0053",10,1,"holdout",25.232327939528,31.3095335243441,6.07720558481605,0.293555970289744,0.02,0.253216899367336
"TPL_013","TPL_013_STATE_005","TPL_013_RUN_013","Broad_HFS","none",39.5288796670176,48.7699013975907,9.24102173057305,34,33,"shifted_gamma","regular",0.309453657274134,8.72109963325784,0.02,0.280030961532517,0.469934088996907,0.356201113628862,0.16382746936517,TRUE,"moderate","not_applicable","none","ambiguous_or_edge","clear","recording_edge_unobservable",2.43047625632202,,"none","none",,"not_applicable","not_applicable","S0053",10,1,"holdout",39.5288796670176,48.7699013975907,9.24102173057305,0.309453657274134,0.02,0.280030961532517
"TPL_014","TPL_014_STATE_001","TPL_014_RUN_001","Broad_HFS","none",0,7.51965237711059,7.51965237711059,35,34,"shifted_gamma","regular",0.278141765561886,6.46096270764247,0.02,0.221166246385606,0.391365173583981,0.351866396234273,0.154469050357935,TRUE,"strong","not_applicable","TPL_014_REGIME_01","ambiguous_or_edge","recording_edge_unobservable","hard_cut_canonical_pause",,1.25260281550909,"none","canonical_pause",,"not_applicable","not_applicable","S0033",1,0.1,"holdout",0,0.751965237711059,0.751965237711059,0.0278141765561886,0.002,0.0221166246385606
"TPL_014","TPL_014_STATE_002","TPL_014_RUN_003","Broad_HFS","none",10.3729829007244,16.0871843279651,5.71420142724066,32,31,"shifted_gamma","intermediate",0.234756364291534,4.90988084576093,0.02,0.184329078298086,0.526537934420979,0.352317711152874,0.148069247002545,TRUE,"weak","not_applicable","TPL_014_REGIME_01","clear_or_hard_cut","hard_cut_canonical_pause","clear",2.033069247715,2.15459014689586,"canonical_pause","none",,"not_applicable","not_applicable","S0033",1,0.1,"holdout",1.03729829007244,1.60871843279651,0.571420142724066,0.0234756364291534,0.002,0.0184329078298086
"TPL_014","TPL_014_STATE_005","TPL_014_RUN_010","Broad_HFS","none",41.1350547234057,46.4603622465914,5.32530752318566,22,21,"shifted_gamma","irregular",0.282274929382838,1.54293114126194,0.02,0.253586072532651,0.535715396549389,0.540125475380909,0.333382578225801,FALSE,"none","not_applicable","none","no_evidence_at_one_or_more_boundaries","clear","no_evidence",4.23226195853799,0.329194458505373,"none","none",,"not_applicable","not_applicable","S0033",1,0.1,"holdout",4.11350547234057,4.64603622465914,0.532530752318566,0.0282274929382838,0.002,0.0253586072532651
"TPL_014","TPL_014_STATE_001","TPL_014_RUN_001","Broad_HFS","none",0,7.51965237711059,7.51965237711059,35,34,"shifted_gamma","regular",0.278141765561886,6.46096270764247,0.02,0.221166246385606,0.391365173583981,0.351866396234273,0.154469050357935,TRUE,"strong","not_applicable","TPL_014_REGIME_01","ambiguous_or_edge","recording_edge_unobservable","hard_cut_canonical_pause",,1.25260281550909,"none","canonical_pause",,"not_applicable","not_applicable","S0051",4,0.4,"holdout",0,3.00786095084424,3.00786095084424,0.111256706224754,0.008,0.0884664985542422
"TPL_014","TPL_014_STATE_002","TPL_014_RUN_003","Broad_HFS","none",10.3729829007244,16.0871843279651,5.71420142724066,32,31,"shifted_gamma","intermediate",0.234756364291534,4.90988084576093,0.02,0.184329078298086,0.526537934420979,0.352317711152874,0.148069247002545,TRUE,"weak","not_applicable","TPL_014_REGIME_01","clear_or_hard_cut","hard_cut_canonical_pause","clear",2.033069247715,2.15459014689586,"canonical_pause","none",,"not_applicable","not_applicable","S0051",4,0.4,"holdout",4.14919316028977,6.43487373118604,2.28568057089626,0.0939025457166135,0.008,0.0737316313192343
"TPL_014","TPL_014_STATE_005","TPL_014_RUN_010","Broad_HFS","none",41.1350547234057,46.4603622465914,5.32530752318566,22,21,"shifted_gamma","irregular",0.282274929382838,1.54293114126194,0.02,0.253586072532651,0.535715396549389,0.540125475380909,0.333382578225801,FALSE,"none","not_applicable","none","no_evidence_at_one_or_more_boundaries","clear","no_evidence",4.23226195853799,0.329194458505373,"none","none",,"not_applicable","not_applicable","S0051",4,0.4,"holdout",16.4540218893623,18.5841448986366,2.13012300927427,0.112909971753135,0.008,0.10143442901306
"TPL_014","TPL_014_STATE_001","TPL_014_RUN_001","Broad_HFS","none",0,7.51965237711059,7.51965237711059,35,34,"shifted_gamma","regular",0.278141765561886,6.46096270764247,0.02,0.221166246385606,0.391365173583981,0.351866396234273,0.154469050357935,TRUE,"strong","not_applicable","TPL_014_REGIME_01","ambiguous_or_edge","recording_edge_unobservable","hard_cut_canonical_pause",,1.25260281550909,"none","canonical_pause",,"not_applicable","not_applicable","S0019",10,1,"holdout",0,7.51965237711059,7.51965237711059,0.278141765561886,0.02,0.221166246385606
"TPL_014","TPL_014_STATE_002","TPL_014_RUN_003","Broad_HFS","none",10.3729829007244,16.0871843279651,5.71420142724066,32,31,"shifted_gamma","intermediate",0.234756364291534,4.90988084576093,0.02,0.184329078298086,0.526537934420979,0.352317711152874,0.148069247002545,TRUE,"weak","not_applicable","TPL_014_REGIME_01","clear_or_hard_cut","hard_cut_canonical_pause","clear",2.033069247715,2.15459014689586,"canonical_pause","none",,"not_applicable","not_applicable","S0019",10,1,"holdout",10.3729829007244,16.0871843279651,5.71420142724066,0.234756364291534,0.02,0.184329078298086
"TPL_014","TPL_014_STATE_005","TPL_014_RUN_010","Broad_HFS","none",41.1350547234057,46.4603622465914,5.32530752318566,22,21,"shifted_gamma","irregular",0.282274929382838,1.54293114126194,0.02,0.253586072532651,0.535715396549389,0.540125475380909,0.333382578225801,FALSE,"none","not_applicable","none","no_evidence_at_one_or_more_boundaries","clear","no_evidence",4.23226195853799,0.329194458505373,"none","none",,"not_applicable","not_applicable","S0019",10,1,"holdout",41.1350547234057,46.4603622465914,5.32530752318566,0.282274929382838,0.02,0.253586072532651
"TPL_015","TPL_015_STATE_001","TPL_015_RUN_001","Broad_HFS","none",0,5.51595379608031,5.51595379608031,35,34,"shifted_gamma","irregular",0.20399398194626,1.48955081154127,0.02,0.162233935178833,0.737637110624203,0.617608188897336,0.446092826229474,TRUE,"moderate","not_applicable","none","ambiguous_or_edge","recording_edge_unobservable","clear",,1.96358393797418,"none","none",,"not_applicable","not_applicable","S0013",1,0.1,"holdout",0,0.551595379608031,0.551595379608031,0.020399398194626,0.002,0.0162233935178833
"TPL_015","TPL_015_STATE_002","TPL_015_RUN_004","Broad_HFS","none",7.23377505402718,13.9862510605266,6.75247600649944,31,30,"shifted_gamma","intermediate",0.227329181330279,3.50614529279992,0.02,0.225082533549981,0.451688822671952,0.417168863594066,0.255703723266074,FALSE,"none","not_applicable","none","no_evidence_at_one_or_more_boundaries","no_evidence","clear",0.462460667486227,4.13705248488731,"none","none",,"not_applicable","not_applicable","S0013",1,0.1,"holdout",0.723377505402718,1.39862510605266,0.675247600649944,0.0227329181330279,0.002,0.0225082533549981
"TPL_015","TPL_015_STATE_003","TPL_015_RUN_006","Broad_HFS","none",16.1545637892247,22.5246368039704,6.37007301474573,34,33,"shifted_gamma","regular",0.243682983410545,7.62579974206164,0.02,0.193032515598355,0.466015664661248,0.358276773685631,0.131354406793232,TRUE,"weak","not_applicable","none","clear_or_hard_cut","clear","clear",3.9692591365672,2.2899879082316,"none","none",,"not_applicable","not_applicable","S0013",1,0.1,"holdout",1.61545637892247,2.25246368039704,0.637007301474573,0.0243682983410545,0.002,0.0193032515598355
"TPL_015","TPL_015_STATE_001","TPL_015_RUN_001","Broad_HFS","none",0,5.51595379608031,5.51595379608031,35,34,"shifted_gamma","irregular",0.20399398194626,1.48955081154127,0.02,0.162233935178833,0.737637110624203,0.617608188897336,0.446092826229474,TRUE,"moderate","not_applicable","none","ambiguous_or_edge","recording_edge_unobservable","clear",,1.96358393797418,"none","none",,"not_applicable","not_applicable","S0038",4,0.4,"holdout",0,2.20638151843213,2.20638151843213,0.0815975927785039,0.008,0.0648935740715331
"TPL_015","TPL_015_STATE_002","TPL_015_RUN_004","Broad_HFS","none",7.23377505402718,13.9862510605266,6.75247600649944,31,30,"shifted_gamma","intermediate",0.227329181330279,3.50614529279992,0.02,0.225082533549981,0.451688822671952,0.417168863594066,0.255703723266074,FALSE,"none","not_applicable","none","no_evidence_at_one_or_more_boundaries","no_evidence","clear",0.462460667486227,4.13705248488731,"none","none",,"not_applicable","not_applicable","S0038",4,0.4,"holdout",2.89351002161087,5.59450042421065,2.70099040259978,0.0909316725321114,0.008,0.0900330134199925
"TPL_015","TPL_015_STATE_003","TPL_015_RUN_006","Broad_HFS","none",16.1545637892247,22.5246368039704,6.37007301474573,34,33,"shifted_gamma","regular",0.243682983410545,7.62579974206164,0.02,0.193032515598355,0.466015664661248,0.358276773685631,0.131354406793232,TRUE,"weak","not_applicable","none","clear_or_hard_cut","clear","clear",3.9692591365672,2.2899879082316,"none","none",,"not_applicable","not_applicable","S0038",4,0.4,"holdout",6.46182551568986,9.00985472158815,2.54802920589829,0.0974731933642179,0.008,0.0772130062393422
"TPL_015","TPL_015_STATE_001","TPL_015_RUN_001","Broad_HFS","none",0,5.51595379608031,5.51595379608031,35,34,"shifted_gamma","irregular",0.20399398194626,1.48955081154127,0.02,0.162233935178833,0.737637110624203,0.617608188897336,0.446092826229474,TRUE,"moderate","not_applicable","none","ambiguous_or_edge","recording_edge_unobservable","clear",,1.96358393797418,"none","none",,"not_applicable","not_applicable","S0018",10,1,"holdout",0,5.51595379608031,5.51595379608031,0.20399398194626,0.02,0.162233935178833
"TPL_015","TPL_015_STATE_002","TPL_015_RUN_004","Broad_HFS","none",7.23377505402718,13.9862510605266,6.75247600649944,31,30,"shifted_gamma","intermediate",0.227329181330279,3.50614529279992,0.02,0.225082533549981,0.451688822671952,0.417168863594066,0.255703723266074,FALSE,"none","not_applicable","none","no_evidence_at_one_or_more_boundaries","no_evidence","clear",0.462460667486227,4.13705248488731,"none","none",,"not_applicable","not_applicable","S0018",10,1,"holdout",7.23377505402718,13.9862510605266,6.75247600649944,0.227329181330279,0.02,0.225082533549981
"TPL_015","TPL_015_STATE_003","TPL_015_RUN_006","Broad_HFS","none",16.1545637892247,22.5246368039704,6.37007301474573,34,33,"shifted_gamma","regular",0.243682983410545,7.62579974206164,0.02,0.193032515598355,0.466015664661248,0.358276773685631,0.131354406793232,TRUE,"weak","not_applicable","none","clear_or_hard_cut","clear","clear",3.9692591365672,2.2899879082316,"none","none",,"not_applicable","not_applicable","S0018",10,1,"holdout",16.1545637892247,22.5246368039704,6.37007301474573,0.243682983410545,0.02,0.193032515598355
"TPL_016","TPL_016_STATE_001","TPL_016_RUN_004","Broad_HFS","none",1.66553514678518,5.38216299397219,3.71662784718701,22,21,"shifted_gamma","irregular",0.190998525372706,1.67615891285241,0.02,0.176982278437476,0.645271580647106,0.70297383735485,0.504580549819232,FALSE,"none","not_applicable","none","no_evidence_at_one_or_more_boundaries","ambiguous","no_evidence",1.17669739881874,0.515471617584303,"none","none",,"not_applicable","not_applicable","S0010",1,0.1,"holdout",0.166553514678518,0.538216299397219,0.371662784718701,0.0190998525372706,0.002,0.0176982278437476
"TPL_016","TPL_016_STATE_003","TPL_016_RUN_010","Broad_HFS","none",14.940953501598,23.5467565194514,8.60580301785337,33,32,"shifted_gamma","regular",0.304534091395326,10.1503339880146,0.02,0.268931344307918,0.364063490571927,0.324767014205516,0.127717190943951,TRUE,"weak","not_applicable","TPL_016_REGIME_01","clear_or_hard_cut","clear","hard_cut_canonical_pause",3.16736710619677,0.907419295626924,"none","canonical_pause",,"not_applicable","not_applicable","S0010",1,0.1,"holdout",1.4940953501598,2.35467565194514,0.860580301785337,0.0304534091395326,0.002,0.0268931344307918
"TPL_016","TPL_016_STATE_004","TPL_016_RUN_012","Broad_HFS","none",28.3724934051089,35.9245453587153,7.5520519536064,35,34,"shifted_gamma","intermediate",0.250160420360044,4.48068136149086,0.02,0.222119175106071,0.672446020267722,0.40220521639978,0.211847658286178,TRUE,"strong","not_applicable","TPL_016_REGIME_01","clear_or_hard_cut","hard_cut_canonical_pause","clear",1.15676105584295,2.13366057920789,"canonical_pause","none",,"not_applicable","not_applicable","S0010",1,0.1,"holdout",2.83724934051089,3.59245453587153,0.755205195360641,0.0250160420360044,0.002,0.0222119175106071
"TPL_016","TPL_016_STATE_005","TPL_016_RUN_013","Tonic","generic_stress",35.9245453587153,44.5832154806139,8.6586701218986,12,11,"shifted_gamma","generic_stress",0.821710266475566,7.69683759054169,0.02,0.787151829263509,0.328080281628003,0.313369369656541,0.0965177486581614,FALSE,"none","ambiguous","none","not_applicable","not_applicable","not_applicable",,,"none","none",0.667146831716704,"eligible","pre_frozen_timestamp_evidence_contract_met","S0010",1,0.1,"holdout",3.59245453587153,4.45832154806139,0.86586701218986,0.0821710266475566,0.002,0.0787151829263509
"TPL_016","TPL_016_STATE_001","TPL_016_RUN_004","Broad_HFS","none",1.66553514678518,5.38216299397219,3.71662784718701,22,21,"shifted_gamma","irregular",0.190998525372706,1.67615891285241,0.02,0.176982278437476,0.645271580647106,0.70297383735485,0.504580549819232,FALSE,"none","not_applicable","none","no_evidence_at_one_or_more_boundaries","ambiguous","no_evidence",1.17669739881874,0.515471617584303,"none","none",,"not_applicable","not_applicable","S0024",4,0.4,"holdout",0.666214058714073,2.15286519758888,1.4866511388748,0.0763994101490825,0.008,0.0707929113749906
"TPL_016","TPL_016_STATE_003","TPL_016_RUN_010","Broad_HFS","none",14.940953501598,23.5467565194514,8.60580301785337,33,32,"shifted_gamma","regular",0.304534091395326,10.1503339880146,0.02,0.268931344307918,0.364063490571927,0.324767014205516,0.127717190943951,TRUE,"weak","not_applicable","TPL_016_REGIME_01","clear_or_hard_cut","clear","hard_cut_canonical_pause",3.16736710619677,0.907419295626924,"none","canonical_pause",,"not_applicable","not_applicable","S0024",4,0.4,"holdout",5.97638140063921,9.41870260778056,3.44232120714135,0.12181363655813,0.008,0.107572537723167
"TPL_016","TPL_016_STATE_004","TPL_016_RUN_012","Broad_HFS","none",28.3724934051089,35.9245453587153,7.5520519536064,35,34,"shifted_gamma","intermediate",0.250160420360044,4.48068136149086,0.02,0.222119175106071,0.672446020267722,0.40220521639978,0.211847658286178,TRUE,"strong","not_applicable","TPL_016_REGIME_01","clear_or_hard_cut","hard_cut_canonical_pause","clear",1.15676105584295,2.13366057920789,"canonical_pause","none",,"not_applicable","not_applicable","S0024",4,0.4,"holdout",11.3489973620436,14.3698181434861,3.02082078144256,0.100064168144017,0.008,0.0888476700424283
"TPL_016","TPL_016_STATE_005","TPL_016_RUN_013","Tonic","generic_stress",35.9245453587153,44.5832154806139,8.6586701218986,12,11,"shifted_gamma","generic_stress",0.821710266475566,7.69683759054169,0.02,0.787151829263509,0.328080281628003,0.313369369656541,0.0965177486581614,FALSE,"none","ambiguous","none","not_applicable","not_applicable","not_applicable",,,"none","none",0.667146831716704,"eligible","pre_frozen_timestamp_evidence_contract_met","S0024",4,0.4,"holdout",14.3698181434861,17.8332861922456,3.46346804875944,0.328684106590226,0.008,0.314860731705404
"TPL_016","TPL_016_STATE_001","TPL_016_RUN_004","Broad_HFS","none",1.66553514678518,5.38216299397219,3.71662784718701,22,21,"shifted_gamma","irregular",0.190998525372706,1.67615891285241,0.02,0.176982278437476,0.645271580647106,0.70297383735485,0.504580549819232,FALSE,"none","not_applicable","none","no_evidence_at_one_or_more_boundaries","ambiguous","no_evidence",1.17669739881874,0.515471617584303,"none","none",,"not_applicable","not_applicable","S0060",10,1,"holdout",1.66553514678518,5.38216299397219,3.71662784718701,0.190998525372706,0.02,0.176982278437476
"TPL_016","TPL_016_STATE_003","TPL_016_RUN_010","Broad_HFS","none",14.940953501598,23.5467565194514,8.60580301785337,33,32,"shifted_gamma","regular",0.304534091395326,10.1503339880146,0.02,0.268931344307918,0.364063490571927,0.324767014205516,0.127717190943951,TRUE,"weak","not_applicable","TPL_016_REGIME_01","clear_or_hard_cut","clear","hard_cut_canonical_pause",3.16736710619677,0.907419295626924,"none","canonical_pause",,"not_applicable","not_applicable","S0060",10,1,"holdout",14.940953501598,23.5467565194514,8.60580301785337,0.304534091395326,0.02,0.268931344307918
"TPL_016","TPL_016_STATE_004","TPL_016_RUN_012","Broad_HFS","none",28.3724934051089,35.9245453587153,7.5520519536064,35,34,"shifted_gamma","intermediate",0.250160420360044,4.48068136149086,0.02,0.222119175106071,0.672446020267722,0.40220521639978,0.211847658286178,TRUE,"strong","not_applicable","TPL_016_REGIME_01","clear_or_hard_cut","hard_cut_canonical_pause","clear",1.15676105584295,2.13366057920789,"canonical_pause","none",,"not_applicable","not_applicable","S0060",10,1,"holdout",28.3724934051089,35.9245453587153,7.5520519536064,0.250160420360044,0.02,0.222119175106071
"TPL_016","TPL_016_STATE_005","TPL_016_RUN_013","Tonic","generic_stress",35.9245453587153,44.5832154806139,8.6586701218986,12,11,"shifted_gamma","generic_stress",0.821710266475566,7.69683759054169,0.02,0.787151829263509,0.328080281628003,0.313369369656541,0.0965177486581614,FALSE,"none","ambiguous","none","not_applicable","not_applicable","not_applicable",,,"none","none",0.667146831716704,"eligible","pre_frozen_timestamp_evidence_contract_met","S0060",10,1,"holdout",35.9245453587153,44.5832154806139,8.6586701218986,0.821710266475566,0.02,0.787151829263509
"TPL_017","TPL_017_STATE_001","TPL_017_RUN_001","Tonic","stn_like_empirical",0,2.60040453604072,2.60040453604072,9,8,"shifted_gamma","stn_like_empirical",0.363573359390721,23.5592389462981,0.02,0.32505056700509,0.181467807106761,0.21134469602825,0.0379180787658116,FALSE,"none","ambiguous","none","not_applicable","not_applicable","not_applicable",,,"none","none",0.653099676496074,"eligible","pre_frozen_timestamp_evidence_contract_met","S0005",1,0.1,"holdout",0,0.260040453604072,0.260040453604072,0.0363573359390721,0.002,0.032505056700509
"TPL_017","TPL_017_STATE_002","TPL_017_RUN_007","Broad_HFS","none",8.03549670126326,13.4921836019417,5.45668690067845,35,34,"shifted_gamma","irregular",0.209035715232603,1.55019593664911,0.02,0.160490791196425,0.708374213860034,0.67884460496032,0.533516453580618,TRUE,"strong","not_applicable","none","clear_or_hard_cut","clear","clear",7.22866316930527,3.49921175451502,"none","none",,"not_applicable","not_applicable","S0005",1,0.1,"holdout",0.803549670126326,1.34921836019417,0.545668690067845,0.0209035715232603,0.002,0.0160490791196425
"TPL_017","TPL_017_STATE_004","TPL_017_RUN_012","Broad_HFS","none",26.1476325418417,31.4433852933381,5.29575275149645,31,30,"shifted_gamma","intermediate",0.188337628049776,4.09453086387366,0.02,0.176525091716548,0.560555593287746,0.324672270823498,0.155705420558839,TRUE,"moderate","not_applicable","none","no_evidence_at_one_or_more_boundaries","clear","no_evidence",8.68673997684832,0.702457309240402,"none","none",,"not_applicable","not_applicable","S0005",1,0.1,"holdout",2.61476325418417,3.14433852933381,0.529575275149645,0.0188337628049776,0.002,0.0176525091716548
"TPL_017","TPL_017_STATE_005","TPL_017_RUN_014","Broad_HFS","none",32.2068558479158,38.8445189004995,6.6376630525837,23,22,"shifted_gamma","regular",0.28939136988949,8.08345812465996,0.02,0.301711956935623,0.356621517461762,0.441829627173596,0.20290182405329,FALSE,"none","not_applicable","none","no_evidence_at_one_or_more_boundaries","no_evidence","recording_edge_unobservable",0.208875113278267,,"none","none",,"not_applicable","not_applicable","S0005",1,0.1,"holdout",3.22068558479158,3.88445189004995,0.66376630525837,0.028939136988949,0.002,0.0301711956935623
"TPL_017","TPL_017_STATE_001","TPL_017_RUN_001","Tonic","stn_like_empirical",0,2.60040453604072,2.60040453604072,9,8,"shifted_gamma","stn_like_empirical",0.363573359390721,23.5592389462981,0.02,0.32505056700509,0.181467807106761,0.21134469602825,0.0379180787658116,FALSE,"none","ambiguous","none","not_applicable","not_applicable","not_applicable",,,"none","none",0.653099676496074,"eligible","pre_frozen_timestamp_evidence_contract_met","S0042",4,0.4,"holdout",0,1.04016181441629,1.04016181441629,0.145429343756288,0.008,0.130020226802036
"TPL_017","TPL_017_STATE_002","TPL_017_RUN_007","Broad_HFS","none",8.03549670126326,13.4921836019417,5.45668690067845,35,34,"shifted_gamma","irregular",0.209035715232603,1.55019593664911,0.02,0.160490791196425,0.708374213860034,0.67884460496032,0.533516453580618,TRUE,"strong","not_applicable","none","clear_or_hard_cut","clear","clear",7.22866316930527,3.49921175451502,"none","none",,"not_applicable","not_applicable","S0042",4,0.4,"holdout",3.2141986805053,5.39687344077669,2.18267476027138,0.0836142860930413,0.008,0.0641963164785701
"TPL_017","TPL_017_STATE_004","TPL_017_RUN_012","Broad_HFS","none",26.1476325418417,31.4433852933381,5.29575275149645,31,30,"shifted_gamma","intermediate",0.188337628049776,4.09453086387366,0.02,0.176525091716548,0.560555593287746,0.324672270823498,0.155705420558839,TRUE,"moderate","not_applicable","none","no_evidence_at_one_or_more_boundaries","clear","no_evidence",8.68673997684832,0.702457309240402,"none","none",,"not_applicable","not_applicable","S0042",4,0.4,"holdout",10.4590530167367,12.5773541173352,2.11830110059858,0.0753350512199104,0.008,0.0706100366866194
"TPL_017","TPL_017_STATE_005","TPL_017_RUN_014","Broad_HFS","none",32.2068558479158,38.8445189004995,6.6376630525837,23,22,"shifted_gamma","regular",0.28939136988949,8.08345812465996,0.02,0.301711956935623,0.356621517461762,0.441829627173596,0.20290182405329,FALSE,"none","not_applicable","none","no_evidence_at_one_or_more_boundaries","no_evidence","recording_edge_unobservable",0.208875113278267,,"none","none",,"not_applicable","not_applicable","S0042",4,0.4,"holdout",12.8827423391663,15.5378075601998,2.65506522103348,0.115756547955796,0.008,0.120684782774249
"TPL_017","TPL_017_STATE_001","TPL_017_RUN_001","Tonic","stn_like_empirical",0,2.60040453604072,2.60040453604072,9,8,"shifted_gamma","stn_like_empirical",0.363573359390721,23.5592389462981,0.02,0.32505056700509,0.181467807106761,0.21134469602825,0.0379180787658116,FALSE,"none","ambiguous","none","not_applicable","not_applicable","not_applicable",,,"none","none",0.653099676496074,"eligible","pre_frozen_timestamp_evidence_contract_met","S0029",10,1,"holdout",0,2.60040453604072,2.60040453604072,0.363573359390721,0.02,0.32505056700509
"TPL_017","TPL_017_STATE_002","TPL_017_RUN_007","Broad_HFS","none",8.03549670126326,13.4921836019417,5.45668690067845,35,34,"shifted_gamma","irregular",0.209035715232603,1.55019593664911,0.02,0.160490791196425,0.708374213860034,0.67884460496032,0.533516453580618,TRUE,"strong","not_applicable","none","clear_or_hard_cut","clear","clear",7.22866316930527,3.49921175451502,"none","none",,"not_applicable","not_applicable","S0029",10,1,"holdout",8.03549670126326,13.4921836019417,5.45668690067845,0.209035715232603,0.02,0.160490791196425
"TPL_017","TPL_017_STATE_004","TPL_017_RUN_012","Broad_HFS","none",26.1476325418417,31.4433852933381,5.29575275149645,31,30,"shifted_gamma","intermediate",0.188337628049776,4.09453086387366,0.02,0.176525091716548,0.560555593287746,0.324672270823498,0.155705420558839,TRUE,"moderate","not_applicable","none","no_evidence_at_one_or_more_boundaries","clear","no_evidence",8.68673997684832,0.702457309240402,"none","none",,"not_applicable","not_applicable","S0029",10,1,"holdout",26.1476325418417,31.4433852933381,5.29575275149645,0.188337628049776,0.02,0.176525091716548
"TPL_017","TPL_017_STATE_005","TPL_017_RUN_014","Broad_HFS","none",32.2068558479158,38.8445189004995,6.6376630525837,23,22,"shifted_gamma","regular",0.28939136988949,8.08345812465996,0.02,0.301711956935623,0.356621517461762,0.441829627173596,0.20290182405329,FALSE,"none","not_applicable","none","no_evidence_at_one_or_more_boundaries","no_evidence","recording_edge_unobservable",0.208875113278267,,"none","none",,"not_applicable","not_applicable","S0029",10,1,"holdout",32.2068558479158,38.8445189004995,6.6376630525837,0.28939136988949,0.02,0.301711956935623
"TPL_018","TPL_018_STATE_001","TPL_018_RUN_001","Broad_HFS","none",0,3.96782248484295,3.96782248484295,26,25,"shifted_gamma","irregular",0.19578457410913,1.73674606641289,0.02,0.158712899393718,0.517562752041534,0.632496492267867,0.427651759982019,FALSE,"none","not_applicable","none","no_evidence_at_one_or_more_boundaries","recording_edge_unobservable","no_evidence",,0.781699646292551,"none","none",,"not_applicable","not_applicable","S0023",1,0.1,"holdout",0,0.396782248484295,0.396782248484295,0.019578457410913,0.002,0.0158712899393718
"TPL_018","TPL_018_STATE_003","TPL_018_RUN_009","Broad_HFS","none",20.1912024263068,26.7856271890809,6.59442476277416,32,31,"shifted_gamma","regular",0.230656983689405,7.88538500899449,0.02,0.212723379444328,0.555688077777924,0.425685803907372,0.235666162651603,TRUE,"moderate","not_applicable","TPL_018_REGIME_01","no_evidence_at_one_or_more_boundaries","no_evidence","hard_cut_canonical_pause",0.134596109165251,1.20272482917656,"none","canonical_pause",,"not_applicable","not_applicable","S0023",1,0.1,"holdout",2.01912024263068,2.67856271890809,0.659442476277416,0.0230656983689405,0.002,0.0212723379444328
"TPL_018","TPL_018_STATE_004","TPL_018_RUN_011","Broad_HFS","none",29.7443593822306,35.8188421263809,6.07448274415033,35,34,"shifted_gamma","intermediate",0.200440496401861,3.53851550053805,0.02,0.178661257180892,0.660061315017304,0.558108896898812,0.381235877699138,TRUE,"strong","not_applicable","TPL_018_REGIME_01","no_evidence_at_one_or_more_boundaries","hard_cut_canonical_pause","no_evidence",1.36599653745003,0.983011389124979,"canonical_pause","none",,"not_applicable","not_applicable","S0023",1,0.1,"holdout",2.97443593822306,3.58188421263809,0.607448274415033,0.0200440496401861,0.002,0.0178661257180892
"TPL_018","TPL_018_STATE_001","TPL_018_RUN_001","Broad_HFS","none",0,3.96782248484295,3.96782248484295,26,25,"shifted_gamma","irregular",0.19578457410913,1.73674606641289,0.02,0.158712899393718,0.517562752041534,0.632496492267867,0.427651759982019,FALSE,"none","not_applicable","none","no_evidence_at_one_or_more_boundaries","recording_edge_unobservable","no_evidence",,0.781699646292551,"none","none",,"not_applicable","not_applicable","S0017",4,0.4,"holdout",0,1.58712899393718,1.58712899393718,0.0783138296436519,0.008,0.0634851597574872
"TPL_018","TPL_018_STATE_003","TPL_018_RUN_009","Broad_HFS","none",20.1912024263068,26.7856271890809,6.59442476277416,32,31,"shifted_gamma","regular",0.230656983689405,7.88538500899449,0.02,0.212723379444328,0.555688077777924,0.425685803907372,0.235666162651603,TRUE,"moderate","not_applicable","TPL_018_REGIME_01","no_evidence_at_one_or_more_boundaries","no_evidence","hard_cut_canonical_pause",0.134596109165251,1.20272482917656,"none","canonical_pause",,"not_applicable","not_applicable","S0017",4,0.4,"holdout",8.07648097052271,10.7142508756324,2.63776990510966,0.092262793475762,0.008,0.0850893517777311
"TPL_018","TPL_018_STATE_004","TPL_018_RUN_011","Broad_HFS","none",29.7443593822306,35.8188421263809,6.07448274415033,35,34,"shifted_gamma","intermediate",0.200440496401861,3.53851550053805,0.02,0.178661257180892,0.660061315017304,0.558108896898812,0.381235877699138,TRUE,"strong","not_applicable","TPL_018_REGIME_01","no_evidence_at_one_or_more_boundaries","hard_cut_canonical_pause","no_evidence",1.36599653745003,0.983011389124979,"canonical_pause","none",,"not_applicable","not_applicable","S0017",4,0.4,"holdout",11.8977437528922,14.3275368505524,2.42979309766013,0.0801761985607445,0.008,0.0714645028723568
"TPL_018","TPL_018_STATE_001","TPL_018_RUN_001","Broad_HFS","none",0,3.96782248484295,3.96782248484295,26,25,"shifted_gamma","irregular",0.19578457410913,1.73674606641289,0.02,0.158712899393718,0.517562752041534,0.632496492267867,0.427651759982019,FALSE,"none","not_applicable","none","no_evidence_at_one_or_more_boundaries","recording_edge_unobservable","no_evidence",,0.781699646292551,"none","none",,"not_applicable","not_applicable","S0032",10,1,"holdout",0,3.96782248484295,3.96782248484295,0.19578457410913,0.02,0.158712899393718
"TPL_018","TPL_018_STATE_003","TPL_018_RUN_009","Broad_HFS","none",20.1912024263068,26.7856271890809,6.59442476277416,32,31,"shifted_gamma","regular",0.230656983689405,7.88538500899449,0.02,0.212723379444328,0.555688077777924,0.425685803907372,0.235666162651603,TRUE,"moderate","not_applicable","TPL_018_REGIME_01","no_evidence_at_one_or_more_boundaries","no_evidence","hard_cut_canonical_pause",0.134596109165251,1.20272482917656,"none","canonical_pause",,"not_applicable","not_applicable","S0032",10,1,"holdout",20.1912024263068,26.7856271890809,6.59442476277416,0.230656983689405,0.02,0.212723379444328
"TPL_018","TPL_018_STATE_004","TPL_018_RUN_011","Broad_HFS","none",29.7443593822306,35.8188421263809,6.07448274415033,35,34,"shifted_gamma","intermediate",0.200440496401861,3.53851550053805,0.02,0.178661257180892,0.660061315017304,0.558108896898812,0.381235877699138,TRUE,"strong","not_applicable","TPL_018_REGIME_01","no_evidence_at_one_or_more_boundaries","hard_cut_canonical_pause","no_evidence",1.36599653745003,0.983011389124979,"canonical_pause","none",,"not_applicable","not_applicable","S0032",10,1,"holdout",29.7443593822306,35.8188421263809,6.07448274415033,0.200440496401861,0.02,0.178661257180892
"TPL_019","TPL_019_STATE_001","TPL_019_RUN_002","Broad_HFS","none",0.379075145433936,5.53508137498762,5.15600622955368,23,22,"shifted_gamma","irregular",0.257026779293083,1.5553221803857,0.02,0.234363919525167,0.577210340966964,0.91882710924721,0.792144860583958,FALSE,"none","not_applicable","none","no_evidence_at_one_or_more_boundaries","no_evidence","clear",0.29847593861626,5.68507652379593,"none","none",,"not_applicable","not_applicable","S0047",1,0.1,"holdout",0.0379075145433936,0.553508137498762,0.515600622955368,0.0257026779293083,0.002,0.0234363919525167
"TPL_019","TPL_019_STATE_002","TPL_019_RUN_005","Broad_HFS","none",12.2683620055675,20.0291711629772,7.76080915740971,35,34,"shifted_gamma","intermediate",0.26010495851282,2.97660335344262,0.02,0.228259092864992,0.536010518638597,0.397079023341905,0.16917485405653,TRUE,"weak","not_applicable","none","clear_or_hard_cut","clear","clear",4.31669956010799,1.8003383166939,"none","none",,"not_applicable","not_applicable","S0047",1,0.1,"holdout",1.22683620055675,2.00291711629772,0.776080915740971,0.026010495851282,0.002,0.0228259092864992
"TPL_019","TPL_019_STATE_004","TPL_019_RUN_013","Tonic","generic_stress",28.5423657785029,38.0149293515369,9.47256357303405,12,11,"shifted_gamma","generic_stress",0.723236366477795,5.40451442881022,0.02,0.861142143003096,0.283721838374956,0.373188470834824,0.126018593900664,FALSE,"none","no_evidence","none","not_applicable","not_applicable","not_applicable",,,"none","none",0.657910821303097,"eligible","pre_frozen_timestamp_evidence_contract_met","S0047",1,0.1,"holdout",2.85423657785029,3.80149293515369,0.947256357303405,0.0723236366477795,0.002,0.0861142143003096
"TPL_019","TPL_019_STATE_005","TPL_019_RUN_016","Broad_HFS","none",42.5234016190327,49.823676394752,7.3002747757193,31,30,"shifted_gamma","regular",0.273607328436337,10.6662489851005,0.02,0.243342492523977,0.446259728275859,0.392734626358942,0.197735473533857,TRUE,"strong","not_applicable","none","ambiguous_or_edge","clear","recording_edge_unobservable",2.57188558143909,,"none","none",,"not_applicable","not_applicable","S0047",1,0.1,"holdout",4.25234016190327,4.9823676394752,0.73002747757193,0.0273607328436337,0.002,0.0243342492523977
"TPL_019","TPL_019_STATE_001","TPL_019_RUN_002","Broad_HFS","none",0.379075145433936,5.53508137498762,5.15600622955368,23,22,"shifted_gamma","irregular",0.257026779293083,1.5553221803857,0.02,0.234363919525167,0.577210340966964,0.91882710924721,0.792144860583958,FALSE,"none","not_applicable","none","no_evidence_at_one_or_more_boundaries","no_evidence","clear",0.29847593861626,5.68507652379593,"none","none",,"not_applicable","not_applicable","S0037",4,0.4,"holdout",0.151630058173574,2.21403254999505,2.06240249182147,0.102810711717233,0.008,0.0937455678100669
"TPL_019","TPL_019_STATE_002","TPL_019_RUN_005","Broad_HFS","none",12.2683620055675,20.0291711629772,7.76080915740971,35,34,"shifted_gamma","intermediate",0.26010495851282,2.97660335344262,0.02,0.228259092864992,0.536010518638597,0.397079023341905,0.16917485405653,TRUE,"weak","not_applicable","none","clear_or_hard_cut","clear","clear",4.31669956010799,1.8003383166939,"none","none",,"not_applicable","not_applicable","S0037",4,0.4,"holdout",4.907344802227,8.01166846519088,3.10432366296389,0.104041983405128,0.008,0.0913036371459966
"TPL_019","TPL_019_STATE_004","TPL_019_RUN_013","Tonic","generic_stress",28.5423657785029,38.0149293515369,9.47256357303405,12,11,"shifted_gamma","generic_stress",0.723236366477795,5.40451442881022,0.02,0.861142143003096,0.283721838374956,0.373188470834824,0.126018593900664,FALSE,"none","no_evidence","none","not_applicable","not_applicable","not_applicable",,,"none","none",0.657910821303097,"eligible","pre_frozen_timestamp_evidence_contract_met","S0037",4,0.4,"holdout",11.4169463114011,15.2059717406148,3.78902542921362,0.289294546591118,0.008,0.344456857201238
"TPL_019","TPL_019_STATE_005","TPL_019_RUN_016","Broad_HFS","none",42.5234016190327,49.823676394752,7.3002747757193,31,30,"shifted_gamma","regular",0.273607328436337,10.6662489851005,0.02,0.243342492523977,0.446259728275859,0.392734626358942,0.197735473533857,TRUE,"strong","not_applicable","none","ambiguous_or_edge","clear","recording_edge_unobservable",2.57188558143909,,"none","none",,"not_applicable","not_applicable","S0037",4,0.4,"holdout",17.0093606476131,19.9294705579008,2.92010991028772,0.109442931374535,0.008,0.0973369970095908
"TPL_019","TPL_019_STATE_001","TPL_019_RUN_002","Broad_HFS","none",0.379075145433936,5.53508137498762,5.15600622955368,23,22,"shifted_gamma","irregular",0.257026779293083,1.5553221803857,0.02,0.234363919525167,0.577210340966964,0.91882710924721,0.792144860583958,FALSE,"none","not_applicable","none","no_evidence_at_one_or_more_boundaries","no_evidence","clear",0.29847593861626,5.68507652379593,"none","none",,"not_applicable","not_applicable","S0025",10,1,"holdout",0.379075145433936,5.53508137498762,5.15600622955368,0.257026779293083,0.02,0.234363919525167
"TPL_019","TPL_019_STATE_002","TPL_019_RUN_005","Broad_HFS","none",12.2683620055675,20.0291711629772,7.76080915740971,35,34,"shifted_gamma","intermediate",0.26010495851282,2.97660335344262,0.02,0.228259092864992,0.536010518638597,0.397079023341905,0.16917485405653,TRUE,"weak","not_applicable","none","clear_or_hard_cut","clear","clear",4.31669956010799,1.8003383166939,"none","none",,"not_applicable","not_applicable","S0025",10,1,"holdout",12.2683620055675,20.0291711629772,7.76080915740971,0.26010495851282,0.02,0.228259092864992
"TPL_019","TPL_019_STATE_004","TPL_019_RUN_013","Tonic","generic_stress",28.5423657785029,38.0149293515369,9.47256357303405,12,11,"shifted_gamma","generic_stress",0.723236366477795,5.40451442881022,0.02,0.861142143003096,0.283721838374956,0.373188470834824,0.126018593900664,FALSE,"none","no_evidence","none","not_applicable","not_applicable","not_applicable",,,"none","none",0.657910821303097,"eligible","pre_frozen_timestamp_evidence_contract_met","S0025",10,1,"holdout",28.5423657785029,38.0149293515369,9.47256357303405,0.723236366477795,0.02,0.861142143003096
"TPL_019","TPL_019_STATE_005","TPL_019_RUN_016","Broad_HFS","none",42.5234016190327,49.823676394752,7.3002747757193,31,30,"shifted_gamma","regular",0.273607328436337,10.6662489851005,0.02,0.243342492523977,0.446259728275859,0.392734626358942,0.197735473533857,TRUE,"strong","not_applicable","none","ambiguous_or_edge","clear","recording_edge_unobservable",2.57188558143909,,"none","none",,"not_applicable","not_applicable","S0025",10,1,"holdout",42.5234016190327,49.823676394752,7.3002747757193,0.273607328436337,0.02,0.243342492523977
"TPL_020","TPL_020_STATE_003","TPL_020_RUN_008","Broad_HFS","none",17.958657498665,22.7563351577603,4.79767765909538,22,21,"shifted_gamma","intermediate",0.243261541216634,2.51944991038181,0.02,0.228460840909304,0.601593535656221,0.560227402093276,0.348559559980198,FALSE,"none","not_applicable","none","no_evidence_at_one_or_more_boundaries","clear","no_evidence",2.47524377952351,0.59526327337637,"none","none",,"not_applicable","not_applicable","S0021",1,0.1,"holdout",1.7958657498665,2.27563351577603,0.479767765909538,0.0243261541216634,0.002,0.0228460840909304
"TPL_020","TPL_020_STATE_004","TPL_020_RUN_010","Broad_HFS","none",23.4935190557834,30.3060010488114,6.81248199302802,35,34,"shifted_gamma","irregular",0.182592828837223,1.775195136806,0.02,0.200367117442001,0.766277116444418,0.646463802473757,0.459421260847139,TRUE,"weak","not_applicable","TPL_020_REGIME_01","clear_or_hard_cut","clear","hard_cut_canonical_pause",1.83614848814717,1.00637913731808,"none","canonical_pause",,"not_applicable","not_applicable","S0021",1,0.1,"holdout",2.34935190557834,3.03060010488114,0.681248199302802,0.0182592828837223,0.002,0.0200367117442001
"TPL_020","TPL_020_STATE_005","TPL_020_RUN_012","Broad_HFS","none",34.5400422063625,40.4204263956155,5.88038418925302,30,29,"shifted_gamma","regular",0.21206723625306,8.3116439608857,0.02,0.202771868594932,0.525284488579442,0.381368615213183,0.180484466324502,TRUE,"moderate","not_applicable","TPL_020_REGIME_01","ambiguous_or_edge","hard_cut_canonical_pause","recording_edge_unobservable",2.32973242208687,,"canonical_pause","none",,"not_applicable","not_applicable","S0021",1,0.1,"holdout",3.45400422063625,4.04204263956155,0.588038418925302,0.021206723625306,0.002,0.0202771868594932
"TPL_020","TPL_020_STATE_003","TPL_020_RUN_008","Broad_HFS","none",17.958657498665,22.7563351577603,4.79767765909538,22,21,"shifted_gamma","intermediate",0.243261541216634,2.51944991038181,0.02,0.228460840909304,0.601593535656221,0.560227402093276,0.348559559980198,FALSE,"none","not_applicable","none","no_evidence_at_one_or_more_boundaries","clear","no_evidence",2.47524377952351,0.59526327337637,"none","none",,"not_applicable","not_applicable","S0020",4,0.4,"holdout",7.18346299946599,9.10253406310414,1.91907106363815,0.0973046164866537,0.008,0.0913843363637215
"TPL_020","TPL_020_STATE_004","TPL_020_RUN_010","Broad_HFS","none",23.4935190557834,30.3060010488114,6.81248199302802,35,34,"shifted_gamma","irregular",0.182592828837223,1.775195136806,0.02,0.200367117442001,0.766277116444418,0.646463802473757,0.459421260847139,TRUE,"weak","not_applicable","TPL_020_REGIME_01","clear_or_hard_cut","clear","hard_cut_canonical_pause",1.83614848814717,1.00637913731808,"none","canonical_pause",,"not_applicable","not_applicable","S0020",4,0.4,"holdout",9.39740762231335,12.1224004195246,2.72499279721121,0.0730371315348893,0.008,0.0801468469768002
"TPL_020","TPL_020_STATE_005","TPL_020_RUN_012","Broad_HFS","none",34.5400422063625,40.4204263956155,5.88038418925302,30,29,"shifted_gamma","regular",0.21206723625306,8.3116439608857,0.02,0.202771868594932,0.525284488579442,0.381368615213183,0.180484466324502,TRUE,"moderate","not_applicable","TPL_020_REGIME_01","ambiguous_or_edge","hard_cut_canonical_pause","recording_edge_unobservable",2.32973242208687,,"canonical_pause","none",,"not_applicable","not_applicable","S0020",4,0.4,"holdout",13.816016882545,16.1681705582462,2.35215367570121,0.0848268945012242,0.008,0.0811087474379727
"TPL_020","TPL_020_STATE_003","TPL_020_RUN_008","Broad_HFS","none",17.958657498665,22.7563351577603,4.79767765909538,22,21,"shifted_gamma","intermediate",0.243261541216634,2.51944991038181,0.02,0.228460840909304,0.601593535656221,0.560227402093276,0.348559559980198,FALSE,"none","not_applicable","none","no_evidence_at_one_or_more_boundaries","clear","no_evidence",2.47524377952351,0.59526327337637,"none","none",,"not_applicable","not_applicable","S0003",10,1,"holdout",17.958657498665,22.7563351577603,4.79767765909538,0.243261541216634,0.02,0.228460840909304
"TPL_020","TPL_020_STATE_004","TPL_020_RUN_010","Broad_HFS","none",23.4935190557834,30.3060010488114,6.81248199302802,35,34,"shifted_gamma","irregular",0.182592828837223,1.775195136806,0.02,0.200367117442001,0.766277116444418,0.646463802473757,0.459421260847139,TRUE,"weak","not_applicable","TPL_020_REGIME_01","clear_or_hard_cut","clear","hard_cut_canonical_pause",1.83614848814717,1.00637913731808,"none","canonical_pause",,"not_applicable","not_applicable","S0003",10,1,"holdout",23.4935190557834,30.3060010488114,6.81248199302802,0.182592828837223,0.02,0.200367117442001
"TPL_020","TPL_020_STATE_005","TPL_020_RUN_012","Broad_HFS","none",34.5400422063625,40.4204263956155,5.88038418925302,30,29,"shifted_gamma","regular",0.21206723625306,8.3116439608857,0.02,0.202771868594932,0.525284488579442,0.381368615213183,0.180484466324502,TRUE,"moderate","not_applicable","TPL_020_REGIME_01","ambiguous_or_edge","hard_cut_canonical_pause","recording_edge_unobservable",2.32973242208687,,"canonical_pause","none",,"not_applicable","not_applicable","S0003",10,1,"holdout",34.5400422063625,40.4204263956155,5.88038418925302,0.21206723625306,0.02,0.202771868594932
