"Phenotype_Evidence_ID","Template_ID","Candidate_Origin","Mechanism_Event_ID","State_Envelope_ID","Start_Interval_Index","End_Interval_Index","Start_u","End_u","N_ISIs","N_Spikes","Duration_u","Internal_Median_ISI_u","Flank_Median_ISI_u","Median_Contrast","Mean_Rate_Ratio","Internal_CV","Compactness","Evidence_Score","Phenotype_Label","Ambiguity_Reason","Mechanism_Estimand_Role","Phenotype_Estimand_Eligibility","Sample_ID","Scale_Factor","B_s","Split","Start_s","End_s","Duration_s","Internal_Median_ISI_s","Flank_Median_ISI_s"
"PHENO_0001","TPL_001","injected_rate_pulse","TPL_001_EVENT_002","none",17,19,17.6424763036408,18.0571513647342,3,4,0.414675061093326,0.131587450153997,0.653642087993042,4.9673588722031,7.47101216358834,0.107256597120917,0.219383856962051,3.26831591021827,"no_burst_evidence","none","injected_burst","eligible","S0015",1,0.1,"development",1.76424763036408,1.80571513647342,0.0414675061093326,0.0131587450153997,0.0653642087993042
"PHENO_0002","TPL_001","injected_rate_pulse","TPL_001_EVENT_003","none",21,24,18.619507071622,19.0748320227762,4,5,0.455324951154239,0.111671126941369,0.418522386092937,3.74781196855544,3.03043427533481,0.442079613093928,0.30820152668712,2.87531291158691,"no_burst_evidence","none","injected_burst","eligible","S0015",1,0.1,"development",1.8619507071622,1.90748320227762,0.0455324951154239,0.0111671126941369,0.0418522386092937
"PHENO_0003","TPL_001","injected_rate_pulse","TPL_001_EVENT_005","none",44,48,32.3424937257514,32.8102865536165,5,6,0.467792827865156,0.0701355047830745,0.269856830587301,3.84764936706385,9.77812044163385,0.511433714150953,0.412204013918681,3.53191099003382,"ambiguous_burst_like","score_between_pre_frozen_gamma_null_guard_bands","injected_burst","exclude_primary_include_sensitivity","S0015",1,0.1,"development",3.23424937257514,3.28102865536165,0.0467792827865156,0.00701355047830745,0.0269856830587301
"PHENO_0004","TPL_001","injected_rate_pulse","TPL_001_EVENT_006","none",87,94,42.249477652562,42.7665042080916,8,9,0.517026555529654,0.0541202588350247,0.231646678053946,4.28022117854382,3.05090907435517,0.388030645338806,0.299384978368081,4.3526031282531,"clear_burst_like","none","injected_burst","eligible","S0015",1,0.1,"development",4.2249477652562,4.27665042080916,0.0517026555529654,0.00541202588350247,0.0231646678053946
"PHENO_0005","TPL_001","injected_rate_pulse","TPL_001_EVENT_008","none",116,119,50.7372738245077,50.9479075112092,4,5,0.210633686701435,0.0548772429891546,0.268462909471363,4.89206262647741,4.99763848883112,0.244357549590843,0.224524676070674,3.55303365881386,"ambiguous_burst_like","score_between_pre_frozen_gamma_null_guard_bands","injected_burst","exclude_primary_include_sensitivity","S0015",1,0.1,"development",5.07372738245077,5.09479075112092,0.0210633686701435,0.00548772429891546,0.0268462909471363
"PHENO_0101","TPL_001","null_model_burst_like_excursion","none","TPL_001_STATE_003",66,68,36.128398568561,36.3550198490797,3,4,0.226621280518748,0.0693308619996812,0.178418952525168,2.57344200517784,3.06035695960017,0.666895717875362,0.55505822282277,1.8501544797729,"no_burst_evidence","none","mechanism_negative_null_excursion_audit","eligible","S0015",1,0.1,"development",3.6128398568561,3.63550198490797,0.0226621280518749,0.00693308619996812,0.0178418952525168
"PHENO_0001","TPL_001","injected_rate_pulse","TPL_001_EVENT_002","none",17,19,17.6424763036408,18.0571513647342,3,4,0.414675061093326,0.131587450153997,0.653642087993042,4.9673588722031,7.47101216358834,0.107256597120917,0.219383856962051,3.26831591021827,"no_burst_evidence","none","injected_burst","eligible","S0056",4,0.4,"development",7.05699052145633,7.22286054589366,0.16587002443733,0.0526349800615989,0.261456835197217
"PHENO_0002","TPL_001","injected_rate_pulse","TPL_001_EVENT_003","none",21,24,18.619507071622,19.0748320227762,4,5,0.455324951154239,0.111671126941369,0.418522386092937,3.74781196855544,3.03043427533481,0.442079613093928,0.30820152668712,2.87531291158691,"no_burst_evidence","none","injected_burst","eligible","S0056",4,0.4,"development",7.44780282864879,7.62993280911049,0.182129980461696,0.0446684507765476,0.167408954437175
"PHENO_0003","TPL_001","injected_rate_pulse","TPL_001_EVENT_005","none",44,48,32.3424937257514,32.8102865536165,5,6,0.467792827865156,0.0701355047830745,0.269856830587301,3.84764936706385,9.77812044163385,0.511433714150953,0.412204013918681,3.53191099003382,"ambiguous_burst_like","score_between_pre_frozen_gamma_null_guard_bands","injected_burst","exclude_primary_include_sensitivity","S0056",4,0.4,"development",12.9369974903005,13.1241146214466,0.187117131146063,0.0280542019132298,0.10794273223492
"PHENO_0004","TPL_001","injected_rate_pulse","TPL_001_EVENT_006","none",87,94,42.249477652562,42.7665042080916,8,9,0.517026555529654,0.0541202588350247,0.231646678053946,4.28022117854382,3.05090907435517,0.388030645338806,0.299384978368081,4.3526031282531,"clear_burst_like","none","injected_burst","eligible","S0056",4,0.4,"development",16.8997910610248,17.1066016832367,0.206810622211862,0.0216481035340099,0.0926586712215784
"PHENO_0005","TPL_001","injected_rate_pulse","TPL_001_EVENT_008","none",116,119,50.7372738245077,50.9479075112092,4,5,0.210633686701435,0.0548772429891546,0.268462909471363,4.89206262647741,4.99763848883112,0.244357549590843,0.224524676070674,3.55303365881386,"ambiguous_burst_like","score_between_pre_frozen_gamma_null_guard_bands","injected_burst","exclude_primary_include_sensitivity","S0056",4,0.4,"development",20.2949095298031,20.3791630044837,0.0842534746805739,0.0219508971956619,0.107385163788545
"PHENO_0101","TPL_001","null_model_burst_like_excursion","none","TPL_001_STATE_003",66,68,36.128398568561,36.3550198490797,3,4,0.226621280518748,0.0693308619996812,0.178418952525168,2.57344200517784,3.06035695960017,0.666895717875362,0.55505822282277,1.8501544797729,"no_burst_evidence","none","mechanism_negative_null_excursion_audit","eligible","S0056",4,0.4,"development",14.4513594274244,14.5420079396319,0.0906485122074994,0.0277323447998725,0.0713675810100671
"PHENO_0001","TPL_001","injected_rate_pulse","TPL_001_EVENT_002","none",17,19,17.6424763036408,18.0571513647342,3,4,0.414675061093326,0.131587450153997,0.653642087993042,4.9673588722031,7.47101216358834,0.107256597120917,0.219383856962051,3.26831591021827,"no_burst_evidence","none","injected_burst","eligible","S0007",10,1,"development",17.6424763036408,18.0571513647342,0.414675061093326,0.131587450153997,0.653642087993042
"PHENO_0002","TPL_001","injected_rate_pulse","TPL_001_EVENT_003","none",21,24,18.619507071622,19.0748320227762,4,5,0.455324951154239,0.111671126941369,0.418522386092937,3.74781196855544,3.03043427533481,0.442079613093928,0.30820152668712,2.87531291158691,"no_burst_evidence","none","injected_burst","eligible","S0007",10,1,"development",18.619507071622,19.0748320227762,0.455324951154239,0.111671126941369,0.418522386092937
"PHENO_0003","TPL_001","injected_rate_pulse","TPL_001_EVENT_005","none",44,48,32.3424937257514,32.8102865536165,5,6,0.467792827865156,0.0701355047830745,0.269856830587301,3.84764936706385,9.77812044163385,0.511433714150953,0.412204013918681,3.53191099003382,"ambiguous_burst_like","score_between_pre_frozen_gamma_null_guard_bands","injected_burst","exclude_primary_include_sensitivity","S0007",10,1,"development",32.3424937257514,32.8102865536165,0.467792827865156,0.0701355047830745,0.269856830587301
"PHENO_0004","TPL_001","injected_rate_pulse","TPL_001_EVENT_006","none",87,94,42.249477652562,42.7665042080916,8,9,0.517026555529654,0.0541202588350247,0.231646678053946,4.28022117854382,3.05090907435517,0.388030645338806,0.299384978368081,4.3526031282531,"clear_burst_like","none","injected_burst","eligible","S0007",10,1,"development",42.249477652562,42.7665042080916,0.517026555529654,0.0541202588350247,0.231646678053946
"PHENO_0005","TPL_001","injected_rate_pulse","TPL_001_EVENT_008","none",116,119,50.7372738245077,50.9479075112092,4,5,0.210633686701435,0.0548772429891546,0.268462909471363,4.89206262647741,4.99763848883112,0.244357549590843,0.224524676070674,3.55303365881386,"ambiguous_burst_like","score_between_pre_frozen_gamma_null_guard_bands","injected_burst","exclude_primary_include_sensitivity","S0007",10,1,"development",50.7372738245077,50.9479075112092,0.210633686701435,0.0548772429891546,0.268462909471363
"PHENO_0101","TPL_001","null_model_burst_like_excursion","none","TPL_001_STATE_003",66,68,36.128398568561,36.3550198490797,3,4,0.226621280518748,0.0693308619996812,0.178418952525168,2.57344200517784,3.06035695960017,0.666895717875362,0.55505822282277,1.8501544797729,"no_burst_evidence","none","mechanism_negative_null_excursion_audit","eligible","S0007",10,1,"development",36.128398568561,36.3550198490797,0.226621280518748,0.0693308619996812,0.178418952525168
"PHENO_0006","TPL_002","injected_rate_pulse","TPL_002_EVENT_001","none",29,34,5.29445742582929,5.96551545889724,6,7,0.671058033067952,0.10397807408996,0.220787065929685,2.12340022511538,2.38295570141563,0.484553252354529,0.577318046939228,2.01314161853197,"no_burst_evidence","none","injected_burst","eligible","S0030",1,0.1,"development",0.529445742582929,0.596551545889724,0.0671058033067952,0.010397807408996,0.0220787065929685
"PHENO_0007","TPL_002","injected_rate_pulse","TPL_002_EVENT_002","none",54,58,10.7410217365759,10.9459106462672,5,6,0.204888909691267,0.0401960692288199,0.214100708417149,5.3264090873752,6.73806117329438,0.261987380763399,0.235710002412416,4.19096445153771,"clear_burst_like","none","injected_burst","eligible","S0030",1,0.1,"development",1.07410217365759,1.09459106462672,0.0204888909691267,0.00401960692288199,0.0214100708417149
"PHENO_0008","TPL_002","injected_rate_pulse","TPL_002_EVENT_003","none",88,90,18.4050742583374,18.5616636354884,3,4,0.156589377150942,0.0560478612849091,0.180171149672625,3.21459455440696,3.57091202482583,0.256118381529374,0.330975067337791,2.31511129416181,"no_burst_evidence","none","injected_burst","eligible","S0030",1,0.1,"development",1.84050742583374,1.85616636354884,0.0156589377150942,0.00560478612849091,0.0180171149672625
"PHENO_0009","TPL_002","injected_rate_pulse","TPL_002_EVENT_006","none",117,123,33.1294997036528,33.9432923620078,7,8,0.813792658355071,0.120475481888613,0.245250930906185,2.03569163668451,5.41323269089972,0.195608179983591,0.542364013127105,2.283345100255,"no_burst_evidence","none","injected_burst","eligible","S0030",1,0.1,"development",3.31294997036528,3.39432923620078,0.0813792658355071,0.0120475481888613,0.0245250930906185
"PHENO_0010","TPL_002","injected_rate_pulse","TPL_002_EVENT_007","none",125,132,34.5681296938542,35.2758776137182,8,9,0.707747919863991,0.0852517524352742,0.457424035521469,5.36556753913956,6.19697580412895,0.327007239202124,0.22809463979992,5.17507829355268,"clear_burst_like","none","injected_burst","eligible","S0030",1,0.1,"development",3.45681296938542,3.52758776137182,0.0707747919863991,0.00852517524352742,0.0457424035521469
"PHENO_0102","TPL_002","null_model_burst_like_excursion","none","TPL_002_STATE_001",3,5,0.406689033117169,0.849503301136549,3,4,0.44281426801938,0.115468678733395,0.208949698511219,1.80957902007056,1.46240287378573,0.470998222382425,0.820411409602289,1.07518974405947,"no_burst_evidence","none","mechanism_negative_null_excursion_audit","eligible","S0030",1,0.1,"development",0.0406689033117169,0.0849503301136549,0.044281426801938,0.0115468678733395,0.0208949698511219
"PHENO_0006","TPL_002","injected_rate_pulse","TPL_002_EVENT_001","none",29,34,5.29445742582929,5.96551545889724,6,7,0.671058033067952,0.10397807408996,0.220787065929685,2.12340022511538,2.38295570141563,0.484553252354529,0.577318046939228,2.01314161853197,"no_burst_evidence","none","injected_burst","eligible","S0006",4,0.4,"development",2.11778297033172,2.3862061835589,0.268423213227181,0.0415912296359841,0.088314826371874
"PHENO_0007","TPL_002","injected_rate_pulse","TPL_002_EVENT_002","none",54,58,10.7410217365759,10.9459106462672,5,6,0.204888909691267,0.0401960692288199,0.214100708417149,5.3264090873752,6.73806117329438,0.261987380763399,0.235710002412416,4.19096445153771,"clear_burst_like","none","injected_burst","eligible","S0006",4,0.4,"development",4.29640869463036,4.37836425850687,0.0819555638765067,0.016078427691528,0.0856402833668597
"PHENO_0008","TPL_002","injected_rate_pulse","TPL_002_EVENT_003","none",88,90,18.4050742583374,18.5616636354884,3,4,0.156589377150942,0.0560478612849091,0.180171149672625,3.21459455440696,3.57091202482583,0.256118381529374,0.330975067337791,2.31511129416181,"no_burst_evidence","none","injected_burst","eligible","S0006",4,0.4,"development",7.36202970333497,7.42466545419534,0.0626357508603768,0.0224191445139637,0.0720684598690502
"PHENO_0009","TPL_002","injected_rate_pulse","TPL_002_EVENT_006","none",117,123,33.1294997036528,33.9432923620078,7,8,0.813792658355071,0.120475481888613,0.245250930906185,2.03569163668451,5.41323269089972,0.195608179983591,0.542364013127105,2.283345100255,"no_burst_evidence","none","injected_burst","eligible","S0006",4,0.4,"development",13.2517998814611,13.5773169448031,0.325517063342029,0.0481901927554453,0.0981003723624742
"PHENO_0010","TPL_002","injected_rate_pulse","TPL_002_EVENT_007","none",125,132,34.5681296938542,35.2758776137182,8,9,0.707747919863991,0.0852517524352742,0.457424035521469,5.36556753913956,6.19697580412895,0.327007239202124,0.22809463979992,5.17507829355268,"clear_burst_like","none","injected_burst","eligible","S0006",4,0.4,"development",13.8272518775417,14.1103510454873,0.283099167945596,0.0341007009741097,0.182969614208588
"PHENO_0102","TPL_002","null_model_burst_like_excursion","none","TPL_002_STATE_001",3,5,0.406689033117169,0.849503301136549,3,4,0.44281426801938,0.115468678733395,0.208949698511219,1.80957902007056,1.46240287378573,0.470998222382425,0.820411409602289,1.07518974405947,"no_burst_evidence","none","mechanism_negative_null_excursion_audit","eligible","S0006",4,0.4,"development",0.162675613246868,0.33980132045462,0.177125707207752,0.0461874714933579,0.0835798794044876
"PHENO_0006","TPL_002","injected_rate_pulse","TPL_002_EVENT_001","none",29,34,5.29445742582929,5.96551545889724,6,7,0.671058033067952,0.10397807408996,0.220787065929685,2.12340022511538,2.38295570141563,0.484553252354529,0.577318046939228,2.01314161853197,"no_burst_evidence","none","injected_burst","eligible","S0044",10,1,"development",5.29445742582929,5.96551545889724,0.671058033067952,0.10397807408996,0.220787065929685
"PHENO_0007","TPL_002","injected_rate_pulse","TPL_002_EVENT_002","none",54,58,10.7410217365759,10.9459106462672,5,6,0.204888909691267,0.0401960692288199,0.214100708417149,5.3264090873752,6.73806117329438,0.261987380763399,0.235710002412416,4.19096445153771,"clear_burst_like","none","injected_burst","eligible","S0044",10,1,"development",10.7410217365759,10.9459106462672,0.204888909691267,0.0401960692288199,0.214100708417149
"PHENO_0008","TPL_002","injected_rate_pulse","TPL_002_EVENT_003","none",88,90,18.4050742583374,18.5616636354884,3,4,0.156589377150942,0.0560478612849091,0.180171149672625,3.21459455440696,3.57091202482583,0.256118381529374,0.330975067337791,2.31511129416181,"no_burst_evidence","none","injected_burst","eligible","S0044",10,1,"development",18.4050742583374,18.5616636354884,0.156589377150942,0.0560478612849091,0.180171149672625
"PHENO_0009","TPL_002","injected_rate_pulse","TPL_002_EVENT_006","none",117,123,33.1294997036528,33.9432923620078,7,8,0.813792658355071,0.120475481888613,0.245250930906185,2.03569163668451,5.41323269089972,0.195608179983591,0.542364013127105,2.283345100255,"no_burst_evidence","none","injected_burst","eligible","S0044",10,1,"development",33.1294997036528,33.9432923620078,0.813792658355071,0.120475481888613,0.245250930906185
"PHENO_0010","TPL_002","injected_rate_pulse","TPL_002_EVENT_007","none",125,132,34.5681296938542,35.2758776137182,8,9,0.707747919863991,0.0852517524352742,0.457424035521469,5.36556753913956,6.19697580412895,0.327007239202124,0.22809463979992,5.17507829355268,"clear_burst_like","none","injected_burst","eligible","S0044",10,1,"development",34.5681296938542,35.2758776137182,0.707747919863991,0.0852517524352742,0.457424035521469
"PHENO_0102","TPL_002","null_model_burst_like_excursion","none","TPL_002_STATE_001",3,5,0.406689033117169,0.849503301136549,3,4,0.44281426801938,0.115468678733395,0.208949698511219,1.80957902007056,1.46240287378573,0.470998222382425,0.820411409602289,1.07518974405947,"no_burst_evidence","none","mechanism_negative_null_excursion_audit","eligible","S0044",10,1,"development",0.406689033117169,0.849503301136549,0.44281426801938,0.115468678733395,0.208949698511219
"PHENO_0011","TPL_003","injected_rate_pulse","TPL_003_EVENT_001","none",16,18,3.56149356534955,3.72754494925588,3,4,0.166051383906334,0.0565001069448408,0.277642714822772,4.91402104944377,5.397452906259,0.191377518879271,0.219385706377688,3.15992923789093,"no_burst_evidence","none","injected_burst","eligible","S0058",1,0.1,"development",0.356149356534955,0.372754494925589,0.0166051383906334,0.00565001069448408,0.0277642714822772
"PHENO_0012","TPL_003","injected_rate_pulse","TPL_003_EVENT_003","none",41,46,14.9789357402461,15.303255809875,6,7,0.324320069628844,0.053681421777029,0.250911139209682,4.67407775173813,4.1721628759278,0.191397782824485,0.234505851378001,4.11516011674858,"clear_burst_like","none","injected_burst","eligible","S0058",1,0.1,"development",1.49789357402461,1.5303255809875,0.0324320069628844,0.0053681421777029,0.0250911139209682
"PHENO_0013","TPL_003","injected_rate_pulse","TPL_003_EVENT_005","none",76,81,33.8596064784505,34.4226938060894,6,7,0.563087327638944,0.0895858509462492,0.612182185118008,6.83346955631769,8.55001507175908,0.311488542135574,0.192261865288432,5.21284348255244,"clear_burst_like","none","injected_burst","eligible","S0058",1,0.1,"development",3.38596064784505,3.44226938060894,0.0563087327638944,0.00895858509462492,0.0612182185118008
"PHENO_0014","TPL_003","injected_rate_pulse","TPL_003_EVENT_006","none",83,86,35.0309840098438,35.7074947395661,4,5,0.676510729722308,0.144397998657431,0.0736167336315467,0.509818240668244,0.864430486542075,0.434462562939266,2.44578736095347,-1.42726936804673,"no_burst_evidence","none","injected_burst","eligible","S0058",1,0.1,"development",3.50309840098438,3.57074947395661,0.0676510729722308,0.0144397998657431,0.00736167336315468
"PHENO_0015","TPL_003","injected_rate_pulse","TPL_003_EVENT_007","none",87,91,35.7074947395661,36.0713132367282,5,6,0.363818497162096,0.0637256198053964,0.144397998657431,2.26593321647384,2.04848639179539,0.320420933391305,0.567763537412932,1.97630704434326,"no_burst_evidence","none","injected_burst","eligible","S0058",1,0.1,"development",3.57074947395661,3.60713132367282,0.0363818497162096,0.00637256198053964,0.0144397998657431
"PHENO_0103","TPL_003","null_model_burst_like_excursion","none","TPL_003_STATE_004",93,95,36.272096907893,36.5872460918379,3,4,0.315149183944885,0.0817344018099567,0.245021819340668,2.9977807864842,2.28356364344757,0.486610889682241,0.500778427219595,2.05934378123606,"no_burst_evidence","none","mechanism_negative_null_excursion_audit","eligible","S0058",1,0.1,"development",3.6272096907893,3.65872460918379,0.0315149183944885,0.00817344018099567,0.0245021819340668
"PHENO_0011","TPL_003","injected_rate_pulse","TPL_003_EVENT_001","none",16,18,3.56149356534955,3.72754494925588,3,4,0.166051383906334,0.0565001069448408,0.277642714822772,4.91402104944377,5.397452906259,0.191377518879271,0.219385706377688,3.15992923789093,"no_burst_evidence","none","injected_burst","eligible","S0049",4,0.4,"development",1.42459742613982,1.49101797970235,0.0664205535625337,0.0226000427779363,0.111057085929109
"PHENO_0012","TPL_003","injected_rate_pulse","TPL_003_EVENT_003","none",41,46,14.9789357402461,15.303255809875,6,7,0.324320069628844,0.053681421777029,0.250911139209682,4.67407775173813,4.1721628759278,0.191397782824485,0.234505851378001,4.11516011674858,"clear_burst_like","none","injected_burst","eligible","S0049",4,0.4,"development",5.99157429609844,6.12130232394998,0.129728027851538,0.0214725687108116,0.100364455683873
"PHENO_0013","TPL_003","injected_rate_pulse","TPL_003_EVENT_005","none",76,81,33.8596064784505,34.4226938060894,6,7,0.563087327638944,0.0895858509462492,0.612182185118008,6.83346955631769,8.55001507175908,0.311488542135574,0.192261865288432,5.21284348255244,"clear_burst_like","none","injected_burst","eligible","S0049",4,0.4,"development",13.5438425913802,13.7690775224358,0.225234931055577,0.0358343403784997,0.244872874047203
"PHENO_0014","TPL_003","injected_rate_pulse","TPL_003_EVENT_006","none",83,86,35.0309840098438,35.7074947395661,4,5,0.676510729722308,0.144397998657431,0.0736167336315467,0.509818240668244,0.864430486542075,0.434462562939266,2.44578736095347,-1.42726936804673,"no_burst_evidence","none","injected_burst","eligible","S0049",4,0.4,"development",14.0123936039375,14.2829978958264,0.270604291888923,0.0577591994629723,0.0294466934526187
"PHENO_0015","TPL_003","injected_rate_pulse","TPL_003_EVENT_007","none",87,91,35.7074947395661,36.0713132367282,5,6,0.363818497162096,0.0637256198053964,0.144397998657431,2.26593321647384,2.04848639179539,0.320420933391305,0.567763537412932,1.97630704434326,"no_burst_evidence","none","injected_burst","eligible","S0049",4,0.4,"development",14.2829978958264,14.4285252946913,0.145527398864838,0.0254902479221586,0.0577591994629723
"PHENO_0103","TPL_003","null_model_burst_like_excursion","none","TPL_003_STATE_004",93,95,36.272096907893,36.5872460918379,3,4,0.315149183944885,0.0817344018099567,0.245021819340668,2.9977807864842,2.28356364344757,0.486610889682241,0.500778427219595,2.05934378123606,"no_burst_evidence","none","mechanism_negative_null_excursion_audit","eligible","S0049",4,0.4,"development",14.5088387631572,14.6348984367351,0.126059673577954,0.0326937607239827,0.0980087277362672
"PHENO_0011","TPL_003","injected_rate_pulse","TPL_003_EVENT_001","none",16,18,3.56149356534955,3.72754494925588,3,4,0.166051383906334,0.0565001069448408,0.277642714822772,4.91402104944377,5.397452906259,0.191377518879271,0.219385706377688,3.15992923789093,"no_burst_evidence","none","injected_burst","eligible","S0040",10,1,"development",3.56149356534955,3.72754494925588,0.166051383906334,0.0565001069448408,0.277642714822772
"PHENO_0012","TPL_003","injected_rate_pulse","TPL_003_EVENT_003","none",41,46,14.9789357402461,15.303255809875,6,7,0.324320069628844,0.053681421777029,0.250911139209682,4.67407775173813,4.1721628759278,0.191397782824485,0.234505851378001,4.11516011674858,"clear_burst_like","none","injected_burst","eligible","S0040",10,1,"development",14.9789357402461,15.303255809875,0.324320069628844,0.053681421777029,0.250911139209682
"PHENO_0013","TPL_003","injected_rate_pulse","TPL_003_EVENT_005","none",76,81,33.8596064784505,34.4226938060894,6,7,0.563087327638944,0.0895858509462492,0.612182185118008,6.83346955631769,8.55001507175908,0.311488542135574,0.192261865288432,5.21284348255244,"clear_burst_like","none","injected_burst","eligible","S0040",10,1,"development",33.8596064784505,34.4226938060894,0.563087327638944,0.0895858509462492,0.612182185118008
"PHENO_0014","TPL_003","injected_rate_pulse","TPL_003_EVENT_006","none",83,86,35.0309840098438,35.7074947395661,4,5,0.676510729722308,0.144397998657431,0.0736167336315467,0.509818240668244,0.864430486542075,0.434462562939266,2.44578736095347,-1.42726936804673,"no_burst_evidence","none","injected_burst","eligible","S0040",10,1,"development",35.0309840098438,35.7074947395661,0.676510729722308,0.144397998657431,0.0736167336315467
"PHENO_0015","TPL_003","injected_rate_pulse","TPL_003_EVENT_007","none",87,91,35.7074947395661,36.0713132367282,5,6,0.363818497162096,0.0637256198053964,0.144397998657431,2.26593321647384,2.04848639179539,0.320420933391305,0.567763537412932,1.97630704434326,"no_burst_evidence","none","injected_burst","eligible","S0040",10,1,"development",35.7074947395661,36.0713132367282,0.363818497162096,0.0637256198053964,0.144397998657431
"PHENO_0103","TPL_003","null_model_burst_like_excursion","none","TPL_003_STATE_004",93,95,36.272096907893,36.5872460918379,3,4,0.315149183944885,0.0817344018099567,0.245021819340668,2.9977807864842,2.28356364344757,0.486610889682241,0.500778427219595,2.05934378123606,"no_burst_evidence","none","mechanism_negative_null_excursion_audit","eligible","S0040",10,1,"development",36.272096907893,36.5872460918379,0.315149183944885,0.0817344018099567,0.245021819340668
"PHENO_0016","TPL_004","injected_rate_pulse","TPL_004_EVENT_001","none",32,34,6.62192629420036,6.98518688720264,3,4,0.363260593002274,0.145303084723886,0.160545294535699,1.10489942344154,1.24835564204177,0.533520502501097,0.982231742211622,0.17488428495942,"no_burst_evidence","none","injected_burst","eligible","S0011",1,0.1,"development",0.662192629420036,0.698518688720264,0.0363260593002274,0.0145303084723886,0.0160545294535699
"PHENO_0017","TPL_004","injected_rate_pulse","TPL_004_EVENT_002","none",44,51,8.46226527046276,8.86089694805256,8,9,0.398631677589805,0.0488500688090024,0.173043080750391,3.54233033789508,3.72466018144984,0.324381913770775,0.317621663473897,3.87365734386862,"ambiguous_burst_like","score_between_pre_frozen_gamma_null_guard_bands","injected_burst","exclude_primary_include_sensitivity","S0011",1,0.1,"development",0.846226527046276,0.886089694805256,0.0398631677589805,0.00488500688090025,0.0173043080750391
"PHENO_0018","TPL_004","injected_rate_pulse","TPL_004_EVENT_004","none",82,88,19.2485018449803,19.6835422944893,7,8,0.43504044950899,0.06166747505823,0.341845045477383,5.54336050170034,4.66986571354518,0.190075871941104,0.197237578946306,4.89739108319681,"clear_burst_like","none","injected_burst","eligible","S0011",1,0.1,"development",1.92485018449803,1.96835422944893,0.043504044950899,0.006166747505823,0.0341845045477383
"PHENO_0019","TPL_004","injected_rate_pulse","TPL_004_EVENT_005","none",104,110,24.8397156610165,25.6417785721609,7,8,0.802062911144312,0.092994015423618,0.255543346050446,2.74795474618838,3.25503018996874,0.407189697253187,0.464614157643607,2.92880740310223,"no_burst_evidence","none","injected_burst","eligible","S0011",1,0.1,"development",2.48397156610165,2.56417785721609,0.0802062911144312,0.0092994015423618,0.0255543346050446
"PHENO_0020","TPL_004","injected_rate_pulse","TPL_004_EVENT_006","none",112,119,26.1615497471542,26.9786898147968,8,9,0.817140067642592,0.0811950600086462,0.731567581845842,9.01000112282619,6.11352561600709,0.388699275853112,0.185547207326058,6.63158687841123,"clear_burst_like","none","injected_burst","eligible","S0011",1,0.1,"development",2.61615497471542,2.69786898147968,0.0817140067642592,0.00811950600086462,0.0731567581845843
"PHENO_0104","TPL_004","null_model_burst_like_excursion","none","TPL_004_STATE_001",8,11,1.8248742500024,2.47272316119507,4,5,0.64784891119267,0.146988141290779,0.231782733231876,1.57688049659294,1.39134709717805,0.47703675193281,0.805628463104022,0.945761480245904,"no_burst_evidence","none","mechanism_negative_null_excursion_audit","eligible","S0011",1,0.1,"development",0.18248742500024,0.247272316119507,0.064784891119267,0.0146988141290779,0.0231782733231876
"PHENO_0016","TPL_004","injected_rate_pulse","TPL_004_EVENT_001","none",32,34,6.62192629420036,6.98518688720264,3,4,0.363260593002274,0.145303084723886,0.160545294535699,1.10489942344154,1.24835564204177,0.533520502501097,0.982231742211622,0.17488428495942,"no_burst_evidence","none","injected_burst","eligible","S0014",4,0.4,"development",2.64877051768014,2.79407475488105,0.14530423720091,0.0581212338895543,0.0642181178142797
"PHENO_0017","TPL_004","injected_rate_pulse","TPL_004_EVENT_002","none",44,51,8.46226527046276,8.86089694805256,8,9,0.398631677589805,0.0488500688090024,0.173043080750391,3.54233033789508,3.72466018144984,0.324381913770775,0.317621663473897,3.87365734386862,"ambiguous_burst_like","score_between_pre_frozen_gamma_null_guard_bands","injected_burst","exclude_primary_include_sensitivity","S0014",4,0.4,"development",3.3849061081851,3.54435877922103,0.159452671035922,0.019540027523601,0.0692172323001565
"PHENO_0018","TPL_004","injected_rate_pulse","TPL_004_EVENT_004","none",82,88,19.2485018449803,19.6835422944893,7,8,0.43504044950899,0.06166747505823,0.341845045477383,5.54336050170034,4.66986571354518,0.190075871941104,0.197237578946306,4.89739108319681,"clear_burst_like","none","injected_burst","eligible","S0014",4,0.4,"development",7.69940073799213,7.87341691779572,0.174016179803596,0.024666990023292,0.136738018190953
"PHENO_0019","TPL_004","injected_rate_pulse","TPL_004_EVENT_005","none",104,110,24.8397156610165,25.6417785721609,7,8,0.802062911144312,0.092994015423618,0.255543346050446,2.74795474618838,3.25503018996874,0.407189697253187,0.464614157643607,2.92880740310223,"no_burst_evidence","none","injected_burst","eligible","S0014",4,0.4,"development",9.93588626440662,10.2567114288643,0.320825164457725,0.0371976061694472,0.102217338420178
"PHENO_0020","TPL_004","injected_rate_pulse","TPL_004_EVENT_006","none",112,119,26.1615497471542,26.9786898147968,8,9,0.817140067642592,0.0811950600086462,0.731567581845842,9.01000112282619,6.11352561600709,0.388699275853112,0.185547207326058,6.63158687841123,"clear_burst_like","none","injected_burst","eligible","S0014",4,0.4,"development",10.4646198988617,10.7914759259187,0.326856027057037,0.0324780240034585,0.292627032738337
"PHENO_0104","TPL_004","null_model_burst_like_excursion","none","TPL_004_STATE_001",8,11,1.8248742500024,2.47272316119507,4,5,0.64784891119267,0.146988141290779,0.231782733231876,1.57688049659294,1.39134709717805,0.47703675193281,0.805628463104022,0.945761480245904,"no_burst_evidence","none","mechanism_negative_null_excursion_audit","eligible","S0014",4,0.4,"development",0.729949700000961,0.98908926447803,0.259139564477068,0.0587952565163114,0.0927130932927504
"PHENO_0016","TPL_004","injected_rate_pulse","TPL_004_EVENT_001","none",32,34,6.62192629420036,6.98518688720264,3,4,0.363260593002274,0.145303084723886,0.160545294535699,1.10489942344154,1.24835564204177,0.533520502501097,0.982231742211622,0.17488428495942,"no_burst_evidence","none","injected_burst","eligible","S0055",10,1,"development",6.62192629420036,6.98518688720264,0.363260593002274,0.145303084723886,0.160545294535699
"PHENO_0017","TPL_004","injected_rate_pulse","TPL_004_EVENT_002","none",44,51,8.46226527046276,8.86089694805256,8,9,0.398631677589805,0.0488500688090024,0.173043080750391,3.54233033789508,3.72466018144984,0.324381913770775,0.317621663473897,3.87365734386862,"ambiguous_burst_like","score_between_pre_frozen_gamma_null_guard_bands","injected_burst","exclude_primary_include_sensitivity","S0055",10,1,"development",8.46226527046276,8.86089694805256,0.398631677589805,0.0488500688090024,0.173043080750391
"PHENO_0018","TPL_004","injected_rate_pulse","TPL_004_EVENT_004","none",82,88,19.2485018449803,19.6835422944893,7,8,0.43504044950899,0.06166747505823,0.341845045477383,5.54336050170034,4.66986571354518,0.190075871941104,0.197237578946306,4.89739108319681,"clear_burst_like","none","injected_burst","eligible","S0055",10,1,"development",19.2485018449803,19.6835422944893,0.43504044950899,0.06166747505823,0.341845045477383
"PHENO_0019","TPL_004","injected_rate_pulse","TPL_004_EVENT_005","none",104,110,24.8397156610165,25.6417785721609,7,8,0.802062911144312,0.092994015423618,0.255543346050446,2.74795474618838,3.25503018996874,0.407189697253187,0.464614157643607,2.92880740310223,"no_burst_evidence","none","injected_burst","eligible","S0055",10,1,"development",24.8397156610165,25.6417785721609,0.802062911144312,0.092994015423618,0.255543346050446
"PHENO_0020","TPL_004","injected_rate_pulse","TPL_004_EVENT_006","none",112,119,26.1615497471542,26.9786898147968,8,9,0.817140067642592,0.0811950600086462,0.731567581845842,9.01000112282619,6.11352561600709,0.388699275853112,0.185547207326058,6.63158687841123,"clear_burst_like","none","injected_burst","eligible","S0055",10,1,"development",26.1615497471542,26.9786898147968,0.817140067642592,0.0811950600086462,0.731567581845842
"PHENO_0104","TPL_004","null_model_burst_like_excursion","none","TPL_004_STATE_001",8,11,1.8248742500024,2.47272316119507,4,5,0.64784891119267,0.146988141290779,0.231782733231876,1.57688049659294,1.39134709717805,0.47703675193281,0.805628463104022,0.945761480245904,"no_burst_evidence","none","mechanism_negative_null_excursion_audit","eligible","S0055",10,1,"development",1.8248742500024,2.47272316119507,0.64784891119267,0.146988141290779,0.231782733231876
"PHENO_0021","TPL_005","injected_rate_pulse","TPL_005_EVENT_001","none",11,14,2.57624488145115,2.81928904943961,4,5,0.243044167988466,0.0597738474350267,0.2459695278139,4.11500243616183,4.59729758763233,0.109537304580248,0.25754856863955,3.19969228431721,"no_burst_evidence","none","injected_burst","eligible","S0028",1,0.1,"development",0.257624488145115,0.281928904943961,0.0243044167988466,0.00597738474350267,0.02459695278139
"PHENO_0022","TPL_005","injected_rate_pulse","TPL_005_EVENT_003","none",62,64,22.6680110448079,22.7954070323993,3,4,0.127395987591395,0.0433962998287947,0.14079783625999,3.24446639034802,3.57307738994192,0.282917873271882,0.345826554712125,2.32860377228356,"no_burst_evidence","none","injected_burst","eligible","S0028",1,0.1,"development",2.26680110448079,2.27954070323993,0.0127395987591395,0.00433962998287947,0.014079783625999
"PHENO_0023","TPL_005","injected_rate_pulse","TPL_005_EVENT_005","none",104,107,44.1995469529638,44.8920035915922,4,5,0.69245663862833,0.16150161758628,0.487906363916506,3.02106177763731,5.86461475730979,0.647423008176899,0.443866644076449,2.58870860110313,"no_burst_evidence","none","injected_burst","eligible","S0028",1,0.1,"development",4.41995469529639,4.48920035915922,0.069245663862833,0.016150161758628,0.0487906363916506
"PHENO_0024","TPL_005","injected_rate_pulse","TPL_005_EVENT_006","none",131,135,50.4665535425115,51.2886562711455,5,6,0.822102728634075,0.0979817382730135,0.0955559100773223,0.975242037562837,1.9744465659713,0.601720707959884,2.65624383935613,0.0538426451389691,"no_burst_evidence","none","injected_burst","eligible","S0028",1,0.1,"development",5.04665535425115,5.12886562711455,0.0822102728634075,0.00979817382730135,0.00955559100773223
"PHENO_0025","TPL_005","injected_rate_pulse","TPL_005_EVENT_007","none",137,142,51.7460409886565,52.2608676450793,6,7,0.514826656422744,0.0906849284573751,0.175900767864984,1.93969131207578,2.63081184569278,0.175052414568281,0.542362644703267,1.84717548487605,"no_burst_evidence","none","injected_burst","eligible","S0028",1,0.1,"development",5.17460409886565,5.22608676450793,0.0514826656422744,0.00906849284573751,0.0175900767864984
"PHENO_0105","TPL_005","null_model_burst_like_excursion","none","TPL_005_STATE_005",113,115,46.0437844447795,46.411224459498,3,4,0.367440014718505,0.056427888754271,0.234998174538911,4.16457499521677,1.81375738425093,1.12360332855736,0.717241924155388,2.50745814273327,"no_burst_evidence","none","mechanism_negative_null_excursion_audit","eligible","S0028",1,0.1,"development",4.60437844447795,4.6411224459498,0.0367440014718505,0.0056427888754271,0.0234998174538911
"PHENO_0021","TPL_005","injected_rate_pulse","TPL_005_EVENT_001","none",11,14,2.57624488145115,2.81928904943961,4,5,0.243044167988466,0.0597738474350267,0.2459695278139,4.11500243616183,4.59729758763233,0.109537304580248,0.25754856863955,3.19969228431721,"no_burst_evidence","none","injected_burst","eligible","S0052",4,0.4,"development",1.03049795258046,1.12771561977584,0.0972176671953863,0.0239095389740107,0.0983878111255602
"PHENO_0022","TPL_005","injected_rate_pulse","TPL_005_EVENT_003","none",62,64,22.6680110448079,22.7954070323993,3,4,0.127395987591395,0.0433962998287947,0.14079783625999,3.24446639034802,3.57307738994192,0.282917873271882,0.345826554712125,2.32860377228356,"no_burst_evidence","none","injected_burst","eligible","S0052",4,0.4,"development",9.06720441792317,9.11816281295973,0.0509583950365581,0.0173585199315179,0.0563191345039959
"PHENO_0023","TPL_005","injected_rate_pulse","TPL_005_EVENT_005","none",104,107,44.1995469529638,44.8920035915922,4,5,0.69245663862833,0.16150161758628,0.487906363916506,3.02106177763731,5.86461475730979,0.647423008176899,0.443866644076449,2.58870860110313,"no_burst_evidence","none","injected_burst","eligible","S0052",4,0.4,"development",17.6798187811855,17.9568014366369,0.276982655451332,0.0646006470345118,0.195162545566603
"PHENO_0024","TPL_005","injected_rate_pulse","TPL_005_EVENT_006","none",131,135,50.4665535425115,51.2886562711455,5,6,0.822102728634075,0.0979817382730135,0.0955559100773223,0.975242037562837,1.9744465659713,0.601720707959884,2.65624383935613,0.0538426451389691,"no_burst_evidence","none","injected_burst","eligible","S0052",4,0.4,"development",20.1866214170046,20.5154625084582,0.32884109145363,0.0391926953092054,0.0382223640309289
"PHENO_0025","TPL_005","injected_rate_pulse","TPL_005_EVENT_007","none",137,142,51.7460409886565,52.2608676450793,6,7,0.514826656422744,0.0906849284573751,0.175900767864984,1.93969131207578,2.63081184569278,0.175052414568281,0.542362644703267,1.84717548487605,"no_burst_evidence","none","injected_burst","eligible","S0052",4,0.4,"development",20.6984163954626,20.9043470580317,0.205930662569098,0.0362739713829501,0.0703603071459938
"PHENO_0105","TPL_005","null_model_burst_like_excursion","none","TPL_005_STATE_005",113,115,46.0437844447795,46.411224459498,3,4,0.367440014718505,0.056427888754271,0.234998174538911,4.16457499521677,1.81375738425093,1.12360332855736,0.717241924155388,2.50745814273327,"no_burst_evidence","none","mechanism_negative_null_excursion_audit","eligible","S0052",4,0.4,"development",18.4175137779118,18.5644897837992,0.146976005887402,0.0225711555017084,0.0939992698155643
"PHENO_0021","TPL_005","injected_rate_pulse","TPL_005_EVENT_001","none",11,14,2.57624488145115,2.81928904943961,4,5,0.243044167988466,0.0597738474350267,0.2459695278139,4.11500243616183,4.59729758763233,0.109537304580248,0.25754856863955,3.19969228431721,"no_burst_evidence","none","injected_burst","eligible","S0009",10,1,"development",2.57624488145115,2.81928904943961,0.243044167988466,0.0597738474350267,0.2459695278139
"PHENO_0022","TPL_005","injected_rate_pulse","TPL_005_EVENT_003","none",62,64,22.6680110448079,22.7954070323993,3,4,0.127395987591395,0.0433962998287947,0.14079783625999,3.24446639034802,3.57307738994192,0.282917873271882,0.345826554712125,2.32860377228356,"no_burst_evidence","none","injected_burst","eligible","S0009",10,1,"development",22.6680110448079,22.7954070323993,0.127395987591395,0.0433962998287947,0.14079783625999
"PHENO_0023","TPL_005","injected_rate_pulse","TPL_005_EVENT_005","none",104,107,44.1995469529638,44.8920035915922,4,5,0.69245663862833,0.16150161758628,0.487906363916506,3.02106177763731,5.86461475730979,0.647423008176899,0.443866644076449,2.58870860110313,"no_burst_evidence","none","injected_burst","eligible","S0009",10,1,"development",44.1995469529638,44.8920035915922,0.69245663862833,0.16150161758628,0.487906363916506
"PHENO_0024","TPL_005","injected_rate_pulse","TPL_005_EVENT_006","none",131,135,50.4665535425115,51.2886562711455,5,6,0.822102728634075,0.0979817382730135,0.0955559100773223,0.975242037562837,1.9744465659713,0.601720707959884,2.65624383935613,0.0538426451389691,"no_burst_evidence","none","injected_burst","eligible","S0009",10,1,"development",50.4665535425115,51.2886562711455,0.822102728634075,0.0979817382730135,0.0955559100773223
"PHENO_0025","TPL_005","injected_rate_pulse","TPL_005_EVENT_007","none",137,142,51.7460409886565,52.2608676450793,6,7,0.514826656422744,0.0906849284573751,0.175900767864984,1.93969131207578,2.63081184569278,0.175052414568281,0.542362644703267,1.84717548487605,"no_burst_evidence","none","injected_burst","eligible","S0009",10,1,"development",51.7460409886565,52.2608676450793,0.514826656422744,0.0906849284573751,0.175900767864984
"PHENO_0105","TPL_005","null_model_burst_like_excursion","none","TPL_005_STATE_005",113,115,46.0437844447795,46.411224459498,3,4,0.367440014718505,0.056427888754271,0.234998174538911,4.16457499521677,1.81375738425093,1.12360332855736,0.717241924155388,2.50745814273327,"no_burst_evidence","none","mechanism_negative_null_excursion_audit","eligible","S0009",10,1,"development",46.0437844447795,46.411224459498,0.367440014718505,0.056427888754271,0.234998174538911
"PHENO_0026","TPL_006","injected_rate_pulse","TPL_006_EVENT_002","none",33,37,19.3500618314957,19.65964933091,5,6,0.309587499414313,0.0597140928791347,0.171663577778123,2.87475819360735,3.68587065647469,0.247014357607827,0.422172509008716,2.66264274779779,"no_burst_evidence","none","injected_burst","eligible","S0045",1,0.1,"holdout",1.93500618314957,1.965964933091,0.0309587499414313,0.00597140928791347,0.0171663577778123
"PHENO_0027","TPL_006","injected_rate_pulse","TPL_006_EVENT_004","none",67,72,31.0482317028796,31.4553392519102,6,7,0.407107549030624,0.0641298987021601,0.194428991212005,3.03179944373522,3.7020848768413,0.214034437843484,0.381298815890125,3.02268761820902,"no_burst_evidence","none","injected_burst","eligible","S0045",1,0.1,"holdout",3.10482317028796,3.14553392519102,0.0407107549030624,0.00641298987021601,0.0194428991212005
"PHENO_0028","TPL_006","injected_rate_pulse","TPL_006_EVENT_005","none",117,119,44.2850632930887,44.7361382344434,3,4,0.451074941354708,0.175498296139703,0.121069627047789,0.689862122373045,1.06889232509113,0.31889167308097,1.47025568328238,-0.658280728363593,"no_burst_evidence","none","injected_burst","eligible","S0045",1,0.1,"holdout",4.42850632930887,4.47361382344434,0.0451074941354708,0.0175498296139703,0.0121069627047789
"PHENO_0029","TPL_006","injected_rate_pulse","TPL_006_EVENT_006","none",120,127,44.7361382344434,45.4090477490908,8,9,0.672909514647361,0.082327201789428,0.132031524928854,1.60374119439353,2.10710423331402,0.349328518929246,0.70418518370504,1.48737265247619,"no_burst_evidence","none","injected_burst","eligible","S0045",1,0.1,"holdout",4.47361382344434,4.54090477490908,0.0672909514647362,0.0082327201789428,0.0132031524928854
"PHENO_0030","TPL_006","injected_rate_pulse","TPL_006_EVENT_007","none",129,135,45.9175264329294,46.7042392636379,7,8,0.786712830708524,0.127037406285617,0.51017027472456,4.01590594173144,3.1907757728461,0.326182073087802,0.258798937276653,3.9357378641469,"ambiguous_burst_like","score_between_pre_frozen_gamma_null_guard_bands","injected_burst","exclude_primary_include_sensitivity","S0045",1,0.1,"holdout",4.59175264329294,4.6704239263638,0.0786712830708525,0.0127037406285617,0.051017027472456
"PHENO_0106","TPL_006","null_model_burst_like_excursion","none","TPL_006_STATE_004",114,116,43.5945004466613,44.2850632930887,3,4,0.690562846427476,0.133564829284619,0.33985610824609,2.54450299578398,1.36805468603614,0.822852681917112,0.856227690918975,1.6136856476916,"no_burst_evidence","none","mechanism_negative_null_excursion_audit","eligible","S0045",1,0.1,"holdout",4.35945004466613,4.42850632930887,0.0690562846427476,0.0133564829284619,0.033985610824609
"PHENO_0026","TPL_006","injected_rate_pulse","TPL_006_EVENT_002","none",33,37,19.3500618314957,19.65964933091,5,6,0.309587499414313,0.0597140928791347,0.171663577778123,2.87475819360735,3.68587065647469,0.247014357607827,0.422172509008716,2.66264274779779,"no_burst_evidence","none","injected_burst","eligible","S0035",4,0.4,"holdout",7.74002473259828,7.86385973236401,0.123834999765725,0.0238856371516539,0.068665431111249
"PHENO_0027","TPL_006","injected_rate_pulse","TPL_006_EVENT_004","none",67,72,31.0482317028796,31.4553392519102,6,7,0.407107549030624,0.0641298987021601,0.194428991212005,3.03179944373522,3.7020848768413,0.214034437843484,0.381298815890125,3.02268761820902,"no_burst_evidence","none","injected_burst","eligible","S0035",4,0.4,"holdout",12.4192926811518,12.5821357007641,0.16284301961225,0.0256519594808641,0.0777715964848021
"PHENO_0028","TPL_006","injected_rate_pulse","TPL_006_EVENT_005","none",117,119,44.2850632930887,44.7361382344434,3,4,0.451074941354708,0.175498296139703,0.121069627047789,0.689862122373045,1.06889232509113,0.31889167308097,1.47025568328238,-0.658280728363593,"no_burst_evidence","none","injected_burst","eligible","S0035",4,0.4,"holdout",17.7140253172355,17.8944552937774,0.180429976541883,0.0701993184558811,0.0484278508191154
"PHENO_0029","TPL_006","injected_rate_pulse","TPL_006_EVENT_006","none",120,127,44.7361382344434,45.4090477490908,8,9,0.672909514647361,0.082327201789428,0.132031524928854,1.60374119439353,2.10710423331402,0.349328518929246,0.70418518370504,1.48737265247619,"no_burst_evidence","none","injected_burst","eligible","S0035",4,0.4,"holdout",17.8944552937774,18.1636190996363,0.269163805858945,0.0329308807157712,0.0528126099715417
"PHENO_0030","TPL_006","injected_rate_pulse","TPL_006_EVENT_007","none",129,135,45.9175264329294,46.7042392636379,7,8,0.786712830708524,0.127037406285617,0.51017027472456,4.01590594173144,3.1907757728461,0.326182073087802,0.258798937276653,3.9357378641469,"ambiguous_burst_like","score_between_pre_frozen_gamma_null_guard_bands","injected_burst","exclude_primary_include_sensitivity","S0035",4,0.4,"holdout",18.3670105731718,18.6816957054552,0.31468513228341,0.0508149625142468,0.204068109889824
"PHENO_0106","TPL_006","null_model_burst_like_excursion","none","TPL_006_STATE_004",114,116,43.5945004466613,44.2850632930887,3,4,0.690562846427476,0.133564829284619,0.33985610824609,2.54450299578398,1.36805468603614,0.822852681917112,0.856227690918975,1.6136856476916,"no_burst_evidence","none","mechanism_negative_null_excursion_audit","eligible","S0035",4,0.4,"holdout",17.4378001786645,17.7140253172355,0.27622513857099,0.0534259317138478,0.135942443298436
"PHENO_0026","TPL_006","injected_rate_pulse","TPL_006_EVENT_002","none",33,37,19.3500618314957,19.65964933091,5,6,0.309587499414313,0.0597140928791347,0.171663577778123,2.87475819360735,3.68587065647469,0.247014357607827,0.422172509008716,2.66264274779779,"no_burst_evidence","none","injected_burst","eligible","S0004",10,1,"holdout",19.3500618314957,19.65964933091,0.309587499414313,0.0597140928791347,0.171663577778123
"PHENO_0027","TPL_006","injected_rate_pulse","TPL_006_EVENT_004","none",67,72,31.0482317028796,31.4553392519102,6,7,0.407107549030624,0.0641298987021601,0.194428991212005,3.03179944373522,3.7020848768413,0.214034437843484,0.381298815890125,3.02268761820902,"no_burst_evidence","none","injected_burst","eligible","S0004",10,1,"holdout",31.0482317028796,31.4553392519102,0.407107549030624,0.0641298987021601,0.194428991212005
"PHENO_0028","TPL_006","injected_rate_pulse","TPL_006_EVENT_005","none",117,119,44.2850632930887,44.7361382344434,3,4,0.451074941354708,0.175498296139703,0.121069627047789,0.689862122373045,1.06889232509113,0.31889167308097,1.47025568328238,-0.658280728363593,"no_burst_evidence","none","injected_burst","eligible","S0004",10,1,"holdout",44.2850632930887,44.7361382344434,0.451074941354708,0.175498296139703,0.121069627047789
"PHENO_0029","TPL_006","injected_rate_pulse","TPL_006_EVENT_006","none",120,127,44.7361382344434,45.4090477490908,8,9,0.672909514647361,0.082327201789428,0.132031524928854,1.60374119439353,2.10710423331402,0.349328518929246,0.70418518370504,1.48737265247619,"no_burst_evidence","none","injected_burst","eligible","S0004",10,1,"holdout",44.7361382344434,45.4090477490908,0.672909514647361,0.082327201789428,0.132031524928854
"PHENO_0030","TPL_006","injected_rate_pulse","TPL_006_EVENT_007","none",129,135,45.9175264329294,46.7042392636379,7,8,0.786712830708524,0.127037406285617,0.51017027472456,4.01590594173144,3.1907757728461,0.326182073087802,0.258798937276653,3.9357378641469,"ambiguous_burst_like","score_between_pre_frozen_gamma_null_guard_bands","injected_burst","exclude_primary_include_sensitivity","S0004",10,1,"holdout",45.9175264329294,46.7042392636379,0.786712830708524,0.127037406285617,0.51017027472456
"PHENO_0106","TPL_006","null_model_burst_like_excursion","none","TPL_006_STATE_004",114,116,43.5945004466613,44.2850632930887,3,4,0.690562846427476,0.133564829284619,0.33985610824609,2.54450299578398,1.36805468603614,0.822852681917112,0.856227690918975,1.6136856476916,"no_burst_evidence","none","mechanism_negative_null_excursion_audit","eligible","S0004",10,1,"holdout",43.5945004466613,44.2850632930887,0.690562846427476,0.133564829284619,0.33985610824609
"PHENO_0031","TPL_007","injected_rate_pulse","TPL_007_EVENT_001","none",27,33,9.79717306181026,10.3405375799923,7,8,0.543364518182079,0.0627643448498896,0.367175453970724,5.85006431356655,4.07849981062603,0.600678970573926,0.245678254562342,4.96495883755593,"clear_burst_like","none","injected_burst","eligible","S0059",1,0.1,"holdout",0.979717306181026,1.03405375799923,0.0543364518182079,0.00627643448498896,0.0367175453970724
"PHENO_0032","TPL_007","injected_rate_pulse","TPL_007_EVENT_002","none",49,54,15.4765839401092,15.9316007080004,6,7,0.455016767891227,0.073106556332364,0.274559243334603,3.75560356155166,3.89429735286565,0.405092648537561,0.36803124027627,3.54065392319532,"ambiguous_burst_like","score_between_pre_frozen_gamma_null_guard_bands","injected_burst","exclude_primary_include_sensitivity","S0059",1,0.1,"holdout",1.54765839401092,1.59316007080004,0.0455016767891227,0.0073106556332364,0.0274559243334603
"PHENO_0033","TPL_007","injected_rate_pulse","TPL_007_EVENT_004","none",92,95,28.0637850327036,28.5489295781626,4,5,0.485144545459024,0.127567087681395,0.395072066036446,3.09697487978372,6.49000587428001,0.552728488899387,0.45179877473228,2.67314458969713,"no_burst_evidence","none","injected_burst","eligible","S0059",1,0.1,"holdout",2.80637850327036,2.85489295781626,0.0485144545459024,0.0127567087681395,0.0395072066036446
"PHENO_0034","TPL_007","injected_rate_pulse","TPL_007_EVENT_005","none",97,101,29.0524196501857,29.5335449231488,5,6,0.481125272963104,0.0950096129160473,0.23558735688756,2.47961600575861,2.55715666057812,0.377947991812248,0.408410014419679,2.2275108214674,"no_burst_evidence","none","injected_burst","eligible","S0059",1,0.1,"holdout",2.90524196501857,2.95335449231488,0.0481125272963104,0.00950096129160473,0.023558735688756
"PHENO_0035","TPL_007","injected_rate_pulse","TPL_007_EVENT_006","none",112,119,32.2149488243097,32.6687044896764,8,9,0.453755665366691,0.0547877627796518,0.226239168226799,4.1293740928371,4.51702433534769,0.379106120659476,0.330079106929816,4.35011835277739,"clear_burst_like","none","injected_burst","eligible","S0059",1,0.1,"holdout",3.22149488243097,3.26687044896764,0.0453755665366691,0.00547877627796518,0.0226239168226799
"PHENO_0107","TPL_007","null_model_burst_like_excursion","none","TPL_007_STATE_003",55,57,15.9316007080004,16.4145468221742,3,4,0.482946114173804,0.131386578584291,0.226707124630484,1.72549682831599,1.45140204908306,0.531159216902037,0.857365508547426,0.984876323560762,"no_burst_evidence","none","mechanism_negative_null_excursion_audit","eligible","S0059",1,0.1,"holdout",1.59316007080004,1.64145468221742,0.0482946114173804,0.0131386578584291,0.0226707124630484
"PHENO_0031","TPL_007","injected_rate_pulse","TPL_007_EVENT_001","none",27,33,9.79717306181026,10.3405375799923,7,8,0.543364518182079,0.0627643448498896,0.367175453970724,5.85006431356655,4.07849981062603,0.600678970573926,0.245678254562342,4.96495883755593,"clear_burst_like","none","injected_burst","eligible","S0041",4,0.4,"holdout",3.9188692247241,4.13621503199694,0.217345807272832,0.0251057379399558,0.14687018158829
"PHENO_0032","TPL_007","injected_rate_pulse","TPL_007_EVENT_002","none",49,54,15.4765839401092,15.9316007080004,6,7,0.455016767891227,0.073106556332364,0.274559243334603,3.75560356155166,3.89429735286565,0.405092648537561,0.36803124027627,3.54065392319532,"ambiguous_burst_like","score_between_pre_frozen_gamma_null_guard_bands","injected_burst","exclude_primary_include_sensitivity","S0041",4,0.4,"holdout",6.19063357604367,6.37264028320016,0.182006707156491,0.0292426225329456,0.109823697333841
"PHENO_0033","TPL_007","injected_rate_pulse","TPL_007_EVENT_004","none",92,95,28.0637850327036,28.5489295781626,4,5,0.485144545459024,0.127567087681395,0.395072066036446,3.09697487978372,6.49000587428001,0.552728488899387,0.45179877473228,2.67314458969713,"no_burst_evidence","none","injected_burst","eligible","S0041",4,0.4,"holdout",11.2255140130814,11.419571831265,0.19405781818361,0.0510268350725579,0.158028826414578
"PHENO_0034","TPL_007","injected_rate_pulse","TPL_007_EVENT_005","none",97,101,29.0524196501857,29.5335449231488,5,6,0.481125272963104,0.0950096129160473,0.23558735688756,2.47961600575861,2.55715666057812,0.377947991812248,0.408410014419679,2.2275108214674,"no_burst_evidence","none","injected_burst","eligible","S0041",4,0.4,"holdout",11.6209678600743,11.8134179692595,0.192450109185241,0.0380038451664189,0.0942349427550241
"PHENO_0035","TPL_007","injected_rate_pulse","TPL_007_EVENT_006","none",112,119,32.2149488243097,32.6687044896764,8,9,0.453755665366691,0.0547877627796518,0.226239168226799,4.1293740928371,4.51702433534769,0.379106120659476,0.330079106929816,4.35011835277739,"clear_burst_like","none","injected_burst","eligible","S0041",4,0.4,"holdout",12.8859795297239,13.0674817958706,0.181502266146676,0.0219151051118607,0.0904956672907195
"PHENO_0107","TPL_007","null_model_burst_like_excursion","none","TPL_007_STATE_003",55,57,15.9316007080004,16.4145468221742,3,4,0.482946114173804,0.131386578584291,0.226707124630484,1.72549682831599,1.45140204908306,0.531159216902037,0.857365508547426,0.984876323560762,"no_burst_evidence","none","mechanism_negative_null_excursion_audit","eligible","S0041",4,0.4,"holdout",6.37264028320016,6.56581872886968,0.193178445669522,0.0525546314337164,0.0906828498521934
"PHENO_0031","TPL_007","injected_rate_pulse","TPL_007_EVENT_001","none",27,33,9.79717306181026,10.3405375799923,7,8,0.543364518182079,0.0627643448498896,0.367175453970724,5.85006431356655,4.07849981062603,0.600678970573926,0.245678254562342,4.96495883755593,"clear_burst_like","none","injected_burst","eligible","S0043",10,1,"holdout",9.79717306181026,10.3405375799923,0.543364518182079,0.0627643448498896,0.367175453970724
"PHENO_0032","TPL_007","injected_rate_pulse","TPL_007_EVENT_002","none",49,54,15.4765839401092,15.9316007080004,6,7,0.455016767891227,0.073106556332364,0.274559243334603,3.75560356155166,3.89429735286565,0.405092648537561,0.36803124027627,3.54065392319532,"ambiguous_burst_like","score_between_pre_frozen_gamma_null_guard_bands","injected_burst","exclude_primary_include_sensitivity","S0043",10,1,"holdout",15.4765839401092,15.9316007080004,0.455016767891227,0.073106556332364,0.274559243334603
"PHENO_0033","TPL_007","injected_rate_pulse","TPL_007_EVENT_004","none",92,95,28.0637850327036,28.5489295781626,4,5,0.485144545459024,0.127567087681395,0.395072066036446,3.09697487978372,6.49000587428001,0.552728488899387,0.45179877473228,2.67314458969713,"no_burst_evidence","none","injected_burst","eligible","S0043",10,1,"holdout",28.0637850327036,28.5489295781626,0.485144545459024,0.127567087681395,0.395072066036446
"PHENO_0034","TPL_007","injected_rate_pulse","TPL_007_EVENT_005","none",97,101,29.0524196501857,29.5335449231488,5,6,0.481125272963104,0.0950096129160473,0.23558735688756,2.47961600575861,2.55715666057812,0.377947991812248,0.408410014419679,2.2275108214674,"no_burst_evidence","none","injected_burst","eligible","S0043",10,1,"holdout",29.0524196501857,29.5335449231488,0.481125272963104,0.0950096129160473,0.23558735688756
"PHENO_0035","TPL_007","injected_rate_pulse","TPL_007_EVENT_006","none",112,119,32.2149488243097,32.6687044896764,8,9,0.453755665366691,0.0547877627796518,0.226239168226799,4.1293740928371,4.51702433534769,0.379106120659476,0.330079106929816,4.35011835277739,"clear_burst_like","none","injected_burst","eligible","S0043",10,1,"holdout",32.2149488243097,32.6687044896764,0.453755665366691,0.0547877627796518,0.226239168226799
"PHENO_0107","TPL_007","null_model_burst_like_excursion","none","TPL_007_STATE_003",55,57,15.9316007080004,16.4145468221742,3,4,0.482946114173804,0.131386578584291,0.226707124630484,1.72549682831599,1.45140204908306,0.531159216902037,0.857365508547426,0.984876323560762,"no_burst_evidence","none","mechanism_negative_null_excursion_audit","eligible","S0043",10,1,"holdout",15.9316007080004,16.4145468221742,0.482946114173804,0.131386578584291,0.226707124630484
"PHENO_0036","TPL_008","injected_rate_pulse","TPL_008_EVENT_002","none",47,53,15.2075470364964,16.0193517976682,7,8,0.811804761171806,0.107452956671928,0.164124604405189,1.52740891910764,2.17453952094547,0.204445214899688,0.762775631753212,1.29442795599871,"no_burst_evidence","none","injected_burst","eligible","S0026",1,0.1,"holdout",1.52075470364964,1.60193517976682,0.0811804761171806,0.0107452956671928,0.0164124604405189
"PHENO_0037","TPL_008","injected_rate_pulse","TPL_008_EVENT_003","none",55,62,17.0013270931298,17.790707050278,8,9,0.789379957148135,0.0877485936946735,0.128535347232725,1.46481375735743,2.73215587868306,0.440895993517525,1.00583926968463,1.28687327997117,"no_burst_evidence","none","injected_burst","eligible","S0026",1,0.1,"holdout",1.70013270931298,1.7790707050278,0.0789379957148135,0.00877485936946735,0.0128535347232725
"PHENO_0038","TPL_008","injected_rate_pulse","TPL_008_EVENT_004","none",64,67,18.2767426874164,18.6738787557891,4,5,0.397136068372756,0.105413948942638,0.624046310950421,5.91995952347826,5.45683919626141,0.284443824306455,0.178652535183409,3.95243227090006,"ambiguous_burst_like","score_between_pre_frozen_gamma_null_guard_bands","injected_burst","exclude_primary_include_sensitivity","S0026",1,0.1,"holdout",1.82767426874164,1.86738787557891,0.0397136068372756,0.0105413948942638,0.0624046310950421
"PHENO_0039","TPL_008","injected_rate_pulse","TPL_008_EVENT_006","none",98,101,41.2997593289651,41.5060509556803,4,5,0.20629162671524,0.0453376329420054,0.237260702943277,5.23319563786608,4.2610900885338,0.314527934972431,0.223301871316065,3.6409726849298,"ambiguous_burst_like","score_between_pre_frozen_gamma_null_guard_bands","injected_burst","exclude_primary_include_sensitivity","S0026",1,0.1,"holdout",4.12997593289651,4.15060509556803,0.020629162671524,0.00453376329420054,0.0237260702943277
"PHENO_0040","TPL_008","injected_rate_pulse","TPL_008_EVENT_008","none",128,130,50.9410898432491,51.1077211193539,3,4,0.166631276104793,0.0599845163140846,0.28964987582162,4.82874404296245,5.16370580058293,0.207877760231293,0.214387991810015,3.11688949703355,"no_burst_evidence","none","injected_burst","eligible","S0026",1,0.1,"holdout",5.09410898432491,5.11077211193539,0.0166631276104793,0.00599845163140846,0.028964987582162
"PHENO_0108","TPL_008","null_model_burst_like_excursion","none","TPL_008_STATE_002",21,25,10.4949414362346,11.3172804201898,5,6,0.822338983955162,0.11886574845299,0.253977629322132,2.1366763144774,1.54032270766798,0.503318776567549,0.996837884837139,1.75540406924509,"no_burst_evidence","none","mechanism_negative_null_excursion_audit","eligible","S0026",1,0.1,"holdout",1.04949414362346,1.13172804201898,0.0822338983955162,0.011886574845299,0.0253977629322132
"PHENO_0036","TPL_008","injected_rate_pulse","TPL_008_EVENT_002","none",47,53,15.2075470364964,16.0193517976682,7,8,0.811804761171806,0.107452956671928,0.164124604405189,1.52740891910764,2.17453952094547,0.204445214899688,0.762775631753212,1.29442795599871,"no_burst_evidence","none","injected_burst","eligible","S0001",4,0.4,"holdout",6.08301881459857,6.40774071906729,0.324721904468723,0.0429811826687711,0.0656498417620757
"PHENO_0037","TPL_008","injected_rate_pulse","TPL_008_EVENT_003","none",55,62,17.0013270931298,17.790707050278,8,9,0.789379957148135,0.0877485936946735,0.128535347232725,1.46481375735743,2.73215587868306,0.440895993517525,1.00583926968463,1.28687327997117,"no_burst_evidence","none","injected_burst","eligible","S0001",4,0.4,"holdout",6.80053083725193,7.11628282011118,0.315751982859254,0.0350994374778694,0.05141413889309
"PHENO_0038","TPL_008","injected_rate_pulse","TPL_008_EVENT_004","none",64,67,18.2767426874164,18.6738787557891,4,5,0.397136068372756,0.105413948942638,0.624046310950421,5.91995952347826,5.45683919626141,0.284443824306455,0.178652535183409,3.95243227090006,"ambiguous_burst_like","score_between_pre_frozen_gamma_null_guard_bands","injected_burst","exclude_primary_include_sensitivity","S0001",4,0.4,"holdout",7.31069707496655,7.46955150231565,0.158854427349103,0.0421655795770552,0.249618524380168
"PHENO_0039","TPL_008","injected_rate_pulse","TPL_008_EVENT_006","none",98,101,41.2997593289651,41.5060509556803,4,5,0.20629162671524,0.0453376329420054,0.237260702943277,5.23319563786608,4.2610900885338,0.314527934972431,0.223301871316065,3.6409726849298,"ambiguous_burst_like","score_between_pre_frozen_gamma_null_guard_bands","injected_burst","exclude_primary_include_sensitivity","S0001",4,0.4,"holdout",16.519903731586,16.6024203822721,0.082516650686096,0.0181350531768022,0.0949042811773106
"PHENO_0040","TPL_008","injected_rate_pulse","TPL_008_EVENT_008","none",128,130,50.9410898432491,51.1077211193539,3,4,0.166631276104793,0.0599845163140846,0.28964987582162,4.82874404296245,5.16370580058293,0.207877760231293,0.214387991810015,3.11688949703355,"no_burst_evidence","none","injected_burst","eligible","S0001",4,0.4,"holdout",20.3764359372996,20.4430884477416,0.0666525104419174,0.0239938065256339,0.115859950328648
"PHENO_0108","TPL_008","null_model_burst_like_excursion","none","TPL_008_STATE_002",21,25,10.4949414362346,11.3172804201898,5,6,0.822338983955162,0.11886574845299,0.253977629322132,2.1366763144774,1.54032270766798,0.503318776567549,0.996837884837139,1.75540406924509,"no_burst_evidence","none","mechanism_negative_null_excursion_audit","eligible","S0001",4,0.4,"holdout",4.19797657449384,4.5269121680759,0.328935593582065,0.0475462993811959,0.101591051728853
"PHENO_0036","TPL_008","injected_rate_pulse","TPL_008_EVENT_002","none",47,53,15.2075470364964,16.0193517976682,7,8,0.811804761171806,0.107452956671928,0.164124604405189,1.52740891910764,2.17453952094547,0.204445214899688,0.762775631753212,1.29442795599871,"no_burst_evidence","none","injected_burst","eligible","S0054",10,1,"holdout",15.2075470364964,16.0193517976682,0.811804761171806,0.107452956671928,0.164124604405189
"PHENO_0037","TPL_008","injected_rate_pulse","TPL_008_EVENT_003","none",55,62,17.0013270931298,17.790707050278,8,9,0.789379957148135,0.0877485936946735,0.128535347232725,1.46481375735743,2.73215587868306,0.440895993517525,1.00583926968463,1.28687327997117,"no_burst_evidence","none","injected_burst","eligible","S0054",10,1,"holdout",17.0013270931298,17.790707050278,0.789379957148135,0.0877485936946735,0.128535347232725
"PHENO_0038","TPL_008","injected_rate_pulse","TPL_008_EVENT_004","none",64,67,18.2767426874164,18.6738787557891,4,5,0.397136068372756,0.105413948942638,0.624046310950421,5.91995952347826,5.45683919626141,0.284443824306455,0.178652535183409,3.95243227090006,"ambiguous_burst_like","score_between_pre_frozen_gamma_null_guard_bands","injected_burst","exclude_primary_include_sensitivity","S0054",10,1,"holdout",18.2767426874164,18.6738787557891,0.397136068372756,0.105413948942638,0.624046310950421
"PHENO_0039","TPL_008","injected_rate_pulse","TPL_008_EVENT_006","none",98,101,41.2997593289651,41.5060509556803,4,5,0.20629162671524,0.0453376329420054,0.237260702943277,5.23319563786608,4.2610900885338,0.314527934972431,0.223301871316065,3.6409726849298,"ambiguous_burst_like","score_between_pre_frozen_gamma_null_guard_bands","injected_burst","exclude_primary_include_sensitivity","S0054",10,1,"holdout",41.2997593289651,41.5060509556803,0.20629162671524,0.0453376329420054,0.237260702943277
"PHENO_0040","TPL_008","injected_rate_pulse","TPL_008_EVENT_008","none",128,130,50.9410898432491,51.1077211193539,3,4,0.166631276104793,0.0599845163140846,0.28964987582162,4.82874404296245,5.16370580058293,0.207877760231293,0.214387991810015,3.11688949703355,"no_burst_evidence","none","injected_burst","eligible","S0054",10,1,"holdout",50.9410898432491,51.1077211193539,0.166631276104793,0.0599845163140846,0.28964987582162
"PHENO_0108","TPL_008","null_model_burst_like_excursion","none","TPL_008_STATE_002",21,25,10.4949414362346,11.3172804201898,5,6,0.822338983955162,0.11886574845299,0.253977629322132,2.1366763144774,1.54032270766798,0.503318776567549,0.996837884837139,1.75540406924509,"no_burst_evidence","none","mechanism_negative_null_excursion_audit","eligible","S0054",10,1,"holdout",10.4949414362346,11.3172804201898,0.822338983955162,0.11886574845299,0.253977629322132
"PHENO_0041","TPL_009","injected_rate_pulse","TPL_009_EVENT_001","none",12,17,2.89716848776243,3.17016205793554,6,7,0.272993570173118,0.0445558945179121,0.228807739133655,5.13529672357204,5.6507572304423,0.34267810597626,0.253934187336863,4.40638191248277,"clear_burst_like","none","injected_burst","eligible","S0048",1,0.1,"holdout",0.289716848776243,0.317016205793554,0.0272993570173118,0.00445558945179121,0.0228807739133655
"PHENO_0042","TPL_009","injected_rate_pulse","TPL_009_EVENT_003","none",53,58,24.5400241298297,24.97776346302,6,7,0.437739333190338,0.0672216423451121,0.415397606104424,6.17952182679197,11.2547760810909,0.457459566845411,0.249873055538934,5.02056307749848,"clear_burst_like","none","injected_burst","eligible","S0048",1,0.1,"holdout",2.45400241298297,2.497776346302,0.0437739333190338,0.00672216423451121,0.0415397606104424
"PHENO_0043","TPL_009","injected_rate_pulse","TPL_009_EVENT_004","none",91,97,30.732943782377,31.4183890644169,7,8,0.685445282039901,0.0973378326488696,0.163889640237719,1.6837198423035,2.23357809312228,0.193384497166026,0.636043836528906,1.5600138407488,"no_burst_evidence","none","injected_burst","eligible","S0048",1,0.1,"holdout",3.0732943782377,3.14183890644169,0.0685445282039901,0.00973378326488696,0.0163889640237719
"PHENO_0044","TPL_009","injected_rate_pulse","TPL_009_EVENT_005","none",99,103,32.0427743989786,32.8213263774587,5,6,0.778551978480132,0.17708169720947,0.364719075727678,2.05960910401854,5.48762472882733,0.34079091328084,0.512811372378165,2.00714014482328,"no_burst_evidence","none","injected_burst","eligible","S0048",1,0.1,"holdout",3.20427743989786,3.28213263774587,0.0778551978480132,0.017708169720947,0.0364719075727678
"PHENO_0045","TPL_009","injected_rate_pulse","TPL_009_EVENT_007","none",128,132,46.3384419125187,46.6192440629159,5,6,0.280802150397204,0.0545187891708587,0.185709970801998,3.40634804305712,3.6568010987874,0.083667788021001,0.318288877097314,3.05639646881921,"no_burst_evidence","none","injected_burst","eligible","S0048",1,0.1,"holdout",4.63384419125187,4.66192440629159,0.0280802150397204,0.00545187891708587,0.0185709970801998
"PHENO_0109","TPL_009","null_model_burst_like_excursion","none","TPL_009_STATE_003",60,65,25.1883161146803,26.0542304641411,6,7,0.865914349460803,0.128980538667269,0.21055265166025,1.63243737261334,1.41225721783984,0.443947156937022,0.889183720540415,1.2423343778982,"no_burst_evidence","none","mechanism_negative_null_excursion_audit","eligible","S0048",1,0.1,"holdout",2.51883161146803,2.60542304641411,0.0865914349460803,0.0128980538667269,0.021055265166025
"PHENO_0041","TPL_009","injected_rate_pulse","TPL_009_EVENT_001","none",12,17,2.89716848776243,3.17016205793554,6,7,0.272993570173118,0.0445558945179121,0.228807739133655,5.13529672357204,5.6507572304423,0.34267810597626,0.253934187336863,4.40638191248277,"clear_burst_like","none","injected_burst","eligible","S0039",4,0.4,"holdout",1.15886739510497,1.26806482317422,0.109197428069247,0.0178223578071648,0.0915230956534621
"PHENO_0042","TPL_009","injected_rate_pulse","TPL_009_EVENT_003","none",53,58,24.5400241298297,24.97776346302,6,7,0.437739333190338,0.0672216423451121,0.415397606104424,6.17952182679197,11.2547760810909,0.457459566845411,0.249873055538934,5.02056307749848,"clear_burst_like","none","injected_burst","eligible","S0039",4,0.4,"holdout",9.81600965193188,9.99110538520802,0.175095733276135,0.0268886569380448,0.166159042441769
"PHENO_0043","TPL_009","injected_rate_pulse","TPL_009_EVENT_004","none",91,97,30.732943782377,31.4183890644169,7,8,0.685445282039901,0.0973378326488696,0.163889640237719,1.6837198423035,2.23357809312228,0.193384497166026,0.636043836528906,1.5600138407488,"no_burst_evidence","none","injected_burst","eligible","S0039",4,0.4,"holdout",12.2931775129508,12.5673556257668,0.274178112815961,0.0389351330595479,0.0655558560950876
"PHENO_0044","TPL_009","injected_rate_pulse","TPL_009_EVENT_005","none",99,103,32.0427743989786,32.8213263774587,5,6,0.778551978480132,0.17708169720947,0.364719075727678,2.05960910401854,5.48762472882733,0.34079091328084,0.512811372378165,2.00714014482328,"no_burst_evidence","none","injected_burst","eligible","S0039",4,0.4,"holdout",12.8171097595914,13.1285305509835,0.311420791392053,0.0708326788837879,0.145887630291071
"PHENO_0045","TPL_009","injected_rate_pulse","TPL_009_EVENT_007","none",128,132,46.3384419125187,46.6192440629159,5,6,0.280802150397204,0.0545187891708587,0.185709970801998,3.40634804305712,3.6568010987874,0.083667788021001,0.318288877097314,3.05639646881921,"no_burst_evidence","none","injected_burst","eligible","S0039",4,0.4,"holdout",18.5353767650075,18.6476976251664,0.112320860158882,0.0218075156683435,0.0742839883207993
"PHENO_0109","TPL_009","null_model_burst_like_excursion","none","TPL_009_STATE_003",60,65,25.1883161146803,26.0542304641411,6,7,0.865914349460803,0.128980538667269,0.21055265166025,1.63243737261334,1.41225721783984,0.443947156937022,0.889183720540415,1.2423343778982,"no_burst_evidence","none","mechanism_negative_null_excursion_audit","eligible","S0039",4,0.4,"holdout",10.0753264458721,10.4216921856564,0.346365739784321,0.0515922154669075,0.0842210606641
"PHENO_0041","TPL_009","injected_rate_pulse","TPL_009_EVENT_001","none",12,17,2.89716848776243,3.17016205793554,6,7,0.272993570173118,0.0445558945179121,0.228807739133655,5.13529672357204,5.6507572304423,0.34267810597626,0.253934187336863,4.40638191248277,"clear_burst_like","none","injected_burst","eligible","S0008",10,1,"holdout",2.89716848776243,3.17016205793554,0.272993570173118,0.0445558945179121,0.228807739133655
"PHENO_0042","TPL_009","injected_rate_pulse","TPL_009_EVENT_003","none",53,58,24.5400241298297,24.97776346302,6,7,0.437739333190338,0.0672216423451121,0.415397606104424,6.17952182679197,11.2547760810909,0.457459566845411,0.249873055538934,5.02056307749848,"clear_burst_like","none","injected_burst","eligible","S0008",10,1,"holdout",24.5400241298297,24.97776346302,0.437739333190338,0.0672216423451121,0.415397606104424
"PHENO_0043","TPL_009","injected_rate_pulse","TPL_009_EVENT_004","none",91,97,30.732943782377,31.4183890644169,7,8,0.685445282039901,0.0973378326488696,0.163889640237719,1.6837198423035,2.23357809312228,0.193384497166026,0.636043836528906,1.5600138407488,"no_burst_evidence","none","injected_burst","eligible","S0008",10,1,"holdout",30.732943782377,31.4183890644169,0.685445282039901,0.0973378326488696,0.163889640237719
"PHENO_0044","TPL_009","injected_rate_pulse","TPL_009_EVENT_005","none",99,103,32.0427743989786,32.8213263774587,5,6,0.778551978480132,0.17708169720947,0.364719075727678,2.05960910401854,5.48762472882733,0.34079091328084,0.512811372378165,2.00714014482328,"no_burst_evidence","none","injected_burst","eligible","S0008",10,1,"holdout",32.0427743989786,32.8213263774587,0.778551978480132,0.17708169720947,0.364719075727678
"PHENO_0045","TPL_009","injected_rate_pulse","TPL_009_EVENT_007","none",128,132,46.3384419125187,46.6192440629159,5,6,0.280802150397204,0.0545187891708587,0.185709970801998,3.40634804305712,3.6568010987874,0.083667788021001,0.318288877097314,3.05639646881921,"no_burst_evidence","none","injected_burst","eligible","S0008",10,1,"holdout",46.3384419125187,46.6192440629159,0.280802150397204,0.0545187891708587,0.185709970801998
"PHENO_0109","TPL_009","null_model_burst_like_excursion","none","TPL_009_STATE_003",60,65,25.1883161146803,26.0542304641411,6,7,0.865914349460803,0.128980538667269,0.21055265166025,1.63243737261334,1.41225721783984,0.443947156937022,0.889183720540415,1.2423343778982,"no_burst_evidence","none","mechanism_negative_null_excursion_audit","eligible","S0008",10,1,"holdout",25.1883161146803,26.0542304641411,0.865914349460803,0.128980538667269,0.21055265166025
"PHENO_0046","TPL_010","injected_rate_pulse","TPL_010_EVENT_002","none",21,23,13.6930326708322,14.0570683035794,3,4,0.364035632747179,0.137466147709799,0.64153004488652,4.66682201818034,7.44382287735993,0.351788155944665,0.226872567524245,3.13485405605056,"no_burst_evidence","none","injected_burst","eligible","S0036",1,0.1,"holdout",1.36930326708322,1.40570683035794,0.0364035632747179,0.0137466147709799,0.064153004488652
"PHENO_0047","TPL_010","injected_rate_pulse","TPL_010_EVENT_003","none",25,32,14.5486986560692,15.135750481815,8,9,0.587051825745735,0.0753526428212956,0.557421067927284,7.39749857545474,7.72450212534588,0.196395429194472,0.148492279335572,6.15154386621556,"clear_burst_like","none","injected_burst","eligible","S0036",1,0.1,"holdout",1.45486986560692,1.5135750481815,0.0587051825745736,0.00753526428212956,0.0557421067927284
"PHENO_0048","TPL_010","injected_rate_pulse","TPL_010_EVENT_005","none",85,88,44.9588080332413,45.3495759095543,4,5,0.390767876313037,0.103129118420049,0.215033287047819,2.08508799786283,2.49683006407557,0.508512411496663,0.54841137515746,1.64752636622679,"no_burst_evidence","none","injected_burst","eligible","S0036",1,0.1,"holdout",4.49588080332413,4.53495759095543,0.0390767876313037,0.0103129118420049,0.0215033287047819
"PHENO_0049","TPL_010","injected_rate_pulse","TPL_010_EVENT_006","none",97,103,47.3453538927823,47.6834422650605,7,8,0.338088372278262,0.0500412305812001,0.205884421002601,4.11429572397344,5.45378018147377,0.244395142983408,0.278919757521069,4.14196742557149,"clear_burst_like","none","injected_burst","eligible","S0036",1,0.1,"holdout",4.73453538927823,4.76834422650605,0.0338088372278262,0.00500412305812001,0.0205884421002601
"PHENO_0050","TPL_010","injected_rate_pulse","TPL_010_EVENT_008","none",133,140,57.8734314880973,58.2066994843765,8,9,0.33326799627921,0.0456464280932745,0.263929371526887,5.78203777495077,6.30957831473575,0.35649985574689,0.195825364232619,5.38806719367663,"clear_burst_like","none","injected_burst","eligible","S0036",1,0.1,"holdout",5.78734314880973,5.82066994843765,0.033326799627921,0.00456464280932745,0.0263929371526887
"PHENO_0110","TPL_010","null_model_burst_like_excursion","none","TPL_010_STATE_003",66,74,40.3536616829173,42.1151566498276,9,10,1.76149496691036,0.156582701019735,0.256264036343632,1.63660503155667,1.28894292522781,0.287112456630114,0.936143176320914,1.51261634600532,"no_burst_evidence","none","mechanism_negative_null_excursion_audit","eligible","S0036",1,0.1,"holdout",4.03536616829173,4.21151566498276,0.176149496691036,0.0156582701019735,0.0256264036343632
"PHENO_0046","TPL_010","injected_rate_pulse","TPL_010_EVENT_002","none",21,23,13.6930326708322,14.0570683035794,3,4,0.364035632747179,0.137466147709799,0.64153004488652,4.66682201818034,7.44382287735993,0.351788155944665,0.226872567524245,3.13485405605056,"no_burst_evidence","none","injected_burst","eligible","S0027",4,0.4,"holdout",5.47721306833287,5.62282732143175,0.145614253098872,0.0549864590839195,0.256612017954608
"PHENO_0047","TPL_010","injected_rate_pulse","TPL_010_EVENT_003","none",25,32,14.5486986560692,15.135750481815,8,9,0.587051825745735,0.0753526428212956,0.557421067927284,7.39749857545474,7.72450212534588,0.196395429194472,0.148492279335572,6.15154386621556,"clear_burst_like","none","injected_burst","eligible","S0027",4,0.4,"holdout",5.81947946242769,6.05430019272599,0.234820730298294,0.0301410571285182,0.222968427170914
"PHENO_0048","TPL_010","injected_rate_pulse","TPL_010_EVENT_005","none",85,88,44.9588080332413,45.3495759095543,4,5,0.390767876313037,0.103129118420049,0.215033287047819,2.08508799786283,2.49683006407557,0.508512411496663,0.54841137515746,1.64752636622679,"no_burst_evidence","none","injected_burst","eligible","S0027",4,0.4,"holdout",17.9835232132965,18.1398303638217,0.156307150525215,0.0412516473680197,0.0860133148191277
"PHENO_0049","TPL_010","injected_rate_pulse","TPL_010_EVENT_006","none",97,103,47.3453538927823,47.6834422650605,7,8,0.338088372278262,0.0500412305812001,0.205884421002601,4.11429572397344,5.45378018147377,0.244395142983408,0.278919757521069,4.14196742557149,"clear_burst_like","none","injected_burst","eligible","S0027",4,0.4,"holdout",18.9381415571129,19.0733769060242,0.135235348911305,0.0200164922324801,0.0823537684010403
"PHENO_0050","TPL_010","injected_rate_pulse","TPL_010_EVENT_008","none",133,140,57.8734314880973,58.2066994843765,8,9,0.33326799627921,0.0456464280932745,0.263929371526887,5.78203777495077,6.30957831473575,0.35649985574689,0.195825364232619,5.38806719367663,"clear_burst_like","none","injected_burst","eligible","S0027",4,0.4,"holdout",23.1493725952389,23.2826797937506,0.133307198511684,0.0182585712373098,0.105571748610755
"PHENO_0110","TPL_010","null_model_burst_like_excursion","none","TPL_010_STATE_003",66,74,40.3536616829173,42.1151566498276,9,10,1.76149496691036,0.156582701019735,0.256264036343632,1.63660503155667,1.28894292522781,0.287112456630114,0.936143176320914,1.51261634600532,"no_burst_evidence","none","mechanism_negative_null_excursion_audit","eligible","S0027",4,0.4,"holdout",16.1414646731669,16.8460626599311,0.704597986764145,0.0626330804078939,0.102505614537453
"PHENO_0046","TPL_010","injected_rate_pulse","TPL_010_EVENT_002","none",21,23,13.6930326708322,14.0570683035794,3,4,0.364035632747179,0.137466147709799,0.64153004488652,4.66682201818034,7.44382287735993,0.351788155944665,0.226872567524245,3.13485405605056,"no_burst_evidence","none","injected_burst","eligible","S0002",10,1,"holdout",13.6930326708322,14.0570683035794,0.364035632747179,0.137466147709799,0.64153004488652
"PHENO_0047","TPL_010","injected_rate_pulse","TPL_010_EVENT_003","none",25,32,14.5486986560692,15.135750481815,8,9,0.587051825745735,0.0753526428212956,0.557421067927284,7.39749857545474,7.72450212534588,0.196395429194472,0.148492279335572,6.15154386621556,"clear_burst_like","none","injected_burst","eligible","S0002",10,1,"holdout",14.5486986560692,15.135750481815,0.587051825745735,0.0753526428212956,0.557421067927284
"PHENO_0048","TPL_010","injected_rate_pulse","TPL_010_EVENT_005","none",85,88,44.9588080332413,45.3495759095543,4,5,0.390767876313037,0.103129118420049,0.215033287047819,2.08508799786283,2.49683006407557,0.508512411496663,0.54841137515746,1.64752636622679,"no_burst_evidence","none","injected_burst","eligible","S0002",10,1,"holdout",44.9588080332413,45.3495759095543,0.390767876313037,0.103129118420049,0.215033287047819
"PHENO_0049","TPL_010","injected_rate_pulse","TPL_010_EVENT_006","none",97,103,47.3453538927823,47.6834422650605,7,8,0.338088372278262,0.0500412305812001,0.205884421002601,4.11429572397344,5.45378018147377,0.244395142983408,0.278919757521069,4.14196742557149,"clear_burst_like","none","injected_burst","eligible","S0002",10,1,"holdout",47.3453538927823,47.6834422650605,0.338088372278262,0.0500412305812001,0.205884421002601
"PHENO_0050","TPL_010","injected_rate_pulse","TPL_010_EVENT_008","none",133,140,57.8734314880973,58.2066994843765,8,9,0.33326799627921,0.0456464280932745,0.263929371526887,5.78203777495077,6.30957831473575,0.35649985574689,0.195825364232619,5.38806719367663,"clear_burst_like","none","injected_burst","eligible","S0002",10,1,"holdout",57.8734314880973,58.2066994843765,0.33326799627921,0.0456464280932745,0.263929371526887
"PHENO_0110","TPL_010","null_model_burst_like_excursion","none","TPL_010_STATE_003",66,74,40.3536616829173,42.1151566498276,9,10,1.76149496691036,0.156582701019735,0.256264036343632,1.63660503155667,1.28894292522781,0.287112456630114,0.936143176320914,1.51261634600532,"no_burst_evidence","none","mechanism_negative_null_excursion_audit","eligible","S0002",10,1,"holdout",40.3536616829173,42.1151566498276,1.76149496691036,0.156582701019735,0.256264036343632
"PHENO_0051","TPL_011","injected_rate_pulse","TPL_011_EVENT_002","none",15,18,6.61811803003852,6.8340631730981,4,5,0.215945143059584,0.0560498690459306,0.137555881939711,2.45416955081535,2.95981950281778,0.426044404828712,0.521223651098416,2.02425450246946,"no_burst_evidence","none","injected_burst","eligible","S0050",1,0.1,"holdout",0.661811803003852,0.68340631730981,0.0215945143059584,0.00560498690459306,0.0137555881939711
"PHENO_0052","TPL_011","injected_rate_pulse","TPL_011_EVENT_003","none",51,55,13.9172185873412,14.2390752711315,5,6,0.321856683790286,0.0615611985854416,0.205234247091793,3.33382474363207,3.02758390613184,0.197827859583498,0.331542393803676,2.94965309900902,"no_burst_evidence","none","injected_burst","eligible","S0050",1,0.1,"holdout",1.39172185873412,1.42390752711315,0.0321856683790286,0.00615611985854416,0.0205234247091793
"PHENO_0053","TPL_011","injected_rate_pulse","TPL_011_EVENT_005","none",88,92,38.3219470400968,39.0511403040752,5,6,0.729193263978427,0.150020528509887,0.581920246977195,3.8789374544754,6.05975349496735,0.284627241551705,0.262395373820296,3.45308169070666,"ambiguous_burst_like","score_between_pre_frozen_gamma_null_guard_bands","injected_burst","exclude_primary_include_sensitivity","S0050",1,0.1,"holdout",3.83219470400968,3.90511403040752,0.0729193263978427,0.0150020528509887,0.0581920246977195
"PHENO_0054","TPL_011","injected_rate_pulse","TPL_011_EVENT_006","none",133,138,50.0312105078204,50.5638154814049,6,7,0.532604973584495,0.0898304482702552,0.391664173107976,4.36003805669157,3.46517059388652,0.511611301639938,0.285012173277744,3.86635591761555,"ambiguous_burst_like","score_between_pre_frozen_gamma_null_guard_bands","injected_burst","exclude_primary_include_sensitivity","S0050",1,0.1,"holdout",5.00312105078204,5.05638154814049,0.0532604973584495,0.00898304482702552,0.0391664173107976
"PHENO_0055","TPL_011","injected_rate_pulse","TPL_011_EVENT_007","none",140,146,51.0804877528484,51.5771671090267,7,8,0.496679356178271,0.0821154875022241,0.116600551904337,1.41995810353289,2.75247296916359,0.342805570442337,0.723679093727599,1.14651720017005,"no_burst_evidence","none","injected_burst","eligible","S0050",1,0.1,"holdout",5.10804877528484,5.15771671090267,0.0496679356178271,0.00821154875022241,0.0116600551904337
"PHENO_0111","TPL_011","null_model_burst_like_excursion","none","TPL_011_STATE_004",97,105,40.1099749075127,40.8519866973917,9,10,0.742011789879073,0.0711280140725255,0.248257824276257,3.49029601786887,3.00836440316058,0.486741537359859,0.410568656840789,3.97663463659155,"ambiguous_burst_like","gamma_null_excursion_between_guard_bands","mechanism_negative_null_excursion_audit","exclude_primary_include_sensitivity","S0050",1,0.1,"holdout",4.01099749075127,4.08519866973917,0.0742011789879073,0.00711280140725255,0.0248257824276257
"PHENO_0051","TPL_011","injected_rate_pulse","TPL_011_EVENT_002","none",15,18,6.61811803003852,6.8340631730981,4,5,0.215945143059584,0.0560498690459306,0.137555881939711,2.45416955081535,2.95981950281778,0.426044404828712,0.521223651098416,2.02425450246946,"no_burst_evidence","none","injected_burst","eligible","S0034",4,0.4,"holdout",2.64724721201541,2.73362526923924,0.0863780572238335,0.0224199476183722,0.0550223527758843
"PHENO_0052","TPL_011","injected_rate_pulse","TPL_011_EVENT_003","none",51,55,13.9172185873412,14.2390752711315,5,6,0.321856683790286,0.0615611985854416,0.205234247091793,3.33382474363207,3.02758390613184,0.197827859583498,0.331542393803676,2.94965309900902,"no_burst_evidence","none","injected_burst","eligible","S0034",4,0.4,"holdout",5.56688743493648,5.6956301084526,0.128742673516114,0.0246244794341767,0.0820936988367172
"PHENO_0053","TPL_011","injected_rate_pulse","TPL_011_EVENT_005","none",88,92,38.3219470400968,39.0511403040752,5,6,0.729193263978427,0.150020528509887,0.581920246977195,3.8789374544754,6.05975349496735,0.284627241551705,0.262395373820296,3.45308169070666,"ambiguous_burst_like","score_between_pre_frozen_gamma_null_guard_bands","injected_burst","exclude_primary_include_sensitivity","S0034",4,0.4,"holdout",15.3287788160387,15.6204561216301,0.291677305591371,0.0600082114039547,0.232768098790878
"PHENO_0054","TPL_011","injected_rate_pulse","TPL_011_EVENT_006","none",133,138,50.0312105078204,50.5638154814049,6,7,0.532604973584495,0.0898304482702552,0.391664173107976,4.36003805669157,3.46517059388652,0.511611301639938,0.285012173277744,3.86635591761555,"ambiguous_burst_like","score_between_pre_frozen_gamma_null_guard_bands","injected_burst","exclude_primary_include_sensitivity","S0034",4,0.4,"holdout",20.0124842031281,20.2255261925619,0.213041989433798,0.0359321793081021,0.15666566924319
"PHENO_0055","TPL_011","injected_rate_pulse","TPL_011_EVENT_007","none",140,146,51.0804877528484,51.5771671090267,7,8,0.496679356178271,0.0821154875022241,0.116600551904337,1.41995810353289,2.75247296916359,0.342805570442337,0.723679093727599,1.14651720017005,"no_burst_evidence","none","injected_burst","eligible","S0034",4,0.4,"holdout",20.4321951011394,20.6308668436107,0.198671742471309,0.0328461950008896,0.0466402207617347
"PHENO_0111","TPL_011","null_model_burst_like_excursion","none","TPL_011_STATE_004",97,105,40.1099749075127,40.8519866973917,9,10,0.742011789879073,0.0711280140725255,0.248257824276257,3.49029601786887,3.00836440316058,0.486741537359859,0.410568656840789,3.97663463659155,"ambiguous_burst_like","gamma_null_excursion_between_guard_bands","mechanism_negative_null_excursion_audit","exclude_primary_include_sensitivity","S0034",4,0.4,"holdout",16.0439899630051,16.3407946789567,0.296804715951629,0.0284512056290102,0.0993031297105027
"PHENO_0051","TPL_011","injected_rate_pulse","TPL_011_EVENT_002","none",15,18,6.61811803003852,6.8340631730981,4,5,0.215945143059584,0.0560498690459306,0.137555881939711,2.45416955081535,2.95981950281778,0.426044404828712,0.521223651098416,2.02425450246946,"no_burst_evidence","none","injected_burst","eligible","S0046",10,1,"holdout",6.61811803003852,6.8340631730981,0.215945143059584,0.0560498690459306,0.137555881939711
"PHENO_0052","TPL_011","injected_rate_pulse","TPL_011_EVENT_003","none",51,55,13.9172185873412,14.2390752711315,5,6,0.321856683790286,0.0615611985854416,0.205234247091793,3.33382474363207,3.02758390613184,0.197827859583498,0.331542393803676,2.94965309900902,"no_burst_evidence","none","injected_burst","eligible","S0046",10,1,"holdout",13.9172185873412,14.2390752711315,0.321856683790286,0.0615611985854416,0.205234247091793
"PHENO_0053","TPL_011","injected_rate_pulse","TPL_011_EVENT_005","none",88,92,38.3219470400968,39.0511403040752,5,6,0.729193263978427,0.150020528509887,0.581920246977195,3.8789374544754,6.05975349496735,0.284627241551705,0.262395373820296,3.45308169070666,"ambiguous_burst_like","score_between_pre_frozen_gamma_null_guard_bands","injected_burst","exclude_primary_include_sensitivity","S0046",10,1,"holdout",38.3219470400968,39.0511403040752,0.729193263978427,0.150020528509887,0.581920246977195
"PHENO_0054","TPL_011","injected_rate_pulse","TPL_011_EVENT_006","none",133,138,50.0312105078204,50.5638154814049,6,7,0.532604973584495,0.0898304482702552,0.391664173107976,4.36003805669157,3.46517059388652,0.511611301639938,0.285012173277744,3.86635591761555,"ambiguous_burst_like","score_between_pre_frozen_gamma_null_guard_bands","injected_burst","exclude_primary_include_sensitivity","S0046",10,1,"holdout",50.0312105078204,50.5638154814049,0.532604973584495,0.0898304482702552,0.391664173107976
"PHENO_0055","TPL_011","injected_rate_pulse","TPL_011_EVENT_007","none",140,146,51.0804877528484,51.5771671090267,7,8,0.496679356178271,0.0821154875022241,0.116600551904337,1.41995810353289,2.75247296916359,0.342805570442337,0.723679093727599,1.14651720017005,"no_burst_evidence","none","injected_burst","eligible","S0046",10,1,"holdout",51.0804877528484,51.5771671090267,0.496679356178271,0.0821154875022241,0.116600551904337
"PHENO_0111","TPL_011","null_model_burst_like_excursion","none","TPL_011_STATE_004",97,105,40.1099749075127,40.8519866973917,9,10,0.742011789879073,0.0711280140725255,0.248257824276257,3.49029601786887,3.00836440316058,0.486741537359859,0.410568656840789,3.97663463659155,"ambiguous_burst_like","gamma_null_excursion_between_guard_bands","mechanism_negative_null_excursion_audit","exclude_primary_include_sensitivity","S0046",10,1,"holdout",40.1099749075127,40.8519866973917,0.742011789879073,0.0711280140725255,0.248257824276257
"PHENO_0056","TPL_012","injected_rate_pulse","TPL_012_EVENT_003","none",61,64,33.6497405200556,34.0582207459214,4,5,0.408480225865838,0.100269057310502,0.256545710444387,2.55857307653691,2.74764021745262,0.386072638689154,0.488236267887493,2.09297776849544,"no_burst_evidence","none","injected_burst","eligible","S0016",1,0.1,"holdout",3.36497405200556,3.40582207459214,0.0408480225865838,0.0100269057310502,0.0256545710444387
"PHENO_0057","TPL_012","injected_rate_pulse","TPL_012_EVENT_004","none",83,88,38.5013126467634,38.7750836682564,6,7,0.273771021492974,0.045498239739264,0.228097281879028,5.0133210248612,5.87224551453684,0.232747665929969,0.225499047162586,4.3681034318721,"clear_burst_like","none","injected_burst","eligible","S0016",1,0.1,"holdout",3.85013126467634,3.87750836682564,0.0273771021492974,0.0045498239739264,0.0228097281879028
"PHENO_0058","TPL_012","injected_rate_pulse","TPL_012_EVENT_006","none",114,116,47.4821296652172,47.6112360087785,3,4,0.129106343561348,0.0461686403961181,0.166742245043585,3.61159097632003,4.36128586623782,0.337230725514335,0.305544797245575,2.55867891584979,"no_burst_evidence","none","injected_burst","eligible","S0016",1,0.1,"holdout",4.74821296652172,4.76112360087785,0.0129106343561348,0.00461686403961181,0.0166742245043585
"PHENO_0059","TPL_012","injected_rate_pulse","TPL_012_EVENT_007","none",136,140,52.3033130561695,52.6470079168816,5,6,0.34369486071203,0.0607975062306945,0.144654766327561,2.37928782438333,4.65379082855143,0.501082795370036,0.483024504181979,2.2725386776323,"no_burst_evidence","none","injected_burst","eligible","S0016",1,0.1,"holdout",5.23033130561695,5.26470079168816,0.034369486071203,0.00607975062306945,0.0144654766327561
"PHENO_0060","TPL_012","injected_rate_pulse","TPL_012_EVENT_008","none",142,149,53.1329629804612,53.9041162313044,8,9,0.771153250843222,0.0862106024596543,0.0653346515068123,0.757849378646766,1.70008981265578,0.380590414718016,1.7761696086207,-0.689628519455498,"no_burst_evidence","none","injected_burst","eligible","S0016",1,0.1,"holdout",5.31329629804612,5.39041162313044,0.0771153250843222,0.00862106024596543,0.00653346515068123
"PHENO_0112","TPL_012","null_model_burst_like_excursion","none","TPL_012_STATE_003",46,49,30.3464811785542,30.9444964728465,4,5,0.598015294292328,0.145743068494987,0.25892400457547,1.77657851758745,1.9040661142168,0.302778098686394,0.683505848632936,1.28009877186115,"no_burst_evidence","none","mechanism_negative_null_excursion_audit","eligible","S0016",1,0.1,"holdout",3.03464811785542,3.09444964728465,0.0598015294292328,0.0145743068494987,0.025892400457547
"PHENO_0056","TPL_012","injected_rate_pulse","TPL_012_EVENT_003","none",61,64,33.6497405200556,34.0582207459214,4,5,0.408480225865838,0.100269057310502,0.256545710444387,2.55857307653691,2.74764021745262,0.386072638689154,0.488236267887493,2.09297776849544,"no_burst_evidence","none","injected_burst","eligible","S0031",4,0.4,"holdout",13.4598962080222,13.6232882983686,0.163392090346335,0.0401076229242008,0.102618284177755
"PHENO_0057","TPL_012","injected_rate_pulse","TPL_012_EVENT_004","none",83,88,38.5013126467634,38.7750836682564,6,7,0.273771021492974,0.045498239739264,0.228097281879028,5.0133210248612,5.87224551453684,0.232747665929969,0.225499047162586,4.3681034318721,"clear_burst_like","none","injected_burst","eligible","S0031",4,0.4,"holdout",15.4005250587054,15.5100334673026,0.10950840859719,0.0181992958957056,0.0912389127516111
"PHENO_0058","TPL_012","injected_rate_pulse","TPL_012_EVENT_006","none",114,116,47.4821296652172,47.6112360087785,3,4,0.129106343561348,0.0461686403961181,0.166742245043585,3.61159097632003,4.36128586623782,0.337230725514335,0.305544797245575,2.55867891584979,"no_burst_evidence","none","injected_burst","eligible","S0031",4,0.4,"holdout",18.9928518660869,19.0444944035114,0.0516425374245394,0.0184674561584472,0.0666968980174339
"PHENO_0059","TPL_012","injected_rate_pulse","TPL_012_EVENT_007","none",136,140,52.3033130561695,52.6470079168816,5,6,0.34369486071203,0.0607975062306945,0.144654766327561,2.37928782438333,4.65379082855143,0.501082795370036,0.483024504181979,2.2725386776323,"no_burst_evidence","none","injected_burst","eligible","S0031",4,0.4,"holdout",20.9213252224678,21.0588031667526,0.137477944284812,0.0243190024922778,0.0578619065310244
"PHENO_0060","TPL_012","injected_rate_pulse","TPL_012_EVENT_008","none",142,149,53.1329629804612,53.9041162313044,8,9,0.771153250843222,0.0862106024596543,0.0653346515068123,0.757849378646766,1.70008981265578,0.380590414718016,1.7761696086207,-0.689628519455498,"no_burst_evidence","none","injected_burst","eligible","S0031",4,0.4,"holdout",21.2531851921845,21.5616464925218,0.308461300337289,0.0344842409838617,0.0261338606027249
"PHENO_0112","TPL_012","null_model_burst_like_excursion","none","TPL_012_STATE_003",46,49,30.3464811785542,30.9444964728465,4,5,0.598015294292328,0.145743068494987,0.25892400457547,1.77657851758745,1.9040661142168,0.302778098686394,0.683505848632936,1.28009877186115,"no_burst_evidence","none","mechanism_negative_null_excursion_audit","eligible","S0031",4,0.4,"holdout",12.1385924714217,12.3777985891386,0.239206117716931,0.0582972273979948,0.103569601830188
"PHENO_0056","TPL_012","injected_rate_pulse","TPL_012_EVENT_003","none",61,64,33.6497405200556,34.0582207459214,4,5,0.408480225865838,0.100269057310502,0.256545710444387,2.55857307653691,2.74764021745262,0.386072638689154,0.488236267887493,2.09297776849544,"no_burst_evidence","none","injected_burst","eligible","S0057",10,1,"holdout",33.6497405200556,34.0582207459214,0.408480225865838,0.100269057310502,0.256545710444387
"PHENO_0057","TPL_012","injected_rate_pulse","TPL_012_EVENT_004","none",83,88,38.5013126467634,38.7750836682564,6,7,0.273771021492974,0.045498239739264,0.228097281879028,5.0133210248612,5.87224551453684,0.232747665929969,0.225499047162586,4.3681034318721,"clear_burst_like","none","injected_burst","eligible","S0057",10,1,"holdout",38.5013126467634,38.7750836682564,0.273771021492974,0.045498239739264,0.228097281879028
"PHENO_0058","TPL_012","injected_rate_pulse","TPL_012_EVENT_006","none",114,116,47.4821296652172,47.6112360087785,3,4,0.129106343561348,0.0461686403961181,0.166742245043585,3.61159097632003,4.36128586623782,0.337230725514335,0.305544797245575,2.55867891584979,"no_burst_evidence","none","injected_burst","eligible","S0057",10,1,"holdout",47.4821296652172,47.6112360087785,0.129106343561348,0.0461686403961181,0.166742245043585
"PHENO_0059","TPL_012","injected_rate_pulse","TPL_012_EVENT_007","none",136,140,52.3033130561695,52.6470079168816,5,6,0.34369486071203,0.0607975062306945,0.144654766327561,2.37928782438333,4.65379082855143,0.501082795370036,0.483024504181979,2.2725386776323,"no_burst_evidence","none","injected_burst","eligible","S0057",10,1,"holdout",52.3033130561695,52.6470079168816,0.34369486071203,0.0607975062306945,0.144654766327561
"PHENO_0060","TPL_012","injected_rate_pulse","TPL_012_EVENT_008","none",142,149,53.1329629804612,53.9041162313044,8,9,0.771153250843222,0.0862106024596543,0.0653346515068123,0.757849378646766,1.70008981265578,0.380590414718016,1.7761696086207,-0.689628519455498,"no_burst_evidence","none","injected_burst","eligible","S0057",10,1,"holdout",53.1329629804612,53.9041162313044,0.771153250843222,0.0862106024596543,0.0653346515068123
"PHENO_0112","TPL_012","null_model_burst_like_excursion","none","TPL_012_STATE_003",46,49,30.3464811785542,30.9444964728465,4,5,0.598015294292328,0.145743068494987,0.25892400457547,1.77657851758745,1.9040661142168,0.302778098686394,0.683505848632936,1.28009877186115,"no_burst_evidence","none","mechanism_negative_null_excursion_audit","eligible","S0057",10,1,"holdout",30.3464811785542,30.9444964728465,0.598015294292328,0.145743068494987,0.25892400457547
"PHENO_0061","TPL_013","injected_rate_pulse","TPL_013_EVENT_001","none",1,6,0,0.689316184315184,6,7,0.689316184315184,0.117209109629598,0.0827173251691419,0.705724371002761,1.77904248110246,0.30719119264962,1.57730250977771,-0.740422248452139,"no_burst_evidence","none","injected_burst","eligible","S0012",1,0.1,"holdout",0,0.0689316184315184,0.0689316184315184,0.0117209109629598,0.00827173251691419
"PHENO_0062","TPL_013","injected_rate_pulse","TPL_013_EVENT_002","none",8,14,1.27688708385388,1.96616684319683,7,8,0.689279759342946,0.0881908251419504,0.637423461110197,7.22777522587198,6.21153510164896,0.446551764875699,0.161593878200354,5.64506110228926,"clear_burst_like","none","injected_burst","eligible","S0012",1,0.1,"holdout",0.127688708385388,0.196616684319683,0.0689279759342946,0.00881908251419504,0.0637423461110197
"PHENO_0063","TPL_013","injected_rate_pulse","TPL_013_EVENT_004","none",39,46,19.1593788904612,19.4538841402722,8,9,0.294505249811053,0.0360109751159716,0.168678548152264,4.68408721532928,4.93136177118747,0.253619465231552,0.24818802051398,4.74111717291984,"clear_burst_like","none","injected_burst","eligible","S0012",1,0.1,"holdout",1.91593788904612,1.94538841402722,0.0294505249811053,0.00360109751159716,0.0168678548152264
"PHENO_0064","TPL_013","injected_rate_pulse","TPL_013_EVENT_005","none",63,70,24.4051829977295,25.232327939528,8,9,0.827144941798536,0.104206037479549,0.283904481957064,2.7244532929561,4.14846799510532,0.310335190608909,0.416830890003064,3.1594926376015,"no_burst_evidence","none","injected_burst","eligible","S0012",1,0.1,"holdout",2.44051829977295,2.5232327939528,0.0827144941798536,0.0104206037479549,0.0283904481957064
"PHENO_0065","TPL_013","injected_rate_pulse","TPL_013_EVENT_007","none",114,120,42.2313691838419,42.7167088088649,7,8,0.485339625023001,0.0651716509592557,0.336368783511905,5.16127455052808,4.96170444697446,0.33106029962853,0.260433747381015,4.70949484218721,"clear_burst_like","none","injected_burst","eligible","S0012",1,0.1,"holdout",4.22313691838419,4.27167088088649,0.0485339625023001,0.00651716509592557,0.0336368783511905
"PHENO_0113","TPL_013","null_model_burst_like_excursion","none","TPL_013_STATE_003",86,90,29.3955716793432,30.2255129234384,5,6,0.829941244095199,0.132154687747722,0.293987611324408,2.22457194924192,1.80731813899867,0.408921661300355,0.572530246577303,1.89494945507298,"no_burst_evidence","none","mechanism_negative_null_excursion_audit","eligible","S0012",1,0.1,"holdout",2.93955716793432,3.02255129234384,0.0829941244095199,0.0132154687747722,0.0293987611324408
"PHENO_0061","TPL_013","injected_rate_pulse","TPL_013_EVENT_001","none",1,6,0,0.689316184315184,6,7,0.689316184315184,0.117209109629598,0.0827173251691419,0.705724371002761,1.77904248110246,0.30719119264962,1.57730250977771,-0.740422248452139,"no_burst_evidence","none","injected_burst","eligible","S0022",4,0.4,"holdout",0,0.275726473726074,0.275726473726074,0.0468836438518393,0.0330869300676568
"PHENO_0062","TPL_013","injected_rate_pulse","TPL_013_EVENT_002","none",8,14,1.27688708385388,1.96616684319683,7,8,0.689279759342946,0.0881908251419504,0.637423461110197,7.22777522587198,6.21153510164896,0.446551764875699,0.161593878200354,5.64506110228926,"clear_burst_like","none","injected_burst","eligible","S0022",4,0.4,"holdout",0.510754833541552,0.786466737278731,0.275711903737178,0.0352763300567802,0.254969384444079
"PHENO_0063","TPL_013","injected_rate_pulse","TPL_013_EVENT_004","none",39,46,19.1593788904612,19.4538841402722,8,9,0.294505249811053,0.0360109751159716,0.168678548152264,4.68408721532928,4.93136177118747,0.253619465231552,0.24818802051398,4.74111717291984,"clear_burst_like","none","injected_burst","eligible","S0022",4,0.4,"holdout",7.66375155618447,7.78155365610889,0.117802099924421,0.0144043900463886,0.0674714192609055
"PHENO_0064","TPL_013","injected_rate_pulse","TPL_013_EVENT_005","none",63,70,24.4051829977295,25.232327939528,8,9,0.827144941798536,0.104206037479549,0.283904481957064,2.7244532929561,4.14846799510532,0.310335190608909,0.416830890003064,3.1594926376015,"no_burst_evidence","none","injected_burst","eligible","S0022",4,0.4,"holdout",9.7620731990918,10.0929311758112,0.330857976719415,0.0416824149918195,0.113561792782825
"PHENO_0065","TPL_013","injected_rate_pulse","TPL_013_EVENT_007","none",114,120,42.2313691838419,42.7167088088649,7,8,0.485339625023001,0.0651716509592557,0.336368783511905,5.16127455052808,4.96170444697446,0.33106029962853,0.260433747381015,4.70949484218721,"clear_burst_like","none","injected_burst","eligible","S0022",4,0.4,"holdout",16.8925476735367,17.0866835235459,0.1941358500092,0.0260686603837023,0.134547513404762
"PHENO_0113","TPL_013","null_model_burst_like_excursion","none","TPL_013_STATE_003",86,90,29.3955716793432,30.2255129234384,5,6,0.829941244095199,0.132154687747722,0.293987611324408,2.22457194924192,1.80731813899867,0.408921661300355,0.572530246577303,1.89494945507298,"no_burst_evidence","none","mechanism_negative_null_excursion_audit","eligible","S0022",4,0.4,"holdout",11.7582286717373,12.0902051693754,0.33197649763808,0.0528618750990888,0.117595044529763
"PHENO_0061","TPL_013","injected_rate_pulse","TPL_013_EVENT_001","none",1,6,0,0.689316184315184,6,7,0.689316184315184,0.117209109629598,0.0827173251691419,0.705724371002761,1.77904248110246,0.30719119264962,1.57730250977771,-0.740422248452139,"no_burst_evidence","none","injected_burst","eligible","S0053",10,1,"holdout",0,0.689316184315184,0.689316184315184,0.117209109629598,0.0827173251691419
"PHENO_0062","TPL_013","injected_rate_pulse","TPL_013_EVENT_002","none",8,14,1.27688708385388,1.96616684319683,7,8,0.689279759342946,0.0881908251419504,0.637423461110197,7.22777522587198,6.21153510164896,0.446551764875699,0.161593878200354,5.64506110228926,"clear_burst_like","none","injected_burst","eligible","S0053",10,1,"holdout",1.27688708385388,1.96616684319683,0.689279759342946,0.0881908251419504,0.637423461110197
"PHENO_0063","TPL_013","injected_rate_pulse","TPL_013_EVENT_004","none",39,46,19.1593788904612,19.4538841402722,8,9,0.294505249811053,0.0360109751159716,0.168678548152264,4.68408721532928,4.93136177118747,0.253619465231552,0.24818802051398,4.74111717291984,"clear_burst_like","none","injected_burst","eligible","S0053",10,1,"holdout",19.1593788904612,19.4538841402722,0.294505249811053,0.0360109751159716,0.168678548152264
"PHENO_0064","TPL_013","injected_rate_pulse","TPL_013_EVENT_005","none",63,70,24.4051829977295,25.232327939528,8,9,0.827144941798536,0.104206037479549,0.283904481957064,2.7244532929561,4.14846799510532,0.310335190608909,0.416830890003064,3.1594926376015,"no_burst_evidence","none","injected_burst","eligible","S0053",10,1,"holdout",24.4051829977295,25.232327939528,0.827144941798536,0.104206037479549,0.283904481957064
"PHENO_0065","TPL_013","injected_rate_pulse","TPL_013_EVENT_007","none",114,120,42.2313691838419,42.7167088088649,7,8,0.485339625023001,0.0651716509592557,0.336368783511905,5.16127455052808,4.96170444697446,0.33106029962853,0.260433747381015,4.70949484218721,"clear_burst_like","none","injected_burst","eligible","S0053",10,1,"holdout",42.2313691838419,42.7167088088649,0.485339625023001,0.0651716509592557,0.336368783511905
"PHENO_0113","TPL_013","null_model_burst_like_excursion","none","TPL_013_STATE_003",86,90,29.3955716793432,30.2255129234384,5,6,0.829941244095199,0.132154687747722,0.293987611324408,2.22457194924192,1.80731813899867,0.408921661300355,0.572530246577303,1.89494945507298,"no_burst_evidence","none","mechanism_negative_null_excursion_audit","eligible","S0053",10,1,"holdout",29.3955716793432,30.2255129234384,0.829941244095199,0.132154687747722,0.293987611324408
"PHENO_0066","TPL_014","injected_rate_pulse","TPL_014_EVENT_001","none",10,13,2.11262182864008,2.29280022179008,4,5,0.180178393149995,0.0429443672928638,0.227183658518272,5.29018525221173,5.00926831732113,0.250385997410573,0.220687111394416,3.7094903944125,"ambiguous_burst_like","score_between_pre_frozen_gamma_null_guard_bands","injected_burst","exclude_primary_include_sensitivity","S0033",1,0.1,"holdout",0.211262182864008,0.229280022179008,0.0180178393149995,0.00429443672928638,0.0227183658518272
"PHENO_0067","TPL_014","injected_rate_pulse","TPL_014_EVENT_003","none",52,56,13.7150179815916,14.017575712616,5,6,0.302557731024459,0.0618433448585982,0.150870299028335,2.43955593561915,2.6739250240107,0.262571528331383,0.440939362692907,2.21379097160519,"no_burst_evidence","none","injected_burst","eligible","S0033",1,0.1,"holdout",1.37150179815916,1.4017575712616,0.0302557731024459,0.00618433448585982,0.0150870299028335
"PHENO_0068","TPL_014","injected_rate_pulse","TPL_014_EVENT_006","none",117,120,46.4603622465914,47.0705144638653,4,5,0.61015221727391,0.159290720319299,0.285841071672434,1.79446154238906,1.98108403644563,0.521677994621718,0.678517605268593,1.2881532486549,"no_burst_evidence","none","injected_burst","eligible","S0033",1,0.1,"holdout",4.64603622465914,4.70705144638653,0.061015221727391,0.0159290720319299,0.0285841071672434
"PHENO_0069","TPL_014","injected_rate_pulse","TPL_014_EVENT_007","none",122,126,47.7177451691683,48.2617304438592,5,6,0.543985274690914,0.115811637864494,0.157368765752807,1.35883378091014,2.24456806411464,0.338177134606696,0.762551734983719,0.853948970850937,"no_burst_evidence","none","injected_burst","eligible","S0033",1,0.1,"holdout",4.77177451691683,4.82617304438592,0.0543985274690914,0.0115811637864494,0.0157368765752807
"PHENO_0070","TPL_014","injected_rate_pulse","TPL_014_EVENT_008","none",128,130,48.8426435737272,49.0982490230745,3,4,0.255605449347268,0.0812613325571587,0.119136949509105,1.46609642938485,2.60876169778789,0.579617017119057,0.91365343095306,0.844445704875592,"no_burst_evidence","none","injected_burst","eligible","S0033",1,0.1,"holdout",4.88426435737272,4.90982490230745,0.0255605449347268,0.00812613325571587,0.0119136949509105
"PHENO_0114","TPL_014","null_model_burst_like_excursion","none","TPL_014_STATE_005",99,107,42.0047194415906,43.2179039200868,9,10,1.21318447849627,0.135625001498811,0.32569261720186,2.40142019246145,2.38469973193052,0.453141319304343,0.533418032470042,2.80013510013187,"no_burst_evidence","none","mechanism_negative_null_excursion_audit","eligible","S0033",1,0.1,"holdout",4.20047194415906,4.32179039200868,0.121318447849627,0.0135625001498811,0.032569261720186
"PHENO_0066","TPL_014","injected_rate_pulse","TPL_014_EVENT_001","none",10,13,2.11262182864008,2.29280022179008,4,5,0.180178393149995,0.0429443672928638,0.227183658518272,5.29018525221173,5.00926831732113,0.250385997410573,0.220687111394416,3.7094903944125,"ambiguous_burst_like","score_between_pre_frozen_gamma_null_guard_bands","injected_burst","exclude_primary_include_sensitivity","S0051",4,0.4,"holdout",0.845048731456034,0.917120088716032,0.0720713572599978,0.0171777469171455,0.0908734634073087
"PHENO_0067","TPL_014","injected_rate_pulse","TPL_014_EVENT_003","none",52,56,13.7150179815916,14.017575712616,5,6,0.302557731024459,0.0618433448585982,0.150870299028335,2.43955593561915,2.6739250240107,0.262571528331383,0.440939362692907,2.21379097160519,"no_burst_evidence","none","injected_burst","eligible","S0051",4,0.4,"holdout",5.48600719263664,5.60703028504642,0.121023092409784,0.0247373379434393,0.060348119611334
"PHENO_0068","TPL_014","injected_rate_pulse","TPL_014_EVENT_006","none",117,120,46.4603622465914,47.0705144638653,4,5,0.61015221727391,0.159290720319299,0.285841071672434,1.79446154238906,1.98108403644563,0.521677994621718,0.678517605268593,1.2881532486549,"no_burst_evidence","none","injected_burst","eligible","S0051",4,0.4,"holdout",18.5841448986366,18.8282057855461,0.244060886909564,0.0637162881277198,0.114336428668973
"PHENO_0069","TPL_014","injected_rate_pulse","TPL_014_EVENT_007","none",122,126,47.7177451691683,48.2617304438592,5,6,0.543985274690914,0.115811637864494,0.157368765752807,1.35883378091014,2.24456806411464,0.338177134606696,0.762551734983719,0.853948970850937,"no_burst_evidence","none","injected_burst","eligible","S0051",4,0.4,"holdout",19.0870980676673,19.3046921775437,0.217594109876366,0.0463246551457976,0.0629475063011227
"PHENO_0070","TPL_014","injected_rate_pulse","TPL_014_EVENT_008","none",128,130,48.8426435737272,49.0982490230745,3,4,0.255605449347268,0.0812613325571587,0.119136949509105,1.46609642938485,2.60876169778789,0.579617017119057,0.91365343095306,0.844445704875592,"no_burst_evidence","none","injected_burst","eligible","S0051",4,0.4,"holdout",19.5370574294909,19.6392996092298,0.102242179738907,0.0325045330228635,0.047654779803642
"PHENO_0114","TPL_014","null_model_burst_like_excursion","none","TPL_014_STATE_005",99,107,42.0047194415906,43.2179039200868,9,10,1.21318447849627,0.135625001498811,0.32569261720186,2.40142019246145,2.38469973193052,0.453141319304343,0.533418032470042,2.80013510013187,"no_burst_evidence","none","mechanism_negative_null_excursion_audit","eligible","S0051",4,0.4,"holdout",16.8018877766362,17.2871615680347,0.485273791398509,0.0542500005995245,0.130277046880744
"PHENO_0066","TPL_014","injected_rate_pulse","TPL_014_EVENT_001","none",10,13,2.11262182864008,2.29280022179008,4,5,0.180178393149995,0.0429443672928638,0.227183658518272,5.29018525221173,5.00926831732113,0.250385997410573,0.220687111394416,3.7094903944125,"ambiguous_burst_like","score_between_pre_frozen_gamma_null_guard_bands","injected_burst","exclude_primary_include_sensitivity","S0019",10,1,"holdout",2.11262182864008,2.29280022179008,0.180178393149995,0.0429443672928638,0.227183658518272
"PHENO_0067","TPL_014","injected_rate_pulse","TPL_014_EVENT_003","none",52,56,13.7150179815916,14.017575712616,5,6,0.302557731024459,0.0618433448585982,0.150870299028335,2.43955593561915,2.6739250240107,0.262571528331383,0.440939362692907,2.21379097160519,"no_burst_evidence","none","injected_burst","eligible","S0019",10,1,"holdout",13.7150179815916,14.017575712616,0.302557731024459,0.0618433448585982,0.150870299028335
"PHENO_0068","TPL_014","injected_rate_pulse","TPL_014_EVENT_006","none",117,120,46.4603622465914,47.0705144638653,4,5,0.61015221727391,0.159290720319299,0.285841071672434,1.79446154238906,1.98108403644563,0.521677994621718,0.678517605268593,1.2881532486549,"no_burst_evidence","none","injected_burst","eligible","S0019",10,1,"holdout",46.4603622465914,47.0705144638653,0.61015221727391,0.159290720319299,0.285841071672434
"PHENO_0069","TPL_014","injected_rate_pulse","TPL_014_EVENT_007","none",122,126,47.7177451691683,48.2617304438592,5,6,0.543985274690914,0.115811637864494,0.157368765752807,1.35883378091014,2.24456806411464,0.338177134606696,0.762551734983719,0.853948970850937,"no_burst_evidence","none","injected_burst","eligible","S0019",10,1,"holdout",47.7177451691683,48.2617304438592,0.543985274690914,0.115811637864494,0.157368765752807
"PHENO_0070","TPL_014","injected_rate_pulse","TPL_014_EVENT_008","none",128,130,48.8426435737272,49.0982490230745,3,4,0.255605449347268,0.0812613325571587,0.119136949509105,1.46609642938485,2.60876169778789,0.579617017119057,0.91365343095306,0.844445704875592,"no_burst_evidence","none","injected_burst","eligible","S0019",10,1,"holdout",48.8426435737272,49.0982490230745,0.255605449347268,0.0812613325571587,0.119136949509105
"PHENO_0114","TPL_014","null_model_burst_like_excursion","none","TPL_014_STATE_005",99,107,42.0047194415906,43.2179039200868,9,10,1.21318447849627,0.135625001498811,0.32569261720186,2.40142019246145,2.38469973193052,0.453141319304343,0.533418032470042,2.80013510013187,"no_burst_evidence","none","mechanism_negative_null_excursion_audit","eligible","S0019",10,1,"holdout",42.0047194415906,43.2179039200868,1.21318447849627,0.135625001498811,0.32569261720186
"PHENO_0071","TPL_015","injected_rate_pulse","TPL_015_EVENT_001","none",9,14,1.33504514785735,1.58115479062918,6,7,0.246109642771827,0.038980899952678,0.145233934875914,3.72577172544054,3.87621052402557,0.474262878652723,0.391701405988524,3.51303839813339,"ambiguous_burst_like","score_between_pre_frozen_gamma_null_guard_bands","injected_burst","exclude_primary_include_sensitivity","S0013",1,0.1,"holdout",0.133504514785735,0.158115479062918,0.0246109642771827,0.0038980899952678,0.0145233934875914
"PHENO_0072","TPL_015","injected_rate_pulse","TPL_015_EVENT_002","none",38,44,6.40365536498559,7.23377505402718,7,8,0.830119689041588,0.108474811277587,0.229009740797065,2.11117897417705,2.16395189035252,0.653958148695311,0.572598154601293,2.10461674871225,"no_burst_evidence","none","injected_burst","eligible","S0013",1,0.1,"holdout",0.640365536498559,0.723377505402718,0.0830119689041588,0.0108474811277587,0.0229009740797065
"PHENO_0073","TPL_015","injected_rate_pulse","TPL_015_EVENT_003","none",85,91,17.5623086531861,18.0649034159375,7,8,0.502594762751432,0.0704082791297145,0.191446286002158,2.71908770344256,2.64927068520467,0.203371229868038,0.440358808058396,2.86976954131418,"no_burst_evidence","none","injected_burst","eligible","S0013",1,0.1,"holdout",1.75623086531861,1.80649034159375,0.0502594762751432,0.00704082791297145,0.0191446286002158
"PHENO_0074","TPL_015","injected_rate_pulse","TPL_015_EVENT_006","none",125,132,37.9918707238056,38.4923926250809,8,9,0.500521901275276,0.0589221923566278,0.424235122912097,7.19992087776377,14.8991915874342,0.246765532362267,0.150247866758504,6.2341634237912,"clear_burst_like","none","injected_burst","eligible","S0013",1,0.1,"holdout",3.79918707238056,3.84923926250809,0.0500521901275276,0.00589221923566278,0.0424235122912097
"PHENO_0075","TPL_015","injected_rate_pulse","TPL_015_EVENT_007","none",134,139,39.0692060363279,39.7882420862499,6,7,0.719036049921949,0.117729159891917,0.357558207856276,3.03712528131974,2.95202073776048,0.405963408556701,0.42726130796482,2.95119231185262,"no_burst_evidence","none","injected_burst","eligible","S0013",1,0.1,"holdout",3.90692060363279,3.97882420862499,0.0719036049921949,0.0117729159891917,0.0357558207856276
"PHENO_0115","TPL_015","null_model_burst_like_excursion","none","TPL_015_STATE_002",64,66,11.8303916615198,12.2351834385755,3,4,0.404791777055679,0.1232172551054,0.192775852376952,1.56451993847819,1.83383407325315,0.188551305183184,0.745259422281228,0.907976711287191,"no_burst_evidence","none","mechanism_negative_null_excursion_audit","eligible","S0013",1,0.1,"holdout",1.18303916615198,1.22351834385755,0.0404791777055679,0.01232172551054,0.0192775852376952
"PHENO_0071","TPL_015","injected_rate_pulse","TPL_015_EVENT_001","none",9,14,1.33504514785735,1.58115479062918,6,7,0.246109642771827,0.038980899952678,0.145233934875914,3.72577172544054,3.87621052402557,0.474262878652723,0.391701405988524,3.51303839813339,"ambiguous_burst_like","score_between_pre_frozen_gamma_null_guard_bands","injected_burst","exclude_primary_include_sensitivity","S0038",4,0.4,"holdout",0.53401805914294,0.632461916251671,0.0984438571087306,0.0155923599810712,0.0580935739503656
"PHENO_0072","TPL_015","injected_rate_pulse","TPL_015_EVENT_002","none",38,44,6.40365536498559,7.23377505402718,7,8,0.830119689041588,0.108474811277587,0.229009740797065,2.11117897417705,2.16395189035252,0.653958148695311,0.572598154601293,2.10461674871225,"no_burst_evidence","none","injected_burst","eligible","S0038",4,0.4,"holdout",2.56146214599424,2.89351002161087,0.332047875616635,0.0433899245110347,0.0916038963188259
"PHENO_0073","TPL_015","injected_rate_pulse","TPL_015_EVENT_003","none",85,91,17.5623086531861,18.0649034159375,7,8,0.502594762751432,0.0704082791297145,0.191446286002158,2.71908770344256,2.64927068520467,0.203371229868038,0.440358808058396,2.86976954131418,"no_burst_evidence","none","injected_burst","eligible","S0038",4,0.4,"holdout",7.02492346127443,7.225961366375,0.201037905100573,0.0281633116518858,0.0765785144008632
"PHENO_0074","TPL_015","injected_rate_pulse","TPL_015_EVENT_006","none",125,132,37.9918707238056,38.4923926250809,8,9,0.500521901275276,0.0589221923566278,0.424235122912097,7.19992087776377,14.8991915874342,0.246765532362267,0.150247866758504,6.2341634237912,"clear_burst_like","none","injected_burst","eligible","S0038",4,0.4,"holdout",15.1967482895223,15.3969570500324,0.20020876051011,0.0235688769426511,0.169694049164839
"PHENO_0075","TPL_015","injected_rate_pulse","TPL_015_EVENT_007","none",134,139,39.0692060363279,39.7882420862499,6,7,0.719036049921949,0.117729159891917,0.357558207856276,3.03712528131974,2.95202073776048,0.405963408556701,0.42726130796482,2.95119231185262,"no_burst_evidence","none","injected_burst","eligible","S0038",4,0.4,"holdout",15.6276824145312,15.9152968344999,0.28761441996878,0.047091663956767,0.14302328314251
"PHENO_0115","TPL_015","null_model_burst_like_excursion","none","TPL_015_STATE_002",64,66,11.8303916615198,12.2351834385755,3,4,0.404791777055679,0.1232172551054,0.192775852376952,1.56451993847819,1.83383407325315,0.188551305183184,0.745259422281228,0.907976711287191,"no_burst_evidence","none","mechanism_negative_null_excursion_audit","eligible","S0038",4,0.4,"holdout",4.73215666460793,4.8940733754302,0.161916710822271,0.0492869020421598,0.0771103409507807
"PHENO_0071","TPL_015","injected_rate_pulse","TPL_015_EVENT_001","none",9,14,1.33504514785735,1.58115479062918,6,7,0.246109642771827,0.038980899952678,0.145233934875914,3.72577172544054,3.87621052402557,0.474262878652723,0.391701405988524,3.51303839813339,"ambiguous_burst_like","score_between_pre_frozen_gamma_null_guard_bands","injected_burst","exclude_primary_include_sensitivity","S0018",10,1,"holdout",1.33504514785735,1.58115479062918,0.246109642771827,0.038980899952678,0.145233934875914
"PHENO_0072","TPL_015","injected_rate_pulse","TPL_015_EVENT_002","none",38,44,6.40365536498559,7.23377505402718,7,8,0.830119689041588,0.108474811277587,0.229009740797065,2.11117897417705,2.16395189035252,0.653958148695311,0.572598154601293,2.10461674871225,"no_burst_evidence","none","injected_burst","eligible","S0018",10,1,"holdout",6.40365536498559,7.23377505402718,0.830119689041588,0.108474811277587,0.229009740797065
"PHENO_0073","TPL_015","injected_rate_pulse","TPL_015_EVENT_003","none",85,91,17.5623086531861,18.0649034159375,7,8,0.502594762751432,0.0704082791297145,0.191446286002158,2.71908770344256,2.64927068520467,0.203371229868038,0.440358808058396,2.86976954131418,"no_burst_evidence","none","injected_burst","eligible","S0018",10,1,"holdout",17.5623086531861,18.0649034159375,0.502594762751432,0.0704082791297145,0.191446286002158
"PHENO_0074","TPL_015","injected_rate_pulse","TPL_015_EVENT_006","none",125,132,37.9918707238056,38.4923926250809,8,9,0.500521901275276,0.0589221923566278,0.424235122912097,7.19992087776377,14.8991915874342,0.246765532362267,0.150247866758504,6.2341634237912,"clear_burst_like","none","injected_burst","eligible","S0018",10,1,"holdout",37.9918707238056,38.4923926250809,0.500521901275276,0.0589221923566278,0.424235122912097
"PHENO_0075","TPL_015","injected_rate_pulse","TPL_015_EVENT_007","none",134,139,39.0692060363279,39.7882420862499,6,7,0.719036049921949,0.117729159891917,0.357558207856276,3.03712528131974,2.95202073776048,0.405963408556701,0.42726130796482,2.95119231185262,"no_burst_evidence","none","injected_burst","eligible","S0018",10,1,"holdout",39.0692060363279,39.7882420862499,0.719036049921949,0.117729159891917,0.357558207856276
"PHENO_0115","TPL_015","null_model_burst_like_excursion","none","TPL_015_STATE_002",64,66,11.8303916615198,12.2351834385755,3,4,0.404791777055679,0.1232172551054,0.192775852376952,1.56451993847819,1.83383407325315,0.188551305183184,0.745259422281228,0.907976711287191,"no_burst_evidence","none","mechanism_negative_null_excursion_audit","eligible","S0018",10,1,"holdout",11.8303916615198,12.2351834385755,0.404791777055679,0.1232172551054,0.192775852376952
"PHENO_0076","TPL_016","injected_rate_pulse","TPL_016_EVENT_001","none",1,4,0,0.449402560370917,4,5,0.449402560370917,0.115074736158538,0.138723306899909,1.20550619128763,2.01842153717145,0.209374042061624,0.875484405100412,0.528440651955995,"no_burst_evidence","none","injected_burst","eligible","S0010",1,0.1,"holdout",0,0.0449402560370917,0.0449402560370917,0.0115074736158538,0.0138723306899909
"PHENO_0077","TPL_016","injected_rate_pulse","TPL_016_EVENT_002","none",6,10,0.991744402966405,1.66553514678518,5,6,0.673790743818778,0.124433551860098,0.115074736158538,0.924788647742835,1.32002264016871,0.373125951058013,1.32968422998523,-0.142738654589641,"no_burst_evidence","none","injected_burst","eligible","S0010",1,0.1,"holdout",0.0991744402966405,0.166553514678518,0.0673790743818778,0.0124433551860098,0.0115074736158538
"PHENO_0078","TPL_016","injected_rate_pulse","TPL_016_EVENT_003","none",32,37,5.38216299397219,5.74445214606845,6,7,0.362289152096265,0.0612297976430953,0.286005743743685,4.67102219430473,4.6619718854123,0.2391352980633,0.230925902309628,4.13653553437864,"clear_burst_like","none","injected_burst","eligible","S0010",1,0.1,"holdout",0.538216299397219,0.574445214606845,0.0362289152096265,0.00612297976430953,0.0286005743743685
"PHENO_0079","TPL_016","injected_rate_pulse","TPL_016_EVENT_005","none",63,65,18.5960014043941,18.8432688135622,3,4,0.247267409168054,0.0835474298699883,0.259469960607291,3.10566059316323,3.27977318016256,0.158832206623537,0.343898115216497,2.24386612403911,"no_burst_evidence","none","injected_burst","eligible","S0010",1,0.1,"holdout",1.85960014043941,1.88432688135622,0.0247267409168054,0.00835474298699883,0.0259469960607291
"PHENO_0080","TPL_016","injected_rate_pulse","TPL_016_EVENT_007","none",98,105,31.6616837944492,32.0157711471587,8,9,0.354087352709465,0.043550637372515,0.254189995367719,5.83665385177899,6.49505920568907,0.178529715062381,0.174298455340404,5.43969885356289,"clear_burst_like","none","injected_burst","eligible","S0010",1,0.1,"holdout",3.16616837944492,3.20157711471587,0.0354087352709465,0.0043550637372515,0.0254189995367719
"PHENO_0116","TPL_016","null_model_burst_like_excursion","none","TPL_016_STATE_001",28,30,4.80889753413712,5.08456444187276,3,4,0.275666907735644,0.0886732416007973,0.297598552099427,3.35612577962585,3.05830920372758,0.391678171487512,0.366354388898114,2.33744280019965,"no_burst_evidence","none","mechanism_negative_null_excursion_audit","eligible","S0010",1,0.1,"holdout",0.480889753413712,0.508456444187276,0.0275666907735644,0.00886732416007973,0.0297598552099427
"PHENO_0076","TPL_016","injected_rate_pulse","TPL_016_EVENT_001","none",1,4,0,0.449402560370917,4,5,0.449402560370917,0.115074736158538,0.138723306899909,1.20550619128763,2.01842153717145,0.209374042061624,0.875484405100412,0.528440651955995,"no_burst_evidence","none","injected_burst","eligible","S0024",4,0.4,"holdout",0,0.179761024148367,0.179761024148367,0.0460298944634152,0.0554893227599634
"PHENO_0077","TPL_016","injected_rate_pulse","TPL_016_EVENT_002","none",6,10,0.991744402966405,1.66553514678518,5,6,0.673790743818778,0.124433551860098,0.115074736158538,0.924788647742835,1.32002264016871,0.373125951058013,1.32968422998523,-0.142738654589641,"no_burst_evidence","none","injected_burst","eligible","S0024",4,0.4,"holdout",0.396697761186562,0.666214058714073,0.269516297527511,0.0497734207440393,0.0460298944634152
"PHENO_0078","TPL_016","injected_rate_pulse","TPL_016_EVENT_003","none",32,37,5.38216299397219,5.74445214606845,6,7,0.362289152096265,0.0612297976430953,0.286005743743685,4.67102219430473,4.6619718854123,0.2391352980633,0.230925902309628,4.13653553437864,"clear_burst_like","none","injected_burst","eligible","S0024",4,0.4,"holdout",2.15286519758888,2.29778085842738,0.144915660838506,0.0244919190572381,0.114402297497474
"PHENO_0079","TPL_016","injected_rate_pulse","TPL_016_EVENT_005","none",63,65,18.5960014043941,18.8432688135622,3,4,0.247267409168054,0.0835474298699883,0.259469960607291,3.10566059316323,3.27977318016256,0.158832206623537,0.343898115216497,2.24386612403911,"no_burst_evidence","none","injected_burst","eligible","S0024",4,0.4,"holdout",7.43840056175766,7.53730752542488,0.0989069636672218,0.0334189719479953,0.103787984242917
"PHENO_0080","TPL_016","injected_rate_pulse","TPL_016_EVENT_007","none",98,105,31.6616837944492,32.0157711471587,8,9,0.354087352709465,0.043550637372515,0.254189995367719,5.83665385177899,6.49505920568907,0.178529715062381,0.174298455340404,5.43969885356289,"clear_burst_like","none","injected_burst","eligible","S0024",4,0.4,"holdout",12.6646735177797,12.8063084588635,0.141634941083786,0.017420254949006,0.101675998147088
"PHENO_0116","TPL_016","null_model_burst_like_excursion","none","TPL_016_STATE_001",28,30,4.80889753413712,5.08456444187276,3,4,0.275666907735644,0.0886732416007973,0.297598552099427,3.35612577962585,3.05830920372758,0.391678171487512,0.366354388898114,2.33744280019965,"no_burst_evidence","none","mechanism_negative_null_excursion_audit","eligible","S0024",4,0.4,"holdout",1.92355901365485,2.0338257767491,0.110266763094258,0.0354692966403189,0.119039420839771
"PHENO_0076","TPL_016","injected_rate_pulse","TPL_016_EVENT_001","none",1,4,0,0.449402560370917,4,5,0.449402560370917,0.115074736158538,0.138723306899909,1.20550619128763,2.01842153717145,0.209374042061624,0.875484405100412,0.528440651955995,"no_burst_evidence","none","injected_burst","eligible","S0060",10,1,"holdout",0,0.449402560370917,0.449402560370917,0.115074736158538,0.138723306899909
"PHENO_0077","TPL_016","injected_rate_pulse","TPL_016_EVENT_002","none",6,10,0.991744402966405,1.66553514678518,5,6,0.673790743818778,0.124433551860098,0.115074736158538,0.924788647742835,1.32002264016871,0.373125951058013,1.32968422998523,-0.142738654589641,"no_burst_evidence","none","injected_burst","eligible","S0060",10,1,"holdout",0.991744402966405,1.66553514678518,0.673790743818778,0.124433551860098,0.115074736158538
"PHENO_0078","TPL_016","injected_rate_pulse","TPL_016_EVENT_003","none",32,37,5.38216299397219,5.74445214606845,6,7,0.362289152096265,0.0612297976430953,0.286005743743685,4.67102219430473,4.6619718854123,0.2391352980633,0.230925902309628,4.13653553437864,"clear_burst_like","none","injected_burst","eligible","S0060",10,1,"holdout",5.38216299397219,5.74445214606845,0.362289152096265,0.0612297976430953,0.286005743743685
"PHENO_0079","TPL_016","injected_rate_pulse","TPL_016_EVENT_005","none",63,65,18.5960014043941,18.8432688135622,3,4,0.247267409168054,0.0835474298699883,0.259469960607291,3.10566059316323,3.27977318016256,0.158832206623537,0.343898115216497,2.24386612403911,"no_burst_evidence","none","injected_burst","eligible","S0060",10,1,"holdout",18.5960014043941,18.8432688135622,0.247267409168054,0.0835474298699883,0.259469960607291
"PHENO_0080","TPL_016","injected_rate_pulse","TPL_016_EVENT_007","none",98,105,31.6616837944492,32.0157711471587,8,9,0.354087352709465,0.043550637372515,0.254189995367719,5.83665385177899,6.49505920568907,0.178529715062381,0.174298455340404,5.43969885356289,"clear_burst_like","none","injected_burst","eligible","S0060",10,1,"holdout",31.6616837944492,32.0157711471587,0.354087352709465,0.043550637372515,0.254189995367719
"PHENO_0116","TPL_016","null_model_burst_like_excursion","none","TPL_016_STATE_001",28,30,4.80889753413712,5.08456444187276,3,4,0.275666907735644,0.0886732416007973,0.297598552099427,3.35612577962585,3.05830920372758,0.391678171487512,0.366354388898114,2.33744280019965,"no_burst_evidence","none","mechanism_negative_null_excursion_audit","eligible","S0060",10,1,"holdout",4.80889753413712,5.08456444187276,0.275666907735644,0.0886732416007973,0.297598552099427
"PHENO_0081","TPL_017","injected_rate_pulse","TPL_017_EVENT_001","none",9,16,2.60040453604072,3.34885074072604,8,9,0.748446204685323,0.0963132991156275,0.259848195433175,2.69794719752273,2.6463502049684,0.267654315999485,0.411511834296965,3.0237189141015,"no_burst_evidence","none","injected_burst","eligible","S0005",1,0.1,"holdout",0.260040453604072,0.334885074072604,0.0748446204685323,0.00963132991156275,0.0259848195433175
"PHENO_0082","TPL_017","injected_rate_pulse","TPL_017_EVENT_002","none",18,21,3.93144609783863,4.18280939148969,4,5,0.251363293651061,0.0593465872172246,0.20763734228136,3.49872422354046,10.1474118331248,0.20935548822574,0.333837708987025,3.06316591044074,"no_burst_evidence","none","injected_burst","eligible","S0005",1,0.1,"holdout",0.393144609783863,0.418280939148969,0.0251363293651061,0.00593465872172246,0.020763734228136
"PHENO_0083","TPL_017","injected_rate_pulse","TPL_017_EVENT_004","none",43,46,11.1219511378355,11.2602893601703,4,5,0.138338222334799,0.0325379332178131,0.193284234863944,5.94027388187426,5.72913405212178,0.268731015946173,0.203853687723961,3.97302847765336,"ambiguous_burst_like","score_between_pre_frozen_gamma_null_guard_bands","injected_burst","exclude_primary_include_sensitivity","S0005",1,0.1,"holdout",1.11219511378355,1.12602893601703,0.0138338222334799,0.00325379332178131,0.0193284234863944
"PHENO_0084","TPL_017","injected_rate_pulse","TPL_017_EVENT_006","none",84,88,27.847025829603,28.0823669086885,5,6,0.235341079085539,0.0492399345671284,0.141383321426954,2.87131416135834,4.11609064566203,0.14899838365309,0.354822010610992,2.69736314193232,"no_burst_evidence","none","injected_burst","eligible","S0005",1,0.1,"holdout",2.7847025829603,2.80823669086885,0.0235341079085539,0.00492399345671284,0.0141383321426954
"PHENO_0085","TPL_017","injected_rate_pulse","TPL_017_EVENT_007","none",104,110,31.4433852933381,32.2068558479158,7,8,0.763470554577719,0.119015463453603,0.237874549323844,1.998686073399,2.33824240352188,0.324566846870734,0.561304933782766,2.01204952870701,"no_burst_evidence","none","injected_burst","eligible","S0005",1,0.1,"holdout",3.14433852933381,3.22068558479158,0.0763470554577719,0.0119015463453603,0.0237874549323844
"PHENO_0117","TPL_017","null_model_burst_like_excursion","none","TPL_017_STATE_005",116,124,33.752817743835,36.1334043772555,9,10,2.38058663342047,0.229443080517578,0.346487635051652,1.51012457760785,1.28201013355725,0.369822389128439,0.841526511354456,1.26170152427909,"no_burst_evidence","none","mechanism_negative_null_excursion_audit","eligible","S0005",1,0.1,"holdout",3.3752817743835,3.61334043772555,0.238058663342047,0.0229443080517578,0.0346487635051652
"PHENO_0081","TPL_017","injected_rate_pulse","TPL_017_EVENT_001","none",9,16,2.60040453604072,3.34885074072604,8,9,0.748446204685323,0.0963132991156275,0.259848195433175,2.69794719752273,2.6463502049684,0.267654315999485,0.411511834296965,3.0237189141015,"no_burst_evidence","none","injected_burst","eligible","S0042",4,0.4,"holdout",1.04016181441629,1.33954029629042,0.299378481874129,0.038525319646251,0.10393927817327
"PHENO_0082","TPL_017","injected_rate_pulse","TPL_017_EVENT_002","none",18,21,3.93144609783863,4.18280939148969,4,5,0.251363293651061,0.0593465872172246,0.20763734228136,3.49872422354046,10.1474118331248,0.20935548822574,0.333837708987025,3.06316591044074,"no_burst_evidence","none","injected_burst","eligible","S0042",4,0.4,"holdout",1.57257843913545,1.67312375659587,0.100545317460425,0.0237386348868899,0.0830549369125442
"PHENO_0083","TPL_017","injected_rate_pulse","TPL_017_EVENT_004","none",43,46,11.1219511378355,11.2602893601703,4,5,0.138338222334799,0.0325379332178131,0.193284234863944,5.94027388187426,5.72913405212178,0.268731015946173,0.203853687723961,3.97302847765336,"ambiguous_burst_like","score_between_pre_frozen_gamma_null_guard_bands","injected_burst","exclude_primary_include_sensitivity","S0042",4,0.4,"holdout",4.44878045513418,4.5041157440681,0.0553352889339195,0.0130151732871252,0.0773136939455775
"PHENO_0084","TPL_017","injected_rate_pulse","TPL_017_EVENT_006","none",84,88,27.847025829603,28.0823669086885,5,6,0.235341079085539,0.0492399345671284,0.141383321426954,2.87131416135834,4.11609064566203,0.14899838365309,0.354822010610992,2.69736314193232,"no_burst_evidence","none","injected_burst","eligible","S0042",4,0.4,"holdout",11.1388103318412,11.2329467634754,0.0941364316342157,0.0196959738268514,0.0565533285707815
"PHENO_0085","TPL_017","injected_rate_pulse","TPL_017_EVENT_007","none",104,110,31.4433852933381,32.2068558479158,7,8,0.763470554577719,0.119015463453603,0.237874549323844,1.998686073399,2.33824240352188,0.324566846870734,0.561304933782766,2.01204952870701,"no_burst_evidence","none","injected_burst","eligible","S0042",4,0.4,"holdout",12.5773541173352,12.8827423391663,0.305388221831087,0.0476061853814413,0.0951498197295377
"PHENO_0117","TPL_017","null_model_burst_like_excursion","none","TPL_017_STATE_005",116,124,33.752817743835,36.1334043772555,9,10,2.38058663342047,0.229443080517578,0.346487635051652,1.51012457760785,1.28201013355725,0.369822389128439,0.841526511354456,1.26170152427909,"no_burst_evidence","none","mechanism_negative_null_excursion_audit","eligible","S0042",4,0.4,"holdout",13.501127097534,14.4533617509022,0.952234653368187,0.0917772322070313,0.138595054020661
"PHENO_0081","TPL_017","injected_rate_pulse","TPL_017_EVENT_001","none",9,16,2.60040453604072,3.34885074072604,8,9,0.748446204685323,0.0963132991156275,0.259848195433175,2.69794719752273,2.6463502049684,0.267654315999485,0.411511834296965,3.0237189141015,"no_burst_evidence","none","injected_burst","eligible","S0029",10,1,"holdout",2.60040453604072,3.34885074072604,0.748446204685323,0.0963132991156275,0.259848195433175
"PHENO_0082","TPL_017","injected_rate_pulse","TPL_017_EVENT_002","none",18,21,3.93144609783863,4.18280939148969,4,5,0.251363293651061,0.0593465872172246,0.20763734228136,3.49872422354046,10.1474118331248,0.20935548822574,0.333837708987025,3.06316591044074,"no_burst_evidence","none","injected_burst","eligible","S0029",10,1,"holdout",3.93144609783863,4.18280939148969,0.251363293651061,0.0593465872172246,0.20763734228136
"PHENO_0083","TPL_017","injected_rate_pulse","TPL_017_EVENT_004","none",43,46,11.1219511378355,11.2602893601703,4,5,0.138338222334799,0.0325379332178131,0.193284234863944,5.94027388187426,5.72913405212178,0.268731015946173,0.203853687723961,3.97302847765336,"ambiguous_burst_like","score_between_pre_frozen_gamma_null_guard_bands","injected_burst","exclude_primary_include_sensitivity","S0029",10,1,"holdout",11.1219511378355,11.2602893601703,0.138338222334799,0.0325379332178131,0.193284234863944
"PHENO_0084","TPL_017","injected_rate_pulse","TPL_017_EVENT_006","none",84,88,27.847025829603,28.0823669086885,5,6,0.235341079085539,0.0492399345671284,0.141383321426954,2.87131416135834,4.11609064566203,0.14899838365309,0.354822010610992,2.69736314193232,"no_burst_evidence","none","injected_burst","eligible","S0029",10,1,"holdout",27.847025829603,28.0823669086885,0.235341079085539,0.0492399345671284,0.141383321426954
"PHENO_0085","TPL_017","injected_rate_pulse","TPL_017_EVENT_007","none",104,110,31.4433852933381,32.2068558479158,7,8,0.763470554577719,0.119015463453603,0.237874549323844,1.998686073399,2.33824240352188,0.324566846870734,0.561304933782766,2.01204952870701,"no_burst_evidence","none","injected_burst","eligible","S0029",10,1,"holdout",31.4433852933381,32.2068558479158,0.763470554577719,0.119015463453603,0.237874549323844
"PHENO_0117","TPL_017","null_model_burst_like_excursion","none","TPL_017_STATE_005",116,124,33.752817743835,36.1334043772555,9,10,2.38058663342047,0.229443080517578,0.346487635051652,1.51012457760785,1.28201013355725,0.369822389128439,0.841526511354456,1.26170152427909,"no_burst_evidence","none","mechanism_negative_null_excursion_audit","eligible","S0029",10,1,"holdout",33.752817743835,36.1334043772555,2.38058663342047,0.229443080517578,0.346487635051652
"PHENO_0086","TPL_018","injected_rate_pulse","TPL_018_EVENT_001","none",26,28,3.96782248484295,4.257781590801,3,4,0.289959105958045,0.103829940997977,0.241408032848601,2.32503293874842,4.97761493990108,0.398270633538299,0.486486497950335,1.82280116191476,"no_burst_evidence","none","injected_burst","eligible","S0023",1,0.1,"holdout",0.396782248484295,0.4257781590801,0.0289959105958045,0.0103829940997977,0.0241408032848601
"PHENO_0087","TPL_018","injected_rate_pulse","TPL_018_EVENT_003","none",43,48,18.1818783249648,18.7337206882789,6,7,0.55184236331411,0.0926004507469917,0.462628159123275,4.99596012105054,10.6446326234977,0.309658276217054,0.217469467246797,4.50061984867264,"clear_burst_like","none","injected_burst","eligible","S0023",1,0.1,"holdout",1.81818783249648,1.87337206882789,0.055184236331411,0.00926004507469918,0.0462628159123275
"PHENO_0088","TPL_018","injected_rate_pulse","TPL_018_EVENT_004","none",50,54,19.362418274711,20.1912024263068,5,6,0.828784151595776,0.0886505693509003,0.219089641065321,2.47138447806366,1.54415400326074,0.924170117235762,1.19967291638733,2.03934829096866,"no_burst_evidence","none","injected_burst","eligible","S0023",1,0.1,"holdout",1.9362418274711,2.01912024263068,0.0828784151595776,0.00886505693509003,0.0219089641065321
"PHENO_0089","TPL_018","injected_rate_pulse","TPL_018_EVENT_005","none",65,70,22.9258101804932,23.2133742594557,6,7,0.287564078962531,0.050554684504371,0.206165120360596,4.07806165505337,4.62171778587395,0.157815674268644,0.259087166536157,3.80996620459378,"ambiguous_burst_like","score_between_pre_frozen_gamma_null_guard_bands","injected_burst","exclude_primary_include_sensitivity","S0023",1,0.1,"holdout",2.29258101804932,2.32133742594557,0.0287564078962531,0.0050554684504371,0.0206165120360596
"PHENO_0090","TPL_018","injected_rate_pulse","TPL_018_EVENT_007","none",98,104,31.9822853554979,32.2725219338678,7,8,0.290236578369873,0.0415797617642757,0.197502091249065,4.74995725970595,4.94946135934268,0.201483714417328,0.221858510308492,4.50211067671179,"clear_burst_like","none","injected_burst","eligible","S0023",1,0.1,"holdout",3.19822853554979,3.22725219338678,0.0290236578369873,0.00415797617642757,0.0197502091249065
"PHENO_0118","TPL_018","null_model_burst_like_excursion","none","TPL_018_STATE_001",1,8,0,0.937159466502144,8,9,0.937159466502144,0.125037296204752,0.258134547538481,2.06446040800321,2.01073656680301,0.461531445470957,0.516598160314464,2.17871095848047,"no_burst_evidence","none","mechanism_negative_null_excursion_audit","eligible","S0023",1,0.1,"holdout",0,0.0937159466502144,0.0937159466502144,0.0125037296204752,0.0258134547538481
"PHENO_0086","TPL_018","injected_rate_pulse","TPL_018_EVENT_001","none",26,28,3.96782248484295,4.257781590801,3,4,0.289959105958045,0.103829940997977,0.241408032848601,2.32503293874842,4.97761493990108,0.398270633538299,0.486486497950335,1.82280116191476,"no_burst_evidence","none","injected_burst","eligible","S0017",4,0.4,"holdout",1.58712899393718,1.7031126363204,0.115983642383218,0.0415319763991906,0.0965632131394404
"PHENO_0087","TPL_018","injected_rate_pulse","TPL_018_EVENT_003","none",43,48,18.1818783249648,18.7337206882789,6,7,0.55184236331411,0.0926004507469917,0.462628159123275,4.99596012105054,10.6446326234977,0.309658276217054,0.217469467246797,4.50061984867264,"clear_burst_like","none","injected_burst","eligible","S0017",4,0.4,"holdout",7.27275132998592,7.49348827531156,0.220736945325644,0.0370401802987967,0.18505126364931
"PHENO_0088","TPL_018","injected_rate_pulse","TPL_018_EVENT_004","none",50,54,19.362418274711,20.1912024263068,5,6,0.828784151595776,0.0886505693509003,0.219089641065321,2.47138447806366,1.54415400326074,0.924170117235762,1.19967291638733,2.03934829096866,"no_burst_evidence","none","injected_burst","eligible","S0017",4,0.4,"holdout",7.7449673098844,8.07648097052271,0.33151366063831,0.0354602277403601,0.0876358564261285
"PHENO_0089","TPL_018","injected_rate_pulse","TPL_018_EVENT_005","none",65,70,22.9258101804932,23.2133742594557,6,7,0.287564078962531,0.050554684504371,0.206165120360596,4.07806165505337,4.62171778587395,0.157815674268644,0.259087166536157,3.80996620459378,"ambiguous_burst_like","score_between_pre_frozen_gamma_null_guard_bands","injected_burst","exclude_primary_include_sensitivity","S0017",4,0.4,"holdout",9.17032407219728,9.28534970378229,0.115025631585012,0.0202218738017484,0.0824660481442384
"PHENO_0090","TPL_018","injected_rate_pulse","TPL_018_EVENT_007","none",98,104,31.9822853554979,32.2725219338678,7,8,0.290236578369873,0.0415797617642757,0.197502091249065,4.74995725970595,4.94946135934268,0.201483714417328,0.221858510308492,4.50211067671179,"clear_burst_like","none","injected_burst","eligible","S0017",4,0.4,"holdout",12.7929141421992,12.9090087735471,0.116094631347949,0.0166319047057103,0.0790008364996261
"PHENO_0118","TPL_018","null_model_burst_like_excursion","none","TPL_018_STATE_001",1,8,0,0.937159466502144,8,9,0.937159466502144,0.125037296204752,0.258134547538481,2.06446040800321,2.01073656680301,0.461531445470957,0.516598160314464,2.17871095848047,"no_burst_evidence","none","mechanism_negative_null_excursion_audit","eligible","S0017",4,0.4,"holdout",0,0.374863786600858,0.374863786600858,0.050014918481901,0.103253819015392
"PHENO_0086","TPL_018","injected_rate_pulse","TPL_018_EVENT_001","none",26,28,3.96782248484295,4.257781590801,3,4,0.289959105958045,0.103829940997977,0.241408032848601,2.32503293874842,4.97761493990108,0.398270633538299,0.486486497950335,1.82280116191476,"no_burst_evidence","none","injected_burst","eligible","S0032",10,1,"holdout",3.96782248484295,4.257781590801,0.289959105958045,0.103829940997977,0.241408032848601
"PHENO_0087","TPL_018","injected_rate_pulse","TPL_018_EVENT_003","none",43,48,18.1818783249648,18.7337206882789,6,7,0.55184236331411,0.0926004507469917,0.462628159123275,4.99596012105054,10.6446326234977,0.309658276217054,0.217469467246797,4.50061984867264,"clear_burst_like","none","injected_burst","eligible","S0032",10,1,"holdout",18.1818783249648,18.7337206882789,0.55184236331411,0.0926004507469917,0.462628159123275
"PHENO_0088","TPL_018","injected_rate_pulse","TPL_018_EVENT_004","none",50,54,19.362418274711,20.1912024263068,5,6,0.828784151595776,0.0886505693509003,0.219089641065321,2.47138447806366,1.54415400326074,0.924170117235762,1.19967291638733,2.03934829096866,"no_burst_evidence","none","injected_burst","eligible","S0032",10,1,"holdout",19.362418274711,20.1912024263068,0.828784151595776,0.0886505693509003,0.219089641065321
"PHENO_0089","TPL_018","injected_rate_pulse","TPL_018_EVENT_005","none",65,70,22.9258101804932,23.2133742594557,6,7,0.287564078962531,0.050554684504371,0.206165120360596,4.07806165505337,4.62171778587395,0.157815674268644,0.259087166536157,3.80996620459378,"ambiguous_burst_like","score_between_pre_frozen_gamma_null_guard_bands","injected_burst","exclude_primary_include_sensitivity","S0032",10,1,"holdout",22.9258101804932,23.2133742594557,0.287564078962531,0.050554684504371,0.206165120360596
"PHENO_0090","TPL_018","injected_rate_pulse","TPL_018_EVENT_007","none",98,104,31.9822853554979,32.2725219338678,7,8,0.290236578369873,0.0415797617642757,0.197502091249065,4.74995725970595,4.94946135934268,0.201483714417328,0.221858510308492,4.50211067671179,"clear_burst_like","none","injected_burst","eligible","S0032",10,1,"holdout",31.9822853554979,32.2725219338678,0.290236578369873,0.0415797617642757,0.197502091249065
"PHENO_0118","TPL_018","null_model_burst_like_excursion","none","TPL_018_STATE_001",1,8,0,0.937159466502144,8,9,0.937159466502144,0.125037296204752,0.258134547538481,2.06446040800321,2.01073656680301,0.461531445470957,0.516598160314464,2.17871095848047,"no_burst_evidence","none","mechanism_negative_null_excursion_audit","eligible","S0032",10,1,"holdout",0,0.937159466502144,0.937159466502144,0.125037296204752,0.258134547538481
"PHENO_0091","TPL_019","injected_rate_pulse","TPL_019_EVENT_001","none",1,4,0,0.379075145433936,4,5,0.379075145433936,0.0880864275257986,0.281861788177688,3.19983221132605,2.62057909466148,0.473785198335517,0.423824134635939,2.51966705956881,"no_burst_evidence","none","injected_burst","eligible","S0047",1,0.1,"holdout",0,0.0379075145433936,0.0379075145433936,0.00880864275257986,0.0281861788177688
"PHENO_0092","TPL_019","injected_rate_pulse","TPL_019_EVENT_003","none",40,47,14.4296372853002,14.9015989007335,8,9,0.471961615433221,0.0531382876259998,0.245349777092081,4.61719389263938,4.65402931381178,0.35807521095808,0.288757127645988,4.67551725602997,"clear_burst_like","none","injected_burst","eligible","S0047",1,0.1,"holdout",1.44296372853002,1.49015989007335,0.0471961615433221,0.00531382876259998,0.0245349777092081
"PHENO_0093","TPL_019","injected_rate_pulse","TPL_019_EVENT_004","none",67,73,22.4634093571967,23.134303210656,7,8,0.670893853459345,0.110663830092965,0.425049476374852,3.84090697039656,5.33098822539723,0.488208366317697,0.297682668257648,3.92997342534877,"ambiguous_burst_like","score_between_pre_frozen_gamma_null_guard_bands","injected_burst","exclude_primary_include_sensitivity","S0047",1,0.1,"holdout",2.24634093571967,2.3134303210656,0.0670893853459345,0.0110663830092965,0.0425049476374852
"PHENO_0094","TPL_019","injected_rate_pulse","TPL_019_EVENT_005","none",75,82,23.6445173053805,24.4366329514446,8,9,0.792115646064026,0.098504566145156,0.2831276528282,2.87425917303147,3.04956621429111,0.267442688263776,0.432811642566381,3.23824467906475,"no_burst_evidence","none","injected_burst","eligible","S0047",1,0.1,"holdout",2.36445173053805,2.44366329514446,0.0792115646064026,0.0098504566145156,0.02831276528282
"PHENO_0095","TPL_019","injected_rate_pulse","TPL_019_EVENT_007","none",119,122,44.9477944260603,45.1070086607927,4,5,0.159214234732395,0.0408285091047265,0.276805620319441,6.77971413576296,6.60017354197787,0.125702780243191,0.155196842956657,4.28707358410033,"clear_burst_like","none","injected_burst","eligible","S0047",1,0.1,"holdout",4.49477944260603,4.51070086607927,0.0159214234732395,0.00408285091047265,0.0276805620319441
"PHENO_0119","TPL_019","null_model_burst_like_excursion","none","TPL_019_STATE_001",19,21,3.6724236735956,4.09147877951523,3,4,0.419055105919632,0.0716637003911382,0.255508005898728,3.5653755597907,1.90775818117808,0.979978714080088,0.721942449248938,2.26538751668192,"no_burst_evidence","none","mechanism_negative_null_excursion_audit","eligible","S0047",1,0.1,"holdout",0.36724236735956,0.409147877951523,0.0419055105919632,0.00716637003911382,0.0255508005898728
"PHENO_0091","TPL_019","injected_rate_pulse","TPL_019_EVENT_001","none",1,4,0,0.379075145433936,4,5,0.379075145433936,0.0880864275257986,0.281861788177688,3.19983221132605,2.62057909466148,0.473785198335517,0.423824134635939,2.51966705956881,"no_burst_evidence","none","injected_burst","eligible","S0037",4,0.4,"holdout",0,0.151630058173574,0.151630058173574,0.0352345710103195,0.112744715271075
"PHENO_0092","TPL_019","injected_rate_pulse","TPL_019_EVENT_003","none",40,47,14.4296372853002,14.9015989007335,8,9,0.471961615433221,0.0531382876259998,0.245349777092081,4.61719389263938,4.65402931381178,0.35807521095808,0.288757127645988,4.67551725602997,"clear_burst_like","none","injected_burst","eligible","S0037",4,0.4,"holdout",5.77185491412009,5.96063956029338,0.188784646173288,0.0212553150503999,0.0981399108368323
"PHENO_0093","TPL_019","injected_rate_pulse","TPL_019_EVENT_004","none",67,73,22.4634093571967,23.134303210656,7,8,0.670893853459345,0.110663830092965,0.425049476374852,3.84090697039656,5.33098822539723,0.488208366317697,0.297682668257648,3.92997342534877,"ambiguous_burst_like","score_between_pre_frozen_gamma_null_guard_bands","injected_burst","exclude_primary_include_sensitivity","S0037",4,0.4,"holdout",8.98536374287868,9.25372128426242,0.268357541383738,0.0442655320371862,0.170019790549941
"PHENO_0094","TPL_019","injected_rate_pulse","TPL_019_EVENT_005","none",75,82,23.6445173053805,24.4366329514446,8,9,0.792115646064026,0.098504566145156,0.2831276528282,2.87425917303147,3.04956621429111,0.267442688263776,0.432811642566381,3.23824467906475,"no_burst_evidence","none","injected_burst","eligible","S0037",4,0.4,"holdout",9.45780692215222,9.77465318057783,0.31684625842561,0.0394018264580624,0.11325106113128
"PHENO_0095","TPL_019","injected_rate_pulse","TPL_019_EVENT_007","none",119,122,44.9477944260603,45.1070086607927,4,5,0.159214234732395,0.0408285091047265,0.276805620319441,6.77971413576296,6.60017354197787,0.125702780243191,0.155196842956657,4.28707358410033,"clear_burst_like","none","injected_burst","eligible","S0037",4,0.4,"holdout",17.9791177704241,18.0428034643171,0.0636856938929579,0.0163314036418906,0.110722248127776
"PHENO_0119","TPL_019","null_model_burst_like_excursion","none","TPL_019_STATE_001",19,21,3.6724236735956,4.09147877951523,3,4,0.419055105919632,0.0716637003911382,0.255508005898728,3.5653755597907,1.90775818117808,0.979978714080088,0.721942449248938,2.26538751668192,"no_burst_evidence","none","mechanism_negative_null_excursion_audit","eligible","S0037",4,0.4,"holdout",1.46896946943824,1.63659151180609,0.167622042367853,0.0286654801564553,0.102203202359491
"PHENO_0091","TPL_019","injected_rate_pulse","TPL_019_EVENT_001","none",1,4,0,0.379075145433936,4,5,0.379075145433936,0.0880864275257986,0.281861788177688,3.19983221132605,2.62057909466148,0.473785198335517,0.423824134635939,2.51966705956881,"no_burst_evidence","none","injected_burst","eligible","S0025",10,1,"holdout",0,0.379075145433936,0.379075145433936,0.0880864275257986,0.281861788177688
"PHENO_0092","TPL_019","injected_rate_pulse","TPL_019_EVENT_003","none",40,47,14.4296372853002,14.9015989007335,8,9,0.471961615433221,0.0531382876259998,0.245349777092081,4.61719389263938,4.65402931381178,0.35807521095808,0.288757127645988,4.67551725602997,"clear_burst_like","none","injected_burst","eligible","S0025",10,1,"holdout",14.4296372853002,14.9015989007335,0.471961615433221,0.0531382876259998,0.245349777092081
"PHENO_0093","TPL_019","injected_rate_pulse","TPL_019_EVENT_004","none",67,73,22.4634093571967,23.134303210656,7,8,0.670893853459345,0.110663830092965,0.425049476374852,3.84090697039656,5.33098822539723,0.488208366317697,0.297682668257648,3.92997342534877,"ambiguous_burst_like","score_between_pre_frozen_gamma_null_guard_bands","injected_burst","exclude_primary_include_sensitivity","S0025",10,1,"holdout",22.4634093571967,23.134303210656,0.670893853459345,0.110663830092965,0.425049476374852
"PHENO_0094","TPL_019","injected_rate_pulse","TPL_019_EVENT_005","none",75,82,23.6445173053805,24.4366329514446,8,9,0.792115646064026,0.098504566145156,0.2831276528282,2.87425917303147,3.04956621429111,0.267442688263776,0.432811642566381,3.23824467906475,"no_burst_evidence","none","injected_burst","eligible","S0025",10,1,"holdout",23.6445173053805,24.4366329514446,0.792115646064026,0.098504566145156,0.2831276528282
"PHENO_0095","TPL_019","injected_rate_pulse","TPL_019_EVENT_007","none",119,122,44.9477944260603,45.1070086607927,4,5,0.159214234732395,0.0408285091047265,0.276805620319441,6.77971413576296,6.60017354197787,0.125702780243191,0.155196842956657,4.28707358410033,"clear_burst_like","none","injected_burst","eligible","S0025",10,1,"holdout",44.9477944260603,45.1070086607927,0.159214234732395,0.0408285091047265,0.276805620319441
"PHENO_0119","TPL_019","null_model_burst_like_excursion","none","TPL_019_STATE_001",19,21,3.6724236735956,4.09147877951523,3,4,0.419055105919632,0.0716637003911382,0.255508005898728,3.5653755597907,1.90775818117808,0.979978714080088,0.721942449248938,2.26538751668192,"no_burst_evidence","none","mechanism_negative_null_excursion_audit","eligible","S0025",10,1,"holdout",3.6724236735956,4.09147877951523,0.419055105919632,0.0716637003911382,0.255508005898728
"PHENO_0096","TPL_020","injected_rate_pulse","TPL_020_EVENT_001","none",1,6,0,0.537344407600089,6,7,0.537344407600089,0.0945947869331452,0.0601513169274521,0.635884057437161,1.95619029399592,0.326739757639218,1.67021443992797,-0.973903876980596,"no_burst_evidence","none","injected_burst","eligible","S0021",1,0.1,"holdout",0,0.0537344407600089,0.0537344407600089,0.00945947869331452,0.00601513169274521
"PHENO_0097","TPL_020","injected_rate_pulse","TPL_020_EVENT_002","none",8,14,1.08212154580533,1.49613475405707,7,8,0.414013208251736,0.056378075995909,0.602509614047628,10.6869488432232,7.80683594583733,0.31793804011432,0.115750111152391,6.74980253753943,"clear_burst_like","none","injected_burst","eligible","S0021",1,0.1,"holdout",0.108212154580533,0.149613475405707,0.0414013208251736,0.0056378075995909,0.0602509614047628
"PHENO_0098","TPL_020","injected_rate_pulse","TPL_020_EVENT_005","none",56,60,22.7563351577603,23.4935190557834,5,6,0.737183898023016,0.131467384000831,0.169038757677995,1.28578475157707,1.2191186044856,0.236420196824398,0.996517861440066,0.587968709589715,"no_burst_evidence","none","injected_burst","eligible","S0021",1,0.1,"holdout",2.27563351577603,2.34935190557834,0.0737183898023017,0.0131467384000831,0.0169038757677995
"PHENO_0099","TPL_020","injected_rate_pulse","TPL_020_EVENT_006","none",72,76,26.0645309910373,26.3612345365322,5,6,0.29670354549484,0.0562229667107093,0.228922590269999,4.07169175984437,4.61333810201462,0.241589273151545,0.306594943484283,3.49764942329303,"ambiguous_burst_like","score_between_pre_frozen_gamma_null_guard_bands","injected_burst","exclude_primary_include_sensitivity","S0021",1,0.1,"holdout",2.60645309910373,2.63612345365322,0.029670354549484,0.00562229667107093,0.0228922590269999
"PHENO_0100","TPL_020","injected_rate_pulse","TPL_020_EVENT_008","none",108,113,37.2985042916926,37.61596964383,6,7,0.317465352137431,0.0496608494285518,0.200816375952439,4.0437563646864,3.95574353690311,0.266439667286649,0.251245979794699,3.73951169121386,"ambiguous_burst_like","score_between_pre_frozen_gamma_null_guard_bands","injected_burst","exclude_primary_include_sensitivity","S0021",1,0.1,"holdout",3.72985042916926,3.761596964383,0.0317465352137431,0.00496608494285518,0.0200816375952439
"PHENO_0120","TPL_020","null_model_burst_like_excursion","none","TPL_020_STATE_003",50,54,21.8073394320492,22.541074334847,5,6,0.733734902797869,0.0961711203372738,0.369030358590626,3.8372263658407,2.32595118716634,0.631451537451328,0.606192996347318,3.15483909011585,"no_burst_evidence","none","mechanism_negative_null_excursion_audit","eligible","S0021",1,0.1,"holdout",2.18073394320492,2.2541074334847,0.0733734902797869,0.00961711203372738,0.0369030358590626
"PHENO_0096","TPL_020","injected_rate_pulse","TPL_020_EVENT_001","none",1,6,0,0.537344407600089,6,7,0.537344407600089,0.0945947869331452,0.0601513169274521,0.635884057437161,1.95619029399592,0.326739757639218,1.67021443992797,-0.973903876980596,"no_burst_evidence","none","injected_burst","eligible","S0020",4,0.4,"holdout",0,0.214937763040036,0.214937763040036,0.0378379147732581,0.0240605267709809
"PHENO_0097","TPL_020","injected_rate_pulse","TPL_020_EVENT_002","none",8,14,1.08212154580533,1.49613475405707,7,8,0.414013208251736,0.056378075995909,0.602509614047628,10.6869488432232,7.80683594583733,0.31793804011432,0.115750111152391,6.74980253753943,"clear_burst_like","none","injected_burst","eligible","S0020",4,0.4,"holdout",0.432848618322134,0.598453901622828,0.165605283300694,0.0225512303983636,0.241003845619051
"PHENO_0098","TPL_020","injected_rate_pulse","TPL_020_EVENT_005","none",56,60,22.7563351577603,23.4935190557834,5,6,0.737183898023016,0.131467384000831,0.169038757677995,1.28578475157707,1.2191186044856,0.236420196824398,0.996517861440066,0.587968709589715,"no_burst_evidence","none","injected_burst","eligible","S0020",4,0.4,"holdout",9.10253406310414,9.39740762231335,0.294873559209207,0.0525869536003324,0.067615503071198
"PHENO_0099","TPL_020","injected_rate_pulse","TPL_020_EVENT_006","none",72,76,26.0645309910373,26.3612345365322,5,6,0.29670354549484,0.0562229667107093,0.228922590269999,4.07169175984437,4.61333810201462,0.241589273151545,0.306594943484283,3.49764942329303,"ambiguous_burst_like","score_between_pre_frozen_gamma_null_guard_bands","injected_burst","exclude_primary_include_sensitivity","S0020",4,0.4,"holdout",10.4258123964149,10.5444938146129,0.118681418197936,0.0224891866842837,0.0915690361079998
"PHENO_0100","TPL_020","injected_rate_pulse","TPL_020_EVENT_008","none",108,113,37.2985042916926,37.61596964383,6,7,0.317465352137431,0.0496608494285518,0.200816375952439,4.0437563646864,3.95574353690311,0.266439667286649,0.251245979794699,3.73951169121386,"ambiguous_burst_like","score_between_pre_frozen_gamma_null_guard_bands","injected_burst","exclude_primary_include_sensitivity","S0020",4,0.4,"holdout",14.919401716677,15.046387857532,0.126986140854972,0.0198643397714207,0.0803265503809756
"PHENO_0120","TPL_020","null_model_burst_like_excursion","none","TPL_020_STATE_003",50,54,21.8073394320492,22.541074334847,5,6,0.733734902797869,0.0961711203372738,0.369030358590626,3.8372263658407,2.32595118716634,0.631451537451328,0.606192996347318,3.15483909011585,"no_burst_evidence","none","mechanism_negative_null_excursion_audit","eligible","S0020",4,0.4,"holdout",8.72293577281967,9.01642973393882,0.293493961119148,0.0384684481349095,0.14761214343625
"PHENO_0096","TPL_020","injected_rate_pulse","TPL_020_EVENT_001","none",1,6,0,0.537344407600089,6,7,0.537344407600089,0.0945947869331452,0.0601513169274521,0.635884057437161,1.95619029399592,0.326739757639218,1.67021443992797,-0.973903876980596,"no_burst_evidence","none","injected_burst","eligible","S0003",10,1,"holdout",0,0.537344407600089,0.537344407600089,0.0945947869331452,0.0601513169274521
"PHENO_0097","TPL_020","injected_rate_pulse","TPL_020_EVENT_002","none",8,14,1.08212154580533,1.49613475405707,7,8,0.414013208251736,0.056378075995909,0.602509614047628,10.6869488432232,7.80683594583733,0.31793804011432,0.115750111152391,6.74980253753943,"clear_burst_like","none","injected_burst","eligible","S0003",10,1,"holdout",1.08212154580533,1.49613475405707,0.414013208251736,0.056378075995909,0.602509614047628
"PHENO_0098","TPL_020","injected_rate_pulse","TPL_020_EVENT_005","none",56,60,22.7563351577603,23.4935190557834,5,6,0.737183898023016,0.131467384000831,0.169038757677995,1.28578475157707,1.2191186044856,0.236420196824398,0.996517861440066,0.587968709589715,"no_burst_evidence","none","injected_burst","eligible","S0003",10,1,"holdout",22.7563351577603,23.4935190557834,0.737183898023016,0.131467384000831,0.169038757677995
"PHENO_0099","TPL_020","injected_rate_pulse","TPL_020_EVENT_006","none",72,76,26.0645309910373,26.3612345365322,5,6,0.29670354549484,0.0562229667107093,0.228922590269999,4.07169175984437,4.61333810201462,0.241589273151545,0.306594943484283,3.49764942329303,"ambiguous_burst_like","score_between_pre_frozen_gamma_null_guard_bands","injected_burst","exclude_primary_include_sensitivity","S0003",10,1,"holdout",26.0645309910373,26.3612345365322,0.29670354549484,0.0562229667107093,0.228922590269999
"PHENO_0100","TPL_020","injected_rate_pulse","TPL_020_EVENT_008","none",108,113,37.2985042916926,37.61596964383,6,7,0.317465352137431,0.0496608494285518,0.200816375952439,4.0437563646864,3.95574353690311,0.266439667286649,0.251245979794699,3.73951169121386,"ambiguous_burst_like","score_between_pre_frozen_gamma_null_guard_bands","injected_burst","exclude_primary_include_sensitivity","S0003",10,1,"holdout",37.2985042916926,37.61596964383,0.317465352137431,0.0496608494285518,0.200816375952439
"PHENO_0120","TPL_020","null_model_burst_like_excursion","none","TPL_020_STATE_003",50,54,21.8073394320492,22.541074334847,5,6,0.733734902797869,0.0961711203372738,0.369030358590626,3.8372263658407,2.32595118716634,0.631451537451328,0.606192996347318,3.15483909011585,"no_burst_evidence","none","mechanism_negative_null_excursion_audit","eligible","S0003",10,1,"holdout",21.8073394320492,22.541074334847,0.733734902797869,0.0961711203372738,0.369030358590626
