"Template_ID","Event_ID","Run_ID","State_Envelope_ID","Event_Label","Pause_Subtype","Event_Context","Latent_Pulse_ID","Latent_Start_u","Latent_End_u","Latent_Duration_u","Realized_Start_u","Realized_End_u","Realized_Duration_u","Realized_Left_Spike_Index","Realized_Right_Spike_Index","N_Realized_Spikes","N_Realized_ISIs","Rate_Multiplier","Pulse_Strength_Stratum","Frozen_Target_Spikes","Burst_Quota_ID","Is_Four_Spike_Boundary","Composite_HFS_Regime_ID","Boundary_Definition","Phenotype_Evidence_ID","Phenotype_Label","Phenotype_Evidence_Score","Phenotype_Evaluation_Eligibility","Sample_ID","Scale_Factor","B_s","Split","Latent_Start_s","Latent_End_s","Latent_Duration_s","Realized_Start_s","Realized_End_s","Realized_Duration_s"
"TPL_001","TPL_001_EVENT_001","TPL_001_RUN_002","none","Pause","canonical","canonical","none",,,,11.8933117726839,16.731096522745,4.83778475006111,15,16,2,1,,"none",,"none",FALSE,"none","observed_first_to_last_pause_boundary_spike","none","not_applicable",,"not_applicable","S0015",1,0.1,"development",,,,1.18933117726839,1.6731096522745,0.483778475006111
"TPL_001","TPL_001_EVENT_002","TPL_001_RUN_004","none","Burst","none","standalone_burst","TPL_001_PULSE_001",17.5290901892233,18.1322660146006,0.603175825377225,17.6424763036408,18.0571513647342,0.414675061093327,17,20,4,3,5.35743358568288,"weak",4,"BQ_001",TRUE,"none","first_to_last_pulse_exposed_spike","PHENO_0001","no_burst_evidence",3.26831591021827,"eligible","S0015",1,0.1,"development",1.75290901892234,1.81322660146006,0.0603175825377225,1.76424763036408,1.80571513647342,0.0414675061093327
"TPL_001","TPL_001_EVENT_003","TPL_001_RUN_006","none","Burst","none","standalone_burst","TPL_001_PULSE_002",18.5904656544338,19.1103297313841,0.519864076950302,18.619507071622,19.0748320227762,0.455324951154239,21,25,5,4,6.0342286353698,"moderate",5,"BQ_002",FALSE,"none","first_to_last_pulse_exposed_spike","PHENO_0002","no_burst_evidence",2.87531291158691,"eligible","S0015",1,0.1,"development",1.85904656544338,1.91103297313841,0.0519864076950302,1.8619507071622,1.90748320227762,0.0455324951154239
"TPL_001","TPL_001_EVENT_004","TPL_001_RUN_008","none","Pause","complex_multi_gap","complex_multi_gap","none",,,,25.9081149121717,32.3424937257514,6.43437881357968,41,44,4,3,,"none",,"none",FALSE,"none","observed_first_to_last_pause_boundary_spike","none","not_applicable",,"not_applicable","S0015",1,0.1,"development",,,,2.59081149121717,3.23424937257514,0.643437881357968
"TPL_001","TPL_001_EVENT_005","TPL_001_RUN_009","none","Burst","none","standalone_burst","TPL_001_PULSE_003",32.3414327435927,32.8139420215378,0.472509277945107,32.3424937257514,32.8102865536165,0.467792827865154,44,49,6,5,10.2702716542408,"strong",6,"BQ_003",FALSE,"none","first_to_last_pulse_exposed_spike","PHENO_0003","ambiguous_burst_like",3.53191099003382,"exclude_primary_include_sensitivity","S0015",1,0.1,"development",3.23414327435927,3.28139420215378,0.0472509277945107,3.23424937257514,3.28102865536165,0.0467792827865154
"TPL_001","TPL_001_EVENT_006","TPL_001_RUN_012","TPL_001_STATE_004","Burst","none","burst_in_hfs","TPL_001_PULSE_004",42.2092920712976,42.8010127079747,0.591720636677074,42.249477652562,42.7665042080916,0.517026555529654,87,95,9,8,4.55838606273755,"weak",9,"BQ_061",FALSE,"none","first_to_last_pulse_exposed_spike","PHENO_0004","clear_burst_like",4.3526031282531,"eligible","S0015",1,0.1,"development",4.22092920712976,4.28010127079747,0.0591720636677074,4.2249477652562,4.27665042080916,0.0517026555529654
"TPL_001","TPL_001_EVENT_007","TPL_001_RUN_013","none","Pause","canonical","canonical","none",,,,45.6157773277303,49.0092463815165,3.39346905378625,108,109,2,1,,"none",,"none",FALSE,"TPL_001_REGIME_01","observed_first_to_last_pause_boundary_spike","none","not_applicable",,"not_applicable","S0015",1,0.1,"development",,,,4.56157773277303,4.90092463815165,0.339346905378625
"TPL_001","TPL_001_EVENT_008","TPL_001_RUN_014","TPL_001_STATE_005","Burst","none","burst_in_hfs","TPL_001_PULSE_005",50.6787325683884,51.0065537040109,0.327821135622521,50.7372738245077,50.9479075112092,0.210633686701435,116,120,5,4,5.95542324427515,"moderate",5,"BQ_062",FALSE,"none","first_to_last_pulse_exposed_spike","PHENO_0005","ambiguous_burst_like",3.55303365881386,"exclude_primary_include_sensitivity","S0015",1,0.1,"development",5.06787325683884,5.10065537040109,0.0327821135622521,5.07372738245077,5.09479075112092,0.0210633686701435
"TPL_001","TPL_001_EVENT_001","TPL_001_RUN_002","none","Pause","canonical","canonical","none",,,,11.8933117726839,16.731096522745,4.83778475006111,15,16,2,1,,"none",,"none",FALSE,"none","observed_first_to_last_pause_boundary_spike","none","not_applicable",,"not_applicable","S0056",4,0.4,"development",,,,4.75732470907355,6.69243860909799,1.93511390002444
"TPL_001","TPL_001_EVENT_002","TPL_001_RUN_004","none","Burst","none","standalone_burst","TPL_001_PULSE_001",17.5290901892233,18.1322660146006,0.603175825377225,17.6424763036408,18.0571513647342,0.414675061093327,17,20,4,3,5.35743358568288,"weak",4,"BQ_001",TRUE,"none","first_to_last_pulse_exposed_spike","PHENO_0001","no_burst_evidence",3.26831591021827,"eligible","S0056",4,0.4,"development",7.01163607568934,7.25290640584023,0.24127033015089,7.05699052145633,7.22286054589366,0.165870024437331
"TPL_001","TPL_001_EVENT_003","TPL_001_RUN_006","none","Burst","none","standalone_burst","TPL_001_PULSE_002",18.5904656544338,19.1103297313841,0.519864076950302,18.619507071622,19.0748320227762,0.455324951154239,21,25,5,4,6.0342286353698,"moderate",5,"BQ_002",FALSE,"none","first_to_last_pulse_exposed_spike","PHENO_0002","no_burst_evidence",2.87531291158691,"eligible","S0056",4,0.4,"development",7.4361862617735,7.64413189255362,0.207945630780121,7.44780282864879,7.62993280911049,0.182129980461696
"TPL_001","TPL_001_EVENT_004","TPL_001_RUN_008","none","Pause","complex_multi_gap","complex_multi_gap","none",,,,25.9081149121717,32.3424937257514,6.43437881357968,41,44,4,3,,"none",,"none",FALSE,"none","observed_first_to_last_pause_boundary_spike","none","not_applicable",,"not_applicable","S0056",4,0.4,"development",,,,10.3632459648687,12.9369974903005,2.57375152543187
"TPL_001","TPL_001_EVENT_005","TPL_001_RUN_009","none","Burst","none","standalone_burst","TPL_001_PULSE_003",32.3414327435927,32.8139420215378,0.472509277945107,32.3424937257514,32.8102865536165,0.467792827865154,44,49,6,5,10.2702716542408,"strong",6,"BQ_003",FALSE,"none","first_to_last_pulse_exposed_spike","PHENO_0003","ambiguous_burst_like",3.53191099003382,"exclude_primary_include_sensitivity","S0056",4,0.4,"development",12.9365730974371,13.1255768086151,0.189003711178043,12.9369974903005,13.1241146214466,0.187117131146061
"TPL_001","TPL_001_EVENT_006","TPL_001_RUN_012","TPL_001_STATE_004","Burst","none","burst_in_hfs","TPL_001_PULSE_004",42.2092920712976,42.8010127079747,0.591720636677074,42.249477652562,42.7665042080916,0.517026555529654,87,95,9,8,4.55838606273755,"weak",9,"BQ_061",FALSE,"none","first_to_last_pulse_exposed_spike","PHENO_0004","clear_burst_like",4.3526031282531,"eligible","S0056",4,0.4,"development",16.8837168285191,17.1204050831899,0.23668825467083,16.8997910610248,17.1066016832367,0.206810622211862
"TPL_001","TPL_001_EVENT_007","TPL_001_RUN_013","none","Pause","canonical","canonical","none",,,,45.6157773277303,49.0092463815165,3.39346905378625,108,109,2,1,,"none",,"none",FALSE,"TPL_001_REGIME_01","observed_first_to_last_pause_boundary_spike","none","not_applicable",,"not_applicable","S0056",4,0.4,"development",,,,18.2463109310921,19.6036985526066,1.3573876215145
"TPL_001","TPL_001_EVENT_008","TPL_001_RUN_014","TPL_001_STATE_005","Burst","none","burst_in_hfs","TPL_001_PULSE_005",50.6787325683884,51.0065537040109,0.327821135622521,50.7372738245077,50.9479075112092,0.210633686701435,116,120,5,4,5.95542324427515,"moderate",5,"BQ_062",FALSE,"none","first_to_last_pulse_exposed_spike","PHENO_0005","ambiguous_burst_like",3.55303365881386,"exclude_primary_include_sensitivity","S0056",4,0.4,"development",20.2714930273554,20.4026214816044,0.131128454249009,20.2949095298031,20.3791630044837,0.084253474680574
"TPL_001","TPL_001_EVENT_001","TPL_001_RUN_002","none","Pause","canonical","canonical","none",,,,11.8933117726839,16.731096522745,4.83778475006111,15,16,2,1,,"none",,"none",FALSE,"none","observed_first_to_last_pause_boundary_spike","none","not_applicable",,"not_applicable","S0007",10,1,"development",,,,11.8933117726839,16.731096522745,4.83778475006111
"TPL_001","TPL_001_EVENT_002","TPL_001_RUN_004","none","Burst","none","standalone_burst","TPL_001_PULSE_001",17.5290901892233,18.1322660146006,0.603175825377225,17.6424763036408,18.0571513647342,0.414675061093327,17,20,4,3,5.35743358568288,"weak",4,"BQ_001",TRUE,"none","first_to_last_pulse_exposed_spike","PHENO_0001","no_burst_evidence",3.26831591021827,"eligible","S0007",10,1,"development",17.5290901892233,18.1322660146006,0.603175825377225,17.6424763036408,18.0571513647342,0.414675061093327
"TPL_001","TPL_001_EVENT_003","TPL_001_RUN_006","none","Burst","none","standalone_burst","TPL_001_PULSE_002",18.5904656544338,19.1103297313841,0.519864076950302,18.619507071622,19.0748320227762,0.455324951154239,21,25,5,4,6.0342286353698,"moderate",5,"BQ_002",FALSE,"none","first_to_last_pulse_exposed_spike","PHENO_0002","no_burst_evidence",2.87531291158691,"eligible","S0007",10,1,"development",18.5904656544338,19.1103297313841,0.519864076950302,18.619507071622,19.0748320227762,0.455324951154239
"TPL_001","TPL_001_EVENT_004","TPL_001_RUN_008","none","Pause","complex_multi_gap","complex_multi_gap","none",,,,25.9081149121717,32.3424937257514,6.43437881357968,41,44,4,3,,"none",,"none",FALSE,"none","observed_first_to_last_pause_boundary_spike","none","not_applicable",,"not_applicable","S0007",10,1,"development",,,,25.9081149121717,32.3424937257514,6.43437881357968
"TPL_001","TPL_001_EVENT_005","TPL_001_RUN_009","none","Burst","none","standalone_burst","TPL_001_PULSE_003",32.3414327435927,32.8139420215378,0.472509277945107,32.3424937257514,32.8102865536165,0.467792827865154,44,49,6,5,10.2702716542408,"strong",6,"BQ_003",FALSE,"none","first_to_last_pulse_exposed_spike","PHENO_0003","ambiguous_burst_like",3.53191099003382,"exclude_primary_include_sensitivity","S0007",10,1,"development",32.3414327435927,32.8139420215378,0.472509277945107,32.3424937257514,32.8102865536165,0.467792827865154
"TPL_001","TPL_001_EVENT_006","TPL_001_RUN_012","TPL_001_STATE_004","Burst","none","burst_in_hfs","TPL_001_PULSE_004",42.2092920712976,42.8010127079747,0.591720636677074,42.249477652562,42.7665042080916,0.517026555529654,87,95,9,8,4.55838606273755,"weak",9,"BQ_061",FALSE,"none","first_to_last_pulse_exposed_spike","PHENO_0004","clear_burst_like",4.3526031282531,"eligible","S0007",10,1,"development",42.2092920712976,42.8010127079747,0.591720636677074,42.249477652562,42.7665042080916,0.517026555529654
"TPL_001","TPL_001_EVENT_007","TPL_001_RUN_013","none","Pause","canonical","canonical","none",,,,45.6157773277303,49.0092463815165,3.39346905378625,108,109,2,1,,"none",,"none",FALSE,"TPL_001_REGIME_01","observed_first_to_last_pause_boundary_spike","none","not_applicable",,"not_applicable","S0007",10,1,"development",,,,45.6157773277303,49.0092463815165,3.39346905378625
"TPL_001","TPL_001_EVENT_008","TPL_001_RUN_014","TPL_001_STATE_005","Burst","none","burst_in_hfs","TPL_001_PULSE_005",50.6787325683884,51.0065537040109,0.327821135622521,50.7372738245077,50.9479075112092,0.210633686701435,116,120,5,4,5.95542324427515,"moderate",5,"BQ_062",FALSE,"none","first_to_last_pulse_exposed_spike","PHENO_0005","ambiguous_burst_like",3.55303365881386,"exclude_primary_include_sensitivity","S0007",10,1,"development",50.6787325683884,51.0065537040109,0.327821135622521,50.7372738245077,50.9479075112092,0.210633686701435
"TPL_002","TPL_002_EVENT_001","TPL_002_RUN_002","none","Burst","none","standalone_burst","TPL_002_PULSE_001",5.26106920484713,6.07243288698265,0.811363682135517,5.29445742582929,5.96551545889724,0.671058033067951,29,35,7,6,5.07070069818292,"weak",7,"BQ_004",FALSE,"none","first_to_last_pulse_exposed_spike","PHENO_0006","no_burst_evidence",2.01314161853197,"eligible","S0030",1,0.1,"development",0.526106920484713,0.607243288698265,0.0811363682135517,0.529445742582929,0.596551545889724,0.0671058033067952
"TPL_002","TPL_002_EVENT_002","TPL_002_RUN_004","TPL_002_STATE_002","Burst","none","burst_in_hfs","TPL_002_PULSE_002",10.7346506139404,11.0009339637161,0.266283349775659,10.7410217365759,10.9459106462672,0.204888909691267,54,59,6,5,10.1030308818445,"strong",6,"BQ_064",FALSE,"none","first_to_last_pulse_exposed_spike","PHENO_0007","clear_burst_like",4.19096445153771,"eligible","S0030",1,0.1,"development",1.07346506139404,1.10009339637161,0.0266283349775659,1.07410217365759,1.09459106462672,0.0204888909691267
"TPL_002","TPL_002_EVENT_003","TPL_002_RUN_006","TPL_002_STATE_003","Burst","none","burst_in_hfs","TPL_002_PULSE_003",18.363751279016,18.631736235803,0.267984956786961,18.4050742583374,18.5616636354884,0.156589377150944,88,91,4,3,5.41597835882567,"weak",4,"BQ_063",TRUE,"none","first_to_last_pulse_exposed_spike","PHENO_0008","no_burst_evidence",2.31511129416181,"eligible","S0030",1,0.1,"development",1.8363751279016,1.8631736235803,0.0267984956786961,1.84050742583374,1.85616636354884,0.0156589377150944
"TPL_002","TPL_002_EVENT_004","TPL_002_RUN_008","none","Pause","canonical","canonical","none",,,,25.5492993628034,28.9540394112827,3.40474004847929,112,113,2,1,,"none",,"none",FALSE,"none","observed_first_to_last_pause_boundary_spike","none","not_applicable",,"not_applicable","S0030",1,0.1,"development",,,,2.55492993628034,2.89540394112827,0.340474004847929
"TPL_002","TPL_002_EVENT_005","TPL_002_RUN_010","none","Pause","canonical","canonical","none",,,,29.8047026304599,33.1294997036528,3.3247970731929,116,117,2,1,,"none",,"none",FALSE,"none","observed_first_to_last_pause_boundary_spike","none","not_applicable",,"not_applicable","S0030",1,0.1,"development",,,,2.98047026304599,3.31294997036528,0.33247970731929
"TPL_002","TPL_002_EVENT_006","TPL_002_RUN_011","none","Burst","none","standalone_burst","TPL_002_PULSE_004",33.0698909133056,33.9698909133056,0.899999999999999,33.1294997036528,33.9432923620078,0.813792658355069,117,124,8,7,5.92605488211848,"moderate",8,"BQ_005",FALSE,"none","first_to_last_pulse_exposed_spike","PHENO_0009","no_burst_evidence",2.283345100255,"eligible","S0030",1,0.1,"development",3.30698909133056,3.39698909133056,0.0899999999999999,3.31294997036528,3.39432923620078,0.081379265835507
"TPL_002","TPL_002_EVENT_007","TPL_002_RUN_013","none","Burst","none","standalone_burst","TPL_002_PULSE_005",34.5162333717982,35.293684300451,0.77745092865279,34.5681296938542,35.2758776137182,0.707747919863991,125,133,9,8,9.37897742167115,"strong",9,"BQ_006",FALSE,"none","first_to_last_pulse_exposed_spike","PHENO_0010","clear_burst_like",5.17507829355268,"eligible","S0030",1,0.1,"development",3.45162333717982,3.5293684300451,0.077745092865279,3.45681296938542,3.52758776137182,0.0707747919863991
"TPL_002","TPL_002_EVENT_001","TPL_002_RUN_002","none","Burst","none","standalone_burst","TPL_002_PULSE_001",5.26106920484713,6.07243288698265,0.811363682135517,5.29445742582929,5.96551545889724,0.671058033067951,29,35,7,6,5.07070069818292,"weak",7,"BQ_004",FALSE,"none","first_to_last_pulse_exposed_spike","PHENO_0006","no_burst_evidence",2.01314161853197,"eligible","S0006",4,0.4,"development",2.10442768193885,2.42897315479306,0.324545472854207,2.11778297033172,2.3862061835589,0.268423213227181
"TPL_002","TPL_002_EVENT_002","TPL_002_RUN_004","TPL_002_STATE_002","Burst","none","burst_in_hfs","TPL_002_PULSE_002",10.7346506139404,11.0009339637161,0.266283349775659,10.7410217365759,10.9459106462672,0.204888909691267,54,59,6,5,10.1030308818445,"strong",6,"BQ_064",FALSE,"none","first_to_last_pulse_exposed_spike","PHENO_0007","clear_burst_like",4.19096445153771,"eligible","S0006",4,0.4,"development",4.29386024557617,4.40037358548644,0.106513339910263,4.29640869463036,4.37836425850687,0.0819555638765067
"TPL_002","TPL_002_EVENT_003","TPL_002_RUN_006","TPL_002_STATE_003","Burst","none","burst_in_hfs","TPL_002_PULSE_003",18.363751279016,18.631736235803,0.267984956786961,18.4050742583374,18.5616636354884,0.156589377150944,88,91,4,3,5.41597835882567,"weak",4,"BQ_063",TRUE,"none","first_to_last_pulse_exposed_spike","PHENO_0008","no_burst_evidence",2.31511129416181,"eligible","S0006",4,0.4,"development",7.34550051160642,7.4526944943212,0.107193982714784,7.36202970333497,7.42466545419534,0.0626357508603775
"TPL_002","TPL_002_EVENT_004","TPL_002_RUN_008","none","Pause","canonical","canonical","none",,,,25.5492993628034,28.9540394112827,3.40474004847929,112,113,2,1,,"none",,"none",FALSE,"none","observed_first_to_last_pause_boundary_spike","none","not_applicable",,"not_applicable","S0006",4,0.4,"development",,,,10.2197197451214,11.5816157645131,1.36189601939172
"TPL_002","TPL_002_EVENT_005","TPL_002_RUN_010","none","Pause","canonical","canonical","none",,,,29.8047026304599,33.1294997036528,3.3247970731929,116,117,2,1,,"none",,"none",FALSE,"none","observed_first_to_last_pause_boundary_spike","none","not_applicable",,"not_applicable","S0006",4,0.4,"development",,,,11.921881052184,13.2517998814611,1.32991882927716
"TPL_002","TPL_002_EVENT_006","TPL_002_RUN_011","none","Burst","none","standalone_burst","TPL_002_PULSE_004",33.0698909133056,33.9698909133056,0.899999999999999,33.1294997036528,33.9432923620078,0.813792658355069,117,124,8,7,5.92605488211848,"moderate",8,"BQ_005",FALSE,"none","first_to_last_pulse_exposed_spike","PHENO_0009","no_burst_evidence",2.283345100255,"eligible","S0006",4,0.4,"development",13.2279563653222,13.5879563653222,0.359999999999999,13.2517998814611,13.5773169448031,0.325517063342028
"TPL_002","TPL_002_EVENT_007","TPL_002_RUN_013","none","Burst","none","standalone_burst","TPL_002_PULSE_005",34.5162333717982,35.293684300451,0.77745092865279,34.5681296938542,35.2758776137182,0.707747919863991,125,133,9,8,9.37897742167115,"strong",9,"BQ_006",FALSE,"none","first_to_last_pulse_exposed_spike","PHENO_0010","clear_burst_like",5.17507829355268,"eligible","S0006",4,0.4,"development",13.8064933487193,14.1174737201804,0.310980371461116,13.8272518775417,14.1103510454873,0.283099167945596
"TPL_002","TPL_002_EVENT_001","TPL_002_RUN_002","none","Burst","none","standalone_burst","TPL_002_PULSE_001",5.26106920484713,6.07243288698265,0.811363682135517,5.29445742582929,5.96551545889724,0.671058033067951,29,35,7,6,5.07070069818292,"weak",7,"BQ_004",FALSE,"none","first_to_last_pulse_exposed_spike","PHENO_0006","no_burst_evidence",2.01314161853197,"eligible","S0044",10,1,"development",5.26106920484713,6.07243288698265,0.811363682135517,5.29445742582929,5.96551545889724,0.671058033067951
"TPL_002","TPL_002_EVENT_002","TPL_002_RUN_004","TPL_002_STATE_002","Burst","none","burst_in_hfs","TPL_002_PULSE_002",10.7346506139404,11.0009339637161,0.266283349775659,10.7410217365759,10.9459106462672,0.204888909691267,54,59,6,5,10.1030308818445,"strong",6,"BQ_064",FALSE,"none","first_to_last_pulse_exposed_spike","PHENO_0007","clear_burst_like",4.19096445153771,"eligible","S0044",10,1,"development",10.7346506139404,11.0009339637161,0.266283349775659,10.7410217365759,10.9459106462672,0.204888909691267
"TPL_002","TPL_002_EVENT_003","TPL_002_RUN_006","TPL_002_STATE_003","Burst","none","burst_in_hfs","TPL_002_PULSE_003",18.363751279016,18.631736235803,0.267984956786961,18.4050742583374,18.5616636354884,0.156589377150944,88,91,4,3,5.41597835882567,"weak",4,"BQ_063",TRUE,"none","first_to_last_pulse_exposed_spike","PHENO_0008","no_burst_evidence",2.31511129416181,"eligible","S0044",10,1,"development",18.363751279016,18.631736235803,0.267984956786961,18.4050742583374,18.5616636354884,0.156589377150944
"TPL_002","TPL_002_EVENT_004","TPL_002_RUN_008","none","Pause","canonical","canonical","none",,,,25.5492993628034,28.9540394112827,3.40474004847929,112,113,2,1,,"none",,"none",FALSE,"none","observed_first_to_last_pause_boundary_spike","none","not_applicable",,"not_applicable","S0044",10,1,"development",,,,25.5492993628034,28.9540394112827,3.40474004847929
"TPL_002","TPL_002_EVENT_005","TPL_002_RUN_010","none","Pause","canonical","canonical","none",,,,29.8047026304599,33.1294997036528,3.3247970731929,116,117,2,1,,"none",,"none",FALSE,"none","observed_first_to_last_pause_boundary_spike","none","not_applicable",,"not_applicable","S0044",10,1,"development",,,,29.8047026304599,33.1294997036528,3.3247970731929
"TPL_002","TPL_002_EVENT_006","TPL_002_RUN_011","none","Burst","none","standalone_burst","TPL_002_PULSE_004",33.0698909133056,33.9698909133056,0.899999999999999,33.1294997036528,33.9432923620078,0.813792658355069,117,124,8,7,5.92605488211848,"moderate",8,"BQ_005",FALSE,"none","first_to_last_pulse_exposed_spike","PHENO_0009","no_burst_evidence",2.283345100255,"eligible","S0044",10,1,"development",33.0698909133056,33.9698909133056,0.899999999999999,33.1294997036528,33.9432923620078,0.813792658355069
"TPL_002","TPL_002_EVENT_007","TPL_002_RUN_013","none","Burst","none","standalone_burst","TPL_002_PULSE_005",34.5162333717982,35.293684300451,0.77745092865279,34.5681296938542,35.2758776137182,0.707747919863991,125,133,9,8,9.37897742167115,"strong",9,"BQ_006",FALSE,"none","first_to_last_pulse_exposed_spike","PHENO_0010","clear_burst_like",5.17507829355268,"eligible","S0044",10,1,"development",34.5162333717982,35.293684300451,0.77745092865279,34.5681296938542,35.2758776137182,0.707747919863991
"TPL_003","TPL_003_EVENT_001","TPL_003_RUN_001","TPL_003_STATE_001","Burst","none","burst_in_hfs","TPL_003_PULSE_001",3.52560998258185,3.73291441853463,0.207304435952777,3.56149356534955,3.72754494925588,0.166051383906334,16,19,4,3,6.69037245691288,"moderate",4,"BQ_065",TRUE,"none","first_to_last_pulse_exposed_spike","PHENO_0011","no_burst_evidence",3.15992923789093,"eligible","S0058",1,0.1,"development",0.352560998258185,0.373291441853463,0.0207304435952777,0.356149356534955,0.372754494925589,0.0166051383906334
"TPL_003","TPL_003_EVENT_002","TPL_003_RUN_002","none","Pause","canonical","canonical","none",,,,6.13691478637606,10.9380444190986,4.80112963272259,27,28,2,1,,"none",,"none",FALSE,"TPL_003_REGIME_01","observed_first_to_last_pause_boundary_spike","none","not_applicable",,"not_applicable","S0058",1,0.1,"development",,,,0.613691478637606,1.09380444190986,0.480112963272259
"TPL_003","TPL_003_EVENT_003","TPL_003_RUN_003","TPL_003_STATE_002","Burst","none","burst_in_hfs","TPL_003_PULSE_002",14.9519201571584,15.3540944073332,0.402174250174832,14.9789357402461,15.303255809875,0.324320069628843,41,47,7,6,8.31034069694579,"strong",7,"BQ_066",FALSE,"none","first_to_last_pulse_exposed_spike","PHENO_0012","clear_burst_like",4.11516011674858,"eligible","S0058",1,0.1,"development",1.49519201571584,1.53540944073332,0.0402174250174832,1.49789357402461,1.5303255809875,0.0324320069628843
"TPL_003","TPL_003_EVENT_004","TPL_003_RUN_005","none","Pause","canonical","canonical","none",,,,30.8286323828563,33.8596064784505,3.03097409559414,75,76,2,1,,"none",,"none",FALSE,"none","observed_first_to_last_pause_boundary_spike","none","not_applicable",,"not_applicable","S0058",1,0.1,"development",,,,3.08286323828563,3.38596064784505,0.303097409559414
"TPL_003","TPL_003_EVENT_005","TPL_003_RUN_006","none","Burst","none","standalone_burst","TPL_003_PULSE_003",33.8122868106499,34.4926362146827,0.680349404032825,33.8596064784505,34.4226938060894,0.563087327638947,76,82,7,6,8.93043125327677,"strong",7,"BQ_009",FALSE,"none","first_to_last_pulse_exposed_spike","PHENO_0013","clear_burst_like",5.21284348255244,"eligible","S0058",1,0.1,"development",3.38122868106499,3.44926362146827,0.0680349404032825,3.38596064784505,3.44226938060894,0.0563087327638947
"TPL_003","TPL_003_EVENT_006","TPL_003_RUN_008","none","Burst","none","standalone_burst","TPL_003_PULSE_004",35.0232298825164,35.8954168675046,0.872186984988176,35.0309840098438,35.7074947395661,0.67651072972231,83,87,5,4,4.54964339826256,"weak",5,"BQ_007",FALSE,"none","first_to_last_pulse_exposed_spike","PHENO_0014","no_burst_evidence",-1.42726936804673,"eligible","S0058",1,0.1,"development",3.50232298825164,3.58954168675046,0.0872186984988176,3.50309840098438,3.57074947395661,0.067651072972231
"TPL_003","TPL_003_EVENT_007","TPL_003_RUN_009","none","Burst","none","standalone_burst","TPL_003_PULSE_005",35.6731794634352,36.1233993214863,0.450219858051078,35.7074947395661,36.0713132367282,0.363818497162093,87,92,6,5,7.55508176062722,"moderate",6,"BQ_008",FALSE,"none","first_to_last_pulse_exposed_spike","PHENO_0015","no_burst_evidence",1.97630704434326,"eligible","S0058",1,0.1,"development",3.56731794634352,3.61233993214863,0.0450219858051078,3.57074947395661,3.60713132367282,0.0363818497162093
"TPL_003","TPL_003_EVENT_008","TPL_003_RUN_012","none","Pause","complex_multi_gap","complex_multi_gap","none",,,,44.359583575867,49.3540147198661,4.9944311439991,126,128,3,2,,"none",,"none",FALSE,"none","observed_first_to_last_pause_boundary_spike","none","not_applicable",,"not_applicable","S0058",1,0.1,"development",,,,4.4359583575867,4.93540147198661,0.49944311439991
"TPL_003","TPL_003_EVENT_001","TPL_003_RUN_001","TPL_003_STATE_001","Burst","none","burst_in_hfs","TPL_003_PULSE_001",3.52560998258185,3.73291441853463,0.207304435952777,3.56149356534955,3.72754494925588,0.166051383906334,16,19,4,3,6.69037245691288,"moderate",4,"BQ_065",TRUE,"none","first_to_last_pulse_exposed_spike","PHENO_0011","no_burst_evidence",3.15992923789093,"eligible","S0049",4,0.4,"development",1.41024399303274,1.49316576741385,0.0829217743811109,1.42459742613982,1.49101797970235,0.0664205535625337
"TPL_003","TPL_003_EVENT_002","TPL_003_RUN_002","none","Pause","canonical","canonical","none",,,,6.13691478637606,10.9380444190986,4.80112963272259,27,28,2,1,,"none",,"none",FALSE,"TPL_003_REGIME_01","observed_first_to_last_pause_boundary_spike","none","not_applicable",,"not_applicable","S0049",4,0.4,"development",,,,2.45476591455042,4.37521776763946,1.92045185308903
"TPL_003","TPL_003_EVENT_003","TPL_003_RUN_003","TPL_003_STATE_002","Burst","none","burst_in_hfs","TPL_003_PULSE_002",14.9519201571584,15.3540944073332,0.402174250174832,14.9789357402461,15.303255809875,0.324320069628843,41,47,7,6,8.31034069694579,"strong",7,"BQ_066",FALSE,"none","first_to_last_pulse_exposed_spike","PHENO_0012","clear_burst_like",4.11516011674858,"eligible","S0049",4,0.4,"development",5.98076806286336,6.1416377629333,0.160869700069933,5.99157429609844,6.12130232394998,0.129728027851537
"TPL_003","TPL_003_EVENT_004","TPL_003_RUN_005","none","Pause","canonical","canonical","none",,,,30.8286323828563,33.8596064784505,3.03097409559414,75,76,2,1,,"none",,"none",FALSE,"none","observed_first_to_last_pause_boundary_spike","none","not_applicable",,"not_applicable","S0049",4,0.4,"development",,,,12.3314529531425,13.5438425913802,1.21238963823766
"TPL_003","TPL_003_EVENT_005","TPL_003_RUN_006","none","Burst","none","standalone_burst","TPL_003_PULSE_003",33.8122868106499,34.4926362146827,0.680349404032825,33.8596064784505,34.4226938060894,0.563087327638947,76,82,7,6,8.93043125327677,"strong",7,"BQ_009",FALSE,"none","first_to_last_pulse_exposed_spike","PHENO_0013","clear_burst_like",5.21284348255244,"eligible","S0049",4,0.4,"development",13.5249147242599,13.7970544858731,0.27213976161313,13.5438425913802,13.7690775224358,0.225234931055579
"TPL_003","TPL_003_EVENT_006","TPL_003_RUN_008","none","Burst","none","standalone_burst","TPL_003_PULSE_004",35.0232298825164,35.8954168675046,0.872186984988176,35.0309840098438,35.7074947395661,0.67651072972231,83,87,5,4,4.54964339826256,"weak",5,"BQ_007",FALSE,"none","first_to_last_pulse_exposed_spike","PHENO_0014","no_burst_evidence",-1.42726936804673,"eligible","S0049",4,0.4,"development",14.0092919530066,14.3581667470018,0.34887479399527,14.0123936039375,14.2829978958264,0.270604291888924
"TPL_003","TPL_003_EVENT_007","TPL_003_RUN_009","none","Burst","none","standalone_burst","TPL_003_PULSE_005",35.6731794634352,36.1233993214863,0.450219858051078,35.7074947395661,36.0713132367282,0.363818497162093,87,92,6,5,7.55508176062722,"moderate",6,"BQ_008",FALSE,"none","first_to_last_pulse_exposed_spike","PHENO_0015","no_burst_evidence",1.97630704434326,"eligible","S0049",4,0.4,"development",14.2692717853741,14.4493597285945,0.180087943220431,14.2829978958264,14.4285252946913,0.145527398864837
"TPL_003","TPL_003_EVENT_008","TPL_003_RUN_012","none","Pause","complex_multi_gap","complex_multi_gap","none",,,,44.359583575867,49.3540147198661,4.9944311439991,126,128,3,2,,"none",,"none",FALSE,"none","observed_first_to_last_pause_boundary_spike","none","not_applicable",,"not_applicable","S0049",4,0.4,"development",,,,17.7438334303468,19.7416058879464,1.99777245759964
"TPL_003","TPL_003_EVENT_001","TPL_003_RUN_001","TPL_003_STATE_001","Burst","none","burst_in_hfs","TPL_003_PULSE_001",3.52560998258185,3.73291441853463,0.207304435952777,3.56149356534955,3.72754494925588,0.166051383906334,16,19,4,3,6.69037245691288,"moderate",4,"BQ_065",TRUE,"none","first_to_last_pulse_exposed_spike","PHENO_0011","no_burst_evidence",3.15992923789093,"eligible","S0040",10,1,"development",3.52560998258185,3.73291441853463,0.207304435952777,3.56149356534955,3.72754494925588,0.166051383906334
"TPL_003","TPL_003_EVENT_002","TPL_003_RUN_002","none","Pause","canonical","canonical","none",,,,6.13691478637606,10.9380444190986,4.80112963272259,27,28,2,1,,"none",,"none",FALSE,"TPL_003_REGIME_01","observed_first_to_last_pause_boundary_spike","none","not_applicable",,"not_applicable","S0040",10,1,"development",,,,6.13691478637606,10.9380444190986,4.80112963272259
"TPL_003","TPL_003_EVENT_003","TPL_003_RUN_003","TPL_003_STATE_002","Burst","none","burst_in_hfs","TPL_003_PULSE_002",14.9519201571584,15.3540944073332,0.402174250174832,14.9789357402461,15.303255809875,0.324320069628843,41,47,7,6,8.31034069694579,"strong",7,"BQ_066",FALSE,"none","first_to_last_pulse_exposed_spike","PHENO_0012","clear_burst_like",4.11516011674858,"eligible","S0040",10,1,"development",14.9519201571584,15.3540944073332,0.402174250174832,14.9789357402461,15.303255809875,0.324320069628843
"TPL_003","TPL_003_EVENT_004","TPL_003_RUN_005","none","Pause","canonical","canonical","none",,,,30.8286323828563,33.8596064784505,3.03097409559414,75,76,2,1,,"none",,"none",FALSE,"none","observed_first_to_last_pause_boundary_spike","none","not_applicable",,"not_applicable","S0040",10,1,"development",,,,30.8286323828563,33.8596064784505,3.03097409559414
"TPL_003","TPL_003_EVENT_005","TPL_003_RUN_006","none","Burst","none","standalone_burst","TPL_003_PULSE_003",33.8122868106499,34.4926362146827,0.680349404032825,33.8596064784505,34.4226938060894,0.563087327638947,76,82,7,6,8.93043125327677,"strong",7,"BQ_009",FALSE,"none","first_to_last_pulse_exposed_spike","PHENO_0013","clear_burst_like",5.21284348255244,"eligible","S0040",10,1,"development",33.8122868106499,34.4926362146827,0.680349404032825,33.8596064784505,34.4226938060894,0.563087327638947
"TPL_003","TPL_003_EVENT_006","TPL_003_RUN_008","none","Burst","none","standalone_burst","TPL_003_PULSE_004",35.0232298825164,35.8954168675046,0.872186984988176,35.0309840098438,35.7074947395661,0.67651072972231,83,87,5,4,4.54964339826256,"weak",5,"BQ_007",FALSE,"none","first_to_last_pulse_exposed_spike","PHENO_0014","no_burst_evidence",-1.42726936804673,"eligible","S0040",10,1,"development",35.0232298825164,35.8954168675046,0.872186984988176,35.0309840098438,35.7074947395661,0.67651072972231
"TPL_003","TPL_003_EVENT_007","TPL_003_RUN_009","none","Burst","none","standalone_burst","TPL_003_PULSE_005",35.6731794634352,36.1233993214863,0.450219858051078,35.7074947395661,36.0713132367282,0.363818497162093,87,92,6,5,7.55508176062722,"moderate",6,"BQ_008",FALSE,"none","first_to_last_pulse_exposed_spike","PHENO_0015","no_burst_evidence",1.97630704434326,"eligible","S0040",10,1,"development",35.6731794634352,36.1233993214863,0.450219858051078,35.7074947395661,36.0713132367282,0.363818497162093
"TPL_003","TPL_003_EVENT_008","TPL_003_RUN_012","none","Pause","complex_multi_gap","complex_multi_gap","none",,,,44.359583575867,49.3540147198661,4.9944311439991,126,128,3,2,,"none",,"none",FALSE,"none","observed_first_to_last_pause_boundary_spike","none","not_applicable",,"not_applicable","S0040",10,1,"development",,,,44.359583575867,49.3540147198661,4.9944311439991
"TPL_004","TPL_004_EVENT_001","TPL_004_RUN_002","none","Burst","none","standalone_burst","TPL_004_PULSE_001",6.61408289290306,7.00578654179534,0.391703648892281,6.62192629420036,6.98518688720264,0.363260593002274,32,35,4,3,9.63491188362241,"strong",4,"BQ_012",TRUE,"none","first_to_last_pulse_exposed_spike","PHENO_0016","no_burst_evidence",0.17488428495942,"eligible","S0011",1,0.1,"development",0.661408289290306,0.700578654179534,0.0391703648892281,0.662192629420036,0.698518688720264,0.0363260593002274
"TPL_004","TPL_004_EVENT_002","TPL_004_RUN_003","TPL_004_STATE_002","Burst","none","burst_in_hfs","TPL_004_PULSE_002",8.44680206229036,8.93023793993525,0.483435877644888,8.46226527046276,8.86089694805256,0.398631677589805,44,52,9,8,4.47766681213398,"weak",9,"BQ_068",FALSE,"none","first_to_last_pulse_exposed_spike","PHENO_0017","ambiguous_burst_like",3.87365734386862,"exclude_primary_include_sensitivity","S0011",1,0.1,"development",0.844680206229036,0.893023793993525,0.0483435877644888,0.846226527046276,0.886089694805256,0.0398631677589805
"TPL_004","TPL_004_EVENT_003","TPL_004_RUN_004","none","Pause","canonical","canonical","none",,,,12.1743442402968,15.283865708653,3.10952146835625,67,68,2,1,,"none",,"none",FALSE,"none","observed_first_to_last_pause_boundary_spike","none","not_applicable",,"not_applicable","S0011",1,0.1,"development",,,,1.21743442402968,1.5283865708653,0.310952146835625
"TPL_004","TPL_004_EVENT_004","TPL_004_RUN_005","TPL_004_STATE_003","Burst","none","burst_in_hfs","TPL_004_PULSE_003",19.2454094428185,19.7204142692524,0.475004826433874,19.2485018449803,19.6835422944893,0.435040449508989,82,89,8,7,7.2379536369117,"moderate",8,"BQ_067",FALSE,"none","first_to_last_pulse_exposed_spike","PHENO_0018","clear_burst_like",4.89739108319681,"eligible","S0011",1,0.1,"development",1.92454094428185,1.97204142692524,0.0475004826433874,1.92485018449803,1.96835422944893,0.0435040449508989
"TPL_004","TPL_004_EVENT_005","TPL_004_RUN_007","none","Burst","none","standalone_burst","TPL_004_PULSE_004",24.7537959676776,25.6537959676776,0.900000000000002,24.8397156610165,25.6417785721609,0.802062911144311,104,111,8,7,4.99740748933982,"weak",8,"BQ_010",FALSE,"none","first_to_last_pulse_exposed_spike","PHENO_0019","no_burst_evidence",2.92880740310223,"eligible","S0011",1,0.1,"development",2.47537959676776,2.56537959676776,0.0900000000000002,2.48397156610165,2.56417785721609,0.0802062911144311
"TPL_004","TPL_004_EVENT_006","TPL_004_RUN_009","none","Burst","none","standalone_burst","TPL_004_PULSE_005",26.1192971697489,27.0192971697489,0.899999999999999,26.1615497471542,26.9786898147968,0.817140067642594,112,120,9,8,7.64808229007758,"moderate",9,"BQ_011",FALSE,"none","first_to_last_pulse_exposed_spike","PHENO_0020","clear_burst_like",6.63158687841123,"eligible","S0011",1,0.1,"development",2.61192971697489,2.70192971697489,0.0899999999999999,2.61615497471542,2.69786898147968,0.0817140067642594
"TPL_004","TPL_004_EVENT_007","TPL_004_RUN_013","none","Pause","canonical","canonical","none",,,,44.4831906735202,48.2227308084958,3.73954013497568,149,150,2,1,,"none",,"none",FALSE,"none","observed_first_to_last_pause_boundary_spike","none","not_applicable",,"not_applicable","S0011",1,0.1,"development",,,,4.44831906735202,4.82227308084958,0.373954013497568
"TPL_004","TPL_004_EVENT_001","TPL_004_RUN_002","none","Burst","none","standalone_burst","TPL_004_PULSE_001",6.61408289290306,7.00578654179534,0.391703648892281,6.62192629420036,6.98518688720264,0.363260593002274,32,35,4,3,9.63491188362241,"strong",4,"BQ_012",TRUE,"none","first_to_last_pulse_exposed_spike","PHENO_0016","no_burst_evidence",0.17488428495942,"eligible","S0014",4,0.4,"development",2.64563315716123,2.80231461671814,0.156681459556912,2.64877051768014,2.79407475488105,0.14530423720091
"TPL_004","TPL_004_EVENT_002","TPL_004_RUN_003","TPL_004_STATE_002","Burst","none","burst_in_hfs","TPL_004_PULSE_002",8.44680206229036,8.93023793993525,0.483435877644888,8.46226527046276,8.86089694805256,0.398631677589805,44,52,9,8,4.47766681213398,"weak",9,"BQ_068",FALSE,"none","first_to_last_pulse_exposed_spike","PHENO_0017","ambiguous_burst_like",3.87365734386862,"exclude_primary_include_sensitivity","S0014",4,0.4,"development",3.37872082491615,3.5720951759741,0.193374351057955,3.3849061081851,3.54435877922103,0.159452671035922
"TPL_004","TPL_004_EVENT_003","TPL_004_RUN_004","none","Pause","canonical","canonical","none",,,,12.1743442402968,15.283865708653,3.10952146835625,67,68,2,1,,"none",,"none",FALSE,"none","observed_first_to_last_pause_boundary_spike","none","not_applicable",,"not_applicable","S0014",4,0.4,"development",,,,4.86973769611872,6.11354628346122,1.2438085873425
"TPL_004","TPL_004_EVENT_004","TPL_004_RUN_005","TPL_004_STATE_003","Burst","none","burst_in_hfs","TPL_004_PULSE_003",19.2454094428185,19.7204142692524,0.475004826433874,19.2485018449803,19.6835422944893,0.435040449508989,82,89,8,7,7.2379536369117,"moderate",8,"BQ_067",FALSE,"none","first_to_last_pulse_exposed_spike","PHENO_0018","clear_burst_like",4.89739108319681,"eligible","S0014",4,0.4,"development",7.69816377712741,7.88816570770096,0.19000193057355,7.69940073799213,7.87341691779572,0.174016179803596
"TPL_004","TPL_004_EVENT_005","TPL_004_RUN_007","none","Burst","none","standalone_burst","TPL_004_PULSE_004",24.7537959676776,25.6537959676776,0.900000000000002,24.8397156610165,25.6417785721609,0.802062911144311,104,111,8,7,4.99740748933982,"weak",8,"BQ_010",FALSE,"none","first_to_last_pulse_exposed_spike","PHENO_0019","no_burst_evidence",2.92880740310223,"eligible","S0014",4,0.4,"development",9.90151838707106,10.2615183870711,0.360000000000001,9.93588626440662,10.2567114288643,0.320825164457725
"TPL_004","TPL_004_EVENT_006","TPL_004_RUN_009","none","Burst","none","standalone_burst","TPL_004_PULSE_005",26.1192971697489,27.0192971697489,0.899999999999999,26.1615497471542,26.9786898147968,0.817140067642594,112,120,9,8,7.64808229007758,"moderate",9,"BQ_011",FALSE,"none","first_to_last_pulse_exposed_spike","PHENO_0020","clear_burst_like",6.63158687841123,"eligible","S0014",4,0.4,"development",10.4477188678996,10.8077188678996,0.359999999999999,10.4646198988617,10.7914759259187,0.326856027057038
"TPL_004","TPL_004_EVENT_007","TPL_004_RUN_013","none","Pause","canonical","canonical","none",,,,44.4831906735202,48.2227308084958,3.73954013497568,149,150,2,1,,"none",,"none",FALSE,"none","observed_first_to_last_pause_boundary_spike","none","not_applicable",,"not_applicable","S0014",4,0.4,"development",,,,17.7932762694081,19.2890923233983,1.49581605399027
"TPL_004","TPL_004_EVENT_001","TPL_004_RUN_002","none","Burst","none","standalone_burst","TPL_004_PULSE_001",6.61408289290306,7.00578654179534,0.391703648892281,6.62192629420036,6.98518688720264,0.363260593002274,32,35,4,3,9.63491188362241,"strong",4,"BQ_012",TRUE,"none","first_to_last_pulse_exposed_spike","PHENO_0016","no_burst_evidence",0.17488428495942,"eligible","S0055",10,1,"development",6.61408289290306,7.00578654179534,0.391703648892281,6.62192629420036,6.98518688720264,0.363260593002274
"TPL_004","TPL_004_EVENT_002","TPL_004_RUN_003","TPL_004_STATE_002","Burst","none","burst_in_hfs","TPL_004_PULSE_002",8.44680206229036,8.93023793993525,0.483435877644888,8.46226527046276,8.86089694805256,0.398631677589805,44,52,9,8,4.47766681213398,"weak",9,"BQ_068",FALSE,"none","first_to_last_pulse_exposed_spike","PHENO_0017","ambiguous_burst_like",3.87365734386862,"exclude_primary_include_sensitivity","S0055",10,1,"development",8.44680206229036,8.93023793993525,0.483435877644888,8.46226527046276,8.86089694805256,0.398631677589805
"TPL_004","TPL_004_EVENT_003","TPL_004_RUN_004","none","Pause","canonical","canonical","none",,,,12.1743442402968,15.283865708653,3.10952146835625,67,68,2,1,,"none",,"none",FALSE,"none","observed_first_to_last_pause_boundary_spike","none","not_applicable",,"not_applicable","S0055",10,1,"development",,,,12.1743442402968,15.283865708653,3.10952146835625
"TPL_004","TPL_004_EVENT_004","TPL_004_RUN_005","TPL_004_STATE_003","Burst","none","burst_in_hfs","TPL_004_PULSE_003",19.2454094428185,19.7204142692524,0.475004826433874,19.2485018449803,19.6835422944893,0.435040449508989,82,89,8,7,7.2379536369117,"moderate",8,"BQ_067",FALSE,"none","first_to_last_pulse_exposed_spike","PHENO_0018","clear_burst_like",4.89739108319681,"eligible","S0055",10,1,"development",19.2454094428185,19.7204142692524,0.475004826433874,19.2485018449803,19.6835422944893,0.435040449508989
"TPL_004","TPL_004_EVENT_005","TPL_004_RUN_007","none","Burst","none","standalone_burst","TPL_004_PULSE_004",24.7537959676776,25.6537959676776,0.900000000000002,24.8397156610165,25.6417785721609,0.802062911144311,104,111,8,7,4.99740748933982,"weak",8,"BQ_010",FALSE,"none","first_to_last_pulse_exposed_spike","PHENO_0019","no_burst_evidence",2.92880740310223,"eligible","S0055",10,1,"development",24.7537959676776,25.6537959676776,0.900000000000002,24.8397156610165,25.6417785721609,0.802062911144311
"TPL_004","TPL_004_EVENT_006","TPL_004_RUN_009","none","Burst","none","standalone_burst","TPL_004_PULSE_005",26.1192971697489,27.0192971697489,0.899999999999999,26.1615497471542,26.9786898147968,0.817140067642594,112,120,9,8,7.64808229007758,"moderate",9,"BQ_011",FALSE,"none","first_to_last_pulse_exposed_spike","PHENO_0020","clear_burst_like",6.63158687841123,"eligible","S0055",10,1,"development",26.1192971697489,27.0192971697489,0.899999999999999,26.1615497471542,26.9786898147968,0.817140067642594
"TPL_004","TPL_004_EVENT_007","TPL_004_RUN_013","none","Pause","canonical","canonical","none",,,,44.4831906735202,48.2227308084958,3.73954013497568,149,150,2,1,,"none",,"none",FALSE,"none","observed_first_to_last_pause_boundary_spike","none","not_applicable",,"not_applicable","S0055",10,1,"development",,,,44.4831906735202,48.2227308084958,3.73954013497568
"TPL_005","TPL_005_EVENT_001","TPL_005_RUN_001","TPL_005_STATE_001","Burst","none","burst_in_hfs","TPL_005_PULSE_001",2.56074127470387,2.82876254280832,0.26802126810445,2.57624488145115,2.81928904943961,0.243044167988466,11,15,5,4,6.80765769456048,"moderate",5,"BQ_070",FALSE,"none","first_to_last_pulse_exposed_spike","PHENO_0021","no_burst_evidence",3.19969228431721,"eligible","S0028",1,0.1,"development",0.256074127470387,0.282876254280832,0.026802126810445,0.257624488145115,0.281928904943961,0.0243044167988466
"TPL_005","TPL_005_EVENT_002","TPL_005_RUN_002","none","Pause","canonical","canonical","none",,,,8.27039491984443,13.012704919031,4.74230999918655,35,36,2,1,,"none",,"none",FALSE,"none","observed_first_to_last_pause_boundary_spike","none","not_applicable",,"not_applicable","S0028",1,0.1,"development",,,,0.827039491984443,1.3012704919031,0.474230999918655
"TPL_005","TPL_005_EVENT_003","TPL_005_RUN_005","TPL_005_STATE_003","Burst","none","burst_in_hfs","TPL_005_PULSE_002",22.6467665373471,22.823869642169,0.177103104821878,22.6680110448079,22.7954070323993,0.127395987591395,62,65,4,3,8.31049995683134,"strong",4,"BQ_069",TRUE,"none","first_to_last_pulse_exposed_spike","PHENO_0022","no_burst_evidence",2.32860377228356,"eligible","S0028",1,0.1,"development",2.26467665373471,2.2823869642169,0.0177103104821878,2.26680110448079,2.27954070323993,0.0127395987591395
"TPL_005","TPL_005_EVENT_004","TPL_005_RUN_007","none","Pause","canonical","canonical","none",,,,39.6014610352917,44.1995469529638,4.59808591767214,103,104,2,1,,"none",,"none",FALSE,"none","observed_first_to_last_pause_boundary_spike","none","not_applicable",,"not_applicable","S0028",1,0.1,"development",,,,3.96014610352917,4.41995469529639,0.459808591767214
"TPL_005","TPL_005_EVENT_005","TPL_005_RUN_008","none","Burst","none","standalone_burst","TPL_005_PULSE_003",44.177743987679,44.9008734140547,0.723129426375714,44.1995469529638,44.8920035915922,0.692456638628329,104,108,5,4,5.18102117907256,"weak",5,"BQ_013",FALSE,"none","first_to_last_pulse_exposed_spike","PHENO_0023","no_burst_evidence",2.58870860110313,"eligible","S0028",1,0.1,"development",4.4177743987679,4.49008734140547,0.0723129426375714,4.41995469529639,4.48920035915922,0.0692456638628329
"TPL_005","TPL_005_EVENT_006","TPL_005_RUN_011","none","Burst","none","standalone_burst","TPL_005_PULSE_004",50.4484450008609,51.3484450008609,0.899999999999999,50.4665535425115,51.2886562711455,0.822102728634071,131,136,6,5,6.3355306298472,"moderate",6,"BQ_014",FALSE,"none","first_to_last_pulse_exposed_spike","PHENO_0024","no_burst_evidence",0.0538426451389691,"eligible","S0028",1,0.1,"development",5.04484450008609,5.13484450008609,0.0899999999999999,5.04665535425115,5.12886562711455,0.0822102728634072
"TPL_005","TPL_005_EVENT_007","TPL_005_RUN_013","none","Burst","none","standalone_burst","TPL_005_PULSE_005",51.6995752438934,52.2998006742639,0.600225430370514,51.7460409886565,52.2608676450793,0.514826656422741,137,143,7,6,10.9134329641238,"strong",7,"BQ_015",FALSE,"none","first_to_last_pulse_exposed_spike","PHENO_0025","no_burst_evidence",1.84717548487605,"eligible","S0028",1,0.1,"development",5.16995752438934,5.22998006742639,0.0600225430370514,5.17460409886565,5.22608676450793,0.0514826656422741
"TPL_005","TPL_005_EVENT_001","TPL_005_RUN_001","TPL_005_STATE_001","Burst","none","burst_in_hfs","TPL_005_PULSE_001",2.56074127470387,2.82876254280832,0.26802126810445,2.57624488145115,2.81928904943961,0.243044167988466,11,15,5,4,6.80765769456048,"moderate",5,"BQ_070",FALSE,"none","first_to_last_pulse_exposed_spike","PHENO_0021","no_burst_evidence",3.19969228431721,"eligible","S0052",4,0.4,"development",1.02429650988155,1.13150501712333,0.10720850724178,1.03049795258046,1.12771561977584,0.0972176671953863
"TPL_005","TPL_005_EVENT_002","TPL_005_RUN_002","none","Pause","canonical","canonical","none",,,,8.27039491984443,13.012704919031,4.74230999918655,35,36,2,1,,"none",,"none",FALSE,"none","observed_first_to_last_pause_boundary_spike","none","not_applicable",,"not_applicable","S0052",4,0.4,"development",,,,3.30815796793777,5.20508196761239,1.89692399967462
"TPL_005","TPL_005_EVENT_003","TPL_005_RUN_005","TPL_005_STATE_003","Burst","none","burst_in_hfs","TPL_005_PULSE_002",22.6467665373471,22.823869642169,0.177103104821878,22.6680110448079,22.7954070323993,0.127395987591395,62,65,4,3,8.31049995683134,"strong",4,"BQ_069",TRUE,"none","first_to_last_pulse_exposed_spike","PHENO_0022","no_burst_evidence",2.32860377228356,"eligible","S0052",4,0.4,"development",9.05870661493883,9.12954785686759,0.0708412419287512,9.06720441792317,9.11816281295973,0.0509583950365581
"TPL_005","TPL_005_EVENT_004","TPL_005_RUN_007","none","Pause","canonical","canonical","none",,,,39.6014610352917,44.1995469529638,4.59808591767214,103,104,2,1,,"none",,"none",FALSE,"none","observed_first_to_last_pause_boundary_spike","none","not_applicable",,"not_applicable","S0052",4,0.4,"development",,,,15.8405844141167,17.6798187811855,1.83923436706886
"TPL_005","TPL_005_EVENT_005","TPL_005_RUN_008","none","Burst","none","standalone_burst","TPL_005_PULSE_003",44.177743987679,44.9008734140547,0.723129426375714,44.1995469529638,44.8920035915922,0.692456638628329,104,108,5,4,5.18102117907256,"weak",5,"BQ_013",FALSE,"none","first_to_last_pulse_exposed_spike","PHENO_0023","no_burst_evidence",2.58870860110313,"eligible","S0052",4,0.4,"development",17.6710975950716,17.9603493656219,0.289251770550285,17.6798187811855,17.9568014366369,0.276982655451332
"TPL_005","TPL_005_EVENT_006","TPL_005_RUN_011","none","Burst","none","standalone_burst","TPL_005_PULSE_004",50.4484450008609,51.3484450008609,0.899999999999999,50.4665535425115,51.2886562711455,0.822102728634071,131,136,6,5,6.3355306298472,"moderate",6,"BQ_014",FALSE,"none","first_to_last_pulse_exposed_spike","PHENO_0024","no_burst_evidence",0.0538426451389691,"eligible","S0052",4,0.4,"development",20.1793780003443,20.5393780003443,0.359999999999999,20.1866214170046,20.5154625084582,0.328841091453629
"TPL_005","TPL_005_EVENT_007","TPL_005_RUN_013","none","Burst","none","standalone_burst","TPL_005_PULSE_005",51.6995752438934,52.2998006742639,0.600225430370514,51.7460409886565,52.2608676450793,0.514826656422741,137,143,7,6,10.9134329641238,"strong",7,"BQ_015",FALSE,"none","first_to_last_pulse_exposed_spike","PHENO_0025","no_burst_evidence",1.84717548487605,"eligible","S0052",4,0.4,"development",20.6798300975574,20.9199202697056,0.240090172148206,20.6984163954626,20.9043470580317,0.205930662569097
"TPL_005","TPL_005_EVENT_001","TPL_005_RUN_001","TPL_005_STATE_001","Burst","none","burst_in_hfs","TPL_005_PULSE_001",2.56074127470387,2.82876254280832,0.26802126810445,2.57624488145115,2.81928904943961,0.243044167988466,11,15,5,4,6.80765769456048,"moderate",5,"BQ_070",FALSE,"none","first_to_last_pulse_exposed_spike","PHENO_0021","no_burst_evidence",3.19969228431721,"eligible","S0009",10,1,"development",2.56074127470387,2.82876254280832,0.26802126810445,2.57624488145115,2.81928904943961,0.243044167988466
"TPL_005","TPL_005_EVENT_002","TPL_005_RUN_002","none","Pause","canonical","canonical","none",,,,8.27039491984443,13.012704919031,4.74230999918655,35,36,2,1,,"none",,"none",FALSE,"none","observed_first_to_last_pause_boundary_spike","none","not_applicable",,"not_applicable","S0009",10,1,"development",,,,8.27039491984443,13.012704919031,4.74230999918655
"TPL_005","TPL_005_EVENT_003","TPL_005_RUN_005","TPL_005_STATE_003","Burst","none","burst_in_hfs","TPL_005_PULSE_002",22.6467665373471,22.823869642169,0.177103104821878,22.6680110448079,22.7954070323993,0.127395987591395,62,65,4,3,8.31049995683134,"strong",4,"BQ_069",TRUE,"none","first_to_last_pulse_exposed_spike","PHENO_0022","no_burst_evidence",2.32860377228356,"eligible","S0009",10,1,"development",22.6467665373471,22.823869642169,0.177103104821878,22.6680110448079,22.7954070323993,0.127395987591395
"TPL_005","TPL_005_EVENT_004","TPL_005_RUN_007","none","Pause","canonical","canonical","none",,,,39.6014610352917,44.1995469529638,4.59808591767214,103,104,2,1,,"none",,"none",FALSE,"none","observed_first_to_last_pause_boundary_spike","none","not_applicable",,"not_applicable","S0009",10,1,"development",,,,39.6014610352917,44.1995469529638,4.59808591767214
"TPL_005","TPL_005_EVENT_005","TPL_005_RUN_008","none","Burst","none","standalone_burst","TPL_005_PULSE_003",44.177743987679,44.9008734140547,0.723129426375714,44.1995469529638,44.8920035915922,0.692456638628329,104,108,5,4,5.18102117907256,"weak",5,"BQ_013",FALSE,"none","first_to_last_pulse_exposed_spike","PHENO_0023","no_burst_evidence",2.58870860110313,"eligible","S0009",10,1,"development",44.177743987679,44.9008734140547,0.723129426375714,44.1995469529638,44.8920035915922,0.692456638628329
"TPL_005","TPL_005_EVENT_006","TPL_005_RUN_011","none","Burst","none","standalone_burst","TPL_005_PULSE_004",50.4484450008609,51.3484450008609,0.899999999999999,50.4665535425115,51.2886562711455,0.822102728634071,131,136,6,5,6.3355306298472,"moderate",6,"BQ_014",FALSE,"none","first_to_last_pulse_exposed_spike","PHENO_0024","no_burst_evidence",0.0538426451389691,"eligible","S0009",10,1,"development",50.4484450008609,51.3484450008609,0.899999999999999,50.4665535425115,51.2886562711455,0.822102728634071
"TPL_005","TPL_005_EVENT_007","TPL_005_RUN_013","none","Burst","none","standalone_burst","TPL_005_PULSE_005",51.6995752438934,52.2998006742639,0.600225430370514,51.7460409886565,52.2608676450793,0.514826656422741,137,143,7,6,10.9134329641238,"strong",7,"BQ_015",FALSE,"none","first_to_last_pulse_exposed_spike","PHENO_0025","no_burst_evidence",1.84717548487605,"eligible","S0009",10,1,"development",51.6995752438934,52.2998006742639,0.600225430370514,51.7460409886565,52.2608676450793,0.514826656422741
"TPL_006","TPL_006_EVENT_001","TPL_006_RUN_002","none","Pause","complex_multi_gap","complex_multi_gap","none",,,,10.1609027138614,14.7105238663667,4.54962115250528,13,15,3,2,,"none",,"none",FALSE,"none","observed_first_to_last_pause_boundary_spike","none","not_applicable",,"not_applicable","S0045",1,0.1,"holdout",,,,1.01609027138614,1.47105238663667,0.454962115250528
"TPL_006","TPL_006_EVENT_002","TPL_006_RUN_004","TPL_006_STATE_002","Burst","none","burst_in_hfs","TPL_006_PULSE_001",19.3350661440085,19.6867018618605,0.351635717851984,19.3500618314957,19.65964933091,0.309587499414313,33,38,6,5,5.41192052059341,"weak",6,"BQ_071",FALSE,"none","first_to_last_pulse_exposed_spike","PHENO_0026","no_burst_evidence",2.66264274779779,"eligible","S0045",1,0.1,"holdout",1.93350661440085,1.96867018618605,0.0351635717851984,1.93500618314957,1.965964933091,0.0309587499414313
"TPL_006","TPL_006_EVENT_003","TPL_006_RUN_005","none","Pause","canonical","canonical","none",,,,22.0617875073584,26.490966838227,4.42917933086865,52,53,2,1,,"none",,"none",FALSE,"TPL_006_REGIME_01","observed_first_to_last_pause_boundary_spike","none","not_applicable",,"not_applicable","S0045",1,0.1,"holdout",,,,2.20617875073584,2.6490966838227,0.442917933086865
"TPL_006","TPL_006_EVENT_004","TPL_006_RUN_006","TPL_006_STATE_003","Burst","none","burst_in_hfs","TPL_006_PULSE_002",31.0415736102481,31.4835302509426,0.441956640694482,31.0482317028796,31.4553392519102,0.407107549030627,67,73,7,6,8.04482197389007,"strong",7,"BQ_072",FALSE,"none","first_to_last_pulse_exposed_spike","PHENO_0027","no_burst_evidence",3.02268761820902,"eligible","S0045",1,0.1,"holdout",3.10415736102481,3.14835302509426,0.0441956640694482,3.10482317028796,3.14553392519102,0.0407107549030627
"TPL_006","TPL_006_EVENT_005","TPL_006_RUN_009","none","Burst","none","standalone_burst","TPL_006_PULSE_003",44.2758026005835,44.8263485577225,0.550545957139008,44.2850632930887,44.7361382344434,0.451074941354705,117,120,4,3,7.69871465873439,"moderate",4,"BQ_017",TRUE,"none","first_to_last_pulse_exposed_spike","PHENO_0028","no_burst_evidence",-0.658280728363593,"eligible","S0045",1,0.1,"holdout",4.42758026005835,4.48263485577225,0.0550545957139008,4.42850632930887,4.47361382344434,0.0451074941354705
"TPL_006","TPL_006_EVENT_006","TPL_006_RUN_010","none","Burst","none","standalone_burst","TPL_006_PULSE_004",44.6642375155084,45.4103208946494,0.74608337914102,44.7361382344434,45.4090477490908,0.672909514647358,120,128,9,8,9.84562417212874,"strong",9,"BQ_018",FALSE,"none","first_to_last_pulse_exposed_spike","PHENO_0029","no_burst_evidence",1.48737265247619,"eligible","S0045",1,0.1,"holdout",4.46642375155084,4.54103208946494,0.074608337914102,4.47361382344434,4.54090477490908,0.0672909514647358
"TPL_006","TPL_006_EVENT_007","TPL_006_RUN_012","none","Burst","none","standalone_burst","TPL_006_PULSE_005",45.8871180184622,46.7871180184622,0.899999999999999,45.9175264329294,46.7042392636379,0.786712830708524,129,136,8,7,4.89228174183518,"weak",8,"BQ_016",FALSE,"none","first_to_last_pulse_exposed_spike","PHENO_0030","ambiguous_burst_like",3.9357378641469,"exclude_primary_include_sensitivity","S0045",1,0.1,"holdout",4.58871180184622,4.67871180184622,0.0899999999999999,4.59175264329294,4.6704239263638,0.0786712830708524
"TPL_006","TPL_006_EVENT_008","TPL_006_RUN_014","none","Pause","canonical","canonical","none",,,,52.7639212755619,57.7310688490181,4.96714757345617,147,148,2,1,,"none",,"none",FALSE,"none","observed_first_to_last_pause_boundary_spike","none","not_applicable",,"not_applicable","S0045",1,0.1,"holdout",,,,5.27639212755619,5.77310688490181,0.496714757345617
"TPL_006","TPL_006_EVENT_001","TPL_006_RUN_002","none","Pause","complex_multi_gap","complex_multi_gap","none",,,,10.1609027138614,14.7105238663667,4.54962115250528,13,15,3,2,,"none",,"none",FALSE,"none","observed_first_to_last_pause_boundary_spike","none","not_applicable",,"not_applicable","S0035",4,0.4,"holdout",,,,4.06436108554456,5.88420954654667,1.81984846100211
"TPL_006","TPL_006_EVENT_002","TPL_006_RUN_004","TPL_006_STATE_002","Burst","none","burst_in_hfs","TPL_006_PULSE_001",19.3350661440085,19.6867018618605,0.351635717851984,19.3500618314957,19.65964933091,0.309587499414313,33,38,6,5,5.41192052059341,"weak",6,"BQ_071",FALSE,"none","first_to_last_pulse_exposed_spike","PHENO_0026","no_burst_evidence",2.66264274779779,"eligible","S0035",4,0.4,"holdout",7.73402645760342,7.87468074474421,0.140654287140794,7.74002473259828,7.86385973236401,0.123834999765725
"TPL_006","TPL_006_EVENT_003","TPL_006_RUN_005","none","Pause","canonical","canonical","none",,,,22.0617875073584,26.490966838227,4.42917933086865,52,53,2,1,,"none",,"none",FALSE,"TPL_006_REGIME_01","observed_first_to_last_pause_boundary_spike","none","not_applicable",,"not_applicable","S0035",4,0.4,"holdout",,,,8.82471500294335,10.5963867352908,1.77167173234746
"TPL_006","TPL_006_EVENT_004","TPL_006_RUN_006","TPL_006_STATE_003","Burst","none","burst_in_hfs","TPL_006_PULSE_002",31.0415736102481,31.4835302509426,0.441956640694482,31.0482317028796,31.4553392519102,0.407107549030627,67,73,7,6,8.04482197389007,"strong",7,"BQ_072",FALSE,"none","first_to_last_pulse_exposed_spike","PHENO_0027","no_burst_evidence",3.02268761820902,"eligible","S0035",4,0.4,"holdout",12.4166294440992,12.593412100377,0.176782656277793,12.4192926811518,12.5821357007641,0.162843019612251
"TPL_006","TPL_006_EVENT_005","TPL_006_RUN_009","none","Burst","none","standalone_burst","TPL_006_PULSE_003",44.2758026005835,44.8263485577225,0.550545957139008,44.2850632930887,44.7361382344434,0.451074941354705,117,120,4,3,7.69871465873439,"moderate",4,"BQ_017",TRUE,"none","first_to_last_pulse_exposed_spike","PHENO_0028","no_burst_evidence",-0.658280728363593,"eligible","S0035",4,0.4,"holdout",17.7103210402334,17.930539423089,0.220218382855603,17.7140253172355,17.8944552937774,0.180429976541882
"TPL_006","TPL_006_EVENT_006","TPL_006_RUN_010","none","Burst","none","standalone_burst","TPL_006_PULSE_004",44.6642375155084,45.4103208946494,0.74608337914102,44.7361382344434,45.4090477490908,0.672909514647358,120,128,9,8,9.84562417212874,"strong",9,"BQ_018",FALSE,"none","first_to_last_pulse_exposed_spike","PHENO_0029","no_burst_evidence",1.48737265247619,"eligible","S0035",4,0.4,"holdout",17.8656950062034,18.1641283578598,0.298433351656408,17.8944552937774,18.1636190996363,0.269163805858943
"TPL_006","TPL_006_EVENT_007","TPL_006_RUN_012","none","Burst","none","standalone_burst","TPL_006_PULSE_005",45.8871180184622,46.7871180184622,0.899999999999999,45.9175264329294,46.7042392636379,0.786712830708524,129,136,8,7,4.89228174183518,"weak",8,"BQ_016",FALSE,"none","first_to_last_pulse_exposed_spike","PHENO_0030","ambiguous_burst_like",3.9357378641469,"exclude_primary_include_sensitivity","S0035",4,0.4,"holdout",18.3548472073849,18.7148472073849,0.359999999999999,18.3670105731718,18.6816957054552,0.31468513228341
"TPL_006","TPL_006_EVENT_008","TPL_006_RUN_014","none","Pause","canonical","canonical","none",,,,52.7639212755619,57.7310688490181,4.96714757345617,147,148,2,1,,"none",,"none",FALSE,"none","observed_first_to_last_pause_boundary_spike","none","not_applicable",,"not_applicable","S0035",4,0.4,"holdout",,,,21.1055685102248,23.0924275396072,1.98685902938247
"TPL_006","TPL_006_EVENT_001","TPL_006_RUN_002","none","Pause","complex_multi_gap","complex_multi_gap","none",,,,10.1609027138614,14.7105238663667,4.54962115250528,13,15,3,2,,"none",,"none",FALSE,"none","observed_first_to_last_pause_boundary_spike","none","not_applicable",,"not_applicable","S0004",10,1,"holdout",,,,10.1609027138614,14.7105238663667,4.54962115250528
"TPL_006","TPL_006_EVENT_002","TPL_006_RUN_004","TPL_006_STATE_002","Burst","none","burst_in_hfs","TPL_006_PULSE_001",19.3350661440085,19.6867018618605,0.351635717851984,19.3500618314957,19.65964933091,0.309587499414313,33,38,6,5,5.41192052059341,"weak",6,"BQ_071",FALSE,"none","first_to_last_pulse_exposed_spike","PHENO_0026","no_burst_evidence",2.66264274779779,"eligible","S0004",10,1,"holdout",19.3350661440085,19.6867018618605,0.351635717851984,19.3500618314957,19.65964933091,0.309587499414313
"TPL_006","TPL_006_EVENT_003","TPL_006_RUN_005","none","Pause","canonical","canonical","none",,,,22.0617875073584,26.490966838227,4.42917933086865,52,53,2,1,,"none",,"none",FALSE,"TPL_006_REGIME_01","observed_first_to_last_pause_boundary_spike","none","not_applicable",,"not_applicable","S0004",10,1,"holdout",,,,22.0617875073584,26.490966838227,4.42917933086865
"TPL_006","TPL_006_EVENT_004","TPL_006_RUN_006","TPL_006_STATE_003","Burst","none","burst_in_hfs","TPL_006_PULSE_002",31.0415736102481,31.4835302509426,0.441956640694482,31.0482317028796,31.4553392519102,0.407107549030627,67,73,7,6,8.04482197389007,"strong",7,"BQ_072",FALSE,"none","first_to_last_pulse_exposed_spike","PHENO_0027","no_burst_evidence",3.02268761820902,"eligible","S0004",10,1,"holdout",31.0415736102481,31.4835302509426,0.441956640694482,31.0482317028796,31.4553392519102,0.407107549030627
"TPL_006","TPL_006_EVENT_005","TPL_006_RUN_009","none","Burst","none","standalone_burst","TPL_006_PULSE_003",44.2758026005835,44.8263485577225,0.550545957139008,44.2850632930887,44.7361382344434,0.451074941354705,117,120,4,3,7.69871465873439,"moderate",4,"BQ_017",TRUE,"none","first_to_last_pulse_exposed_spike","PHENO_0028","no_burst_evidence",-0.658280728363593,"eligible","S0004",10,1,"holdout",44.2758026005835,44.8263485577225,0.550545957139008,44.2850632930887,44.7361382344434,0.451074941354705
"TPL_006","TPL_006_EVENT_006","TPL_006_RUN_010","none","Burst","none","standalone_burst","TPL_006_PULSE_004",44.6642375155084,45.4103208946494,0.74608337914102,44.7361382344434,45.4090477490908,0.672909514647358,120,128,9,8,9.84562417212874,"strong",9,"BQ_018",FALSE,"none","first_to_last_pulse_exposed_spike","PHENO_0029","no_burst_evidence",1.48737265247619,"eligible","S0004",10,1,"holdout",44.6642375155084,45.4103208946494,0.74608337914102,44.7361382344434,45.4090477490908,0.672909514647358
"TPL_006","TPL_006_EVENT_007","TPL_006_RUN_012","none","Burst","none","standalone_burst","TPL_006_PULSE_005",45.8871180184622,46.7871180184622,0.899999999999999,45.9175264329294,46.7042392636379,0.786712830708524,129,136,8,7,4.89228174183518,"weak",8,"BQ_016",FALSE,"none","first_to_last_pulse_exposed_spike","PHENO_0030","ambiguous_burst_like",3.9357378641469,"exclude_primary_include_sensitivity","S0004",10,1,"holdout",45.8871180184622,46.7871180184622,0.899999999999999,45.9175264329294,46.7042392636379,0.786712830708524
"TPL_006","TPL_006_EVENT_008","TPL_006_RUN_014","none","Pause","canonical","canonical","none",,,,52.7639212755619,57.7310688490181,4.96714757345617,147,148,2,1,,"none",,"none",FALSE,"none","observed_first_to_last_pause_boundary_spike","none","not_applicable",,"not_applicable","S0004",10,1,"holdout",,,,52.7639212755619,57.7310688490181,4.96714757345617
"TPL_007","TPL_007_EVENT_001","TPL_007_RUN_003","TPL_007_STATE_002","Burst","none","burst_in_hfs","TPL_007_PULSE_001",9.72288497337618,10.3772116190982,0.654326645721982,9.79717306181026,10.3405375799923,0.543364518182079,27,34,8,7,4.02220136520918,"weak",8,"BQ_073",FALSE,"none","first_to_last_pulse_exposed_spike","PHENO_0031","clear_burst_like",4.96495883755593,"eligible","S0059",1,0.1,"holdout",0.972288497337618,1.03772116190982,0.0654326645721982,0.979717306181026,1.03405375799923,0.0543364518182079
"TPL_007","TPL_007_EVENT_002","TPL_007_RUN_004","none","Burst","none","standalone_burst","TPL_007_PULSE_002",15.4187855504494,15.9649160716679,0.54613052121848,15.4765839401092,15.9316007080004,0.455016767891227,49,55,7,6,11.7020845618099,"strong",7,"BQ_021",FALSE,"none","first_to_last_pulse_exposed_spike","PHENO_0032","ambiguous_burst_like",3.54065392319532,"exclude_primary_include_sensitivity","S0059",1,0.1,"holdout",1.54187855504494,1.59649160716679,0.054613052121848,1.54765839401092,1.59316007080004,0.0455016767891227
"TPL_007","TPL_007_EVENT_003","TPL_007_RUN_007","none","Pause","canonical","canonical","none",,,,24.218980309145,27.1815373525596,2.96255704341456,89,90,2,1,,"none",,"none",FALSE,"none","observed_first_to_last_pause_boundary_spike","none","not_applicable",,"not_applicable","S0059",1,0.1,"holdout",,,,2.4218980309145,2.71815373525596,0.296255704341456
"TPL_007","TPL_007_EVENT_004","TPL_007_RUN_009","none","Burst","none","standalone_burst","TPL_007_PULSE_003",28.0486104602502,28.6573679185608,0.608757458310624,28.0637850327036,28.5489295781626,0.485144545459026,92,96,5,4,5.28048919781577,"weak",5,"BQ_019",FALSE,"none","first_to_last_pulse_exposed_spike","PHENO_0033","no_burst_evidence",2.67314458969713,"eligible","S0059",1,0.1,"holdout",2.80486104602502,2.86573679185608,0.0608757458310624,2.80637850327036,2.85489295781626,0.0485144545459026
"TPL_007","TPL_007_EVENT_005","TPL_007_RUN_011","none","Burst","none","standalone_burst","TPL_007_PULSE_004",29.0352714967857,29.6105897123688,0.575318215583067,29.0524196501857,29.5335449231488,0.481125272963105,97,102,6,5,6.9752323855646,"moderate",6,"BQ_020",FALSE,"none","first_to_last_pulse_exposed_spike","PHENO_0034","no_burst_evidence",2.2275108214674,"eligible","S0059",1,0.1,"holdout",2.90352714967857,2.96105897123688,0.0575318215583067,2.90524196501857,2.95335449231488,0.0481125272963105
"TPL_007","TPL_007_EVENT_006","TPL_007_RUN_012","TPL_007_STATE_004","Burst","none","burst_in_hfs","TPL_007_PULSE_005",32.1924652121529,32.686313506552,0.493848294399058,32.2149488243097,32.6687044896764,0.453755665366693,112,120,9,8,5.52500732603949,"moderate",9,"BQ_074",FALSE,"none","first_to_last_pulse_exposed_spike","PHENO_0035","clear_burst_like",4.35011835277739,"eligible","S0059",1,0.1,"holdout",3.21924652121529,3.2686313506552,0.0493848294399058,3.22149488243097,3.26687044896764,0.0453755665366693
"TPL_007","TPL_007_EVENT_007","TPL_007_RUN_014","none","Pause","canonical","canonical","none",,,,47.6383758100413,52.4580185519729,4.8196427419316,148,149,2,1,,"none",,"none",FALSE,"none","observed_first_to_last_pause_boundary_spike","none","not_applicable",,"not_applicable","S0059",1,0.1,"holdout",,,,4.76383758100413,5.24580185519729,0.48196427419316
"TPL_007","TPL_007_EVENT_001","TPL_007_RUN_003","TPL_007_STATE_002","Burst","none","burst_in_hfs","TPL_007_PULSE_001",9.72288497337618,10.3772116190982,0.654326645721982,9.79717306181026,10.3405375799923,0.543364518182079,27,34,8,7,4.02220136520918,"weak",8,"BQ_073",FALSE,"none","first_to_last_pulse_exposed_spike","PHENO_0031","clear_burst_like",4.96495883755593,"eligible","S0041",4,0.4,"holdout",3.88915398935047,4.15088464763926,0.261730658288793,3.9188692247241,4.13621503199694,0.217345807272832
"TPL_007","TPL_007_EVENT_002","TPL_007_RUN_004","none","Burst","none","standalone_burst","TPL_007_PULSE_002",15.4187855504494,15.9649160716679,0.54613052121848,15.4765839401092,15.9316007080004,0.455016767891227,49,55,7,6,11.7020845618099,"strong",7,"BQ_021",FALSE,"none","first_to_last_pulse_exposed_spike","PHENO_0032","ambiguous_burst_like",3.54065392319532,"exclude_primary_include_sensitivity","S0041",4,0.4,"holdout",6.16751422017975,6.38596642866714,0.218452208487392,6.19063357604367,6.37264028320016,0.182006707156491
"TPL_007","TPL_007_EVENT_003","TPL_007_RUN_007","none","Pause","canonical","canonical","none",,,,24.218980309145,27.1815373525596,2.96255704341456,89,90,2,1,,"none",,"none",FALSE,"none","observed_first_to_last_pause_boundary_spike","none","not_applicable",,"not_applicable","S0041",4,0.4,"holdout",,,,9.68759212365801,10.8726149410238,1.18502281736583
"TPL_007","TPL_007_EVENT_004","TPL_007_RUN_009","none","Burst","none","standalone_burst","TPL_007_PULSE_003",28.0486104602502,28.6573679185608,0.608757458310624,28.0637850327036,28.5489295781626,0.485144545459026,92,96,5,4,5.28048919781577,"weak",5,"BQ_019",FALSE,"none","first_to_last_pulse_exposed_spike","PHENO_0033","no_burst_evidence",2.67314458969713,"eligible","S0041",4,0.4,"holdout",11.2194441841001,11.4629471674243,0.24350298332425,11.2255140130814,11.419571831265,0.19405781818361
"TPL_007","TPL_007_EVENT_005","TPL_007_RUN_011","none","Burst","none","standalone_burst","TPL_007_PULSE_004",29.0352714967857,29.6105897123688,0.575318215583067,29.0524196501857,29.5335449231488,0.481125272963105,97,102,6,5,6.9752323855646,"moderate",6,"BQ_020",FALSE,"none","first_to_last_pulse_exposed_spike","PHENO_0034","no_burst_evidence",2.2275108214674,"eligible","S0041",4,0.4,"holdout",11.6141085987143,11.8442358849475,0.230127286233227,11.6209678600743,11.8134179692595,0.192450109185242
"TPL_007","TPL_007_EVENT_006","TPL_007_RUN_012","TPL_007_STATE_004","Burst","none","burst_in_hfs","TPL_007_PULSE_005",32.1924652121529,32.686313506552,0.493848294399058,32.2149488243097,32.6687044896764,0.453755665366693,112,120,9,8,5.52500732603949,"moderate",9,"BQ_074",FALSE,"none","first_to_last_pulse_exposed_spike","PHENO_0035","clear_burst_like",4.35011835277739,"eligible","S0041",4,0.4,"holdout",12.8769860848612,13.0745254026208,0.197539317759623,12.8859795297239,13.0674817958706,0.181502266146677
"TPL_007","TPL_007_EVENT_007","TPL_007_RUN_014","none","Pause","canonical","canonical","none",,,,47.6383758100413,52.4580185519729,4.8196427419316,148,149,2,1,,"none",,"none",FALSE,"none","observed_first_to_last_pause_boundary_spike","none","not_applicable",,"not_applicable","S0041",4,0.4,"holdout",,,,19.0553503240165,20.9832074207892,1.92785709677264
"TPL_007","TPL_007_EVENT_001","TPL_007_RUN_003","TPL_007_STATE_002","Burst","none","burst_in_hfs","TPL_007_PULSE_001",9.72288497337618,10.3772116190982,0.654326645721982,9.79717306181026,10.3405375799923,0.543364518182079,27,34,8,7,4.02220136520918,"weak",8,"BQ_073",FALSE,"none","first_to_last_pulse_exposed_spike","PHENO_0031","clear_burst_like",4.96495883755593,"eligible","S0043",10,1,"holdout",9.72288497337618,10.3772116190982,0.654326645721982,9.79717306181026,10.3405375799923,0.543364518182079
"TPL_007","TPL_007_EVENT_002","TPL_007_RUN_004","none","Burst","none","standalone_burst","TPL_007_PULSE_002",15.4187855504494,15.9649160716679,0.54613052121848,15.4765839401092,15.9316007080004,0.455016767891227,49,55,7,6,11.7020845618099,"strong",7,"BQ_021",FALSE,"none","first_to_last_pulse_exposed_spike","PHENO_0032","ambiguous_burst_like",3.54065392319532,"exclude_primary_include_sensitivity","S0043",10,1,"holdout",15.4187855504494,15.9649160716679,0.54613052121848,15.4765839401092,15.9316007080004,0.455016767891227
"TPL_007","TPL_007_EVENT_003","TPL_007_RUN_007","none","Pause","canonical","canonical","none",,,,24.218980309145,27.1815373525596,2.96255704341456,89,90,2,1,,"none",,"none",FALSE,"none","observed_first_to_last_pause_boundary_spike","none","not_applicable",,"not_applicable","S0043",10,1,"holdout",,,,24.218980309145,27.1815373525596,2.96255704341456
"TPL_007","TPL_007_EVENT_004","TPL_007_RUN_009","none","Burst","none","standalone_burst","TPL_007_PULSE_003",28.0486104602502,28.6573679185608,0.608757458310624,28.0637850327036,28.5489295781626,0.485144545459026,92,96,5,4,5.28048919781577,"weak",5,"BQ_019",FALSE,"none","first_to_last_pulse_exposed_spike","PHENO_0033","no_burst_evidence",2.67314458969713,"eligible","S0043",10,1,"holdout",28.0486104602502,28.6573679185608,0.608757458310624,28.0637850327036,28.5489295781626,0.485144545459026
"TPL_007","TPL_007_EVENT_005","TPL_007_RUN_011","none","Burst","none","standalone_burst","TPL_007_PULSE_004",29.0352714967857,29.6105897123688,0.575318215583067,29.0524196501857,29.5335449231488,0.481125272963105,97,102,6,5,6.9752323855646,"moderate",6,"BQ_020",FALSE,"none","first_to_last_pulse_exposed_spike","PHENO_0034","no_burst_evidence",2.2275108214674,"eligible","S0043",10,1,"holdout",29.0352714967857,29.6105897123688,0.575318215583067,29.0524196501857,29.5335449231488,0.481125272963105
"TPL_007","TPL_007_EVENT_006","TPL_007_RUN_012","TPL_007_STATE_004","Burst","none","burst_in_hfs","TPL_007_PULSE_005",32.1924652121529,32.686313506552,0.493848294399058,32.2149488243097,32.6687044896764,0.453755665366693,112,120,9,8,5.52500732603949,"moderate",9,"BQ_074",FALSE,"none","first_to_last_pulse_exposed_spike","PHENO_0035","clear_burst_like",4.35011835277739,"eligible","S0043",10,1,"holdout",32.1924652121529,32.686313506552,0.493848294399058,32.2149488243097,32.6687044896764,0.453755665366693
"TPL_007","TPL_007_EVENT_007","TPL_007_RUN_014","none","Pause","canonical","canonical","none",,,,47.6383758100413,52.4580185519729,4.8196427419316,148,149,2,1,,"none",,"none",FALSE,"none","observed_first_to_last_pause_boundary_spike","none","not_applicable",,"not_applicable","S0043",10,1,"holdout",,,,47.6383758100413,52.4580185519729,4.8196427419316
"TPL_008","TPL_008_EVENT_001","TPL_008_RUN_002","none","Pause","canonical","canonical","none",,,,5.63749460111961,8.89773013330654,3.26023553218693,14,15,2,1,,"none",,"none",FALSE,"none","observed_first_to_last_pause_boundary_spike","none","not_applicable",,"not_applicable","S0026",1,0.1,"holdout",,,,0.563749460111961,0.889773013330654,0.326023553218693
"TPL_008","TPL_008_EVENT_002","TPL_008_RUN_004","none","Burst","none","standalone_burst","TPL_008_PULSE_001",15.1703994695251,16.0703994695251,0.899999999999999,15.2075470364964,16.0193517976682,0.811804761171807,47,54,8,7,4.37182421982288,"weak",8,"BQ_022",FALSE,"none","first_to_last_pulse_exposed_spike","PHENO_0036","no_burst_evidence",1.29442795599871,"eligible","S0026",1,0.1,"holdout",1.51703994695251,1.60703994695251,0.0899999999999999,1.52075470364964,1.60193517976682,0.0811804761171807
"TPL_008","TPL_008_EVENT_003","TPL_008_RUN_006","none","Burst","none","standalone_burst","TPL_008_PULSE_002",16.9897182539384,17.8897182539384,0.899999999999999,17.0013270931298,17.790707050278,0.789379957148135,55,63,9,8,5.68259882985149,"moderate",9,"BQ_023",FALSE,"none","first_to_last_pulse_exposed_spike","PHENO_0037","no_burst_evidence",1.28687327997117,"eligible","S0026",1,0.1,"holdout",1.69897182539384,1.78897182539384,0.0899999999999999,1.70013270931298,1.7790707050278,0.0789379957148135
"TPL_008","TPL_008_EVENT_004","TPL_008_RUN_008","none","Burst","none","standalone_burst","TPL_008_PULSE_003",18.1886007152407,18.7147654760689,0.526164760828234,18.2767426874164,18.6738787557891,0.397136068372756,64,68,5,4,8.08587645925581,"strong",5,"BQ_024",FALSE,"none","first_to_last_pulse_exposed_spike","PHENO_0038","ambiguous_burst_like",3.95243227090006,"exclude_primary_include_sensitivity","S0026",1,0.1,"holdout",1.81886007152407,1.87147654760689,0.0526164760828234,1.82767426874164,1.86738787557891,0.0397136068372756
"TPL_008","TPL_008_EVENT_005","TPL_008_RUN_010","none","Pause","complex_multi_gap","complex_multi_gap","none",,,,31.3138282502582,36.8301289214333,5.51630067117512,82,84,3,2,,"none",,"none",FALSE,"none","observed_first_to_last_pause_boundary_spike","none","not_applicable",,"not_applicable","S0026",1,0.1,"holdout",,,,3.13138282502582,3.68301289214333,0.551630067117512
"TPL_008","TPL_008_EVENT_006","TPL_008_RUN_012","TPL_008_STATE_004","Burst","none","burst_in_hfs","TPL_008_PULSE_004",41.2755454172624,41.5131006389573,0.237555221694912,41.2997593289651,41.5060509556803,0.206291626715242,98,102,5,4,8.8732983386144,"strong",5,"BQ_075",FALSE,"none","first_to_last_pulse_exposed_spike","PHENO_0039","ambiguous_burst_like",3.6409726849298,"exclude_primary_include_sensitivity","S0026",1,0.1,"holdout",4.12755454172624,4.15131006389573,0.0237555221694912,4.12997593289651,4.15060509556803,0.0206291626715242
"TPL_008","TPL_008_EVENT_007","TPL_008_RUN_013","none","Pause","canonical","canonical","none",,,,45.0639052499068,49.0593287570384,3.99542350713163,119,120,2,1,,"none",,"none",FALSE,"TPL_008_REGIME_01","observed_first_to_last_pause_boundary_spike","none","not_applicable",,"not_applicable","S0026",1,0.1,"holdout",,,,4.50639052499068,4.90593287570384,0.399542350713163
"TPL_008","TPL_008_EVENT_008","TPL_008_RUN_014","TPL_008_STATE_005","Burst","none","burst_in_hfs","TPL_008_PULSE_005",50.9395330979349,51.1359623968046,0.196429298869688,50.9410898432491,51.1077211193539,0.166631276104795,128,131,4,3,6.33444461924955,"moderate",4,"BQ_076",TRUE,"none","first_to_last_pulse_exposed_spike","PHENO_0040","no_burst_evidence",3.11688949703355,"eligible","S0026",1,0.1,"holdout",5.09395330979349,5.11359623968046,0.0196429298869688,5.09410898432491,5.11077211193539,0.0166631276104795
"TPL_008","TPL_008_EVENT_001","TPL_008_RUN_002","none","Pause","canonical","canonical","none",,,,5.63749460111961,8.89773013330654,3.26023553218693,14,15,2,1,,"none",,"none",FALSE,"none","observed_first_to_last_pause_boundary_spike","none","not_applicable",,"not_applicable","S0001",4,0.4,"holdout",,,,2.25499784044784,3.55909205332261,1.30409421287477
"TPL_008","TPL_008_EVENT_002","TPL_008_RUN_004","none","Burst","none","standalone_burst","TPL_008_PULSE_001",15.1703994695251,16.0703994695251,0.899999999999999,15.2075470364964,16.0193517976682,0.811804761171807,47,54,8,7,4.37182421982288,"weak",8,"BQ_022",FALSE,"none","first_to_last_pulse_exposed_spike","PHENO_0036","no_burst_evidence",1.29442795599871,"eligible","S0001",4,0.4,"holdout",6.06815978781005,6.42815978781005,0.359999999999999,6.08301881459857,6.40774071906729,0.324721904468723
"TPL_008","TPL_008_EVENT_003","TPL_008_RUN_006","none","Burst","none","standalone_burst","TPL_008_PULSE_002",16.9897182539384,17.8897182539384,0.899999999999999,17.0013270931298,17.790707050278,0.789379957148135,55,63,9,8,5.68259882985149,"moderate",9,"BQ_023",FALSE,"none","first_to_last_pulse_exposed_spike","PHENO_0037","no_burst_evidence",1.28687327997117,"eligible","S0001",4,0.4,"holdout",6.79588730157535,7.15588730157535,0.359999999999999,6.80053083725193,7.11628282011118,0.315751982859254
"TPL_008","TPL_008_EVENT_004","TPL_008_RUN_008","none","Burst","none","standalone_burst","TPL_008_PULSE_003",18.1886007152407,18.7147654760689,0.526164760828234,18.2767426874164,18.6738787557891,0.397136068372756,64,68,5,4,8.08587645925581,"strong",5,"BQ_024",FALSE,"none","first_to_last_pulse_exposed_spike","PHENO_0038","ambiguous_burst_like",3.95243227090006,"exclude_primary_include_sensitivity","S0001",4,0.4,"holdout",7.27544028609628,7.48590619042757,0.210465904331294,7.31069707496655,7.46955150231565,0.158854427349102
"TPL_008","TPL_008_EVENT_005","TPL_008_RUN_010","none","Pause","complex_multi_gap","complex_multi_gap","none",,,,31.3138282502582,36.8301289214333,5.51630067117512,82,84,3,2,,"none",,"none",FALSE,"none","observed_first_to_last_pause_boundary_spike","none","not_applicable",,"not_applicable","S0001",4,0.4,"holdout",,,,12.5255313001033,14.7320515685733,2.20652026847005
"TPL_008","TPL_008_EVENT_006","TPL_008_RUN_012","TPL_008_STATE_004","Burst","none","burst_in_hfs","TPL_008_PULSE_004",41.2755454172624,41.5131006389573,0.237555221694912,41.2997593289651,41.5060509556803,0.206291626715242,98,102,5,4,8.8732983386144,"strong",5,"BQ_075",FALSE,"none","first_to_last_pulse_exposed_spike","PHENO_0039","ambiguous_burst_like",3.6409726849298,"exclude_primary_include_sensitivity","S0001",4,0.4,"holdout",16.510218166905,16.6052402555829,0.0950220886779647,16.519903731586,16.6024203822721,0.0825166506860967
"TPL_008","TPL_008_EVENT_007","TPL_008_RUN_013","none","Pause","canonical","canonical","none",,,,45.0639052499068,49.0593287570384,3.99542350713163,119,120,2,1,,"none",,"none",FALSE,"TPL_008_REGIME_01","observed_first_to_last_pause_boundary_spike","none","not_applicable",,"not_applicable","S0001",4,0.4,"holdout",,,,18.0255620999627,19.6237315028154,1.59816940285265
"TPL_008","TPL_008_EVENT_008","TPL_008_RUN_014","TPL_008_STATE_005","Burst","none","burst_in_hfs","TPL_008_PULSE_005",50.9395330979349,51.1359623968046,0.196429298869688,50.9410898432491,51.1077211193539,0.166631276104795,128,131,4,3,6.33444461924955,"moderate",4,"BQ_076",TRUE,"none","first_to_last_pulse_exposed_spike","PHENO_0040","no_burst_evidence",3.11688949703355,"eligible","S0001",4,0.4,"holdout",20.375813239174,20.4543849587218,0.0785717195478753,20.3764359372996,20.4430884477416,0.0666525104419179
"TPL_008","TPL_008_EVENT_001","TPL_008_RUN_002","none","Pause","canonical","canonical","none",,,,5.63749460111961,8.89773013330654,3.26023553218693,14,15,2,1,,"none",,"none",FALSE,"none","observed_first_to_last_pause_boundary_spike","none","not_applicable",,"not_applicable","S0054",10,1,"holdout",,,,5.63749460111961,8.89773013330654,3.26023553218693
"TPL_008","TPL_008_EVENT_002","TPL_008_RUN_004","none","Burst","none","standalone_burst","TPL_008_PULSE_001",15.1703994695251,16.0703994695251,0.899999999999999,15.2075470364964,16.0193517976682,0.811804761171807,47,54,8,7,4.37182421982288,"weak",8,"BQ_022",FALSE,"none","first_to_last_pulse_exposed_spike","PHENO_0036","no_burst_evidence",1.29442795599871,"eligible","S0054",10,1,"holdout",15.1703994695251,16.0703994695251,0.899999999999999,15.2075470364964,16.0193517976682,0.811804761171807
"TPL_008","TPL_008_EVENT_003","TPL_008_RUN_006","none","Burst","none","standalone_burst","TPL_008_PULSE_002",16.9897182539384,17.8897182539384,0.899999999999999,17.0013270931298,17.790707050278,0.789379957148135,55,63,9,8,5.68259882985149,"moderate",9,"BQ_023",FALSE,"none","first_to_last_pulse_exposed_spike","PHENO_0037","no_burst_evidence",1.28687327997117,"eligible","S0054",10,1,"holdout",16.9897182539384,17.8897182539384,0.899999999999999,17.0013270931298,17.790707050278,0.789379957148135
"TPL_008","TPL_008_EVENT_004","TPL_008_RUN_008","none","Burst","none","standalone_burst","TPL_008_PULSE_003",18.1886007152407,18.7147654760689,0.526164760828234,18.2767426874164,18.6738787557891,0.397136068372756,64,68,5,4,8.08587645925581,"strong",5,"BQ_024",FALSE,"none","first_to_last_pulse_exposed_spike","PHENO_0038","ambiguous_burst_like",3.95243227090006,"exclude_primary_include_sensitivity","S0054",10,1,"holdout",18.1886007152407,18.7147654760689,0.526164760828234,18.2767426874164,18.6738787557891,0.397136068372756
"TPL_008","TPL_008_EVENT_005","TPL_008_RUN_010","none","Pause","complex_multi_gap","complex_multi_gap","none",,,,31.3138282502582,36.8301289214333,5.51630067117512,82,84,3,2,,"none",,"none",FALSE,"none","observed_first_to_last_pause_boundary_spike","none","not_applicable",,"not_applicable","S0054",10,1,"holdout",,,,31.3138282502582,36.8301289214333,5.51630067117512
"TPL_008","TPL_008_EVENT_006","TPL_008_RUN_012","TPL_008_STATE_004","Burst","none","burst_in_hfs","TPL_008_PULSE_004",41.2755454172624,41.5131006389573,0.237555221694912,41.2997593289651,41.5060509556803,0.206291626715242,98,102,5,4,8.8732983386144,"strong",5,"BQ_075",FALSE,"none","first_to_last_pulse_exposed_spike","PHENO_0039","ambiguous_burst_like",3.6409726849298,"exclude_primary_include_sensitivity","S0054",10,1,"holdout",41.2755454172624,41.5131006389573,0.237555221694912,41.2997593289651,41.5060509556803,0.206291626715242
"TPL_008","TPL_008_EVENT_007","TPL_008_RUN_013","none","Pause","canonical","canonical","none",,,,45.0639052499068,49.0593287570384,3.99542350713163,119,120,2,1,,"none",,"none",FALSE,"TPL_008_REGIME_01","observed_first_to_last_pause_boundary_spike","none","not_applicable",,"not_applicable","S0054",10,1,"holdout",,,,45.0639052499068,49.0593287570384,3.99542350713163
"TPL_008","TPL_008_EVENT_008","TPL_008_RUN_014","TPL_008_STATE_005","Burst","none","burst_in_hfs","TPL_008_PULSE_005",50.9395330979349,51.1359623968046,0.196429298869688,50.9410898432491,51.1077211193539,0.166631276104795,128,131,4,3,6.33444461924955,"moderate",4,"BQ_076",TRUE,"none","first_to_last_pulse_exposed_spike","PHENO_0040","no_burst_evidence",3.11688949703355,"eligible","S0054",10,1,"holdout",50.9395330979349,51.1359623968046,0.196429298869688,50.9410898432491,51.1077211193539,0.166631276104795
"TPL_009","TPL_009_EVENT_001","TPL_009_RUN_001","TPL_009_STATE_001","Burst","none","burst_in_hfs","TPL_009_PULSE_001",2.88429508143345,3.19032039578326,0.306025314349808,2.89716848776243,3.17016205793554,0.272993570173118,12,18,7,6,8.49394763540477,"strong",7,"BQ_078",FALSE,"none","first_to_last_pulse_exposed_spike","PHENO_0041","clear_burst_like",4.40638191248277,"eligible","S0048",1,0.1,"holdout",0.288429508143345,0.319032039578326,0.0306025314349808,0.289716848776243,0.317016205793554,0.0272993570173118
"TPL_009","TPL_009_EVENT_002","TPL_009_RUN_004","none","Pause","canonical","canonical","none",,,,20.0602108986421,23.6087940973999,3.54858319875784,51,52,2,1,,"none",,"none",FALSE,"none","observed_first_to_last_pause_boundary_spike","none","not_applicable",,"not_applicable","S0048",1,0.1,"holdout",,,,2.00602108986421,2.36087940973999,0.354858319875784
"TPL_009","TPL_009_EVENT_003","TPL_009_RUN_006","none","Burst","none","standalone_burst","TPL_009_PULSE_002",24.4504829793675,25.1023169296768,0.651833950309335,24.5400241298297,24.97776346302,0.437739333190336,53,59,7,6,7.72740527591668,"moderate",7,"BQ_026",FALSE,"none","first_to_last_pulse_exposed_spike","PHENO_0042","clear_burst_like",5.02056307749848,"eligible","S0048",1,0.1,"holdout",2.44504829793675,2.51023169296768,0.0651833950309335,2.45400241298297,2.497776346302,0.0437739333190336
"TPL_009","TPL_009_EVENT_004","TPL_009_RUN_008","none","Burst","none","standalone_burst","TPL_009_PULSE_003",30.6985441672279,31.4476684289028,0.749124261674911,30.732943782377,31.4183890644169,0.6854452820399,91,98,8,7,10.4910286720842,"strong",8,"BQ_027",FALSE,"none","first_to_last_pulse_exposed_spike","PHENO_0043","no_burst_evidence",1.5600138407488,"eligible","S0048",1,0.1,"holdout",3.06985441672279,3.14476684289028,0.0749124261674911,3.0732943782377,3.14183890644169,0.06854452820399
"TPL_009","TPL_009_EVENT_005","TPL_009_RUN_010","none","Burst","none","standalone_burst","TPL_009_PULSE_004",32.0054871575252,32.9054871575252,0.899999999999999,32.0427743989786,32.8213263774587,0.778551978480131,99,104,6,5,4.28271595994011,"weak",6,"BQ_025",FALSE,"none","first_to_last_pulse_exposed_spike","PHENO_0044","no_burst_evidence",2.00714014482328,"eligible","S0048",1,0.1,"holdout",3.20054871575252,3.29054871575252,0.0899999999999999,3.20427743989786,3.28213263774587,0.0778551978480131
"TPL_009","TPL_009_EVENT_006","TPL_009_RUN_011","none","Pause","canonical","canonical","none",,,,32.8213263774587,37.5972783115989,4.77595193414017,104,105,2,1,,"none",,"none",FALSE,"none","observed_first_to_last_pause_boundary_spike","none","not_applicable",,"not_applicable","S0048",1,0.1,"holdout",,,,3.28213263774587,3.75972783115989,0.477595193414017
"TPL_009","TPL_009_EVENT_007","TPL_009_RUN_013","TPL_009_STATE_005","Burst","none","burst_in_hfs","TPL_009_PULSE_005",46.3265029554138,46.6388723349717,0.312369379557936,46.3384419125187,46.6192440629159,0.2808021503972,128,133,6,5,4.81560807093047,"weak",6,"BQ_077",FALSE,"none","first_to_last_pulse_exposed_spike","PHENO_0045","no_burst_evidence",3.05639646881921,"eligible","S0048",1,0.1,"holdout",4.63265029554138,4.66388723349717,0.0312369379557936,4.63384419125187,4.66192440629159,0.02808021503972
"TPL_009","TPL_009_EVENT_001","TPL_009_RUN_001","TPL_009_STATE_001","Burst","none","burst_in_hfs","TPL_009_PULSE_001",2.88429508143345,3.19032039578326,0.306025314349808,2.89716848776243,3.17016205793554,0.272993570173118,12,18,7,6,8.49394763540477,"strong",7,"BQ_078",FALSE,"none","first_to_last_pulse_exposed_spike","PHENO_0041","clear_burst_like",4.40638191248277,"eligible","S0039",4,0.4,"holdout",1.15371803257338,1.2761281583133,0.122410125739923,1.15886739510497,1.26806482317422,0.109197428069247
"TPL_009","TPL_009_EVENT_002","TPL_009_RUN_004","none","Pause","canonical","canonical","none",,,,20.0602108986421,23.6087940973999,3.54858319875784,51,52,2,1,,"none",,"none",FALSE,"none","observed_first_to_last_pause_boundary_spike","none","not_applicable",,"not_applicable","S0039",4,0.4,"holdout",,,,8.02408435945683,9.44351763895997,1.41943327950314
"TPL_009","TPL_009_EVENT_003","TPL_009_RUN_006","none","Burst","none","standalone_burst","TPL_009_PULSE_002",24.4504829793675,25.1023169296768,0.651833950309335,24.5400241298297,24.97776346302,0.437739333190336,53,59,7,6,7.72740527591668,"moderate",7,"BQ_026",FALSE,"none","first_to_last_pulse_exposed_spike","PHENO_0042","clear_burst_like",5.02056307749848,"eligible","S0039",4,0.4,"holdout",9.78019319174699,10.0409267718707,0.260733580123734,9.81600965193188,9.99110538520802,0.175095733276135
"TPL_009","TPL_009_EVENT_004","TPL_009_RUN_008","none","Burst","none","standalone_burst","TPL_009_PULSE_003",30.6985441672279,31.4476684289028,0.749124261674911,30.732943782377,31.4183890644169,0.6854452820399,91,98,8,7,10.4910286720842,"strong",8,"BQ_027",FALSE,"none","first_to_last_pulse_exposed_spike","PHENO_0043","no_burst_evidence",1.5600138407488,"eligible","S0039",4,0.4,"holdout",12.2794176668911,12.5790673715611,0.299649704669964,12.2931775129508,12.5673556257668,0.27417811281596
"TPL_009","TPL_009_EVENT_005","TPL_009_RUN_010","none","Burst","none","standalone_burst","TPL_009_PULSE_004",32.0054871575252,32.9054871575252,0.899999999999999,32.0427743989786,32.8213263774587,0.778551978480131,99,104,6,5,4.28271595994011,"weak",6,"BQ_025",FALSE,"none","first_to_last_pulse_exposed_spike","PHENO_0044","no_burst_evidence",2.00714014482328,"eligible","S0039",4,0.4,"holdout",12.8021948630101,13.1621948630101,0.359999999999999,12.8171097595914,13.1285305509835,0.311420791392052
"TPL_009","TPL_009_EVENT_006","TPL_009_RUN_011","none","Pause","canonical","canonical","none",,,,32.8213263774587,37.5972783115989,4.77595193414017,104,105,2,1,,"none",,"none",FALSE,"none","observed_first_to_last_pause_boundary_spike","none","not_applicable",,"not_applicable","S0039",4,0.4,"holdout",,,,13.1285305509835,15.0389113246395,1.91038077365607
"TPL_009","TPL_009_EVENT_007","TPL_009_RUN_013","TPL_009_STATE_005","Burst","none","burst_in_hfs","TPL_009_PULSE_005",46.3265029554138,46.6388723349717,0.312369379557936,46.3384419125187,46.6192440629159,0.2808021503972,128,133,6,5,4.81560807093047,"weak",6,"BQ_077",FALSE,"none","first_to_last_pulse_exposed_spike","PHENO_0045","no_burst_evidence",3.05639646881921,"eligible","S0039",4,0.4,"holdout",18.5306011821655,18.6555489339887,0.124947751823174,18.5353767650075,18.6476976251664,0.11232086015888
"TPL_009","TPL_009_EVENT_001","TPL_009_RUN_001","TPL_009_STATE_001","Burst","none","burst_in_hfs","TPL_009_PULSE_001",2.88429508143345,3.19032039578326,0.306025314349808,2.89716848776243,3.17016205793554,0.272993570173118,12,18,7,6,8.49394763540477,"strong",7,"BQ_078",FALSE,"none","first_to_last_pulse_exposed_spike","PHENO_0041","clear_burst_like",4.40638191248277,"eligible","S0008",10,1,"holdout",2.88429508143345,3.19032039578326,0.306025314349808,2.89716848776243,3.17016205793554,0.272993570173118
"TPL_009","TPL_009_EVENT_002","TPL_009_RUN_004","none","Pause","canonical","canonical","none",,,,20.0602108986421,23.6087940973999,3.54858319875784,51,52,2,1,,"none",,"none",FALSE,"none","observed_first_to_last_pause_boundary_spike","none","not_applicable",,"not_applicable","S0008",10,1,"holdout",,,,20.0602108986421,23.6087940973999,3.54858319875784
"TPL_009","TPL_009_EVENT_003","TPL_009_RUN_006","none","Burst","none","standalone_burst","TPL_009_PULSE_002",24.4504829793675,25.1023169296768,0.651833950309335,24.5400241298297,24.97776346302,0.437739333190336,53,59,7,6,7.72740527591668,"moderate",7,"BQ_026",FALSE,"none","first_to_last_pulse_exposed_spike","PHENO_0042","clear_burst_like",5.02056307749848,"eligible","S0008",10,1,"holdout",24.4504829793675,25.1023169296768,0.651833950309335,24.5400241298297,24.97776346302,0.437739333190336
"TPL_009","TPL_009_EVENT_004","TPL_009_RUN_008","none","Burst","none","standalone_burst","TPL_009_PULSE_003",30.6985441672279,31.4476684289028,0.749124261674911,30.732943782377,31.4183890644169,0.6854452820399,91,98,8,7,10.4910286720842,"strong",8,"BQ_027",FALSE,"none","first_to_last_pulse_exposed_spike","PHENO_0043","no_burst_evidence",1.5600138407488,"eligible","S0008",10,1,"holdout",30.6985441672279,31.4476684289028,0.749124261674911,30.732943782377,31.4183890644169,0.6854452820399
"TPL_009","TPL_009_EVENT_005","TPL_009_RUN_010","none","Burst","none","standalone_burst","TPL_009_PULSE_004",32.0054871575252,32.9054871575252,0.899999999999999,32.0427743989786,32.8213263774587,0.778551978480131,99,104,6,5,4.28271595994011,"weak",6,"BQ_025",FALSE,"none","first_to_last_pulse_exposed_spike","PHENO_0044","no_burst_evidence",2.00714014482328,"eligible","S0008",10,1,"holdout",32.0054871575252,32.9054871575252,0.899999999999999,32.0427743989786,32.8213263774587,0.778551978480131
"TPL_009","TPL_009_EVENT_006","TPL_009_RUN_011","none","Pause","canonical","canonical","none",,,,32.8213263774587,37.5972783115989,4.77595193414017,104,105,2,1,,"none",,"none",FALSE,"none","observed_first_to_last_pause_boundary_spike","none","not_applicable",,"not_applicable","S0008",10,1,"holdout",,,,32.8213263774587,37.5972783115989,4.77595193414017
"TPL_009","TPL_009_EVENT_007","TPL_009_RUN_013","TPL_009_STATE_005","Burst","none","burst_in_hfs","TPL_009_PULSE_005",46.3265029554138,46.6388723349717,0.312369379557936,46.3384419125187,46.6192440629159,0.2808021503972,128,133,6,5,4.81560807093047,"weak",6,"BQ_077",FALSE,"none","first_to_last_pulse_exposed_spike","PHENO_0045","no_burst_evidence",3.05639646881921,"eligible","S0008",10,1,"holdout",46.3265029554138,46.6388723349717,0.312369379557936,46.3384419125187,46.6192440629159,0.2808021503972
"TPL_010","TPL_010_EVENT_001","TPL_010_RUN_002","none","Pause","canonical","canonical","none",,,,7.1913304642795,10.461351320103,3.27002085582353,17,18,2,1,,"none",,"none",FALSE,"none","observed_first_to_last_pause_boundary_spike","none","not_applicable",,"not_applicable","S0036",1,0.1,"holdout",,,,0.71913304642795,1.0461351320103,0.327002085582353
"TPL_010","TPL_010_EVENT_002","TPL_010_RUN_004","none","Burst","none","standalone_burst","TPL_010_PULSE_001",13.6691190967956,14.1213616386001,0.452242541804525,13.6930326708322,14.0570683035794,0.364035632747179,21,24,4,3,5.33038505422883,"weak",4,"BQ_028",TRUE,"none","first_to_last_pulse_exposed_spike","PHENO_0046","no_burst_evidence",3.13485405605056,"eligible","S0036",1,0.1,"holdout",1.36691190967956,1.41213616386001,0.0452242541804525,1.36930326708322,1.40570683035794,0.0364035632747179
"TPL_010","TPL_010_EVENT_003","TPL_010_RUN_006","none","Burst","none","standalone_burst","TPL_010_PULSE_002",14.4893637003396,15.1885980279991,0.699234327659557,14.5486986560692,15.135750481815,0.587051825745736,25,33,9,8,7.7456924628932,"moderate",9,"BQ_029",FALSE,"none","first_to_last_pulse_exposed_spike","PHENO_0047","clear_burst_like",6.15154386621556,"eligible","S0036",1,0.1,"holdout",1.44893637003396,1.51885980279991,0.0699234327659557,1.45486986560692,1.5135750481815,0.0587051825745736
"TPL_010","TPL_010_EVENT_004","TPL_010_RUN_009","none","Pause","complex_multi_gap","complex_multi_gap","none",,,,30.1237727226028,36.9708212052742,6.84704848267138,48,51,4,3,,"none",,"none",FALSE,"none","observed_first_to_last_pause_boundary_spike","none","not_applicable",,"not_applicable","S0036",1,0.1,"holdout",,,,3.01237727226028,3.69708212052742,0.684704848267138
"TPL_010","TPL_010_EVENT_005","TPL_010_RUN_012","none","Burst","none","standalone_burst","TPL_010_PULSE_003",44.9402591423353,45.3621984157116,0.421939273376303,44.9588080332413,45.3495759095543,0.390767876313035,85,89,5,4,11.4240466067567,"strong",5,"BQ_030",FALSE,"none","first_to_last_pulse_exposed_spike","PHENO_0048","no_burst_evidence",1.64752636622679,"eligible","S0036",1,0.1,"holdout",4.49402591423353,4.53621984157116,0.0421939273376303,4.49588080332413,4.53495759095543,0.0390767876313035
"TPL_010","TPL_010_EVENT_006","TPL_010_RUN_013","TPL_010_STATE_004","Burst","none","burst_in_hfs","TPL_010_PULSE_004",47.3188794469882,47.7154589311757,0.396579484187498,47.3453538927823,47.6834422650605,0.338088372278264,97,104,8,7,7.84892067906912,"moderate",8,"BQ_079",FALSE,"none","first_to_last_pulse_exposed_spike","PHENO_0049","clear_burst_like",4.14196742557149,"eligible","S0036",1,0.1,"holdout",4.73188794469882,4.77154589311757,0.0396579484187498,4.73453538927823,4.76834422650605,0.0338088372278264
"TPL_010","TPL_010_EVENT_007","TPL_010_RUN_014","none","Pause","canonical","canonical","none",,,,52.5703985320665,56.1656253186315,3.59522678656504,123,124,2,1,,"none",,"none",FALSE,"TPL_010_REGIME_01","observed_first_to_last_pause_boundary_spike","none","not_applicable",,"not_applicable","S0036",1,0.1,"holdout",,,,5.25703985320665,5.61656253186315,0.359522678656504
"TPL_010","TPL_010_EVENT_008","TPL_010_RUN_015","TPL_010_STATE_005","Burst","none","burst_in_hfs","TPL_010_PULSE_005",57.8290256534845,58.3038468158013,0.474821162316815,57.8734314880973,58.2066994843765,0.333267996279211,133,141,9,8,5.40041908959392,"weak",9,"BQ_080",FALSE,"none","first_to_last_pulse_exposed_spike","PHENO_0050","clear_burst_like",5.38806719367663,"eligible","S0036",1,0.1,"holdout",5.78290256534845,5.83038468158013,0.0474821162316815,5.78734314880973,5.82066994843765,0.0333267996279211
"TPL_010","TPL_010_EVENT_001","TPL_010_RUN_002","none","Pause","canonical","canonical","none",,,,7.1913304642795,10.461351320103,3.27002085582353,17,18,2,1,,"none",,"none",FALSE,"none","observed_first_to_last_pause_boundary_spike","none","not_applicable",,"not_applicable","S0027",4,0.4,"holdout",,,,2.8765321857118,4.18454052804121,1.30800834232941
"TPL_010","TPL_010_EVENT_002","TPL_010_RUN_004","none","Burst","none","standalone_burst","TPL_010_PULSE_001",13.6691190967956,14.1213616386001,0.452242541804525,13.6930326708322,14.0570683035794,0.364035632747179,21,24,4,3,5.33038505422883,"weak",4,"BQ_028",TRUE,"none","first_to_last_pulse_exposed_spike","PHENO_0046","no_burst_evidence",3.13485405605056,"eligible","S0027",4,0.4,"holdout",5.46764763871823,5.64854465544004,0.18089701672181,5.47721306833287,5.62282732143175,0.145614253098871
"TPL_010","TPL_010_EVENT_003","TPL_010_RUN_006","none","Burst","none","standalone_burst","TPL_010_PULSE_002",14.4893637003396,15.1885980279991,0.699234327659557,14.5486986560692,15.135750481815,0.587051825745736,25,33,9,8,7.7456924628932,"moderate",9,"BQ_029",FALSE,"none","first_to_last_pulse_exposed_spike","PHENO_0047","clear_burst_like",6.15154386621556,"eligible","S0027",4,0.4,"holdout",5.79574548013583,6.07543921119966,0.279693731063823,5.81947946242769,6.05430019272599,0.234820730298294
"TPL_010","TPL_010_EVENT_004","TPL_010_RUN_009","none","Pause","complex_multi_gap","complex_multi_gap","none",,,,30.1237727226028,36.9708212052742,6.84704848267138,48,51,4,3,,"none",,"none",FALSE,"none","observed_first_to_last_pause_boundary_spike","none","not_applicable",,"not_applicable","S0027",4,0.4,"holdout",,,,12.0495090890411,14.7883284821097,2.73881939306855
"TPL_010","TPL_010_EVENT_005","TPL_010_RUN_012","none","Burst","none","standalone_burst","TPL_010_PULSE_003",44.9402591423353,45.3621984157116,0.421939273376303,44.9588080332413,45.3495759095543,0.390767876313035,85,89,5,4,11.4240466067567,"strong",5,"BQ_030",FALSE,"none","first_to_last_pulse_exposed_spike","PHENO_0048","no_burst_evidence",1.64752636622679,"eligible","S0027",4,0.4,"holdout",17.9761036569341,18.1448793662846,0.168775709350521,17.9835232132965,18.1398303638217,0.156307150525214
"TPL_010","TPL_010_EVENT_006","TPL_010_RUN_013","TPL_010_STATE_004","Burst","none","burst_in_hfs","TPL_010_PULSE_004",47.3188794469882,47.7154589311757,0.396579484187498,47.3453538927823,47.6834422650605,0.338088372278264,97,104,8,7,7.84892067906912,"moderate",8,"BQ_079",FALSE,"none","first_to_last_pulse_exposed_spike","PHENO_0049","clear_burst_like",4.14196742557149,"eligible","S0027",4,0.4,"holdout",18.9275517787953,19.0861835724703,0.158631793674999,18.9381415571129,19.0733769060242,0.135235348911306
"TPL_010","TPL_010_EVENT_007","TPL_010_RUN_014","none","Pause","canonical","canonical","none",,,,52.5703985320665,56.1656253186315,3.59522678656504,123,124,2,1,,"none",,"none",FALSE,"TPL_010_REGIME_01","observed_first_to_last_pause_boundary_spike","none","not_applicable",,"not_applicable","S0027",4,0.4,"holdout",,,,21.0281594128266,22.4662501274526,1.43809071462601
"TPL_010","TPL_010_EVENT_008","TPL_010_RUN_015","TPL_010_STATE_005","Burst","none","burst_in_hfs","TPL_010_PULSE_005",57.8290256534845,58.3038468158013,0.474821162316815,57.8734314880973,58.2066994843765,0.333267996279211,133,141,9,8,5.40041908959392,"weak",9,"BQ_080",FALSE,"none","first_to_last_pulse_exposed_spike","PHENO_0050","clear_burst_like",5.38806719367663,"eligible","S0027",4,0.4,"holdout",23.1316102613938,23.3215387263205,0.189928464926726,23.1493725952389,23.2826797937506,0.133307198511685
"TPL_010","TPL_010_EVENT_001","TPL_010_RUN_002","none","Pause","canonical","canonical","none",,,,7.1913304642795,10.461351320103,3.27002085582353,17,18,2,1,,"none",,"none",FALSE,"none","observed_first_to_last_pause_boundary_spike","none","not_applicable",,"not_applicable","S0002",10,1,"holdout",,,,7.1913304642795,10.461351320103,3.27002085582353
"TPL_010","TPL_010_EVENT_002","TPL_010_RUN_004","none","Burst","none","standalone_burst","TPL_010_PULSE_001",13.6691190967956,14.1213616386001,0.452242541804525,13.6930326708322,14.0570683035794,0.364035632747179,21,24,4,3,5.33038505422883,"weak",4,"BQ_028",TRUE,"none","first_to_last_pulse_exposed_spike","PHENO_0046","no_burst_evidence",3.13485405605056,"eligible","S0002",10,1,"holdout",13.6691190967956,14.1213616386001,0.452242541804525,13.6930326708322,14.0570683035794,0.364035632747179
"TPL_010","TPL_010_EVENT_003","TPL_010_RUN_006","none","Burst","none","standalone_burst","TPL_010_PULSE_002",14.4893637003396,15.1885980279991,0.699234327659557,14.5486986560692,15.135750481815,0.587051825745736,25,33,9,8,7.7456924628932,"moderate",9,"BQ_029",FALSE,"none","first_to_last_pulse_exposed_spike","PHENO_0047","clear_burst_like",6.15154386621556,"eligible","S0002",10,1,"holdout",14.4893637003396,15.1885980279991,0.699234327659557,14.5486986560692,15.135750481815,0.587051825745736
"TPL_010","TPL_010_EVENT_004","TPL_010_RUN_009","none","Pause","complex_multi_gap","complex_multi_gap","none",,,,30.1237727226028,36.9708212052742,6.84704848267138,48,51,4,3,,"none",,"none",FALSE,"none","observed_first_to_last_pause_boundary_spike","none","not_applicable",,"not_applicable","S0002",10,1,"holdout",,,,30.1237727226028,36.9708212052742,6.84704848267138
"TPL_010","TPL_010_EVENT_005","TPL_010_RUN_012","none","Burst","none","standalone_burst","TPL_010_PULSE_003",44.9402591423353,45.3621984157116,0.421939273376303,44.9588080332413,45.3495759095543,0.390767876313035,85,89,5,4,11.4240466067567,"strong",5,"BQ_030",FALSE,"none","first_to_last_pulse_exposed_spike","PHENO_0048","no_burst_evidence",1.64752636622679,"eligible","S0002",10,1,"holdout",44.9402591423353,45.3621984157116,0.421939273376303,44.9588080332413,45.3495759095543,0.390767876313035
"TPL_010","TPL_010_EVENT_006","TPL_010_RUN_013","TPL_010_STATE_004","Burst","none","burst_in_hfs","TPL_010_PULSE_004",47.3188794469882,47.7154589311757,0.396579484187498,47.3453538927823,47.6834422650605,0.338088372278264,97,104,8,7,7.84892067906912,"moderate",8,"BQ_079",FALSE,"none","first_to_last_pulse_exposed_spike","PHENO_0049","clear_burst_like",4.14196742557149,"eligible","S0002",10,1,"holdout",47.3188794469882,47.7154589311757,0.396579484187498,47.3453538927823,47.6834422650605,0.338088372278264
"TPL_010","TPL_010_EVENT_007","TPL_010_RUN_014","none","Pause","canonical","canonical","none",,,,52.5703985320665,56.1656253186315,3.59522678656504,123,124,2,1,,"none",,"none",FALSE,"TPL_010_REGIME_01","observed_first_to_last_pause_boundary_spike","none","not_applicable",,"not_applicable","S0002",10,1,"holdout",,,,52.5703985320665,56.1656253186315,3.59522678656504
"TPL_010","TPL_010_EVENT_008","TPL_010_RUN_015","TPL_010_STATE_005","Burst","none","burst_in_hfs","TPL_010_PULSE_005",57.8290256534845,58.3038468158013,0.474821162316815,57.8734314880973,58.2066994843765,0.333267996279211,133,141,9,8,5.40041908959392,"weak",9,"BQ_080",FALSE,"none","first_to_last_pulse_exposed_spike","PHENO_0050","clear_burst_like",5.38806719367663,"eligible","S0002",10,1,"holdout",57.8290256534845,58.3038468158013,0.474821162316815,57.8734314880973,58.2066994843765,0.333267996279211
"TPL_011","TPL_011_EVENT_001","TPL_011_RUN_001","none","Pause","canonical","canonical","none",,,,0,4.22007746221498,4.22007746221498,1,2,2,1,,"none",,"none",FALSE,"none","observed_first_to_last_pause_boundary_spike","none","not_applicable",,"not_applicable","S0050",1,0.1,"holdout",,,,0,0.422007746221498,0.422007746221498
"TPL_011","TPL_011_EVENT_002","TPL_011_RUN_002","TPL_011_STATE_001","Burst","none","burst_in_hfs","TPL_011_PULSE_001",6.6107030159238,6.85694072142713,0.246237705503334,6.61811803003852,6.8340631730981,0.215945143059583,15,19,5,4,7.3410812667571,"moderate",5,"BQ_081",FALSE,"none","first_to_last_pulse_exposed_spike","PHENO_0051","no_burst_evidence",2.02425450246946,"eligible","S0050",1,0.1,"holdout",0.66107030159238,0.685694072142713,0.0246237705503334,0.661811803003852,0.68340631730981,0.0215945143059583
"TPL_011","TPL_011_EVENT_003","TPL_011_RUN_004","TPL_011_STATE_002","Burst","none","burst_in_hfs","TPL_011_PULSE_002",13.8788815925432,14.243287474734,0.364405882190798,13.9172185873412,14.2390752711315,0.321856683790287,51,56,6,5,5.16952896257862,"weak",6,"BQ_082",FALSE,"none","first_to_last_pulse_exposed_spike","PHENO_0052","no_burst_evidence",2.94965309900902,"eligible","S0050",1,0.1,"holdout",1.38788815925432,1.4243287474734,0.0364405882190798,1.39172185873412,1.42390752711315,0.0321856683790287
"TPL_011","TPL_011_EVENT_004","TPL_011_RUN_006","none","Pause","canonical","canonical","none",,,,34.5974576146969,37.6828628748817,3.08540526018478,86,87,2,1,,"none",,"none",FALSE,"none","observed_first_to_last_pause_boundary_spike","none","not_applicable",,"not_applicable","S0050",1,0.1,"holdout",,,,3.45974576146969,3.76828628748817,0.308540526018478
"TPL_011","TPL_011_EVENT_005","TPL_011_RUN_008","none","Burst","none","standalone_burst","TPL_011_PULSE_003",38.2491443079737,39.1491443079737,0.899999999999999,38.3219470400968,39.0511403040752,0.729193263978424,88,93,6,5,4.20837444986682,"weak",6,"BQ_031",FALSE,"none","first_to_last_pulse_exposed_spike","PHENO_0053","ambiguous_burst_like",3.45308169070666,"exclude_primary_include_sensitivity","S0050",1,0.1,"holdout",3.82491443079737,3.91491443079737,0.0899999999999999,3.83219470400968,3.90511403040752,0.0729193263978424
"TPL_011","TPL_011_EVENT_006","TPL_011_RUN_011","none","Burst","none","standalone_burst","TPL_011_PULSE_004",49.9167837260263,50.6254058779814,0.708622151955097,50.0312105078204,50.5638154814049,0.532604973584498,133,139,7,6,6.21765029395465,"moderate",7,"BQ_032",FALSE,"none","first_to_last_pulse_exposed_spike","PHENO_0054","ambiguous_burst_like",3.86635591761555,"exclude_primary_include_sensitivity","S0050",1,0.1,"holdout",4.99167837260263,5.06254058779814,0.0708622151955098,5.00312105078204,5.05638154814049,0.0532604973584498
"TPL_011","TPL_011_EVENT_007","TPL_011_RUN_013","none","Burst","none","standalone_burst","TPL_011_PULSE_005",51.0408643844565,51.6506818538206,0.60981746936411,51.0804877528484,51.5771671090267,0.496679356178269,140,147,8,7,9.80405865609646,"strong",8,"BQ_033",FALSE,"none","first_to_last_pulse_exposed_spike","PHENO_0055","no_burst_evidence",1.14651720017005,"eligible","S0050",1,0.1,"holdout",5.10408643844565,5.16506818538206,0.060981746936411,5.10804877528484,5.15771671090267,0.0496679356178269
"TPL_011","TPL_011_EVENT_001","TPL_011_RUN_001","none","Pause","canonical","canonical","none",,,,0,4.22007746221498,4.22007746221498,1,2,2,1,,"none",,"none",FALSE,"none","observed_first_to_last_pause_boundary_spike","none","not_applicable",,"not_applicable","S0034",4,0.4,"holdout",,,,0,1.68803098488599,1.68803098488599
"TPL_011","TPL_011_EVENT_002","TPL_011_RUN_002","TPL_011_STATE_001","Burst","none","burst_in_hfs","TPL_011_PULSE_001",6.6107030159238,6.85694072142713,0.246237705503334,6.61811803003852,6.8340631730981,0.215945143059583,15,19,5,4,7.3410812667571,"moderate",5,"BQ_081",FALSE,"none","first_to_last_pulse_exposed_spike","PHENO_0051","no_burst_evidence",2.02425450246946,"eligible","S0034",4,0.4,"holdout",2.64428120636952,2.74277628857085,0.0984950822013335,2.64724721201541,2.73362526923924,0.0863780572238333
"TPL_011","TPL_011_EVENT_003","TPL_011_RUN_004","TPL_011_STATE_002","Burst","none","burst_in_hfs","TPL_011_PULSE_002",13.8788815925432,14.243287474734,0.364405882190798,13.9172185873412,14.2390752711315,0.321856683790287,51,56,6,5,5.16952896257862,"weak",6,"BQ_082",FALSE,"none","first_to_last_pulse_exposed_spike","PHENO_0052","no_burst_evidence",2.94965309900902,"eligible","S0034",4,0.4,"holdout",5.55155263701729,5.69731498989361,0.145762352876319,5.56688743493648,5.6956301084526,0.128742673516115
"TPL_011","TPL_011_EVENT_004","TPL_011_RUN_006","none","Pause","canonical","canonical","none",,,,34.5974576146969,37.6828628748817,3.08540526018478,86,87,2,1,,"none",,"none",FALSE,"none","observed_first_to_last_pause_boundary_spike","none","not_applicable",,"not_applicable","S0034",4,0.4,"holdout",,,,13.8389830458788,15.0731451499527,1.23416210407391
"TPL_011","TPL_011_EVENT_005","TPL_011_RUN_008","none","Burst","none","standalone_burst","TPL_011_PULSE_003",38.2491443079737,39.1491443079737,0.899999999999999,38.3219470400968,39.0511403040752,0.729193263978424,88,93,6,5,4.20837444986682,"weak",6,"BQ_031",FALSE,"none","first_to_last_pulse_exposed_spike","PHENO_0053","ambiguous_burst_like",3.45308169070666,"exclude_primary_include_sensitivity","S0034",4,0.4,"holdout",15.2996577231895,15.6596577231895,0.359999999999999,15.3287788160387,15.6204561216301,0.291677305591369
"TPL_011","TPL_011_EVENT_006","TPL_011_RUN_011","none","Burst","none","standalone_burst","TPL_011_PULSE_004",49.9167837260263,50.6254058779814,0.708622151955097,50.0312105078204,50.5638154814049,0.532604973584498,133,139,7,6,6.21765029395465,"moderate",7,"BQ_032",FALSE,"none","first_to_last_pulse_exposed_spike","PHENO_0054","ambiguous_burst_like",3.86635591761555,"exclude_primary_include_sensitivity","S0034",4,0.4,"holdout",19.9667134904105,20.2501623511926,0.283448860782039,20.0124842031281,20.2255261925619,0.213041989433799
"TPL_011","TPL_011_EVENT_007","TPL_011_RUN_013","none","Burst","none","standalone_burst","TPL_011_PULSE_005",51.0408643844565,51.6506818538206,0.60981746936411,51.0804877528484,51.5771671090267,0.496679356178269,140,147,8,7,9.80405865609646,"strong",8,"BQ_033",FALSE,"none","first_to_last_pulse_exposed_spike","PHENO_0055","no_burst_evidence",1.14651720017005,"eligible","S0034",4,0.4,"holdout",20.4163457537826,20.6602727415282,0.243926987745644,20.4321951011394,20.6308668436107,0.198671742471308
"TPL_011","TPL_011_EVENT_001","TPL_011_RUN_001","none","Pause","canonical","canonical","none",,,,0,4.22007746221498,4.22007746221498,1,2,2,1,,"none",,"none",FALSE,"none","observed_first_to_last_pause_boundary_spike","none","not_applicable",,"not_applicable","S0046",10,1,"holdout",,,,0,4.22007746221498,4.22007746221498
"TPL_011","TPL_011_EVENT_002","TPL_011_RUN_002","TPL_011_STATE_001","Burst","none","burst_in_hfs","TPL_011_PULSE_001",6.6107030159238,6.85694072142713,0.246237705503334,6.61811803003852,6.8340631730981,0.215945143059583,15,19,5,4,7.3410812667571,"moderate",5,"BQ_081",FALSE,"none","first_to_last_pulse_exposed_spike","PHENO_0051","no_burst_evidence",2.02425450246946,"eligible","S0046",10,1,"holdout",6.6107030159238,6.85694072142713,0.246237705503334,6.61811803003852,6.8340631730981,0.215945143059583
"TPL_011","TPL_011_EVENT_003","TPL_011_RUN_004","TPL_011_STATE_002","Burst","none","burst_in_hfs","TPL_011_PULSE_002",13.8788815925432,14.243287474734,0.364405882190798,13.9172185873412,14.2390752711315,0.321856683790287,51,56,6,5,5.16952896257862,"weak",6,"BQ_082",FALSE,"none","first_to_last_pulse_exposed_spike","PHENO_0052","no_burst_evidence",2.94965309900902,"eligible","S0046",10,1,"holdout",13.8788815925432,14.243287474734,0.364405882190798,13.9172185873412,14.2390752711315,0.321856683790287
"TPL_011","TPL_011_EVENT_004","TPL_011_RUN_006","none","Pause","canonical","canonical","none",,,,34.5974576146969,37.6828628748817,3.08540526018478,86,87,2,1,,"none",,"none",FALSE,"none","observed_first_to_last_pause_boundary_spike","none","not_applicable",,"not_applicable","S0046",10,1,"holdout",,,,34.5974576146969,37.6828628748817,3.08540526018478
"TPL_011","TPL_011_EVENT_005","TPL_011_RUN_008","none","Burst","none","standalone_burst","TPL_011_PULSE_003",38.2491443079737,39.1491443079737,0.899999999999999,38.3219470400968,39.0511403040752,0.729193263978424,88,93,6,5,4.20837444986682,"weak",6,"BQ_031",FALSE,"none","first_to_last_pulse_exposed_spike","PHENO_0053","ambiguous_burst_like",3.45308169070666,"exclude_primary_include_sensitivity","S0046",10,1,"holdout",38.2491443079737,39.1491443079737,0.899999999999999,38.3219470400968,39.0511403040752,0.729193263978424
"TPL_011","TPL_011_EVENT_006","TPL_011_RUN_011","none","Burst","none","standalone_burst","TPL_011_PULSE_004",49.9167837260263,50.6254058779814,0.708622151955097,50.0312105078204,50.5638154814049,0.532604973584498,133,139,7,6,6.21765029395465,"moderate",7,"BQ_032",FALSE,"none","first_to_last_pulse_exposed_spike","PHENO_0054","ambiguous_burst_like",3.86635591761555,"exclude_primary_include_sensitivity","S0046",10,1,"holdout",49.9167837260263,50.6254058779814,0.708622151955097,50.0312105078204,50.5638154814049,0.532604973584498
"TPL_011","TPL_011_EVENT_007","TPL_011_RUN_013","none","Burst","none","standalone_burst","TPL_011_PULSE_005",51.0408643844565,51.6506818538206,0.60981746936411,51.0804877528484,51.5771671090267,0.496679356178269,140,147,8,7,9.80405865609646,"strong",8,"BQ_033",FALSE,"none","first_to_last_pulse_exposed_spike","PHENO_0055","no_burst_evidence",1.14651720017005,"eligible","S0046",10,1,"holdout",51.0408643844565,51.6506818538206,0.60981746936411,51.0804877528484,51.5771671090267,0.496679356178269
"TPL_012","TPL_012_EVENT_001","TPL_012_RUN_002","none","Pause","complex_multi_gap","complex_multi_gap","none",,,,12.2075830892282,17.8385075580883,5.63092446886003,15,17,3,2,,"none",,"none",FALSE,"none","observed_first_to_last_pause_boundary_spike","none","not_applicable",,"not_applicable","S0016",1,0.1,"holdout",,,,1.22075830892282,1.78385075580883,0.563092446886003
"TPL_012","TPL_012_EVENT_002","TPL_012_RUN_004","none","Pause","canonical","canonical","none",,,,23.7587707264146,27.3466440468824,3.58787332046777,32,33,2,1,,"none",,"none",FALSE,"none","observed_first_to_last_pause_boundary_spike","none","not_applicable",,"not_applicable","S0016",1,0.1,"holdout",,,,2.37587707264146,2.73466440468824,0.358787332046777
"TPL_012","TPL_012_EVENT_003","TPL_012_RUN_006","none","Burst","none","standalone_burst","TPL_012_PULSE_001",33.5787947285693,34.1136403869635,0.534845658394183,33.6497405200556,34.0582207459214,0.408480225865837,61,65,5,4,7.73170317593031,"moderate",5,"BQ_035",FALSE,"none","first_to_last_pulse_exposed_spike","PHENO_0056","no_burst_evidence",2.09297776849544,"eligible","S0016",1,0.1,"holdout",3.35787947285693,3.41136403869635,0.0534845658394183,3.36497405200556,3.40582207459214,0.0408480225865837
"TPL_012","TPL_012_EVENT_004","TPL_012_RUN_008","TPL_012_STATE_004","Burst","none","burst_in_hfs","TPL_012_PULSE_002",38.4527991712984,38.8122976239598,0.359498452661363,38.5013126467634,38.7750836682564,0.273771021492976,83,89,7,6,5.85635628155433,"moderate",7,"BQ_083",FALSE,"none","first_to_last_pulse_exposed_spike","PHENO_0057","clear_burst_like",4.3681034318721,"eligible","S0016",1,0.1,"holdout",3.84527991712984,3.88122976239598,0.0359498452661363,3.85013126467634,3.87750836682564,0.0273771021492976
"TPL_012","TPL_012_EVENT_005","TPL_012_RUN_009","none","Pause","canonical","canonical","none",,,,41.3569886448616,44.2377716485233,2.88078300366178,99,100,2,1,,"none",,"none",FALSE,"TPL_012_REGIME_01","observed_first_to_last_pause_boundary_spike","none","not_applicable",,"not_applicable","S0016",1,0.1,"holdout",,,,4.13569886448616,4.42377716485233,0.288078300366178
"TPL_012","TPL_012_EVENT_006","TPL_012_RUN_010","TPL_012_STATE_005","Burst","none","burst_in_hfs","TPL_012_PULSE_003",47.4722910518106,47.6196500328921,0.14735898108151,47.4821296652172,47.6112360087785,0.129106343561354,114,117,4,3,10.6432973714545,"strong",4,"BQ_084",TRUE,"none","first_to_last_pulse_exposed_spike","PHENO_0058","no_burst_evidence",2.55867891584979,"eligible","S0016",1,0.1,"holdout",4.74722910518106,4.76196500328921,0.014735898108151,4.74821296652172,4.76112360087785,0.0129106343561354
"TPL_012","TPL_012_EVENT_007","TPL_012_RUN_012","none","Burst","none","standalone_burst","TPL_012_PULSE_004",52.2893043046349,52.6576559313201,0.368351626685232,52.3033130561695,52.6470079168816,0.343694860712027,136,141,6,5,9.03589855693281,"strong",6,"BQ_036",FALSE,"none","first_to_last_pulse_exposed_spike","PHENO_0059","no_burst_evidence",2.2725386776323,"eligible","S0016",1,0.1,"holdout",5.22893043046349,5.26576559313201,0.0368351626685232,5.23033130561695,5.26470079168816,0.0343694860712027
"TPL_012","TPL_012_EVENT_008","TPL_012_RUN_014","none","Burst","none","standalone_burst","TPL_012_PULSE_005",53.07506051209,53.97506051209,0.900000000000006,53.1329629804612,53.9041162313044,0.77115325084322,142,150,9,8,4.73792529571801,"weak",9,"BQ_034",FALSE,"none","first_to_last_pulse_exposed_spike","PHENO_0060","no_burst_evidence",-0.689628519455498,"eligible","S0016",1,0.1,"holdout",5.307506051209,5.397506051209,0.0900000000000006,5.31329629804612,5.39041162313044,0.077115325084322
"TPL_012","TPL_012_EVENT_001","TPL_012_RUN_002","none","Pause","complex_multi_gap","complex_multi_gap","none",,,,12.2075830892282,17.8385075580883,5.63092446886003,15,17,3,2,,"none",,"none",FALSE,"none","observed_first_to_last_pause_boundary_spike","none","not_applicable",,"not_applicable","S0031",4,0.4,"holdout",,,,4.8830332356913,7.13540302323531,2.25236978754401
"TPL_012","TPL_012_EVENT_002","TPL_012_RUN_004","none","Pause","canonical","canonical","none",,,,23.7587707264146,27.3466440468824,3.58787332046777,32,33,2,1,,"none",,"none",FALSE,"none","observed_first_to_last_pause_boundary_spike","none","not_applicable",,"not_applicable","S0031",4,0.4,"holdout",,,,9.50350829056583,10.9386576187529,1.43514932818711
"TPL_012","TPL_012_EVENT_003","TPL_012_RUN_006","none","Burst","none","standalone_burst","TPL_012_PULSE_001",33.5787947285693,34.1136403869635,0.534845658394183,33.6497405200556,34.0582207459214,0.408480225865837,61,65,5,4,7.73170317593031,"moderate",5,"BQ_035",FALSE,"none","first_to_last_pulse_exposed_spike","PHENO_0056","no_burst_evidence",2.09297776849544,"eligible","S0031",4,0.4,"holdout",13.4315178914277,13.6454561547854,0.213938263357673,13.4598962080222,13.6232882983686,0.163392090346335
"TPL_012","TPL_012_EVENT_004","TPL_012_RUN_008","TPL_012_STATE_004","Burst","none","burst_in_hfs","TPL_012_PULSE_002",38.4527991712984,38.8122976239598,0.359498452661363,38.5013126467634,38.7750836682564,0.273771021492976,83,89,7,6,5.85635628155433,"moderate",7,"BQ_083",FALSE,"none","first_to_last_pulse_exposed_spike","PHENO_0057","clear_burst_like",4.3681034318721,"eligible","S0031",4,0.4,"holdout",15.3811196685194,15.5249190495839,0.143799381064545,15.4005250587054,15.5100334673026,0.109508408597191
"TPL_012","TPL_012_EVENT_005","TPL_012_RUN_009","none","Pause","canonical","canonical","none",,,,41.3569886448616,44.2377716485233,2.88078300366178,99,100,2,1,,"none",,"none",FALSE,"TPL_012_REGIME_01","observed_first_to_last_pause_boundary_spike","none","not_applicable",,"not_applicable","S0031",4,0.4,"holdout",,,,16.5427954579446,17.6951086594093,1.15231320146471
"TPL_012","TPL_012_EVENT_006","TPL_012_RUN_010","TPL_012_STATE_005","Burst","none","burst_in_hfs","TPL_012_PULSE_003",47.4722910518106,47.6196500328921,0.14735898108151,47.4821296652172,47.6112360087785,0.129106343561354,114,117,4,3,10.6432973714545,"strong",4,"BQ_084",TRUE,"none","first_to_last_pulse_exposed_spike","PHENO_0058","no_burst_evidence",2.55867891584979,"eligible","S0031",4,0.4,"holdout",18.9889164207242,19.0478600131568,0.058943592432604,18.9928518660869,19.0444944035114,0.0516425374245415
"TPL_012","TPL_012_EVENT_007","TPL_012_RUN_012","none","Burst","none","standalone_burst","TPL_012_PULSE_004",52.2893043046349,52.6576559313201,0.368351626685232,52.3033130561695,52.6470079168816,0.343694860712027,136,141,6,5,9.03589855693281,"strong",6,"BQ_036",FALSE,"none","first_to_last_pulse_exposed_spike","PHENO_0059","no_burst_evidence",2.2725386776323,"eligible","S0031",4,0.4,"holdout",20.915721721854,21.063062372528,0.147340650674093,20.9213252224678,21.0588031667526,0.137477944284811
"TPL_012","TPL_012_EVENT_008","TPL_012_RUN_014","none","Burst","none","standalone_burst","TPL_012_PULSE_005",53.07506051209,53.97506051209,0.900000000000006,53.1329629804612,53.9041162313044,0.77115325084322,142,150,9,8,4.73792529571801,"weak",9,"BQ_034",FALSE,"none","first_to_last_pulse_exposed_spike","PHENO_0060","no_burst_evidence",-0.689628519455498,"eligible","S0031",4,0.4,"holdout",21.230024204836,21.590024204836,0.360000000000002,21.2531851921845,21.5616464925218,0.308461300337288
"TPL_012","TPL_012_EVENT_001","TPL_012_RUN_002","none","Pause","complex_multi_gap","complex_multi_gap","none",,,,12.2075830892282,17.8385075580883,5.63092446886003,15,17,3,2,,"none",,"none",FALSE,"none","observed_first_to_last_pause_boundary_spike","none","not_applicable",,"not_applicable","S0057",10,1,"holdout",,,,12.2075830892282,17.8385075580883,5.63092446886003
"TPL_012","TPL_012_EVENT_002","TPL_012_RUN_004","none","Pause","canonical","canonical","none",,,,23.7587707264146,27.3466440468824,3.58787332046777,32,33,2,1,,"none",,"none",FALSE,"none","observed_first_to_last_pause_boundary_spike","none","not_applicable",,"not_applicable","S0057",10,1,"holdout",,,,23.7587707264146,27.3466440468824,3.58787332046777
"TPL_012","TPL_012_EVENT_003","TPL_012_RUN_006","none","Burst","none","standalone_burst","TPL_012_PULSE_001",33.5787947285693,34.1136403869635,0.534845658394183,33.6497405200556,34.0582207459214,0.408480225865837,61,65,5,4,7.73170317593031,"moderate",5,"BQ_035",FALSE,"none","first_to_last_pulse_exposed_spike","PHENO_0056","no_burst_evidence",2.09297776849544,"eligible","S0057",10,1,"holdout",33.5787947285693,34.1136403869635,0.534845658394183,33.6497405200556,34.0582207459214,0.408480225865837
"TPL_012","TPL_012_EVENT_004","TPL_012_RUN_008","TPL_012_STATE_004","Burst","none","burst_in_hfs","TPL_012_PULSE_002",38.4527991712984,38.8122976239598,0.359498452661363,38.5013126467634,38.7750836682564,0.273771021492976,83,89,7,6,5.85635628155433,"moderate",7,"BQ_083",FALSE,"none","first_to_last_pulse_exposed_spike","PHENO_0057","clear_burst_like",4.3681034318721,"eligible","S0057",10,1,"holdout",38.4527991712984,38.8122976239598,0.359498452661363,38.5013126467634,38.7750836682564,0.273771021492976
"TPL_012","TPL_012_EVENT_005","TPL_012_RUN_009","none","Pause","canonical","canonical","none",,,,41.3569886448616,44.2377716485233,2.88078300366178,99,100,2,1,,"none",,"none",FALSE,"TPL_012_REGIME_01","observed_first_to_last_pause_boundary_spike","none","not_applicable",,"not_applicable","S0057",10,1,"holdout",,,,41.3569886448616,44.2377716485233,2.88078300366178
"TPL_012","TPL_012_EVENT_006","TPL_012_RUN_010","TPL_012_STATE_005","Burst","none","burst_in_hfs","TPL_012_PULSE_003",47.4722910518106,47.6196500328921,0.14735898108151,47.4821296652172,47.6112360087785,0.129106343561354,114,117,4,3,10.6432973714545,"strong",4,"BQ_084",TRUE,"none","first_to_last_pulse_exposed_spike","PHENO_0058","no_burst_evidence",2.55867891584979,"eligible","S0057",10,1,"holdout",47.4722910518106,47.6196500328921,0.14735898108151,47.4821296652172,47.6112360087785,0.129106343561354
"TPL_012","TPL_012_EVENT_007","TPL_012_RUN_012","none","Burst","none","standalone_burst","TPL_012_PULSE_004",52.2893043046349,52.6576559313201,0.368351626685232,52.3033130561695,52.6470079168816,0.343694860712027,136,141,6,5,9.03589855693281,"strong",6,"BQ_036",FALSE,"none","first_to_last_pulse_exposed_spike","PHENO_0059","no_burst_evidence",2.2725386776323,"eligible","S0057",10,1,"holdout",52.2893043046349,52.6576559313201,0.368351626685232,52.3033130561695,52.6470079168816,0.343694860712027
"TPL_012","TPL_012_EVENT_008","TPL_012_RUN_014","none","Burst","none","standalone_burst","TPL_012_PULSE_005",53.07506051209,53.97506051209,0.900000000000006,53.1329629804612,53.9041162313044,0.77115325084322,142,150,9,8,4.73792529571801,"weak",9,"BQ_034",FALSE,"none","first_to_last_pulse_exposed_spike","PHENO_0060","no_burst_evidence",-0.689628519455498,"eligible","S0057",10,1,"holdout",53.07506051209,53.97506051209,0.900000000000006,53.1329629804612,53.9041162313044,0.77115325084322
"TPL_013","TPL_013_EVENT_001","TPL_013_RUN_001","none","Burst","none","standalone_burst","TPL_013_PULSE_001",-0.063248600563811,0.836751399436189,0.9,0,0.689316184315184,0.689316184315184,1,7,7,6,5.20830588357057,"weak",7,"BQ_037",FALSE,"none","first_to_last_pulse_exposed_spike","PHENO_0061","no_burst_evidence",-0.740422248452139,"eligible","S0012",1,0.1,"holdout",-0.0063248600563811,0.0836751399436189,0.09,0,0.0689316184315184,0.0689316184315184
"TPL_013","TPL_013_EVENT_002","TPL_013_RUN_003","none","Burst","none","standalone_burst","TPL_013_PULSE_002",1.16475998829901,2.06475998829901,0.9,1.27688708385388,1.96616684319683,0.689279759342946,8,15,8,7,7.00369359413162,"moderate",8,"BQ_038",FALSE,"none","first_to_last_pulse_exposed_spike","PHENO_0062","clear_burst_like",5.64506110228926,"eligible","S0012",1,0.1,"holdout",0.116475998829901,0.206475998829901,0.09,0.127688708385388,0.196616684319683,0.0689279759342946
"TPL_013","TPL_013_EVENT_003","TPL_013_RUN_005","none","Pause","canonical","canonical","none",,,,12.7098232698084,16.3371094058191,3.62728613601066,27,28,2,1,,"none",,"none",FALSE,"none","observed_first_to_last_pause_boundary_spike","none","not_applicable",,"not_applicable","S0012",1,0.1,"holdout",,,,1.27098232698084,1.63371094058191,0.362728613601066
"TPL_013","TPL_013_EVENT_004","TPL_013_RUN_006","TPL_013_STATE_002","Burst","none","burst_in_hfs","TPL_013_PULSE_003",19.1409212586989,19.4605551778067,0.31963391910784,19.1593788904612,19.4538841402722,0.294505249811053,39,47,9,8,8.14175082556903,"strong",9,"BQ_086",FALSE,"none","first_to_last_pulse_exposed_spike","PHENO_0063","clear_burst_like",4.74111717291984,"eligible","S0012",1,0.1,"holdout",1.91409212586989,1.94605551778067,0.031963391910784,1.91593788904612,1.94538841402722,0.0294505249811053
"TPL_013","TPL_013_EVENT_005","TPL_013_RUN_008","none","Burst","none","standalone_burst","TPL_013_PULSE_004",24.3853215326555,25.2853215326556,0.900000000000002,24.4051829977295,25.232327939528,0.827144941798537,63,71,9,8,8.11011462286115,"strong",9,"BQ_039",FALSE,"none","first_to_last_pulse_exposed_spike","PHENO_0064","no_burst_evidence",3.1594926376015,"eligible","S0012",1,0.1,"holdout",2.43853215326556,2.52853215326556,0.0900000000000002,2.44051829977295,2.5232327939528,0.0827144941798537
"TPL_013","TPL_013_EVENT_006","TPL_013_RUN_012","none","Pause","canonical","canonical","none",,,,36.4665428763628,39.5288796670176,3.06233679065481,106,107,2,1,,"none",,"none",FALSE,"none","observed_first_to_last_pause_boundary_spike","none","not_applicable",,"not_applicable","S0012",1,0.1,"holdout",,,,3.64665428763628,3.95288796670176,0.306233679065481
"TPL_013","TPL_013_EVENT_007","TPL_013_RUN_013","TPL_013_STATE_005","Burst","none","burst_in_hfs","TPL_013_PULSE_005",42.2245249302026,42.7945404833181,0.570015553115539,42.2313691838419,42.7167088088649,0.485339625023002,114,121,8,7,6.10818199359346,"moderate",8,"BQ_085",FALSE,"none","first_to_last_pulse_exposed_spike","PHENO_0065","clear_burst_like",4.70949484218721,"eligible","S0012",1,0.1,"holdout",4.22245249302026,4.27945404833181,0.0570015553115539,4.22313691838419,4.27167088088649,0.0485339625023002
"TPL_013","TPL_013_EVENT_001","TPL_013_RUN_001","none","Burst","none","standalone_burst","TPL_013_PULSE_001",-0.063248600563811,0.836751399436189,0.9,0,0.689316184315184,0.689316184315184,1,7,7,6,5.20830588357057,"weak",7,"BQ_037",FALSE,"none","first_to_last_pulse_exposed_spike","PHENO_0061","no_burst_evidence",-0.740422248452139,"eligible","S0022",4,0.4,"holdout",-0.0252994402255244,0.334700559774476,0.36,0,0.275726473726074,0.275726473726074
"TPL_013","TPL_013_EVENT_002","TPL_013_RUN_003","none","Burst","none","standalone_burst","TPL_013_PULSE_002",1.16475998829901,2.06475998829901,0.9,1.27688708385388,1.96616684319683,0.689279759342946,8,15,8,7,7.00369359413162,"moderate",8,"BQ_038",FALSE,"none","first_to_last_pulse_exposed_spike","PHENO_0062","clear_burst_like",5.64506110228926,"eligible","S0022",4,0.4,"holdout",0.465903995319605,0.825903995319605,0.36,0.510754833541552,0.786466737278731,0.275711903737179
"TPL_013","TPL_013_EVENT_003","TPL_013_RUN_005","none","Pause","canonical","canonical","none",,,,12.7098232698084,16.3371094058191,3.62728613601066,27,28,2,1,,"none",,"none",FALSE,"none","observed_first_to_last_pause_boundary_spike","none","not_applicable",,"not_applicable","S0022",4,0.4,"holdout",,,,5.08392930792337,6.53484376232763,1.45091445440426
"TPL_013","TPL_013_EVENT_004","TPL_013_RUN_006","TPL_013_STATE_002","Burst","none","burst_in_hfs","TPL_013_PULSE_003",19.1409212586989,19.4605551778067,0.31963391910784,19.1593788904612,19.4538841402722,0.294505249811053,39,47,9,8,8.14175082556903,"strong",9,"BQ_086",FALSE,"none","first_to_last_pulse_exposed_spike","PHENO_0063","clear_burst_like",4.74111717291984,"eligible","S0022",4,0.4,"holdout",7.65636850347956,7.78422207112269,0.127853567643136,7.66375155618447,7.78155365610889,0.117802099924421
"TPL_013","TPL_013_EVENT_005","TPL_013_RUN_008","none","Burst","none","standalone_burst","TPL_013_PULSE_004",24.3853215326555,25.2853215326556,0.900000000000002,24.4051829977295,25.232327939528,0.827144941798537,63,71,9,8,8.11011462286115,"strong",9,"BQ_039",FALSE,"none","first_to_last_pulse_exposed_spike","PHENO_0064","no_burst_evidence",3.1594926376015,"eligible","S0022",4,0.4,"holdout",9.75412861306222,10.1141286130622,0.360000000000001,9.7620731990918,10.0929311758112,0.330857976719415
"TPL_013","TPL_013_EVENT_006","TPL_013_RUN_012","none","Pause","canonical","canonical","none",,,,36.4665428763628,39.5288796670176,3.06233679065481,106,107,2,1,,"none",,"none",FALSE,"none","observed_first_to_last_pause_boundary_spike","none","not_applicable",,"not_applicable","S0022",4,0.4,"holdout",,,,14.5866171505451,15.8115518668071,1.22493471626192
"TPL_013","TPL_013_EVENT_007","TPL_013_RUN_013","TPL_013_STATE_005","Burst","none","burst_in_hfs","TPL_013_PULSE_005",42.2245249302026,42.7945404833181,0.570015553115539,42.2313691838419,42.7167088088649,0.485339625023002,114,121,8,7,6.10818199359346,"moderate",8,"BQ_085",FALSE,"none","first_to_last_pulse_exposed_spike","PHENO_0065","clear_burst_like",4.70949484218721,"eligible","S0022",4,0.4,"holdout",16.889809972081,17.1178161933272,0.228006221246216,16.8925476735367,17.0866835235459,0.194135850009201
"TPL_013","TPL_013_EVENT_001","TPL_013_RUN_001","none","Burst","none","standalone_burst","TPL_013_PULSE_001",-0.063248600563811,0.836751399436189,0.9,0,0.689316184315184,0.689316184315184,1,7,7,6,5.20830588357057,"weak",7,"BQ_037",FALSE,"none","first_to_last_pulse_exposed_spike","PHENO_0061","no_burst_evidence",-0.740422248452139,"eligible","S0053",10,1,"holdout",-0.063248600563811,0.836751399436189,0.9,0,0.689316184315184,0.689316184315184
"TPL_013","TPL_013_EVENT_002","TPL_013_RUN_003","none","Burst","none","standalone_burst","TPL_013_PULSE_002",1.16475998829901,2.06475998829901,0.9,1.27688708385388,1.96616684319683,0.689279759342946,8,15,8,7,7.00369359413162,"moderate",8,"BQ_038",FALSE,"none","first_to_last_pulse_exposed_spike","PHENO_0062","clear_burst_like",5.64506110228926,"eligible","S0053",10,1,"holdout",1.16475998829901,2.06475998829901,0.9,1.27688708385388,1.96616684319683,0.689279759342946
"TPL_013","TPL_013_EVENT_003","TPL_013_RUN_005","none","Pause","canonical","canonical","none",,,,12.7098232698084,16.3371094058191,3.62728613601066,27,28,2,1,,"none",,"none",FALSE,"none","observed_first_to_last_pause_boundary_spike","none","not_applicable",,"not_applicable","S0053",10,1,"holdout",,,,12.7098232698084,16.3371094058191,3.62728613601066
"TPL_013","TPL_013_EVENT_004","TPL_013_RUN_006","TPL_013_STATE_002","Burst","none","burst_in_hfs","TPL_013_PULSE_003",19.1409212586989,19.4605551778067,0.31963391910784,19.1593788904612,19.4538841402722,0.294505249811053,39,47,9,8,8.14175082556903,"strong",9,"BQ_086",FALSE,"none","first_to_last_pulse_exposed_spike","PHENO_0063","clear_burst_like",4.74111717291984,"eligible","S0053",10,1,"holdout",19.1409212586989,19.4605551778067,0.31963391910784,19.1593788904612,19.4538841402722,0.294505249811053
"TPL_013","TPL_013_EVENT_005","TPL_013_RUN_008","none","Burst","none","standalone_burst","TPL_013_PULSE_004",24.3853215326555,25.2853215326556,0.900000000000002,24.4051829977295,25.232327939528,0.827144941798537,63,71,9,8,8.11011462286115,"strong",9,"BQ_039",FALSE,"none","first_to_last_pulse_exposed_spike","PHENO_0064","no_burst_evidence",3.1594926376015,"eligible","S0053",10,1,"holdout",24.3853215326555,25.2853215326556,0.900000000000002,24.4051829977295,25.232327939528,0.827144941798537
"TPL_013","TPL_013_EVENT_006","TPL_013_RUN_012","none","Pause","canonical","canonical","none",,,,36.4665428763628,39.5288796670176,3.06233679065481,106,107,2,1,,"none",,"none",FALSE,"none","observed_first_to_last_pause_boundary_spike","none","not_applicable",,"not_applicable","S0053",10,1,"holdout",,,,36.4665428763628,39.5288796670176,3.06233679065481
"TPL_013","TPL_013_EVENT_007","TPL_013_RUN_013","TPL_013_STATE_005","Burst","none","burst_in_hfs","TPL_013_PULSE_005",42.2245249302026,42.7945404833181,0.570015553115539,42.2313691838419,42.7167088088649,0.485339625023002,114,121,8,7,6.10818199359346,"moderate",8,"BQ_085",FALSE,"none","first_to_last_pulse_exposed_spike","PHENO_0065","clear_burst_like",4.70949484218721,"eligible","S0053",10,1,"holdout",42.2245249302026,42.7945404833181,0.570015553115539,42.2313691838419,42.7167088088649,0.485339625023002
"TPL_014","TPL_014_EVENT_001","TPL_014_RUN_001","TPL_014_STATE_001","Burst","none","burst_in_hfs","TPL_014_PULSE_001",2.09876119032042,2.3000309826598,0.201269792339374,2.11262182864008,2.29280022179008,0.180178393149995,10,14,5,4,9.90855574607849,"strong",5,"BQ_087",FALSE,"none","first_to_last_pulse_exposed_spike","PHENO_0066","ambiguous_burst_like",3.7094903944125,"exclude_primary_include_sensitivity","S0033",1,0.1,"holdout",0.209876119032043,0.23000309826598,0.0201269792339374,0.211262182864008,0.229280022179008,0.0180178393149995
"TPL_014","TPL_014_EVENT_002","TPL_014_RUN_002","none","Pause","canonical","canonical","none",,,,7.51965237711059,10.3729829007244,2.85333052361384,35,36,2,1,,"none",,"none",FALSE,"TPL_014_REGIME_01","observed_first_to_last_pause_boundary_spike","none","not_applicable",,"not_applicable","S0033",1,0.1,"holdout",,,,0.751965237711059,1.03729829007244,0.285333052361384
"TPL_014","TPL_014_EVENT_003","TPL_014_RUN_003","TPL_014_STATE_002","Burst","none","burst_in_hfs","TPL_014_PULSE_002",13.6997113215309,14.0670738081039,0.367362486572983,13.7150179815916,14.017575712616,0.302557731024457,52,57,6,5,4.55774078820832,"weak",6,"BQ_088",FALSE,"none","first_to_last_pulse_exposed_spike","PHENO_0067","no_burst_evidence",2.21379097160519,"eligible","S0033",1,0.1,"holdout",1.36997113215309,1.40670738081039,0.0367362486572983,1.37150179815916,1.4017575712616,0.0302557731024457
"TPL_014","TPL_014_EVENT_004","TPL_014_RUN_006","none","Pause","complex_multi_gap","complex_multi_gap","none",,,,24.2455816746078,30.542616127836,6.29703445322812,79,82,4,3,,"none",,"none",FALSE,"none","observed_first_to_last_pause_boundary_spike","none","not_applicable",,"not_applicable","S0033",1,0.1,"holdout",,,,2.42455816746078,3.0542616127836,0.629703445322812
"TPL_014","TPL_014_EVENT_005","TPL_014_RUN_008","none","Pause","canonical","canonical","none",,,,33.4756696185812,38.0605049393389,4.5848353207577,92,93,2,1,,"none",,"none",FALSE,"none","observed_first_to_last_pause_boundary_spike","none","not_applicable",,"not_applicable","S0033",1,0.1,"holdout",,,,3.34756696185812,3.80605049393389,0.45848353207577
"TPL_014","TPL_014_EVENT_006","TPL_014_RUN_011","none","Burst","none","standalone_burst","TPL_014_PULSE_003",46.3267482824163,47.1235257974055,0.796777514989159,46.4603622465914,47.0705144638653,0.610152217273914,117,121,5,4,4.14197379804682,"weak",5,"BQ_040",FALSE,"none","first_to_last_pulse_exposed_spike","PHENO_0068","no_burst_evidence",1.2881532486549,"eligible","S0033",1,0.1,"holdout",4.63267482824163,4.71235257974055,0.0796777514989159,4.64603622465914,4.70705144638653,0.0610152217273914
"TPL_014","TPL_014_EVENT_007","TPL_014_RUN_013","none","Burst","none","standalone_burst","TPL_014_PULSE_004",47.6322687122063,48.3836084414167,0.75133972921045,47.7177451691683,48.2617304438592,0.543985274690911,122,127,6,5,7.3256564886542,"moderate",6,"BQ_041",FALSE,"none","first_to_last_pulse_exposed_spike","PHENO_0069","no_burst_evidence",0.853948970850937,"eligible","S0033",1,0.1,"holdout",4.76322687122063,4.83836084414167,0.075133972921045,4.77177451691683,4.82617304438592,0.0543985274690911
"TPL_014","TPL_014_EVENT_008","TPL_014_RUN_015","none","Burst","none","standalone_burst","TPL_014_PULSE_005",48.822570646503,49.1045685315529,0.28199788504994,48.8426435737272,49.0982490230745,0.255605449347271,128,131,4,3,10.9777714358643,"strong",4,"BQ_042",TRUE,"none","first_to_last_pulse_exposed_spike","PHENO_0070","no_burst_evidence",0.844445704875592,"eligible","S0033",1,0.1,"holdout",4.8822570646503,4.91045685315529,0.028199788504994,4.88426435737272,4.90982490230745,0.0255605449347271
"TPL_014","TPL_014_EVENT_001","TPL_014_RUN_001","TPL_014_STATE_001","Burst","none","burst_in_hfs","TPL_014_PULSE_001",2.09876119032042,2.3000309826598,0.201269792339374,2.11262182864008,2.29280022179008,0.180178393149995,10,14,5,4,9.90855574607849,"strong",5,"BQ_087",FALSE,"none","first_to_last_pulse_exposed_spike","PHENO_0066","ambiguous_burst_like",3.7094903944125,"exclude_primary_include_sensitivity","S0051",4,0.4,"holdout",0.83950447612817,0.92001239306392,0.0805079169357498,0.845048731456034,0.917120088716032,0.0720713572599978
"TPL_014","TPL_014_EVENT_002","TPL_014_RUN_002","none","Pause","canonical","canonical","none",,,,7.51965237711059,10.3729829007244,2.85333052361384,35,36,2,1,,"none",,"none",FALSE,"TPL_014_REGIME_01","observed_first_to_last_pause_boundary_spike","none","not_applicable",,"not_applicable","S0051",4,0.4,"holdout",,,,3.00786095084424,4.14919316028977,1.14133220944554
"TPL_014","TPL_014_EVENT_003","TPL_014_RUN_003","TPL_014_STATE_002","Burst","none","burst_in_hfs","TPL_014_PULSE_002",13.6997113215309,14.0670738081039,0.367362486572983,13.7150179815916,14.017575712616,0.302557731024457,52,57,6,5,4.55774078820832,"weak",6,"BQ_088",FALSE,"none","first_to_last_pulse_exposed_spike","PHENO_0067","no_burst_evidence",2.21379097160519,"eligible","S0051",4,0.4,"holdout",5.47988452861237,5.62682952324156,0.146944994629193,5.48600719263664,5.60703028504642,0.121023092409783
"TPL_014","TPL_014_EVENT_004","TPL_014_RUN_006","none","Pause","complex_multi_gap","complex_multi_gap","none",,,,24.2455816746078,30.542616127836,6.29703445322812,79,82,4,3,,"none",,"none",FALSE,"none","observed_first_to_last_pause_boundary_spike","none","not_applicable",,"not_applicable","S0051",4,0.4,"holdout",,,,9.69823266984314,12.2170464511344,2.51881378129125
"TPL_014","TPL_014_EVENT_005","TPL_014_RUN_008","none","Pause","canonical","canonical","none",,,,33.4756696185812,38.0605049393389,4.5848353207577,92,93,2,1,,"none",,"none",FALSE,"none","observed_first_to_last_pause_boundary_spike","none","not_applicable",,"not_applicable","S0051",4,0.4,"holdout",,,,13.3902678474325,15.2242019757355,1.83393412830308
"TPL_014","TPL_014_EVENT_006","TPL_014_RUN_011","none","Burst","none","standalone_burst","TPL_014_PULSE_003",46.3267482824163,47.1235257974055,0.796777514989159,46.4603622465914,47.0705144638653,0.610152217273914,117,121,5,4,4.14197379804682,"weak",5,"BQ_040",FALSE,"none","first_to_last_pulse_exposed_spike","PHENO_0068","no_burst_evidence",1.2881532486549,"eligible","S0051",4,0.4,"holdout",18.5306993129665,18.8494103189622,0.318711005995664,18.5841448986366,18.8282057855461,0.244060886909566
"TPL_014","TPL_014_EVENT_007","TPL_014_RUN_013","none","Burst","none","standalone_burst","TPL_014_PULSE_004",47.6322687122063,48.3836084414167,0.75133972921045,47.7177451691683,48.2617304438592,0.543985274690911,122,127,6,5,7.3256564886542,"moderate",6,"BQ_041",FALSE,"none","first_to_last_pulse_exposed_spike","PHENO_0069","no_burst_evidence",0.853948970850937,"eligible","S0051",4,0.4,"holdout",19.0529074848825,19.3534433765667,0.30053589168418,19.0870980676673,19.3046921775437,0.217594109876364
"TPL_014","TPL_014_EVENT_008","TPL_014_RUN_015","none","Burst","none","standalone_burst","TPL_014_PULSE_005",48.822570646503,49.1045685315529,0.28199788504994,48.8426435737272,49.0982490230745,0.255605449347271,128,131,4,3,10.9777714358643,"strong",4,"BQ_042",TRUE,"none","first_to_last_pulse_exposed_spike","PHENO_0070","no_burst_evidence",0.844445704875592,"eligible","S0051",4,0.4,"holdout",19.5290282586012,19.6418274126212,0.112799154019976,19.5370574294909,19.6392996092298,0.102242179738909
"TPL_014","TPL_014_EVENT_001","TPL_014_RUN_001","TPL_014_STATE_001","Burst","none","burst_in_hfs","TPL_014_PULSE_001",2.09876119032042,2.3000309826598,0.201269792339374,2.11262182864008,2.29280022179008,0.180178393149995,10,14,5,4,9.90855574607849,"strong",5,"BQ_087",FALSE,"none","first_to_last_pulse_exposed_spike","PHENO_0066","ambiguous_burst_like",3.7094903944125,"exclude_primary_include_sensitivity","S0019",10,1,"holdout",2.09876119032042,2.3000309826598,0.201269792339374,2.11262182864008,2.29280022179008,0.180178393149995
"TPL_014","TPL_014_EVENT_002","TPL_014_RUN_002","none","Pause","canonical","canonical","none",,,,7.51965237711059,10.3729829007244,2.85333052361384,35,36,2,1,,"none",,"none",FALSE,"TPL_014_REGIME_01","observed_first_to_last_pause_boundary_spike","none","not_applicable",,"not_applicable","S0019",10,1,"holdout",,,,7.51965237711059,10.3729829007244,2.85333052361384
"TPL_014","TPL_014_EVENT_003","TPL_014_RUN_003","TPL_014_STATE_002","Burst","none","burst_in_hfs","TPL_014_PULSE_002",13.6997113215309,14.0670738081039,0.367362486572983,13.7150179815916,14.017575712616,0.302557731024457,52,57,6,5,4.55774078820832,"weak",6,"BQ_088",FALSE,"none","first_to_last_pulse_exposed_spike","PHENO_0067","no_burst_evidence",2.21379097160519,"eligible","S0019",10,1,"holdout",13.6997113215309,14.0670738081039,0.367362486572983,13.7150179815916,14.017575712616,0.302557731024457
"TPL_014","TPL_014_EVENT_004","TPL_014_RUN_006","none","Pause","complex_multi_gap","complex_multi_gap","none",,,,24.2455816746078,30.542616127836,6.29703445322812,79,82,4,3,,"none",,"none",FALSE,"none","observed_first_to_last_pause_boundary_spike","none","not_applicable",,"not_applicable","S0019",10,1,"holdout",,,,24.2455816746078,30.542616127836,6.29703445322812
"TPL_014","TPL_014_EVENT_005","TPL_014_RUN_008","none","Pause","canonical","canonical","none",,,,33.4756696185812,38.0605049393389,4.5848353207577,92,93,2,1,,"none",,"none",FALSE,"none","observed_first_to_last_pause_boundary_spike","none","not_applicable",,"not_applicable","S0019",10,1,"holdout",,,,33.4756696185812,38.0605049393389,4.5848353207577
"TPL_014","TPL_014_EVENT_006","TPL_014_RUN_011","none","Burst","none","standalone_burst","TPL_014_PULSE_003",46.3267482824163,47.1235257974055,0.796777514989159,46.4603622465914,47.0705144638653,0.610152217273914,117,121,5,4,4.14197379804682,"weak",5,"BQ_040",FALSE,"none","first_to_last_pulse_exposed_spike","PHENO_0068","no_burst_evidence",1.2881532486549,"eligible","S0019",10,1,"holdout",46.3267482824163,47.1235257974055,0.796777514989159,46.4603622465914,47.0705144638653,0.610152217273914
"TPL_014","TPL_014_EVENT_007","TPL_014_RUN_013","none","Burst","none","standalone_burst","TPL_014_PULSE_004",47.6322687122063,48.3836084414167,0.75133972921045,47.7177451691683,48.2617304438592,0.543985274690911,122,127,6,5,7.3256564886542,"moderate",6,"BQ_041",FALSE,"none","first_to_last_pulse_exposed_spike","PHENO_0069","no_burst_evidence",0.853948970850937,"eligible","S0019",10,1,"holdout",47.6322687122063,48.3836084414167,0.75133972921045,47.7177451691683,48.2617304438592,0.543985274690911
"TPL_014","TPL_014_EVENT_008","TPL_014_RUN_015","none","Burst","none","standalone_burst","TPL_014_PULSE_005",48.822570646503,49.1045685315529,0.28199788504994,48.8426435737272,49.0982490230745,0.255605449347271,128,131,4,3,10.9777714358643,"strong",4,"BQ_042",TRUE,"none","first_to_last_pulse_exposed_spike","PHENO_0070","no_burst_evidence",0.844445704875592,"eligible","S0019",10,1,"holdout",48.822570646503,49.1045685315529,0.28199788504994,48.8426435737272,49.0982490230745,0.255605449347271
"TPL_015","TPL_015_EVENT_001","TPL_015_RUN_001","TPL_015_STATE_001","Burst","none","burst_in_hfs","TPL_015_PULSE_001",1.26831893424899,1.58720864779876,0.318889713549775,1.33504514785735,1.58115479062918,0.246109642771827,9,15,7,6,6.34181336278562,"moderate",7,"BQ_089",FALSE,"none","first_to_last_pulse_exposed_spike","PHENO_0071","ambiguous_burst_like",3.51303839813339,"exclude_primary_include_sensitivity","S0013",1,0.1,"holdout",0.126831893424899,0.158720864779876,0.0318889713549775,0.133504514785735,0.158115479062918,0.0246109642771827
"TPL_015","TPL_015_EVENT_002","TPL_015_RUN_003","none","Burst","none","standalone_burst","TPL_015_PULSE_002",6.38321815772556,7.28321815772556,0.9,6.40365536498559,7.23377505402718,0.830119689041588,38,45,8,7,6.7974491197383,"moderate",8,"BQ_044",FALSE,"none","first_to_last_pulse_exposed_spike","PHENO_0072","no_burst_evidence",2.10461674871225,"eligible","S0013",1,0.1,"holdout",0.638321815772556,0.728321815772556,0.09,0.640365536498559,0.723377505402718,0.0830119689041588
"TPL_015","TPL_015_EVENT_003","TPL_015_RUN_006","TPL_015_STATE_003","Burst","none","burst_in_hfs","TPL_015_PULSE_003",17.4931377661939,18.076421221708,0.583283455514177,17.5623086531861,18.0649034159375,0.502594762751432,85,92,8,7,4.17441704915836,"weak",8,"BQ_090",FALSE,"none","first_to_last_pulse_exposed_spike","PHENO_0073","no_burst_evidence",2.86976954131418,"eligible","S0013",1,0.1,"holdout",1.74931377661939,1.8076421221708,0.0583283455514177,1.75623086531861,1.80649034159375,0.0502594762751432
"TPL_015","TPL_015_EVENT_004","TPL_015_RUN_007","none","Pause","canonical","canonical","none",,,,22.5246368039704,26.7622587958655,4.23762199189514,111,112,2,1,,"none",,"none",FALSE,"none","observed_first_to_last_pause_boundary_spike","none","not_applicable",,"not_applicable","S0013",1,0.1,"holdout",,,,2.25246368039704,2.67622587958655,0.423762199189514
"TPL_015","TPL_015_EVENT_005","TPL_015_RUN_010","none","Pause","canonical","canonical","none",,,,32.4262777362275,36.7840636053378,4.35778586911037,122,123,2,1,,"none",,"none",FALSE,"none","observed_first_to_last_pause_boundary_spike","none","not_applicable",,"not_applicable","S0013",1,0.1,"holdout",,,,3.24262777362275,3.67840636053378,0.435778586911037
"TPL_015","TPL_015_EVENT_006","TPL_015_RUN_012","none","Burst","none","standalone_burst","TPL_015_PULSE_004",37.9516977204467,38.5878493152478,0.636151594801092,37.9918707238056,38.4923926250809,0.500521901275278,125,133,9,8,10.823342056945,"strong",9,"BQ_045",FALSE,"none","first_to_last_pulse_exposed_spike","PHENO_0074","clear_burst_like",6.2341634237912,"eligible","S0013",1,0.1,"holdout",3.79516977204467,3.85878493152478,0.0636151594801092,3.79918707238056,3.84923926250809,0.0500521901275278
"TPL_015","TPL_015_EVENT_007","TPL_015_RUN_014","none","Burst","none","standalone_burst","TPL_015_PULSE_005",39.0689257617622,39.9689257617622,0.899999999999999,39.0692060363279,39.7882420862499,0.719036049921947,134,140,7,6,4.35126875690185,"weak",7,"BQ_043",FALSE,"none","first_to_last_pulse_exposed_spike","PHENO_0075","no_burst_evidence",2.95119231185262,"eligible","S0013",1,0.1,"holdout",3.90689257617622,3.99689257617622,0.0899999999999999,3.90692060363279,3.97882420862499,0.0719036049921947
"TPL_015","TPL_015_EVENT_001","TPL_015_RUN_001","TPL_015_STATE_001","Burst","none","burst_in_hfs","TPL_015_PULSE_001",1.26831893424899,1.58720864779876,0.318889713549775,1.33504514785735,1.58115479062918,0.246109642771827,9,15,7,6,6.34181336278562,"moderate",7,"BQ_089",FALSE,"none","first_to_last_pulse_exposed_spike","PHENO_0071","ambiguous_burst_like",3.51303839813339,"exclude_primary_include_sensitivity","S0038",4,0.4,"holdout",0.507327573699595,0.634883459119506,0.12755588541991,0.53401805914294,0.632461916251671,0.0984438571087306
"TPL_015","TPL_015_EVENT_002","TPL_015_RUN_003","none","Burst","none","standalone_burst","TPL_015_PULSE_002",6.38321815772556,7.28321815772556,0.9,6.40365536498559,7.23377505402718,0.830119689041588,38,45,8,7,6.7974491197383,"moderate",8,"BQ_044",FALSE,"none","first_to_last_pulse_exposed_spike","PHENO_0072","no_burst_evidence",2.10461674871225,"eligible","S0038",4,0.4,"holdout",2.55328726309022,2.91328726309022,0.36,2.56146214599424,2.89351002161087,0.332047875616635
"TPL_015","TPL_015_EVENT_003","TPL_015_RUN_006","TPL_015_STATE_003","Burst","none","burst_in_hfs","TPL_015_PULSE_003",17.4931377661939,18.076421221708,0.583283455514177,17.5623086531861,18.0649034159375,0.502594762751432,85,92,8,7,4.17441704915836,"weak",8,"BQ_090",FALSE,"none","first_to_last_pulse_exposed_spike","PHENO_0073","no_burst_evidence",2.86976954131418,"eligible","S0038",4,0.4,"holdout",6.99725510647755,7.23056848868322,0.233313382205671,7.02492346127443,7.225961366375,0.201037905100573
"TPL_015","TPL_015_EVENT_004","TPL_015_RUN_007","none","Pause","canonical","canonical","none",,,,22.5246368039704,26.7622587958655,4.23762199189514,111,112,2,1,,"none",,"none",FALSE,"none","observed_first_to_last_pause_boundary_spike","none","not_applicable",,"not_applicable","S0038",4,0.4,"holdout",,,,9.00985472158815,10.7049035183462,1.69504879675806
"TPL_015","TPL_015_EVENT_005","TPL_015_RUN_010","none","Pause","canonical","canonical","none",,,,32.4262777362275,36.7840636053378,4.35778586911037,122,123,2,1,,"none",,"none",FALSE,"none","observed_first_to_last_pause_boundary_spike","none","not_applicable",,"not_applicable","S0038",4,0.4,"holdout",,,,12.970511094491,14.7136254421351,1.74311434764415
"TPL_015","TPL_015_EVENT_006","TPL_015_RUN_012","none","Burst","none","standalone_burst","TPL_015_PULSE_004",37.9516977204467,38.5878493152478,0.636151594801092,37.9918707238056,38.4923926250809,0.500521901275278,125,133,9,8,10.823342056945,"strong",9,"BQ_045",FALSE,"none","first_to_last_pulse_exposed_spike","PHENO_0074","clear_burst_like",6.2341634237912,"eligible","S0038",4,0.4,"holdout",15.1806790881787,15.4351397260991,0.254460637920437,15.1967482895223,15.3969570500324,0.200208760510111
"TPL_015","TPL_015_EVENT_007","TPL_015_RUN_014","none","Burst","none","standalone_burst","TPL_015_PULSE_005",39.0689257617622,39.9689257617622,0.899999999999999,39.0692060363279,39.7882420862499,0.719036049921947,134,140,7,6,4.35126875690185,"weak",7,"BQ_043",FALSE,"none","first_to_last_pulse_exposed_spike","PHENO_0075","no_burst_evidence",2.95119231185262,"eligible","S0038",4,0.4,"holdout",15.6275703047049,15.9875703047049,0.359999999999999,15.6276824145312,15.9152968344999,0.287614419968779
"TPL_015","TPL_015_EVENT_001","TPL_015_RUN_001","TPL_015_STATE_001","Burst","none","burst_in_hfs","TPL_015_PULSE_001",1.26831893424899,1.58720864779876,0.318889713549775,1.33504514785735,1.58115479062918,0.246109642771827,9,15,7,6,6.34181336278562,"moderate",7,"BQ_089",FALSE,"none","first_to_last_pulse_exposed_spike","PHENO_0071","ambiguous_burst_like",3.51303839813339,"exclude_primary_include_sensitivity","S0018",10,1,"holdout",1.26831893424899,1.58720864779876,0.318889713549775,1.33504514785735,1.58115479062918,0.246109642771827
"TPL_015","TPL_015_EVENT_002","TPL_015_RUN_003","none","Burst","none","standalone_burst","TPL_015_PULSE_002",6.38321815772556,7.28321815772556,0.9,6.40365536498559,7.23377505402718,0.830119689041588,38,45,8,7,6.7974491197383,"moderate",8,"BQ_044",FALSE,"none","first_to_last_pulse_exposed_spike","PHENO_0072","no_burst_evidence",2.10461674871225,"eligible","S0018",10,1,"holdout",6.38321815772556,7.28321815772556,0.9,6.40365536498559,7.23377505402718,0.830119689041588
"TPL_015","TPL_015_EVENT_003","TPL_015_RUN_006","TPL_015_STATE_003","Burst","none","burst_in_hfs","TPL_015_PULSE_003",17.4931377661939,18.076421221708,0.583283455514177,17.5623086531861,18.0649034159375,0.502594762751432,85,92,8,7,4.17441704915836,"weak",8,"BQ_090",FALSE,"none","first_to_last_pulse_exposed_spike","PHENO_0073","no_burst_evidence",2.86976954131418,"eligible","S0018",10,1,"holdout",17.4931377661939,18.076421221708,0.583283455514177,17.5623086531861,18.0649034159375,0.502594762751432
"TPL_015","TPL_015_EVENT_004","TPL_015_RUN_007","none","Pause","canonical","canonical","none",,,,22.5246368039704,26.7622587958655,4.23762199189514,111,112,2,1,,"none",,"none",FALSE,"none","observed_first_to_last_pause_boundary_spike","none","not_applicable",,"not_applicable","S0018",10,1,"holdout",,,,22.5246368039704,26.7622587958655,4.23762199189514
"TPL_015","TPL_015_EVENT_005","TPL_015_RUN_010","none","Pause","canonical","canonical","none",,,,32.4262777362275,36.7840636053378,4.35778586911037,122,123,2,1,,"none",,"none",FALSE,"none","observed_first_to_last_pause_boundary_spike","none","not_applicable",,"not_applicable","S0018",10,1,"holdout",,,,32.4262777362275,36.7840636053378,4.35778586911037
"TPL_015","TPL_015_EVENT_006","TPL_015_RUN_012","none","Burst","none","standalone_burst","TPL_015_PULSE_004",37.9516977204467,38.5878493152478,0.636151594801092,37.9918707238056,38.4923926250809,0.500521901275278,125,133,9,8,10.823342056945,"strong",9,"BQ_045",FALSE,"none","first_to_last_pulse_exposed_spike","PHENO_0074","clear_burst_like",6.2341634237912,"eligible","S0018",10,1,"holdout",37.9516977204467,38.5878493152478,0.636151594801092,37.9918707238056,38.4923926250809,0.500521901275278
"TPL_015","TPL_015_EVENT_007","TPL_015_RUN_014","none","Burst","none","standalone_burst","TPL_015_PULSE_005",39.0689257617622,39.9689257617622,0.899999999999999,39.0692060363279,39.7882420862499,0.719036049921947,134,140,7,6,4.35126875690185,"weak",7,"BQ_043",FALSE,"none","first_to_last_pulse_exposed_spike","PHENO_0075","no_burst_evidence",2.95119231185262,"eligible","S0018",10,1,"holdout",39.0689257617622,39.9689257617622,0.899999999999999,39.0692060363279,39.7882420862499,0.719036049921947
"TPL_016","TPL_016_EVENT_001","TPL_016_RUN_001","none","Burst","none","standalone_burst","TPL_016_PULSE_001",-0.0180703461177388,0.557168749167454,0.575239095285193,0,0.449402560370917,0.449402560370917,1,5,5,4,5.41618767206091,"weak",5,"BQ_046",FALSE,"none","first_to_last_pulse_exposed_spike","PHENO_0076","no_burst_evidence",0.528440651955995,"eligible","S0010",1,0.1,"holdout",-0.00180703461177388,0.0557168749167454,0.0575239095285193,0,0.0449402560370917,0.0449402560370917
"TPL_016","TPL_016_EVENT_002","TPL_016_RUN_003","none","Burst","none","standalone_burst","TPL_016_PULSE_002",0.98301390629095,1.76054638783978,0.777532481548825,0.991744402966405,1.66553514678518,0.673790743818778,6,11,6,5,7.82645042939112,"moderate",6,"BQ_047",FALSE,"none","first_to_last_pulse_exposed_spike","PHENO_0077","no_burst_evidence",-0.142738654589641,"eligible","S0010",1,0.1,"holdout",0.098301390629095,0.176054638783978,0.0777532481548825,0.0991744402966405,0.166553514678518,0.0673790743818778
"TPL_016","TPL_016_EVENT_003","TPL_016_RUN_005","none","Burst","none","standalone_burst","TPL_016_PULSE_003",5.34015319667633,5.745961364437,0.405808167760675,5.38216299397219,5.74445214606845,0.362289152096265,32,38,7,6,11.7361283721402,"strong",7,"BQ_048",FALSE,"none","first_to_last_pulse_exposed_spike","PHENO_0078","clear_burst_like",4.13653553437864,"eligible","S0010",1,0.1,"holdout",0.534015319667633,0.5745961364437,0.0405808167760675,0.538216299397219,0.574445214606845,0.0362289152096265
"TPL_016","TPL_016_EVENT_004","TPL_016_RUN_008","none","Pause","canonical","canonical","none",,,,9.45555695051792,13.8753775684023,4.4198206178844,48,49,2,1,,"none",,"none",FALSE,"none","observed_first_to_last_pause_boundary_spike","none","not_applicable",,"not_applicable","S0010",1,0.1,"holdout",,,,0.945555695051792,1.38753775684023,0.44198206178844
"TPL_016","TPL_016_EVENT_005","TPL_016_RUN_010","TPL_016_STATE_003","Burst","none","burst_in_hfs","TPL_016_PULSE_004",18.5939759259387,18.9157243400719,0.321748414133221,18.5960014043941,18.8432688135622,0.247267409168057,63,66,4,3,4.11056206305511,"weak",4,"BQ_091",TRUE,"none","first_to_last_pulse_exposed_spike","PHENO_0079","no_burst_evidence",2.24386612403911,"eligible","S0010",1,0.1,"holdout",1.85939759259387,1.89157243400719,0.0321748414133221,1.85960014043941,1.88432688135622,0.0247267409168057
"TPL_016","TPL_016_EVENT_006","TPL_016_RUN_011","none","Pause","canonical","canonical","none",,,,23.5467565194514,28.3724934051089,4.82573688565753,83,84,2,1,,"none",,"none",FALSE,"TPL_016_REGIME_01","observed_first_to_last_pause_boundary_spike","none","not_applicable",,"not_applicable","S0010",1,0.1,"holdout",,,,2.35467565194514,2.83724934051089,0.482573688565753
"TPL_016","TPL_016_EVENT_007","TPL_016_RUN_012","TPL_016_STATE_004","Burst","none","burst_in_hfs","TPL_016_PULSE_005",31.6473883607197,32.0545535013631,0.407165140643396,31.6616837944492,32.0157711471587,0.354087352709467,98,106,9,8,8.89601049944758,"strong",9,"BQ_092",FALSE,"none","first_to_last_pulse_exposed_spike","PHENO_0080","clear_burst_like",5.43969885356289,"eligible","S0010",1,0.1,"holdout",3.16473883607197,3.20545535013631,0.0407165140643397,3.16616837944492,3.20157711471587,0.0354087352709467
"TPL_016","TPL_016_EVENT_008","TPL_016_RUN_014","none","Pause","complex_multi_gap","complex_multi_gap","none",,,,44.5832154806139,50.4055542297097,5.8223387490958,129,131,3,2,,"none",,"none",FALSE,"none","observed_first_to_last_pause_boundary_spike","none","not_applicable",,"not_applicable","S0010",1,0.1,"holdout",,,,4.45832154806139,5.04055542297098,0.58223387490958
"TPL_016","TPL_016_EVENT_001","TPL_016_RUN_001","none","Burst","none","standalone_burst","TPL_016_PULSE_001",-0.0180703461177388,0.557168749167454,0.575239095285193,0,0.449402560370917,0.449402560370917,1,5,5,4,5.41618767206091,"weak",5,"BQ_046",FALSE,"none","first_to_last_pulse_exposed_spike","PHENO_0076","no_burst_evidence",0.528440651955995,"eligible","S0024",4,0.4,"holdout",-0.00722813844709553,0.222867499666982,0.230095638114077,0,0.179761024148367,0.179761024148367
"TPL_016","TPL_016_EVENT_002","TPL_016_RUN_003","none","Burst","none","standalone_burst","TPL_016_PULSE_002",0.98301390629095,1.76054638783978,0.777532481548825,0.991744402966405,1.66553514678518,0.673790743818778,6,11,6,5,7.82645042939112,"moderate",6,"BQ_047",FALSE,"none","first_to_last_pulse_exposed_spike","PHENO_0077","no_burst_evidence",-0.142738654589641,"eligible","S0024",4,0.4,"holdout",0.39320556251638,0.70421855513591,0.31101299261953,0.396697761186562,0.666214058714073,0.269516297527511
"TPL_016","TPL_016_EVENT_003","TPL_016_RUN_005","none","Burst","none","standalone_burst","TPL_016_PULSE_003",5.34015319667633,5.745961364437,0.405808167760675,5.38216299397219,5.74445214606845,0.362289152096265,32,38,7,6,11.7361283721402,"strong",7,"BQ_048",FALSE,"none","first_to_last_pulse_exposed_spike","PHENO_0078","clear_burst_like",4.13653553437864,"eligible","S0024",4,0.4,"holdout",2.13606127867053,2.2983845457748,0.16232326710427,2.15286519758888,2.29778085842738,0.144915660838506
"TPL_016","TPL_016_EVENT_004","TPL_016_RUN_008","none","Pause","canonical","canonical","none",,,,9.45555695051792,13.8753775684023,4.4198206178844,48,49,2,1,,"none",,"none",FALSE,"none","observed_first_to_last_pause_boundary_spike","none","not_applicable",,"not_applicable","S0024",4,0.4,"holdout",,,,3.78222278020717,5.55015102736093,1.76792824715376
"TPL_016","TPL_016_EVENT_005","TPL_016_RUN_010","TPL_016_STATE_003","Burst","none","burst_in_hfs","TPL_016_PULSE_004",18.5939759259387,18.9157243400719,0.321748414133221,18.5960014043941,18.8432688135622,0.247267409168057,63,66,4,3,4.11056206305511,"weak",4,"BQ_091",TRUE,"none","first_to_last_pulse_exposed_spike","PHENO_0079","no_burst_evidence",2.24386612403911,"eligible","S0024",4,0.4,"holdout",7.43759037037549,7.56628973602878,0.128699365653289,7.43840056175766,7.53730752542488,0.0989069636672227
"TPL_016","TPL_016_EVENT_006","TPL_016_RUN_011","none","Pause","canonical","canonical","none",,,,23.5467565194514,28.3724934051089,4.82573688565753,83,84,2,1,,"none",,"none",FALSE,"TPL_016_REGIME_01","observed_first_to_last_pause_boundary_spike","none","not_applicable",,"not_applicable","S0024",4,0.4,"holdout",,,,9.41870260778056,11.3489973620436,1.93029475426301
"TPL_016","TPL_016_EVENT_007","TPL_016_RUN_012","TPL_016_STATE_004","Burst","none","burst_in_hfs","TPL_016_PULSE_005",31.6473883607197,32.0545535013631,0.407165140643396,31.6616837944492,32.0157711471587,0.354087352709467,98,106,9,8,8.89601049944758,"strong",9,"BQ_092",FALSE,"none","first_to_last_pulse_exposed_spike","PHENO_0080","clear_burst_like",5.43969885356289,"eligible","S0024",4,0.4,"holdout",12.6589553442879,12.8218214005452,0.162866056257359,12.6646735177797,12.8063084588635,0.141634941083787
"TPL_016","TPL_016_EVENT_008","TPL_016_RUN_014","none","Pause","complex_multi_gap","complex_multi_gap","none",,,,44.5832154806139,50.4055542297097,5.8223387490958,129,131,3,2,,"none",,"none",FALSE,"none","observed_first_to_last_pause_boundary_spike","none","not_applicable",,"not_applicable","S0024",4,0.4,"holdout",,,,17.8332861922456,20.1622216918839,2.32893549963832
"TPL_016","TPL_016_EVENT_001","TPL_016_RUN_001","none","Burst","none","standalone_burst","TPL_016_PULSE_001",-0.0180703461177388,0.557168749167454,0.575239095285193,0,0.449402560370917,0.449402560370917,1,5,5,4,5.41618767206091,"weak",5,"BQ_046",FALSE,"none","first_to_last_pulse_exposed_spike","PHENO_0076","no_burst_evidence",0.528440651955995,"eligible","S0060",10,1,"holdout",-0.0180703461177388,0.557168749167454,0.575239095285193,0,0.449402560370917,0.449402560370917
"TPL_016","TPL_016_EVENT_002","TPL_016_RUN_003","none","Burst","none","standalone_burst","TPL_016_PULSE_002",0.98301390629095,1.76054638783978,0.777532481548825,0.991744402966405,1.66553514678518,0.673790743818778,6,11,6,5,7.82645042939112,"moderate",6,"BQ_047",FALSE,"none","first_to_last_pulse_exposed_spike","PHENO_0077","no_burst_evidence",-0.142738654589641,"eligible","S0060",10,1,"holdout",0.98301390629095,1.76054638783978,0.777532481548825,0.991744402966405,1.66553514678518,0.673790743818778
"TPL_016","TPL_016_EVENT_003","TPL_016_RUN_005","none","Burst","none","standalone_burst","TPL_016_PULSE_003",5.34015319667633,5.745961364437,0.405808167760675,5.38216299397219,5.74445214606845,0.362289152096265,32,38,7,6,11.7361283721402,"strong",7,"BQ_048",FALSE,"none","first_to_last_pulse_exposed_spike","PHENO_0078","clear_burst_like",4.13653553437864,"eligible","S0060",10,1,"holdout",5.34015319667633,5.745961364437,0.405808167760675,5.38216299397219,5.74445214606845,0.362289152096265
"TPL_016","TPL_016_EVENT_004","TPL_016_RUN_008","none","Pause","canonical","canonical","none",,,,9.45555695051792,13.8753775684023,4.4198206178844,48,49,2,1,,"none",,"none",FALSE,"none","observed_first_to_last_pause_boundary_spike","none","not_applicable",,"not_applicable","S0060",10,1,"holdout",,,,9.45555695051792,13.8753775684023,4.4198206178844
"TPL_016","TPL_016_EVENT_005","TPL_016_RUN_010","TPL_016_STATE_003","Burst","none","burst_in_hfs","TPL_016_PULSE_004",18.5939759259387,18.9157243400719,0.321748414133221,18.5960014043941,18.8432688135622,0.247267409168057,63,66,4,3,4.11056206305511,"weak",4,"BQ_091",TRUE,"none","first_to_last_pulse_exposed_spike","PHENO_0079","no_burst_evidence",2.24386612403911,"eligible","S0060",10,1,"holdout",18.5939759259387,18.9157243400719,0.321748414133221,18.5960014043941,18.8432688135622,0.247267409168057
"TPL_016","TPL_016_EVENT_006","TPL_016_RUN_011","none","Pause","canonical","canonical","none",,,,23.5467565194514,28.3724934051089,4.82573688565753,83,84,2,1,,"none",,"none",FALSE,"TPL_016_REGIME_01","observed_first_to_last_pause_boundary_spike","none","not_applicable",,"not_applicable","S0060",10,1,"holdout",,,,23.5467565194514,28.3724934051089,4.82573688565753
"TPL_016","TPL_016_EVENT_007","TPL_016_RUN_012","TPL_016_STATE_004","Burst","none","burst_in_hfs","TPL_016_PULSE_005",31.6473883607197,32.0545535013631,0.407165140643396,31.6616837944492,32.0157711471587,0.354087352709467,98,106,9,8,8.89601049944758,"strong",9,"BQ_092",FALSE,"none","first_to_last_pulse_exposed_spike","PHENO_0080","clear_burst_like",5.43969885356289,"eligible","S0060",10,1,"holdout",31.6473883607197,32.0545535013631,0.407165140643396,31.6616837944492,32.0157711471587,0.354087352709467
"TPL_016","TPL_016_EVENT_008","TPL_016_RUN_014","none","Pause","complex_multi_gap","complex_multi_gap","none",,,,44.5832154806139,50.4055542297097,5.8223387490958,129,131,3,2,,"none",,"none",FALSE,"none","observed_first_to_last_pause_boundary_spike","none","not_applicable",,"not_applicable","S0060",10,1,"holdout",,,,44.5832154806139,50.4055542297097,5.8223387490958
"TPL_017","TPL_017_EVENT_001","TPL_017_RUN_002","none","Burst","none","standalone_burst","TPL_017_PULSE_001",2.57975111222047,3.47975111222047,0.9,2.60040453604072,3.34885074072604,0.748446204685323,9,17,9,8,6.24325149587821,"moderate",9,"BQ_050",FALSE,"none","first_to_last_pulse_exposed_spike","PHENO_0081","no_burst_evidence",3.0237189141015,"eligible","S0005",1,0.1,"holdout",0.257975111222047,0.347975111222047,0.09,0.260040453604072,0.334885074072604,0.0748446204685323
"TPL_017","TPL_017_EVENT_002","TPL_017_RUN_004","none","Burst","none","standalone_burst","TPL_017_PULSE_002",3.89718609900271,4.22241225212647,0.325226153123768,3.93144609783863,4.18280939148969,0.251363293651061,18,22,5,4,11.9293146338314,"strong",5,"BQ_051",FALSE,"none","first_to_last_pulse_exposed_spike","PHENO_0082","no_burst_evidence",3.06316591044074,"eligible","S0005",1,0.1,"holdout",0.389718609900271,0.422241225212648,0.0325226153123768,0.393144609783863,0.418280939148969,0.0251363293651061
"TPL_017","TPL_017_EVENT_003","TPL_017_RUN_005","none","Pause","canonical","canonical","none",,,,4.18280939148969,7.22320380156158,3.0403944100719,22,23,2,1,,"none",,"none",FALSE,"none","observed_first_to_last_pause_boundary_spike","none","not_applicable",,"not_applicable","S0005",1,0.1,"holdout",,,,0.418280939148969,0.722320380156158,0.30403944100719
"TPL_017","TPL_017_EVENT_004","TPL_017_RUN_007","TPL_017_STATE_002","Burst","none","burst_in_hfs","TPL_017_PULSE_003",11.1095573511911,11.2870603434082,0.177502992217141,11.1219511378355,11.2602893601703,0.138338222334799,43,47,5,4,8.56396338250488,"strong",5,"BQ_093",FALSE,"none","first_to_last_pulse_exposed_spike","PHENO_0083","ambiguous_burst_like",3.97302847765336,"exclude_primary_include_sensitivity","S0005",1,0.1,"holdout",1.11095573511911,1.12870603434082,0.0177502992217141,1.11219511378355,1.12602893601703,0.0138338222334799
"TPL_017","TPL_017_EVENT_005","TPL_017_RUN_010","none","Pause","canonical","canonical","none",,,,22.1518413561237,25.5414331090943,3.38959175297059,72,73,2,1,,"none",,"none",FALSE,"none","observed_first_to_last_pause_boundary_spike","none","not_applicable",,"not_applicable","S0005",1,0.1,"holdout",,,,2.21518413561237,2.55414331090943,0.338959175297059
"TPL_017","TPL_017_EVENT_006","TPL_017_RUN_012","TPL_017_STATE_004","Burst","none","burst_in_hfs","TPL_017_PULSE_004",27.8231485582063,28.1179294446499,0.294780886443561,27.847025829603,28.0823669086885,0.235341079085536,84,89,6,5,7.25623798917513,"moderate",6,"BQ_094",FALSE,"none","first_to_last_pulse_exposed_spike","PHENO_0084","no_burst_evidence",2.69736314193232,"eligible","S0005",1,0.1,"holdout",2.78231485582063,2.81179294446499,0.0294780886443562,2.7847025829603,2.80823669086885,0.0235341079085536
"TPL_017","TPL_017_EVENT_007","TPL_017_RUN_013","none","Burst","none","standalone_burst","TPL_017_PULSE_005",31.4046274921069,32.3046274921069,0.899999999999999,31.4433852933381,32.2068558479158,0.763470554577715,104,111,8,7,5.1613329333486,"weak",8,"BQ_049",FALSE,"none","first_to_last_pulse_exposed_spike","PHENO_0085","no_burst_evidence",2.01204952870701,"eligible","S0005",1,0.1,"holdout",3.14046274921069,3.23046274921069,0.0899999999999999,3.14433852933381,3.22068558479158,0.0763470554577715
"TPL_017","TPL_017_EVENT_001","TPL_017_RUN_002","none","Burst","none","standalone_burst","TPL_017_PULSE_001",2.57975111222047,3.47975111222047,0.9,2.60040453604072,3.34885074072604,0.748446204685323,9,17,9,8,6.24325149587821,"moderate",9,"BQ_050",FALSE,"none","first_to_last_pulse_exposed_spike","PHENO_0081","no_burst_evidence",3.0237189141015,"eligible","S0042",4,0.4,"holdout",1.03190044488819,1.39190044488819,0.36,1.04016181441629,1.33954029629042,0.299378481874129
"TPL_017","TPL_017_EVENT_002","TPL_017_RUN_004","none","Burst","none","standalone_burst","TPL_017_PULSE_002",3.89718609900271,4.22241225212647,0.325226153123768,3.93144609783863,4.18280939148969,0.251363293651061,18,22,5,4,11.9293146338314,"strong",5,"BQ_051",FALSE,"none","first_to_last_pulse_exposed_spike","PHENO_0082","no_burst_evidence",3.06316591044074,"eligible","S0042",4,0.4,"holdout",1.55887443960108,1.68896490085059,0.130090461249507,1.57257843913545,1.67312375659587,0.100545317460424
"TPL_017","TPL_017_EVENT_003","TPL_017_RUN_005","none","Pause","canonical","canonical","none",,,,4.18280939148969,7.22320380156158,3.0403944100719,22,23,2,1,,"none",,"none",FALSE,"none","observed_first_to_last_pause_boundary_spike","none","not_applicable",,"not_applicable","S0042",4,0.4,"holdout",,,,1.67312375659587,2.88928152062463,1.21615776402876
"TPL_017","TPL_017_EVENT_004","TPL_017_RUN_007","TPL_017_STATE_002","Burst","none","burst_in_hfs","TPL_017_PULSE_003",11.1095573511911,11.2870603434082,0.177502992217141,11.1219511378355,11.2602893601703,0.138338222334799,43,47,5,4,8.56396338250488,"strong",5,"BQ_093",FALSE,"none","first_to_last_pulse_exposed_spike","PHENO_0083","ambiguous_burst_like",3.97302847765336,"exclude_primary_include_sensitivity","S0042",4,0.4,"holdout",4.44382294047642,4.51482413736328,0.0710011968868564,4.44878045513418,4.5041157440681,0.0553352889339195
"TPL_017","TPL_017_EVENT_005","TPL_017_RUN_010","none","Pause","canonical","canonical","none",,,,22.1518413561237,25.5414331090943,3.38959175297059,72,73,2,1,,"none",,"none",FALSE,"none","observed_first_to_last_pause_boundary_spike","none","not_applicable",,"not_applicable","S0042",4,0.4,"holdout",,,,8.86073654244949,10.2165732436377,1.35583670118824
"TPL_017","TPL_017_EVENT_006","TPL_017_RUN_012","TPL_017_STATE_004","Burst","none","burst_in_hfs","TPL_017_PULSE_004",27.8231485582063,28.1179294446499,0.294780886443561,27.847025829603,28.0823669086885,0.235341079085536,84,89,6,5,7.25623798917513,"moderate",6,"BQ_094",FALSE,"none","first_to_last_pulse_exposed_spike","PHENO_0084","no_burst_evidence",2.69736314193232,"eligible","S0042",4,0.4,"holdout",11.1292594232825,11.24717177786,0.117912354577425,11.1388103318412,11.2329467634754,0.0941364316342145
"TPL_017","TPL_017_EVENT_007","TPL_017_RUN_013","none","Burst","none","standalone_burst","TPL_017_PULSE_005",31.4046274921069,32.3046274921069,0.899999999999999,31.4433852933381,32.2068558479158,0.763470554577715,104,111,8,7,5.1613329333486,"weak",8,"BQ_049",FALSE,"none","first_to_last_pulse_exposed_spike","PHENO_0085","no_burst_evidence",2.01204952870701,"eligible","S0042",4,0.4,"holdout",12.5618509968428,12.9218509968428,0.359999999999999,12.5773541173352,12.8827423391663,0.305388221831086
"TPL_017","TPL_017_EVENT_001","TPL_017_RUN_002","none","Burst","none","standalone_burst","TPL_017_PULSE_001",2.57975111222047,3.47975111222047,0.9,2.60040453604072,3.34885074072604,0.748446204685323,9,17,9,8,6.24325149587821,"moderate",9,"BQ_050",FALSE,"none","first_to_last_pulse_exposed_spike","PHENO_0081","no_burst_evidence",3.0237189141015,"eligible","S0029",10,1,"holdout",2.57975111222047,3.47975111222047,0.9,2.60040453604072,3.34885074072604,0.748446204685323
"TPL_017","TPL_017_EVENT_002","TPL_017_RUN_004","none","Burst","none","standalone_burst","TPL_017_PULSE_002",3.89718609900271,4.22241225212647,0.325226153123768,3.93144609783863,4.18280939148969,0.251363293651061,18,22,5,4,11.9293146338314,"strong",5,"BQ_051",FALSE,"none","first_to_last_pulse_exposed_spike","PHENO_0082","no_burst_evidence",3.06316591044074,"eligible","S0029",10,1,"holdout",3.89718609900271,4.22241225212647,0.325226153123768,3.93144609783863,4.18280939148969,0.251363293651061
"TPL_017","TPL_017_EVENT_003","TPL_017_RUN_005","none","Pause","canonical","canonical","none",,,,4.18280939148969,7.22320380156158,3.0403944100719,22,23,2,1,,"none",,"none",FALSE,"none","observed_first_to_last_pause_boundary_spike","none","not_applicable",,"not_applicable","S0029",10,1,"holdout",,,,4.18280939148969,7.22320380156158,3.0403944100719
"TPL_017","TPL_017_EVENT_004","TPL_017_RUN_007","TPL_017_STATE_002","Burst","none","burst_in_hfs","TPL_017_PULSE_003",11.1095573511911,11.2870603434082,0.177502992217141,11.1219511378355,11.2602893601703,0.138338222334799,43,47,5,4,8.56396338250488,"strong",5,"BQ_093",FALSE,"none","first_to_last_pulse_exposed_spike","PHENO_0083","ambiguous_burst_like",3.97302847765336,"exclude_primary_include_sensitivity","S0029",10,1,"holdout",11.1095573511911,11.2870603434082,0.177502992217141,11.1219511378355,11.2602893601703,0.138338222334799
"TPL_017","TPL_017_EVENT_005","TPL_017_RUN_010","none","Pause","canonical","canonical","none",,,,22.1518413561237,25.5414331090943,3.38959175297059,72,73,2,1,,"none",,"none",FALSE,"none","observed_first_to_last_pause_boundary_spike","none","not_applicable",,"not_applicable","S0029",10,1,"holdout",,,,22.1518413561237,25.5414331090943,3.38959175297059
"TPL_017","TPL_017_EVENT_006","TPL_017_RUN_012","TPL_017_STATE_004","Burst","none","burst_in_hfs","TPL_017_PULSE_004",27.8231485582063,28.1179294446499,0.294780886443561,27.847025829603,28.0823669086885,0.235341079085536,84,89,6,5,7.25623798917513,"moderate",6,"BQ_094",FALSE,"none","first_to_last_pulse_exposed_spike","PHENO_0084","no_burst_evidence",2.69736314193232,"eligible","S0029",10,1,"holdout",27.8231485582063,28.1179294446499,0.294780886443561,27.847025829603,28.0823669086885,0.235341079085536
"TPL_017","TPL_017_EVENT_007","TPL_017_RUN_013","none","Burst","none","standalone_burst","TPL_017_PULSE_005",31.4046274921069,32.3046274921069,0.899999999999999,31.4433852933381,32.2068558479158,0.763470554577715,104,111,8,7,5.1613329333486,"weak",8,"BQ_049",FALSE,"none","first_to_last_pulse_exposed_spike","PHENO_0085","no_burst_evidence",2.01204952870701,"eligible","S0029",10,1,"holdout",31.4046274921069,32.3046274921069,0.899999999999999,31.4433852933381,32.2068558479158,0.763470554577715
"TPL_018","TPL_018_EVENT_001","TPL_018_RUN_002","none","Burst","none","standalone_burst","TPL_018_PULSE_001",3.91992546137033,4.27881843385217,0.358892972481848,3.96782248484295,4.257781590801,0.289959105958045,26,29,4,3,6.72410509851761,"moderate",4,"BQ_053",TRUE,"none","first_to_last_pulse_exposed_spike","PHENO_0086","no_burst_evidence",1.82280116191476,"eligible","S0023",1,0.1,"holdout",0.391992546137033,0.427881843385217,0.0358892972481848,0.396782248484295,0.4257781590801,0.0289959105958045
"TPL_018","TPL_018_EVENT_002","TPL_018_RUN_005","none","Pause","complex_multi_gap","complex_multi_gap","none",,,,12.1963756509067,18.1818783249648,5.98550267405808,41,43,3,2,,"none",,"none",FALSE,"none","observed_first_to_last_pause_boundary_spike","none","not_applicable",,"not_applicable","S0023",1,0.1,"holdout",,,,1.21963756509067,1.81818783249648,0.598550267405808
"TPL_018","TPL_018_EVENT_003","TPL_018_RUN_006","none","Burst","none","standalone_burst","TPL_018_PULSE_002",18.16991092948,18.7459922718562,0.576081342376181,18.1818783249648,18.7337206882789,0.551842363314108,43,49,7,6,11.2954390626401,"strong",7,"BQ_054",FALSE,"none","first_to_last_pulse_exposed_spike","PHENO_0087","clear_burst_like",4.50061984867264,"eligible","S0023",1,0.1,"holdout",1.816991092948,1.87459922718562,0.0576081342376181,1.81818783249648,1.87337206882789,0.0551842363314108
"TPL_018","TPL_018_EVENT_004","TPL_018_RUN_008","none","Burst","none","standalone_burst","TPL_018_PULSE_003",19.294188688966,20.194188688966,0.899999999999999,19.362418274711,20.1912024263068,0.828784151595777,50,55,6,5,4.70787359820679,"weak",6,"BQ_052",FALSE,"none","first_to_last_pulse_exposed_spike","PHENO_0088","no_burst_evidence",2.03934829096866,"eligible","S0023",1,0.1,"holdout",1.9294188688966,2.0194188688966,0.0899999999999999,1.9362418274711,2.01912024263068,0.0828784151595777
"TPL_018","TPL_018_EVENT_005","TPL_018_RUN_009","TPL_018_STATE_003","Burst","none","burst_in_hfs","TPL_018_PULSE_004",22.9231085443866,23.2347163016617,0.311607757275112,22.9258101804932,23.2133742594557,0.287564078962529,65,71,7,6,6.69704700191505,"moderate",7,"BQ_095",FALSE,"none","first_to_last_pulse_exposed_spike","PHENO_0089","ambiguous_burst_like",3.80996620459378,"exclude_primary_include_sensitivity","S0023",1,0.1,"holdout",2.29231085443866,2.32347163016617,0.0311607757275112,2.29258101804932,2.32133742594557,0.0287564078962529
"TPL_018","TPL_018_EVENT_006","TPL_018_RUN_010","none","Pause","canonical","canonical","none",,,,26.7856271890809,29.7443593822306,2.95873219314963,86,87,2,1,,"none",,"none",FALSE,"TPL_018_REGIME_01","observed_first_to_last_pause_boundary_spike","none","not_applicable",,"not_applicable","S0023",1,0.1,"holdout",,,,2.67856271890809,2.97443593822306,0.295873219314963
"TPL_018","TPL_018_EVENT_007","TPL_018_RUN_011","TPL_018_STATE_004","Burst","none","burst_in_hfs","TPL_018_PULSE_005",31.9722988447974,32.2779613717941,0.305662526996635,31.9822853554979,32.2725219338678,0.290236578369875,98,105,8,7,8.52081177476794,"strong",8,"BQ_096",FALSE,"none","first_to_last_pulse_exposed_spike","PHENO_0090","clear_burst_like",4.50211067671179,"eligible","S0023",1,0.1,"holdout",3.19722988447974,3.22779613717941,0.0305662526996635,3.19822853554979,3.22725219338678,0.0290236578369875
"TPL_018","TPL_018_EVENT_008","TPL_018_RUN_013","none","Pause","canonical","canonical","none",,,,38.0430893822075,42.6530544570615,4.60996507485397,129,130,2,1,,"none",,"none",FALSE,"none","observed_first_to_last_pause_boundary_spike","none","not_applicable",,"not_applicable","S0023",1,0.1,"holdout",,,,3.80430893822075,4.26530544570615,0.460996507485397
"TPL_018","TPL_018_EVENT_001","TPL_018_RUN_002","none","Burst","none","standalone_burst","TPL_018_PULSE_001",3.91992546137033,4.27881843385217,0.358892972481848,3.96782248484295,4.257781590801,0.289959105958045,26,29,4,3,6.72410509851761,"moderate",4,"BQ_053",TRUE,"none","first_to_last_pulse_exposed_spike","PHENO_0086","no_burst_evidence",1.82280116191476,"eligible","S0017",4,0.4,"holdout",1.56797018454813,1.71152737354087,0.143557188992739,1.58712899393718,1.7031126363204,0.115983642383218
"TPL_018","TPL_018_EVENT_002","TPL_018_RUN_005","none","Pause","complex_multi_gap","complex_multi_gap","none",,,,12.1963756509067,18.1818783249648,5.98550267405808,41,43,3,2,,"none",,"none",FALSE,"none","observed_first_to_last_pause_boundary_spike","none","not_applicable",,"not_applicable","S0017",4,0.4,"holdout",,,,4.87855026036269,7.27275132998592,2.39420106962323
"TPL_018","TPL_018_EVENT_003","TPL_018_RUN_006","none","Burst","none","standalone_burst","TPL_018_PULSE_002",18.16991092948,18.7459922718562,0.576081342376181,18.1818783249648,18.7337206882789,0.551842363314108,43,49,7,6,11.2954390626401,"strong",7,"BQ_054",FALSE,"none","first_to_last_pulse_exposed_spike","PHENO_0087","clear_burst_like",4.50061984867264,"eligible","S0017",4,0.4,"holdout",7.26796437179202,7.49839690874249,0.230432536950472,7.27275132998592,7.49348827531156,0.220736945325643
"TPL_018","TPL_018_EVENT_004","TPL_018_RUN_008","none","Burst","none","standalone_burst","TPL_018_PULSE_003",19.294188688966,20.194188688966,0.899999999999999,19.362418274711,20.1912024263068,0.828784151595777,50,55,6,5,4.70787359820679,"weak",6,"BQ_052",FALSE,"none","first_to_last_pulse_exposed_spike","PHENO_0088","no_burst_evidence",2.03934829096866,"eligible","S0017",4,0.4,"holdout",7.71767547558638,8.07767547558638,0.359999999999999,7.7449673098844,8.07648097052271,0.331513660638311
"TPL_018","TPL_018_EVENT_005","TPL_018_RUN_009","TPL_018_STATE_003","Burst","none","burst_in_hfs","TPL_018_PULSE_004",22.9231085443866,23.2347163016617,0.311607757275112,22.9258101804932,23.2133742594557,0.287564078962529,65,71,7,6,6.69704700191505,"moderate",7,"BQ_095",FALSE,"none","first_to_last_pulse_exposed_spike","PHENO_0089","ambiguous_burst_like",3.80996620459378,"exclude_primary_include_sensitivity","S0017",4,0.4,"holdout",9.16924341775465,9.2938865206647,0.124643102910045,9.17032407219728,9.28534970378229,0.115025631585011
"TPL_018","TPL_018_EVENT_006","TPL_018_RUN_010","none","Pause","canonical","canonical","none",,,,26.7856271890809,29.7443593822306,2.95873219314963,86,87,2,1,,"none",,"none",FALSE,"TPL_018_REGIME_01","observed_first_to_last_pause_boundary_spike","none","not_applicable",,"not_applicable","S0017",4,0.4,"holdout",,,,10.7142508756324,11.8977437528922,1.18349287725985
"TPL_018","TPL_018_EVENT_007","TPL_018_RUN_011","TPL_018_STATE_004","Burst","none","burst_in_hfs","TPL_018_PULSE_005",31.9722988447974,32.2779613717941,0.305662526996635,31.9822853554979,32.2725219338678,0.290236578369875,98,105,8,7,8.52081177476794,"strong",8,"BQ_096",FALSE,"none","first_to_last_pulse_exposed_spike","PHENO_0090","clear_burst_like",4.50211067671179,"eligible","S0017",4,0.4,"holdout",12.788919537919,12.9111845487176,0.122265010798654,12.7929141421992,12.9090087735471,0.11609463134795
"TPL_018","TPL_018_EVENT_008","TPL_018_RUN_013","none","Pause","canonical","canonical","none",,,,38.0430893822075,42.6530544570615,4.60996507485397,129,130,2,1,,"none",,"none",FALSE,"none","observed_first_to_last_pause_boundary_spike","none","not_applicable",,"not_applicable","S0017",4,0.4,"holdout",,,,15.217235752883,17.0612217828246,1.84398602994159
"TPL_018","TPL_018_EVENT_001","TPL_018_RUN_002","none","Burst","none","standalone_burst","TPL_018_PULSE_001",3.91992546137033,4.27881843385217,0.358892972481848,3.96782248484295,4.257781590801,0.289959105958045,26,29,4,3,6.72410509851761,"moderate",4,"BQ_053",TRUE,"none","first_to_last_pulse_exposed_spike","PHENO_0086","no_burst_evidence",1.82280116191476,"eligible","S0032",10,1,"holdout",3.91992546137033,4.27881843385217,0.358892972481848,3.96782248484295,4.257781590801,0.289959105958045
"TPL_018","TPL_018_EVENT_002","TPL_018_RUN_005","none","Pause","complex_multi_gap","complex_multi_gap","none",,,,12.1963756509067,18.1818783249648,5.98550267405808,41,43,3,2,,"none",,"none",FALSE,"none","observed_first_to_last_pause_boundary_spike","none","not_applicable",,"not_applicable","S0032",10,1,"holdout",,,,12.1963756509067,18.1818783249648,5.98550267405808
"TPL_018","TPL_018_EVENT_003","TPL_018_RUN_006","none","Burst","none","standalone_burst","TPL_018_PULSE_002",18.16991092948,18.7459922718562,0.576081342376181,18.1818783249648,18.7337206882789,0.551842363314108,43,49,7,6,11.2954390626401,"strong",7,"BQ_054",FALSE,"none","first_to_last_pulse_exposed_spike","PHENO_0087","clear_burst_like",4.50061984867264,"eligible","S0032",10,1,"holdout",18.16991092948,18.7459922718562,0.576081342376181,18.1818783249648,18.7337206882789,0.551842363314108
"TPL_018","TPL_018_EVENT_004","TPL_018_RUN_008","none","Burst","none","standalone_burst","TPL_018_PULSE_003",19.294188688966,20.194188688966,0.899999999999999,19.362418274711,20.1912024263068,0.828784151595777,50,55,6,5,4.70787359820679,"weak",6,"BQ_052",FALSE,"none","first_to_last_pulse_exposed_spike","PHENO_0088","no_burst_evidence",2.03934829096866,"eligible","S0032",10,1,"holdout",19.294188688966,20.194188688966,0.899999999999999,19.362418274711,20.1912024263068,0.828784151595777
"TPL_018","TPL_018_EVENT_005","TPL_018_RUN_009","TPL_018_STATE_003","Burst","none","burst_in_hfs","TPL_018_PULSE_004",22.9231085443866,23.2347163016617,0.311607757275112,22.9258101804932,23.2133742594557,0.287564078962529,65,71,7,6,6.69704700191505,"moderate",7,"BQ_095",FALSE,"none","first_to_last_pulse_exposed_spike","PHENO_0089","ambiguous_burst_like",3.80996620459378,"exclude_primary_include_sensitivity","S0032",10,1,"holdout",22.9231085443866,23.2347163016617,0.311607757275112,22.9258101804932,23.2133742594557,0.287564078962529
"TPL_018","TPL_018_EVENT_006","TPL_018_RUN_010","none","Pause","canonical","canonical","none",,,,26.7856271890809,29.7443593822306,2.95873219314963,86,87,2,1,,"none",,"none",FALSE,"TPL_018_REGIME_01","observed_first_to_last_pause_boundary_spike","none","not_applicable",,"not_applicable","S0032",10,1,"holdout",,,,26.7856271890809,29.7443593822306,2.95873219314963
"TPL_018","TPL_018_EVENT_007","TPL_018_RUN_011","TPL_018_STATE_004","Burst","none","burst_in_hfs","TPL_018_PULSE_005",31.9722988447974,32.2779613717941,0.305662526996635,31.9822853554979,32.2725219338678,0.290236578369875,98,105,8,7,8.52081177476794,"strong",8,"BQ_096",FALSE,"none","first_to_last_pulse_exposed_spike","PHENO_0090","clear_burst_like",4.50211067671179,"eligible","S0032",10,1,"holdout",31.9722988447974,32.2779613717941,0.305662526996635,31.9822853554979,32.2725219338678,0.290236578369875
"TPL_018","TPL_018_EVENT_008","TPL_018_RUN_013","none","Pause","canonical","canonical","none",,,,38.0430893822075,42.6530544570615,4.60996507485397,129,130,2,1,,"none",,"none",FALSE,"none","observed_first_to_last_pause_boundary_spike","none","not_applicable",,"not_applicable","S0032",10,1,"holdout",,,,38.0430893822075,42.6530544570615,4.60996507485397
"TPL_019","TPL_019_EVENT_001","TPL_019_RUN_001","none","Burst","none","standalone_burst","TPL_019_PULSE_001",-0.0641056041687749,0.468100893353282,0.532206497522057,0,0.379075145433936,0.379075145433936,1,5,5,4,8.46849925350398,"strong",5,"BQ_057",FALSE,"none","first_to_last_pulse_exposed_spike","PHENO_0091","no_burst_evidence",2.51966705956881,"eligible","S0047",1,0.1,"holdout",-0.00641056041687749,0.0468100893353282,0.0532206497522057,0,0.0379075145433936,0.0379075145433936
"TPL_019","TPL_019_EVENT_002","TPL_019_RUN_003","none","Pause","canonical","canonical","none",,,,5.53508137498762,8.4360279762816,2.90094660129398,27,28,2,1,,"none",,"none",FALSE,"none","observed_first_to_last_pause_boundary_spike","none","not_applicable",,"not_applicable","S0047",1,0.1,"holdout",,,,0.553508137498762,0.84360279762816,0.290094660129398
"TPL_019","TPL_019_EVENT_003","TPL_019_RUN_005","TPL_019_STATE_002","Burst","none","burst_in_hfs","TPL_019_PULSE_002",14.3881088695196,14.925254106578,0.537145237058379,14.4296372853002,14.9015989007335,0.471961615433221,40,48,9,8,5.2278580913553,"weak",9,"BQ_097",FALSE,"none","first_to_last_pulse_exposed_spike","PHENO_0092","clear_burst_like",4.67551725602997,"eligible","S0047",1,0.1,"holdout",1.43881088695196,1.4925254106578,0.0537145237058379,1.44296372853002,1.49015989007335,0.0471961615433221
"TPL_019","TPL_019_EVENT_004","TPL_019_RUN_007","none","Burst","none","standalone_burst","TPL_019_PULSE_003",22.2975090889491,23.1975090889491,0.900000000000002,22.4634093571967,23.134303210656,0.670893853459344,67,74,8,7,4.706699116854,"weak",8,"BQ_055",FALSE,"none","first_to_last_pulse_exposed_spike","PHENO_0093","ambiguous_burst_like",3.92997342534877,"exclude_primary_include_sensitivity","S0047",1,0.1,"holdout",2.22975090889491,2.31975090889491,0.0900000000000002,2.24634093571967,2.3134303210656,0.0670893853459344
"TPL_019","TPL_019_EVENT_005","TPL_019_RUN_009","none","Burst","none","standalone_burst","TPL_019_PULSE_004",23.5726981303658,24.4726981303658,0.899999999999999,23.6445173053805,24.4366329514446,0.792115646064026,75,83,9,8,6.62730164139066,"moderate",9,"BQ_056",FALSE,"none","first_to_last_pulse_exposed_spike","PHENO_0094","no_burst_evidence",3.23824467906475,"eligible","S0047",1,0.1,"holdout",2.35726981303658,2.44726981303658,0.0899999999999999,2.36445173053805,2.44366329514446,0.0792115646064026
"TPL_019","TPL_019_EVENT_006","TPL_019_RUN_014","none","Pause","canonical","canonical","none",,,,38.0149293515369,42.1117743921004,4.09684504056349,108,109,2,1,,"none",,"none",FALSE,"none","observed_first_to_last_pause_boundary_spike","none","not_applicable",,"not_applicable","S0047",1,0.1,"holdout",,,,3.80149293515369,4.21117743921004,0.409684504056349
"TPL_019","TPL_019_EVENT_007","TPL_019_RUN_016","TPL_019_STATE_005","Burst","none","burst_in_hfs","TPL_019_PULSE_005",44.9411890930777,45.1451049447398,0.20391585166206,44.9477944260603,45.1070086607927,0.159214234732396,119,123,5,4,10.9056648910046,"strong",5,"BQ_098",FALSE,"none","first_to_last_pulse_exposed_spike","PHENO_0095","clear_burst_like",4.28707358410033,"eligible","S0047",1,0.1,"holdout",4.49411890930778,4.51451049447398,0.020391585166206,4.49477944260603,4.51070086607927,0.0159214234732396
"TPL_019","TPL_019_EVENT_001","TPL_019_RUN_001","none","Burst","none","standalone_burst","TPL_019_PULSE_001",-0.0641056041687749,0.468100893353282,0.532206497522057,0,0.379075145433936,0.379075145433936,1,5,5,4,8.46849925350398,"strong",5,"BQ_057",FALSE,"none","first_to_last_pulse_exposed_spike","PHENO_0091","no_burst_evidence",2.51966705956881,"eligible","S0037",4,0.4,"holdout",-0.0256422416675099,0.187240357341313,0.212882599008823,0,0.151630058173574,0.151630058173574
"TPL_019","TPL_019_EVENT_002","TPL_019_RUN_003","none","Pause","canonical","canonical","none",,,,5.53508137498762,8.4360279762816,2.90094660129398,27,28,2,1,,"none",,"none",FALSE,"none","observed_first_to_last_pause_boundary_spike","none","not_applicable",,"not_applicable","S0037",4,0.4,"holdout",,,,2.21403254999505,3.37441119051264,1.16037864051759
"TPL_019","TPL_019_EVENT_003","TPL_019_RUN_005","TPL_019_STATE_002","Burst","none","burst_in_hfs","TPL_019_PULSE_002",14.3881088695196,14.925254106578,0.537145237058379,14.4296372853002,14.9015989007335,0.471961615433221,40,48,9,8,5.2278580913553,"weak",9,"BQ_097",FALSE,"none","first_to_last_pulse_exposed_spike","PHENO_0092","clear_burst_like",4.67551725602997,"eligible","S0037",4,0.4,"holdout",5.75524354780784,5.9701016426312,0.214858094823352,5.77185491412009,5.96063956029338,0.188784646173288
"TPL_019","TPL_019_EVENT_004","TPL_019_RUN_007","none","Burst","none","standalone_burst","TPL_019_PULSE_003",22.2975090889491,23.1975090889491,0.900000000000002,22.4634093571967,23.134303210656,0.670893853459344,67,74,8,7,4.706699116854,"weak",8,"BQ_055",FALSE,"none","first_to_last_pulse_exposed_spike","PHENO_0093","ambiguous_burst_like",3.92997342534877,"exclude_primary_include_sensitivity","S0037",4,0.4,"holdout",8.91900363557963,9.27900363557963,0.360000000000001,8.98536374287868,9.25372128426242,0.268357541383737
"TPL_019","TPL_019_EVENT_005","TPL_019_RUN_009","none","Burst","none","standalone_burst","TPL_019_PULSE_004",23.5726981303658,24.4726981303658,0.899999999999999,23.6445173053805,24.4366329514446,0.792115646064026,75,83,9,8,6.62730164139066,"moderate",9,"BQ_056",FALSE,"none","first_to_last_pulse_exposed_spike","PHENO_0094","no_burst_evidence",3.23824467906475,"eligible","S0037",4,0.4,"holdout",9.42907925214631,9.78907925214631,0.359999999999999,9.45780692215222,9.77465318057783,0.31684625842561
"TPL_019","TPL_019_EVENT_006","TPL_019_RUN_014","none","Pause","canonical","canonical","none",,,,38.0149293515369,42.1117743921004,4.09684504056349,108,109,2,1,,"none",,"none",FALSE,"none","observed_first_to_last_pause_boundary_spike","none","not_applicable",,"not_applicable","S0037",4,0.4,"holdout",,,,15.2059717406148,16.8447097568402,1.6387380162254
"TPL_019","TPL_019_EVENT_007","TPL_019_RUN_016","TPL_019_STATE_005","Burst","none","burst_in_hfs","TPL_019_PULSE_005",44.9411890930777,45.1451049447398,0.20391585166206,44.9477944260603,45.1070086607927,0.159214234732396,119,123,5,4,10.9056648910046,"strong",5,"BQ_098",FALSE,"none","first_to_last_pulse_exposed_spike","PHENO_0095","clear_burst_like",4.28707358410033,"eligible","S0037",4,0.4,"holdout",17.9764756372311,18.0580419778959,0.0815663406648241,17.9791177704241,18.0428034643171,0.0636856938929583
"TPL_019","TPL_019_EVENT_001","TPL_019_RUN_001","none","Burst","none","standalone_burst","TPL_019_PULSE_001",-0.0641056041687749,0.468100893353282,0.532206497522057,0,0.379075145433936,0.379075145433936,1,5,5,4,8.46849925350398,"strong",5,"BQ_057",FALSE,"none","first_to_last_pulse_exposed_spike","PHENO_0091","no_burst_evidence",2.51966705956881,"eligible","S0025",10,1,"holdout",-0.0641056041687749,0.468100893353282,0.532206497522057,0,0.379075145433936,0.379075145433936
"TPL_019","TPL_019_EVENT_002","TPL_019_RUN_003","none","Pause","canonical","canonical","none",,,,5.53508137498762,8.4360279762816,2.90094660129398,27,28,2,1,,"none",,"none",FALSE,"none","observed_first_to_last_pause_boundary_spike","none","not_applicable",,"not_applicable","S0025",10,1,"holdout",,,,5.53508137498762,8.4360279762816,2.90094660129398
"TPL_019","TPL_019_EVENT_003","TPL_019_RUN_005","TPL_019_STATE_002","Burst","none","burst_in_hfs","TPL_019_PULSE_002",14.3881088695196,14.925254106578,0.537145237058379,14.4296372853002,14.9015989007335,0.471961615433221,40,48,9,8,5.2278580913553,"weak",9,"BQ_097",FALSE,"none","first_to_last_pulse_exposed_spike","PHENO_0092","clear_burst_like",4.67551725602997,"eligible","S0025",10,1,"holdout",14.3881088695196,14.925254106578,0.537145237058379,14.4296372853002,14.9015989007335,0.471961615433221
"TPL_019","TPL_019_EVENT_004","TPL_019_RUN_007","none","Burst","none","standalone_burst","TPL_019_PULSE_003",22.2975090889491,23.1975090889491,0.900000000000002,22.4634093571967,23.134303210656,0.670893853459344,67,74,8,7,4.706699116854,"weak",8,"BQ_055",FALSE,"none","first_to_last_pulse_exposed_spike","PHENO_0093","ambiguous_burst_like",3.92997342534877,"exclude_primary_include_sensitivity","S0025",10,1,"holdout",22.2975090889491,23.1975090889491,0.900000000000002,22.4634093571967,23.134303210656,0.670893853459344
"TPL_019","TPL_019_EVENT_005","TPL_019_RUN_009","none","Burst","none","standalone_burst","TPL_019_PULSE_004",23.5726981303658,24.4726981303658,0.899999999999999,23.6445173053805,24.4366329514446,0.792115646064026,75,83,9,8,6.62730164139066,"moderate",9,"BQ_056",FALSE,"none","first_to_last_pulse_exposed_spike","PHENO_0094","no_burst_evidence",3.23824467906475,"eligible","S0025",10,1,"holdout",23.5726981303658,24.4726981303658,0.899999999999999,23.6445173053805,24.4366329514446,0.792115646064026
"TPL_019","TPL_019_EVENT_006","TPL_019_RUN_014","none","Pause","canonical","canonical","none",,,,38.0149293515369,42.1117743921004,4.09684504056349,108,109,2,1,,"none",,"none",FALSE,"none","observed_first_to_last_pause_boundary_spike","none","not_applicable",,"not_applicable","S0025",10,1,"holdout",,,,38.0149293515369,42.1117743921004,4.09684504056349
"TPL_019","TPL_019_EVENT_007","TPL_019_RUN_016","TPL_019_STATE_005","Burst","none","burst_in_hfs","TPL_019_PULSE_005",44.9411890930777,45.1451049447398,0.20391585166206,44.9477944260603,45.1070086607927,0.159214234732396,119,123,5,4,10.9056648910046,"strong",5,"BQ_098",FALSE,"none","first_to_last_pulse_exposed_spike","PHENO_0095","clear_burst_like",4.28707358410033,"eligible","S0025",10,1,"holdout",44.9411890930777,45.1451049447398,0.20391585166206,44.9477944260603,45.1070086607927,0.159214234732396
"TPL_020","TPL_020_EVENT_001","TPL_020_RUN_001","none","Burst","none","standalone_burst","TPL_020_PULSE_001",-0.0198838445900574,0.596693409851651,0.616577254441708,0,0.537344407600089,0.537344407600089,1,7,7,6,6.32576429645997,"moderate",7,"BQ_059",FALSE,"none","first_to_last_pulse_exposed_spike","PHENO_0096","no_burst_evidence",-0.973903876980596,"eligible","S0021",1,0.1,"holdout",-0.00198838445900574,0.0596693409851651,0.0616577254441708,0,0.0537344407600089,0.0537344407600089
"TPL_020","TPL_020_EVENT_002","TPL_020_RUN_003","none","Burst","none","standalone_burst","TPL_020_PULSE_002",1.02146463925192,1.52867881803164,0.507214178779714,1.08212154580533,1.49613475405707,0.414013208251736,8,15,8,7,11.7710827216506,"strong",8,"BQ_060",FALSE,"none","first_to_last_pulse_exposed_spike","PHENO_0097","clear_burst_like",6.74980253753943,"eligible","S0021",1,0.1,"holdout",0.102146463925192,0.152867881803164,0.0507214178779714,0.108212154580533,0.149613475405707,0.0414013208251736
"TPL_020","TPL_020_EVENT_003","TPL_020_RUN_005","none","Pause","complex_multi_gap","complex_multi_gap","none",,,,6.11819777404314,12.8084039497132,6.69020617567003,23,26,4,3,,"none",,"none",FALSE,"none","observed_first_to_last_pause_boundary_spike","none","not_applicable",,"not_applicable","S0021",1,0.1,"holdout",,,,0.611819777404314,1.28084039497132,0.669020617567003
"TPL_020","TPL_020_EVENT_004","TPL_020_RUN_007","none","Pause","canonical","canonical","none",,,,14.8847509597501,17.958657498665,3.07390653891489,34,35,2,1,,"none",,"none",FALSE,"none","observed_first_to_last_pause_boundary_spike","none","not_applicable",,"not_applicable","S0021",1,0.1,"holdout",,,,1.48847509597501,1.7958657498665,0.307390653891489
"TPL_020","TPL_020_EVENT_005","TPL_020_RUN_009","none","Burst","none","standalone_burst","TPL_020_PULSE_003",22.7057593195669,23.5297724107629,0.824013091195923,22.7563351577603,23.4935190557834,0.737183898023016,56,61,6,5,4.16814018483274,"weak",6,"BQ_058",FALSE,"none","first_to_last_pulse_exposed_spike","PHENO_0098","no_burst_evidence",0.587968709589715,"eligible","S0021",1,0.1,"holdout",2.27057593195669,2.35297724107629,0.0824013091195923,2.27563351577603,2.34935190557834,0.0737183898023016
"TPL_020","TPL_020_EVENT_006","TPL_020_RUN_010","TPL_020_STATE_004","Burst","none","burst_in_hfs","TPL_020_PULSE_004",26.0598248689651,26.3797575926852,0.319932723720065,26.0645309910373,26.3612345365322,0.296703545494839,72,77,6,5,5.1992655742215,"weak",6,"BQ_099",FALSE,"none","first_to_last_pulse_exposed_spike","PHENO_0099","ambiguous_burst_like",3.49764942329303,"exclude_primary_include_sensitivity","S0021",1,0.1,"holdout",2.60598248689651,2.63797575926852,0.0319932723720065,2.60645309910373,2.63612345365322,0.029670354549484
"TPL_020","TPL_020_EVENT_007","TPL_020_RUN_011","none","Pause","canonical","canonical","none",,,,30.3060010488114,34.5400422063625,4.23404115755111,95,96,2,1,,"none",,"none",FALSE,"TPL_020_REGIME_01","observed_first_to_last_pause_boundary_spike","none","not_applicable",,"not_applicable","S0021",1,0.1,"holdout",,,,3.03060010488114,3.45400422063625,0.423404115755111
"TPL_020","TPL_020_EVENT_008","TPL_020_RUN_012","TPL_020_STATE_005","Burst","none","burst_in_hfs","TPL_020_PULSE_005",37.2941319199074,37.6208818563548,0.326749936447385,37.2985042916926,37.61596964383,0.317465352137432,108,114,7,6,6.52033270348329,"moderate",7,"BQ_100",FALSE,"none","first_to_last_pulse_exposed_spike","PHENO_0100","ambiguous_burst_like",3.73951169121386,"exclude_primary_include_sensitivity","S0021",1,0.1,"holdout",3.72941319199074,3.76208818563548,0.0326749936447385,3.72985042916926,3.761596964383,0.0317465352137432
"TPL_020","TPL_020_EVENT_001","TPL_020_RUN_001","none","Burst","none","standalone_burst","TPL_020_PULSE_001",-0.0198838445900574,0.596693409851651,0.616577254441708,0,0.537344407600089,0.537344407600089,1,7,7,6,6.32576429645997,"moderate",7,"BQ_059",FALSE,"none","first_to_last_pulse_exposed_spike","PHENO_0096","no_burst_evidence",-0.973903876980596,"eligible","S0020",4,0.4,"holdout",-0.00795353783602297,0.23867736394066,0.246630901776683,0,0.214937763040036,0.214937763040036
"TPL_020","TPL_020_EVENT_002","TPL_020_RUN_003","none","Burst","none","standalone_burst","TPL_020_PULSE_002",1.02146463925192,1.52867881803164,0.507214178779714,1.08212154580533,1.49613475405707,0.414013208251736,8,15,8,7,11.7710827216506,"strong",8,"BQ_060",FALSE,"none","first_to_last_pulse_exposed_spike","PHENO_0097","clear_burst_like",6.74980253753943,"eligible","S0020",4,0.4,"holdout",0.408585855700769,0.611471527212654,0.202885671511886,0.432848618322134,0.598453901622828,0.165605283300694
"TPL_020","TPL_020_EVENT_003","TPL_020_RUN_005","none","Pause","complex_multi_gap","complex_multi_gap","none",,,,6.11819777404314,12.8084039497132,6.69020617567003,23,26,4,3,,"none",,"none",FALSE,"none","observed_first_to_last_pause_boundary_spike","none","not_applicable",,"not_applicable","S0020",4,0.4,"holdout",,,,2.44727910961726,5.12336157988527,2.67608247026801
"TPL_020","TPL_020_EVENT_004","TPL_020_RUN_007","none","Pause","canonical","canonical","none",,,,14.8847509597501,17.958657498665,3.07390653891489,34,35,2,1,,"none",,"none",FALSE,"none","observed_first_to_last_pause_boundary_spike","none","not_applicable",,"not_applicable","S0020",4,0.4,"holdout",,,,5.95390038390003,7.18346299946599,1.22956261556596
"TPL_020","TPL_020_EVENT_005","TPL_020_RUN_009","none","Burst","none","standalone_burst","TPL_020_PULSE_003",22.7057593195669,23.5297724107629,0.824013091195923,22.7563351577603,23.4935190557834,0.737183898023016,56,61,6,5,4.16814018483274,"weak",6,"BQ_058",FALSE,"none","first_to_last_pulse_exposed_spike","PHENO_0098","no_burst_evidence",0.587968709589715,"eligible","S0020",4,0.4,"holdout",9.08230372782678,9.41190896430515,0.329605236478369,9.10253406310414,9.39740762231335,0.294873559209206
"TPL_020","TPL_020_EVENT_006","TPL_020_RUN_010","TPL_020_STATE_004","Burst","none","burst_in_hfs","TPL_020_PULSE_004",26.0598248689651,26.3797575926852,0.319932723720065,26.0645309910373,26.3612345365322,0.296703545494839,72,77,6,5,5.1992655742215,"weak",6,"BQ_099",FALSE,"none","first_to_last_pulse_exposed_spike","PHENO_0099","ambiguous_burst_like",3.49764942329303,"exclude_primary_include_sensitivity","S0020",4,0.4,"holdout",10.423929947586,10.5519030370741,0.127973089488026,10.4258123964149,10.5444938146129,0.118681418197936
"TPL_020","TPL_020_EVENT_007","TPL_020_RUN_011","none","Pause","canonical","canonical","none",,,,30.3060010488114,34.5400422063625,4.23404115755111,95,96,2,1,,"none",,"none",FALSE,"TPL_020_REGIME_01","observed_first_to_last_pause_boundary_spike","none","not_applicable",,"not_applicable","S0020",4,0.4,"holdout",,,,12.1224004195246,13.816016882545,1.69361646302044
"TPL_020","TPL_020_EVENT_008","TPL_020_RUN_012","TPL_020_STATE_005","Burst","none","burst_in_hfs","TPL_020_PULSE_005",37.2941319199074,37.6208818563548,0.326749936447385,37.2985042916926,37.61596964383,0.317465352137432,108,114,7,6,6.52033270348329,"moderate",7,"BQ_100",FALSE,"none","first_to_last_pulse_exposed_spike","PHENO_0100","ambiguous_burst_like",3.73951169121386,"exclude_primary_include_sensitivity","S0020",4,0.4,"holdout",14.917652767963,15.0483527425419,0.130699974578954,14.919401716677,15.046387857532,0.126986140854973
"TPL_020","TPL_020_EVENT_001","TPL_020_RUN_001","none","Burst","none","standalone_burst","TPL_020_PULSE_001",-0.0198838445900574,0.596693409851651,0.616577254441708,0,0.537344407600089,0.537344407600089,1,7,7,6,6.32576429645997,"moderate",7,"BQ_059",FALSE,"none","first_to_last_pulse_exposed_spike","PHENO_0096","no_burst_evidence",-0.973903876980596,"eligible","S0003",10,1,"holdout",-0.0198838445900574,0.596693409851651,0.616577254441708,0,0.537344407600089,0.537344407600089
"TPL_020","TPL_020_EVENT_002","TPL_020_RUN_003","none","Burst","none","standalone_burst","TPL_020_PULSE_002",1.02146463925192,1.52867881803164,0.507214178779714,1.08212154580533,1.49613475405707,0.414013208251736,8,15,8,7,11.7710827216506,"strong",8,"BQ_060",FALSE,"none","first_to_last_pulse_exposed_spike","PHENO_0097","clear_burst_like",6.74980253753943,"eligible","S0003",10,1,"holdout",1.02146463925192,1.52867881803164,0.507214178779714,1.08212154580533,1.49613475405707,0.414013208251736
"TPL_020","TPL_020_EVENT_003","TPL_020_RUN_005","none","Pause","complex_multi_gap","complex_multi_gap","none",,,,6.11819777404314,12.8084039497132,6.69020617567003,23,26,4,3,,"none",,"none",FALSE,"none","observed_first_to_last_pause_boundary_spike","none","not_applicable",,"not_applicable","S0003",10,1,"holdout",,,,6.11819777404314,12.8084039497132,6.69020617567003
"TPL_020","TPL_020_EVENT_004","TPL_020_RUN_007","none","Pause","canonical","canonical","none",,,,14.8847509597501,17.958657498665,3.07390653891489,34,35,2,1,,"none",,"none",FALSE,"none","observed_first_to_last_pause_boundary_spike","none","not_applicable",,"not_applicable","S0003",10,1,"holdout",,,,14.8847509597501,17.958657498665,3.07390653891489
"TPL_020","TPL_020_EVENT_005","TPL_020_RUN_009","none","Burst","none","standalone_burst","TPL_020_PULSE_003",22.7057593195669,23.5297724107629,0.824013091195923,22.7563351577603,23.4935190557834,0.737183898023016,56,61,6,5,4.16814018483274,"weak",6,"BQ_058",FALSE,"none","first_to_last_pulse_exposed_spike","PHENO_0098","no_burst_evidence",0.587968709589715,"eligible","S0003",10,1,"holdout",22.7057593195669,23.5297724107629,0.824013091195923,22.7563351577603,23.4935190557834,0.737183898023016
"TPL_020","TPL_020_EVENT_006","TPL_020_RUN_010","TPL_020_STATE_004","Burst","none","burst_in_hfs","TPL_020_PULSE_004",26.0598248689651,26.3797575926852,0.319932723720065,26.0645309910373,26.3612345365322,0.296703545494839,72,77,6,5,5.1992655742215,"weak",6,"BQ_099",FALSE,"none","first_to_last_pulse_exposed_spike","PHENO_0099","ambiguous_burst_like",3.49764942329303,"exclude_primary_include_sensitivity","S0003",10,1,"holdout",26.0598248689651,26.3797575926852,0.319932723720065,26.0645309910373,26.3612345365322,0.296703545494839
"TPL_020","TPL_020_EVENT_007","TPL_020_RUN_011","none","Pause","canonical","canonical","none",,,,30.3060010488114,34.5400422063625,4.23404115755111,95,96,2,1,,"none",,"none",FALSE,"TPL_020_REGIME_01","observed_first_to_last_pause_boundary_spike","none","not_applicable",,"not_applicable","S0003",10,1,"holdout",,,,30.3060010488114,34.5400422063625,4.23404115755111
"TPL_020","TPL_020_EVENT_008","TPL_020_RUN_012","TPL_020_STATE_005","Burst","none","burst_in_hfs","TPL_020_PULSE_005",37.2941319199074,37.6208818563548,0.326749936447385,37.2985042916926,37.61596964383,0.317465352137432,108,114,7,6,6.52033270348329,"moderate",7,"BQ_100",FALSE,"none","first_to_last_pulse_exposed_spike","PHENO_0100","ambiguous_burst_like",3.73951169121386,"exclude_primary_include_sensitivity","S0003",10,1,"holdout",37.2941319199074,37.6208818563548,0.326749936447385,37.2985042916926,37.61596964383,0.317465352137432
