"Template_ID","Transition_ID","Boundary_u","Left_Run_ID","Right_Run_ID","Left_Descriptor","Right_Descriptor","Direct_Target_Boundary","Transition_Type","Sample_ID","Scale_Factor","B_s","Split","Boundary_s"
"TPL_001","TPL_001_TRANS_001",11.8933117726839,"TPL_001_RUN_001","TPL_001_RUN_002","Tonic:generic_stress","Pause:canonical",TRUE,"Tonic:generic_stress -> Pause:canonical","S0015",1,0.1,"development",1.18933117726839
"TPL_001","TPL_001_TRANS_002",16.731096522745,"TPL_001_RUN_002","TPL_001_RUN_003","Pause:canonical","Background",FALSE,"Pause:canonical -> Background","S0015",1,0.1,"development",1.6731096522745
"TPL_001","TPL_001_TRANS_003",17.6424763036408,"TPL_001_RUN_003","TPL_001_RUN_004","Background","Burst",FALSE,"Background -> Burst","S0015",1,0.1,"development",1.76424763036408
"TPL_001","TPL_001_TRANS_004",18.0571513647342,"TPL_001_RUN_004","TPL_001_RUN_005","Burst","Contextual_Separator",TRUE,"Burst -> Contextual_Separator","S0015",1,0.1,"development",1.80571513647342
"TPL_001","TPL_001_TRANS_005",18.619507071622,"TPL_001_RUN_005","TPL_001_RUN_006","Contextual_Separator","Burst",TRUE,"Contextual_Separator -> Burst","S0015",1,0.1,"development",1.8619507071622
"TPL_001","TPL_001_TRANS_006",19.0748320227762,"TPL_001_RUN_006","TPL_001_RUN_007","Burst","Tonic:stn_like_empirical",TRUE,"Burst -> Tonic:stn_like_empirical","S0015",1,0.1,"development",1.90748320227762
"TPL_001","TPL_001_TRANS_007",25.9081149121717,"TPL_001_RUN_007","TPL_001_RUN_008","Tonic:stn_like_empirical","Pause:complex_multi_gap",TRUE,"Tonic:stn_like_empirical -> Pause:complex_multi_gap","S0015",1,0.1,"development",2.59081149121717
"TPL_001","TPL_001_TRANS_008",32.3424937257514,"TPL_001_RUN_008","TPL_001_RUN_009","Pause:complex_multi_gap","Burst",TRUE,"Pause:complex_multi_gap -> Burst","S0015",1,0.1,"development",3.23424937257514
"TPL_001","TPL_001_TRANS_009",32.8102865536165,"TPL_001_RUN_009","TPL_001_RUN_010","Burst","Broad_HFS",TRUE,"Burst -> Broad_HFS","S0015",1,0.1,"development",3.28102865536165
"TPL_001","TPL_001_TRANS_010",37.021832241739,"TPL_001_RUN_010","TPL_001_RUN_011","Broad_HFS","Background",FALSE,"Broad_HFS -> Background","S0015",1,0.1,"development",3.7021832241739
"TPL_001","TPL_001_TRANS_011",39.5385751659494,"TPL_001_RUN_011","TPL_001_RUN_012","Background","Burst",FALSE,"Background -> Burst","S0015",1,0.1,"development",3.95385751659494
"TPL_001","TPL_001_TRANS_012",45.6157773277303,"TPL_001_RUN_012","TPL_001_RUN_013","Burst","Pause:canonical",TRUE,"Burst -> Pause:canonical","S0015",1,0.1,"development",4.56157773277303
"TPL_001","TPL_001_TRANS_013",49.0092463815165,"TPL_001_RUN_013","TPL_001_RUN_014","Pause:canonical","Burst",TRUE,"Pause:canonical -> Burst","S0015",1,0.1,"development",4.90092463815165
"TPL_001","TPL_001_TRANS_001",11.8933117726839,"TPL_001_RUN_001","TPL_001_RUN_002","Tonic:generic_stress","Pause:canonical",TRUE,"Tonic:generic_stress -> Pause:canonical","S0056",4,0.4,"development",4.75732470907355
"TPL_001","TPL_001_TRANS_002",16.731096522745,"TPL_001_RUN_002","TPL_001_RUN_003","Pause:canonical","Background",FALSE,"Pause:canonical -> Background","S0056",4,0.4,"development",6.69243860909799
"TPL_001","TPL_001_TRANS_003",17.6424763036408,"TPL_001_RUN_003","TPL_001_RUN_004","Background","Burst",FALSE,"Background -> Burst","S0056",4,0.4,"development",7.05699052145633
"TPL_001","TPL_001_TRANS_004",18.0571513647342,"TPL_001_RUN_004","TPL_001_RUN_005","Burst","Contextual_Separator",TRUE,"Burst -> Contextual_Separator","S0056",4,0.4,"development",7.22286054589366
"TPL_001","TPL_001_TRANS_005",18.619507071622,"TPL_001_RUN_005","TPL_001_RUN_006","Contextual_Separator","Burst",TRUE,"Contextual_Separator -> Burst","S0056",4,0.4,"development",7.44780282864879
"TPL_001","TPL_001_TRANS_006",19.0748320227762,"TPL_001_RUN_006","TPL_001_RUN_007","Burst","Tonic:stn_like_empirical",TRUE,"Burst -> Tonic:stn_like_empirical","S0056",4,0.4,"development",7.62993280911049
"TPL_001","TPL_001_TRANS_007",25.9081149121717,"TPL_001_RUN_007","TPL_001_RUN_008","Tonic:stn_like_empirical","Pause:complex_multi_gap",TRUE,"Tonic:stn_like_empirical -> Pause:complex_multi_gap","S0056",4,0.4,"development",10.3632459648687
"TPL_001","TPL_001_TRANS_008",32.3424937257514,"TPL_001_RUN_008","TPL_001_RUN_009","Pause:complex_multi_gap","Burst",TRUE,"Pause:complex_multi_gap -> Burst","S0056",4,0.4,"development",12.9369974903005
"TPL_001","TPL_001_TRANS_009",32.8102865536165,"TPL_001_RUN_009","TPL_001_RUN_010","Burst","Broad_HFS",TRUE,"Burst -> Broad_HFS","S0056",4,0.4,"development",13.1241146214466
"TPL_001","TPL_001_TRANS_010",37.021832241739,"TPL_001_RUN_010","TPL_001_RUN_011","Broad_HFS","Background",FALSE,"Broad_HFS -> Background","S0056",4,0.4,"development",14.8087328966956
"TPL_001","TPL_001_TRANS_011",39.5385751659494,"TPL_001_RUN_011","TPL_001_RUN_012","Background","Burst",FALSE,"Background -> Burst","S0056",4,0.4,"development",15.8154300663798
"TPL_001","TPL_001_TRANS_012",45.6157773277303,"TPL_001_RUN_012","TPL_001_RUN_013","Burst","Pause:canonical",TRUE,"Burst -> Pause:canonical","S0056",4,0.4,"development",18.2463109310921
"TPL_001","TPL_001_TRANS_013",49.0092463815165,"TPL_001_RUN_013","TPL_001_RUN_014","Pause:canonical","Burst",TRUE,"Pause:canonical -> Burst","S0056",4,0.4,"development",19.6036985526066
"TPL_001","TPL_001_TRANS_001",11.8933117726839,"TPL_001_RUN_001","TPL_001_RUN_002","Tonic:generic_stress","Pause:canonical",TRUE,"Tonic:generic_stress -> Pause:canonical","S0007",10,1,"development",11.8933117726839
"TPL_001","TPL_001_TRANS_002",16.731096522745,"TPL_001_RUN_002","TPL_001_RUN_003","Pause:canonical","Background",FALSE,"Pause:canonical -> Background","S0007",10,1,"development",16.731096522745
"TPL_001","TPL_001_TRANS_003",17.6424763036408,"TPL_001_RUN_003","TPL_001_RUN_004","Background","Burst",FALSE,"Background -> Burst","S0007",10,1,"development",17.6424763036408
"TPL_001","TPL_001_TRANS_004",18.0571513647342,"TPL_001_RUN_004","TPL_001_RUN_005","Burst","Contextual_Separator",TRUE,"Burst -> Contextual_Separator","S0007",10,1,"development",18.0571513647342
"TPL_001","TPL_001_TRANS_005",18.619507071622,"TPL_001_RUN_005","TPL_001_RUN_006","Contextual_Separator","Burst",TRUE,"Contextual_Separator -> Burst","S0007",10,1,"development",18.619507071622
"TPL_001","TPL_001_TRANS_006",19.0748320227762,"TPL_001_RUN_006","TPL_001_RUN_007","Burst","Tonic:stn_like_empirical",TRUE,"Burst -> Tonic:stn_like_empirical","S0007",10,1,"development",19.0748320227762
"TPL_001","TPL_001_TRANS_007",25.9081149121717,"TPL_001_RUN_007","TPL_001_RUN_008","Tonic:stn_like_empirical","Pause:complex_multi_gap",TRUE,"Tonic:stn_like_empirical -> Pause:complex_multi_gap","S0007",10,1,"development",25.9081149121717
"TPL_001","TPL_001_TRANS_008",32.3424937257514,"TPL_001_RUN_008","TPL_001_RUN_009","Pause:complex_multi_gap","Burst",TRUE,"Pause:complex_multi_gap -> Burst","S0007",10,1,"development",32.3424937257514
"TPL_001","TPL_001_TRANS_009",32.8102865536165,"TPL_001_RUN_009","TPL_001_RUN_010","Burst","Broad_HFS",TRUE,"Burst -> Broad_HFS","S0007",10,1,"development",32.8102865536165
"TPL_001","TPL_001_TRANS_010",37.021832241739,"TPL_001_RUN_010","TPL_001_RUN_011","Broad_HFS","Background",FALSE,"Broad_HFS -> Background","S0007",10,1,"development",37.021832241739
"TPL_001","TPL_001_TRANS_011",39.5385751659494,"TPL_001_RUN_011","TPL_001_RUN_012","Background","Burst",FALSE,"Background -> Burst","S0007",10,1,"development",39.5385751659494
"TPL_001","TPL_001_TRANS_012",45.6157773277303,"TPL_001_RUN_012","TPL_001_RUN_013","Burst","Pause:canonical",TRUE,"Burst -> Pause:canonical","S0007",10,1,"development",45.6157773277303
"TPL_001","TPL_001_TRANS_013",49.0092463815165,"TPL_001_RUN_013","TPL_001_RUN_014","Pause:canonical","Burst",TRUE,"Pause:canonical -> Burst","S0007",10,1,"development",49.0092463815165
"TPL_002","TPL_002_TRANS_001",5.29445742582929,"TPL_002_RUN_001","TPL_002_RUN_002","Broad_HFS","Burst",TRUE,"Broad_HFS -> Burst","S0030",1,0.1,"development",0.529445742582929
"TPL_002","TPL_002_TRANS_002",5.96551545889724,"TPL_002_RUN_002","TPL_002_RUN_003","Burst","Background",FALSE,"Burst -> Background","S0030",1,0.1,"development",0.596551545889724
"TPL_002","TPL_002_TRANS_003",6.5210678712089,"TPL_002_RUN_003","TPL_002_RUN_004","Background","Burst",FALSE,"Background -> Burst","S0030",1,0.1,"development",0.65210678712089
"TPL_002","TPL_002_TRANS_004",14.0706765640248,"TPL_002_RUN_004","TPL_002_RUN_005","Burst","Background",FALSE,"Burst -> Background","S0030",1,0.1,"development",1.40706765640248
"TPL_002","TPL_002_TRANS_005",14.7896974613872,"TPL_002_RUN_005","TPL_002_RUN_006","Background","Burst",FALSE,"Background -> Burst","S0030",1,0.1,"development",1.47896974613872
"TPL_002","TPL_002_TRANS_006",20.9379864768168,"TPL_002_RUN_006","TPL_002_RUN_007","Burst","Tonic:stn_like_empirical",TRUE,"Burst -> Tonic:stn_like_empirical","S0030",1,0.1,"development",2.09379864768168
"TPL_002","TPL_002_TRANS_007",25.5492993628034,"TPL_002_RUN_007","TPL_002_RUN_008","Tonic:stn_like_empirical","Pause:canonical",TRUE,"Tonic:stn_like_empirical -> Pause:canonical","S0030",1,0.1,"development",2.55492993628034
"TPL_002","TPL_002_TRANS_008",28.9540394112827,"TPL_002_RUN_008","TPL_002_RUN_009","Pause:canonical","Background",FALSE,"Pause:canonical -> Background","S0030",1,0.1,"development",2.89540394112827
"TPL_002","TPL_002_TRANS_009",29.8047026304599,"TPL_002_RUN_009","TPL_002_RUN_010","Background","Pause:canonical",FALSE,"Background -> Pause:canonical","S0030",1,0.1,"development",2.98047026304599
"TPL_002","TPL_002_TRANS_010",33.1294997036528,"TPL_002_RUN_010","TPL_002_RUN_011","Pause:canonical","Burst",TRUE,"Pause:canonical -> Burst","S0030",1,0.1,"development",3.31294997036528
"TPL_002","TPL_002_TRANS_011",33.9432923620078,"TPL_002_RUN_011","TPL_002_RUN_012","Burst","Contextual_Separator",TRUE,"Burst -> Contextual_Separator","S0030",1,0.1,"development",3.39432923620078
"TPL_002","TPL_002_TRANS_012",34.5681296938542,"TPL_002_RUN_012","TPL_002_RUN_013","Contextual_Separator","Burst",TRUE,"Contextual_Separator -> Burst","S0030",1,0.1,"development",3.45681296938542
"TPL_002","TPL_002_TRANS_013",35.2758776137182,"TPL_002_RUN_013","TPL_002_RUN_014","Burst","Background",FALSE,"Burst -> Background","S0030",1,0.1,"development",3.52758776137182
"TPL_002","TPL_002_TRANS_014",36.8823311774658,"TPL_002_RUN_014","TPL_002_RUN_015","Background","Tonic:generic_stress",FALSE,"Background -> Tonic:generic_stress","S0030",1,0.1,"development",3.68823311774658
"TPL_002","TPL_002_TRANS_001",5.29445742582929,"TPL_002_RUN_001","TPL_002_RUN_002","Broad_HFS","Burst",TRUE,"Broad_HFS -> Burst","S0006",4,0.4,"development",2.11778297033172
"TPL_002","TPL_002_TRANS_002",5.96551545889724,"TPL_002_RUN_002","TPL_002_RUN_003","Burst","Background",FALSE,"Burst -> Background","S0006",4,0.4,"development",2.3862061835589
"TPL_002","TPL_002_TRANS_003",6.5210678712089,"TPL_002_RUN_003","TPL_002_RUN_004","Background","Burst",FALSE,"Background -> Burst","S0006",4,0.4,"development",2.60842714848356
"TPL_002","TPL_002_TRANS_004",14.0706765640248,"TPL_002_RUN_004","TPL_002_RUN_005","Burst","Background",FALSE,"Burst -> Background","S0006",4,0.4,"development",5.62827062560993
"TPL_002","TPL_002_TRANS_005",14.7896974613872,"TPL_002_RUN_005","TPL_002_RUN_006","Background","Burst",FALSE,"Background -> Burst","S0006",4,0.4,"development",5.91587898455486
"TPL_002","TPL_002_TRANS_006",20.9379864768168,"TPL_002_RUN_006","TPL_002_RUN_007","Burst","Tonic:stn_like_empirical",TRUE,"Burst -> Tonic:stn_like_empirical","S0006",4,0.4,"development",8.37519459072671
"TPL_002","TPL_002_TRANS_007",25.5492993628034,"TPL_002_RUN_007","TPL_002_RUN_008","Tonic:stn_like_empirical","Pause:canonical",TRUE,"Tonic:stn_like_empirical -> Pause:canonical","S0006",4,0.4,"development",10.2197197451214
"TPL_002","TPL_002_TRANS_008",28.9540394112827,"TPL_002_RUN_008","TPL_002_RUN_009","Pause:canonical","Background",FALSE,"Pause:canonical -> Background","S0006",4,0.4,"development",11.5816157645131
"TPL_002","TPL_002_TRANS_009",29.8047026304599,"TPL_002_RUN_009","TPL_002_RUN_010","Background","Pause:canonical",FALSE,"Background -> Pause:canonical","S0006",4,0.4,"development",11.921881052184
"TPL_002","TPL_002_TRANS_010",33.1294997036528,"TPL_002_RUN_010","TPL_002_RUN_011","Pause:canonical","Burst",TRUE,"Pause:canonical -> Burst","S0006",4,0.4,"development",13.2517998814611
"TPL_002","TPL_002_TRANS_011",33.9432923620078,"TPL_002_RUN_011","TPL_002_RUN_012","Burst","Contextual_Separator",TRUE,"Burst -> Contextual_Separator","S0006",4,0.4,"development",13.5773169448031
"TPL_002","TPL_002_TRANS_012",34.5681296938542,"TPL_002_RUN_012","TPL_002_RUN_013","Contextual_Separator","Burst",TRUE,"Contextual_Separator -> Burst","S0006",4,0.4,"development",13.8272518775417
"TPL_002","TPL_002_TRANS_013",35.2758776137182,"TPL_002_RUN_013","TPL_002_RUN_014","Burst","Background",FALSE,"Burst -> Background","S0006",4,0.4,"development",14.1103510454873
"TPL_002","TPL_002_TRANS_014",36.8823311774658,"TPL_002_RUN_014","TPL_002_RUN_015","Background","Tonic:generic_stress",FALSE,"Background -> Tonic:generic_stress","S0006",4,0.4,"development",14.7529324709863
"TPL_002","TPL_002_TRANS_001",5.29445742582929,"TPL_002_RUN_001","TPL_002_RUN_002","Broad_HFS","Burst",TRUE,"Broad_HFS -> Burst","S0044",10,1,"development",5.29445742582929
"TPL_002","TPL_002_TRANS_002",5.96551545889724,"TPL_002_RUN_002","TPL_002_RUN_003","Burst","Background",FALSE,"Burst -> Background","S0044",10,1,"development",5.96551545889724
"TPL_002","TPL_002_TRANS_003",6.5210678712089,"TPL_002_RUN_003","TPL_002_RUN_004","Background","Burst",FALSE,"Background -> Burst","S0044",10,1,"development",6.5210678712089
"TPL_002","TPL_002_TRANS_004",14.0706765640248,"TPL_002_RUN_004","TPL_002_RUN_005","Burst","Background",FALSE,"Burst -> Background","S0044",10,1,"development",14.0706765640248
"TPL_002","TPL_002_TRANS_005",14.7896974613872,"TPL_002_RUN_005","TPL_002_RUN_006","Background","Burst",FALSE,"Background -> Burst","S0044",10,1,"development",14.7896974613872
"TPL_002","TPL_002_TRANS_006",20.9379864768168,"TPL_002_RUN_006","TPL_002_RUN_007","Burst","Tonic:stn_like_empirical",TRUE,"Burst -> Tonic:stn_like_empirical","S0044",10,1,"development",20.9379864768168
"TPL_002","TPL_002_TRANS_007",25.5492993628034,"TPL_002_RUN_007","TPL_002_RUN_008","Tonic:stn_like_empirical","Pause:canonical",TRUE,"Tonic:stn_like_empirical -> Pause:canonical","S0044",10,1,"development",25.5492993628034
"TPL_002","TPL_002_TRANS_008",28.9540394112827,"TPL_002_RUN_008","TPL_002_RUN_009","Pause:canonical","Background",FALSE,"Pause:canonical -> Background","S0044",10,1,"development",28.9540394112827
"TPL_002","TPL_002_TRANS_009",29.8047026304599,"TPL_002_RUN_009","TPL_002_RUN_010","Background","Pause:canonical",FALSE,"Background -> Pause:canonical","S0044",10,1,"development",29.8047026304599
"TPL_002","TPL_002_TRANS_010",33.1294997036528,"TPL_002_RUN_010","TPL_002_RUN_011","Pause:canonical","Burst",TRUE,"Pause:canonical -> Burst","S0044",10,1,"development",33.1294997036528
"TPL_002","TPL_002_TRANS_011",33.9432923620078,"TPL_002_RUN_011","TPL_002_RUN_012","Burst","Contextual_Separator",TRUE,"Burst -> Contextual_Separator","S0044",10,1,"development",33.9432923620078
"TPL_002","TPL_002_TRANS_012",34.5681296938542,"TPL_002_RUN_012","TPL_002_RUN_013","Contextual_Separator","Burst",TRUE,"Contextual_Separator -> Burst","S0044",10,1,"development",34.5681296938542
"TPL_002","TPL_002_TRANS_013",35.2758776137182,"TPL_002_RUN_013","TPL_002_RUN_014","Burst","Background",FALSE,"Burst -> Background","S0044",10,1,"development",35.2758776137182
"TPL_002","TPL_002_TRANS_014",36.8823311774658,"TPL_002_RUN_014","TPL_002_RUN_015","Background","Tonic:generic_stress",FALSE,"Background -> Tonic:generic_stress","S0044",10,1,"development",36.8823311774658
"TPL_003","TPL_003_TRANS_001",6.13691478637606,"TPL_003_RUN_001","TPL_003_RUN_002","Burst","Pause:canonical",TRUE,"Burst -> Pause:canonical","S0058",1,0.1,"development",0.613691478637606
"TPL_003","TPL_003_TRANS_002",10.9380444190986,"TPL_003_RUN_002","TPL_003_RUN_003","Pause:canonical","Burst",TRUE,"Pause:canonical -> Burst","S0058",1,0.1,"development",1.09380444190986
"TPL_003","TPL_003_TRANS_003",19.6772632868459,"TPL_003_RUN_003","TPL_003_RUN_004","Burst","Tonic:generic_stress",TRUE,"Burst -> Tonic:generic_stress","S0058",1,0.1,"development",1.96772632868459
"TPL_003","TPL_003_TRANS_004",30.8286323828563,"TPL_003_RUN_004","TPL_003_RUN_005","Tonic:generic_stress","Pause:canonical",TRUE,"Tonic:generic_stress -> Pause:canonical","S0058",1,0.1,"development",3.08286323828563
"TPL_003","TPL_003_TRANS_005",33.8596064784505,"TPL_003_RUN_005","TPL_003_RUN_006","Pause:canonical","Burst",TRUE,"Pause:canonical -> Burst","S0058",1,0.1,"development",3.38596064784505
"TPL_003","TPL_003_TRANS_006",34.4226938060894,"TPL_003_RUN_006","TPL_003_RUN_007","Burst","Contextual_Separator",TRUE,"Burst -> Contextual_Separator","S0058",1,0.1,"development",3.44226938060894
"TPL_003","TPL_003_TRANS_007",35.0309840098438,"TPL_003_RUN_007","TPL_003_RUN_008","Contextual_Separator","Burst",TRUE,"Contextual_Separator -> Burst","S0058",1,0.1,"development",3.50309840098438
"TPL_003","TPL_003_TRANS_008",35.7074947395661,"TPL_003_RUN_008","TPL_003_RUN_009","Burst","Burst",TRUE,"Burst -> Burst","S0058",1,0.1,"development",3.57074947395661
"TPL_003","TPL_003_TRANS_009",36.0713132367282,"TPL_003_RUN_009","TPL_003_RUN_010","Burst","Broad_HFS",TRUE,"Burst -> Broad_HFS","S0058",1,0.1,"development",3.60713132367282
"TPL_003","TPL_003_TRANS_010",40.0709380328801,"TPL_003_RUN_010","TPL_003_RUN_011","Broad_HFS","Tonic:stn_like_empirical",TRUE,"Broad_HFS -> Tonic:stn_like_empirical","S0058",1,0.1,"development",4.00709380328801
"TPL_003","TPL_003_TRANS_011",44.359583575867,"TPL_003_RUN_011","TPL_003_RUN_012","Tonic:stn_like_empirical","Pause:complex_multi_gap",TRUE,"Tonic:stn_like_empirical -> Pause:complex_multi_gap","S0058",1,0.1,"development",4.4359583575867
"TPL_003","TPL_003_TRANS_001",6.13691478637606,"TPL_003_RUN_001","TPL_003_RUN_002","Burst","Pause:canonical",TRUE,"Burst -> Pause:canonical","S0049",4,0.4,"development",2.45476591455042
"TPL_003","TPL_003_TRANS_002",10.9380444190986,"TPL_003_RUN_002","TPL_003_RUN_003","Pause:canonical","Burst",TRUE,"Pause:canonical -> Burst","S0049",4,0.4,"development",4.37521776763946
"TPL_003","TPL_003_TRANS_003",19.6772632868459,"TPL_003_RUN_003","TPL_003_RUN_004","Burst","Tonic:generic_stress",TRUE,"Burst -> Tonic:generic_stress","S0049",4,0.4,"development",7.87090531473836
"TPL_003","TPL_003_TRANS_004",30.8286323828563,"TPL_003_RUN_004","TPL_003_RUN_005","Tonic:generic_stress","Pause:canonical",TRUE,"Tonic:generic_stress -> Pause:canonical","S0049",4,0.4,"development",12.3314529531425
"TPL_003","TPL_003_TRANS_005",33.8596064784505,"TPL_003_RUN_005","TPL_003_RUN_006","Pause:canonical","Burst",TRUE,"Pause:canonical -> Burst","S0049",4,0.4,"development",13.5438425913802
"TPL_003","TPL_003_TRANS_006",34.4226938060894,"TPL_003_RUN_006","TPL_003_RUN_007","Burst","Contextual_Separator",TRUE,"Burst -> Contextual_Separator","S0049",4,0.4,"development",13.7690775224358
"TPL_003","TPL_003_TRANS_007",35.0309840098438,"TPL_003_RUN_007","TPL_003_RUN_008","Contextual_Separator","Burst",TRUE,"Contextual_Separator -> Burst","S0049",4,0.4,"development",14.0123936039375
"TPL_003","TPL_003_TRANS_008",35.7074947395661,"TPL_003_RUN_008","TPL_003_RUN_009","Burst","Burst",TRUE,"Burst -> Burst","S0049",4,0.4,"development",14.2829978958264
"TPL_003","TPL_003_TRANS_009",36.0713132367282,"TPL_003_RUN_009","TPL_003_RUN_010","Burst","Broad_HFS",TRUE,"Burst -> Broad_HFS","S0049",4,0.4,"development",14.4285252946913
"TPL_003","TPL_003_TRANS_010",40.0709380328801,"TPL_003_RUN_010","TPL_003_RUN_011","Broad_HFS","Tonic:stn_like_empirical",TRUE,"Broad_HFS -> Tonic:stn_like_empirical","S0049",4,0.4,"development",16.028375213152
"TPL_003","TPL_003_TRANS_011",44.359583575867,"TPL_003_RUN_011","TPL_003_RUN_012","Tonic:stn_like_empirical","Pause:complex_multi_gap",TRUE,"Tonic:stn_like_empirical -> Pause:complex_multi_gap","S0049",4,0.4,"development",17.7438334303468
"TPL_003","TPL_003_TRANS_001",6.13691478637606,"TPL_003_RUN_001","TPL_003_RUN_002","Burst","Pause:canonical",TRUE,"Burst -> Pause:canonical","S0040",10,1,"development",6.13691478637606
"TPL_003","TPL_003_TRANS_002",10.9380444190986,"TPL_003_RUN_002","TPL_003_RUN_003","Pause:canonical","Burst",TRUE,"Pause:canonical -> Burst","S0040",10,1,"development",10.9380444190986
"TPL_003","TPL_003_TRANS_003",19.6772632868459,"TPL_003_RUN_003","TPL_003_RUN_004","Burst","Tonic:generic_stress",TRUE,"Burst -> Tonic:generic_stress","S0040",10,1,"development",19.6772632868459
"TPL_003","TPL_003_TRANS_004",30.8286323828563,"TPL_003_RUN_004","TPL_003_RUN_005","Tonic:generic_stress","Pause:canonical",TRUE,"Tonic:generic_stress -> Pause:canonical","S0040",10,1,"development",30.8286323828563
"TPL_003","TPL_003_TRANS_005",33.8596064784505,"TPL_003_RUN_005","TPL_003_RUN_006","Pause:canonical","Burst",TRUE,"Pause:canonical -> Burst","S0040",10,1,"development",33.8596064784505
"TPL_003","TPL_003_TRANS_006",34.4226938060894,"TPL_003_RUN_006","TPL_003_RUN_007","Burst","Contextual_Separator",TRUE,"Burst -> Contextual_Separator","S0040",10,1,"development",34.4226938060894
"TPL_003","TPL_003_TRANS_007",35.0309840098438,"TPL_003_RUN_007","TPL_003_RUN_008","Contextual_Separator","Burst",TRUE,"Contextual_Separator -> Burst","S0040",10,1,"development",35.0309840098438
"TPL_003","TPL_003_TRANS_008",35.7074947395661,"TPL_003_RUN_008","TPL_003_RUN_009","Burst","Burst",TRUE,"Burst -> Burst","S0040",10,1,"development",35.7074947395661
"TPL_003","TPL_003_TRANS_009",36.0713132367282,"TPL_003_RUN_009","TPL_003_RUN_010","Burst","Broad_HFS",TRUE,"Burst -> Broad_HFS","S0040",10,1,"development",36.0713132367282
"TPL_003","TPL_003_TRANS_010",40.0709380328801,"TPL_003_RUN_010","TPL_003_RUN_011","Broad_HFS","Tonic:stn_like_empirical",TRUE,"Broad_HFS -> Tonic:stn_like_empirical","S0040",10,1,"development",40.0709380328801
"TPL_003","TPL_003_TRANS_011",44.359583575867,"TPL_003_RUN_011","TPL_003_RUN_012","Tonic:stn_like_empirical","Pause:complex_multi_gap",TRUE,"Tonic:stn_like_empirical -> Pause:complex_multi_gap","S0040",10,1,"development",44.359583575867
"TPL_004","TPL_004_TRANS_001",6.62192629420036,"TPL_004_RUN_001","TPL_004_RUN_002","Broad_HFS","Burst",TRUE,"Broad_HFS -> Burst","S0011",1,0.1,"development",0.662192629420036
"TPL_004","TPL_004_TRANS_002",6.98518688720264,"TPL_004_RUN_002","TPL_004_RUN_003","Burst","Burst",TRUE,"Burst -> Burst","S0011",1,0.1,"development",0.698518688720264
"TPL_004","TPL_004_TRANS_003",12.1743442402968,"TPL_004_RUN_003","TPL_004_RUN_004","Burst","Pause:canonical",TRUE,"Burst -> Pause:canonical","S0011",1,0.1,"development",1.21743442402968
"TPL_004","TPL_004_TRANS_004",15.283865708653,"TPL_004_RUN_004","TPL_004_RUN_005","Pause:canonical","Burst",TRUE,"Pause:canonical -> Burst","S0011",1,0.1,"development",1.5283865708653
"TPL_004","TPL_004_TRANS_005",23.338562647794,"TPL_004_RUN_005","TPL_004_RUN_006","Burst","Background",FALSE,"Burst -> Background","S0011",1,0.1,"development",2.3338562647794
"TPL_004","TPL_004_TRANS_006",24.8397156610165,"TPL_004_RUN_006","TPL_004_RUN_007","Background","Burst",FALSE,"Background -> Burst","S0011",1,0.1,"development",2.48397156610165
"TPL_004","TPL_004_TRANS_007",25.6417785721609,"TPL_004_RUN_007","TPL_004_RUN_008","Burst","Contextual_Separator",TRUE,"Burst -> Contextual_Separator","S0011",1,0.1,"development",2.56417785721609
"TPL_004","TPL_004_TRANS_008",26.1615497471542,"TPL_004_RUN_008","TPL_004_RUN_009","Contextual_Separator","Burst",TRUE,"Contextual_Separator -> Burst","S0011",1,0.1,"development",2.61615497471542
"TPL_004","TPL_004_TRANS_009",26.9786898147968,"TPL_004_RUN_009","TPL_004_RUN_010","Burst","Tonic:generic_stress",TRUE,"Burst -> Tonic:generic_stress","S0011",1,0.1,"development",2.69786898147968
"TPL_004","TPL_004_TRANS_010",37.8543939744818,"TPL_004_RUN_010","TPL_004_RUN_011","Tonic:generic_stress","Background",FALSE,"Tonic:generic_stress -> Background","S0011",1,0.1,"development",3.78543939744818
"TPL_004","TPL_004_TRANS_011",38.1331452203039,"TPL_004_RUN_011","TPL_004_RUN_012","Background","Tonic:stn_like_empirical",FALSE,"Background -> Tonic:stn_like_empirical","S0011",1,0.1,"development",3.81331452203039
"TPL_004","TPL_004_TRANS_012",44.4831906735202,"TPL_004_RUN_012","TPL_004_RUN_013","Tonic:stn_like_empirical","Pause:canonical",TRUE,"Tonic:stn_like_empirical -> Pause:canonical","S0011",1,0.1,"development",4.44831906735202
"TPL_004","TPL_004_TRANS_001",6.62192629420036,"TPL_004_RUN_001","TPL_004_RUN_002","Broad_HFS","Burst",TRUE,"Broad_HFS -> Burst","S0014",4,0.4,"development",2.64877051768014
"TPL_004","TPL_004_TRANS_002",6.98518688720264,"TPL_004_RUN_002","TPL_004_RUN_003","Burst","Burst",TRUE,"Burst -> Burst","S0014",4,0.4,"development",2.79407475488105
"TPL_004","TPL_004_TRANS_003",12.1743442402968,"TPL_004_RUN_003","TPL_004_RUN_004","Burst","Pause:canonical",TRUE,"Burst -> Pause:canonical","S0014",4,0.4,"development",4.86973769611872
"TPL_004","TPL_004_TRANS_004",15.283865708653,"TPL_004_RUN_004","TPL_004_RUN_005","Pause:canonical","Burst",TRUE,"Pause:canonical -> Burst","S0014",4,0.4,"development",6.11354628346122
"TPL_004","TPL_004_TRANS_005",23.338562647794,"TPL_004_RUN_005","TPL_004_RUN_006","Burst","Background",FALSE,"Burst -> Background","S0014",4,0.4,"development",9.33542505911761
"TPL_004","TPL_004_TRANS_006",24.8397156610165,"TPL_004_RUN_006","TPL_004_RUN_007","Background","Burst",FALSE,"Background -> Burst","S0014",4,0.4,"development",9.93588626440662
"TPL_004","TPL_004_TRANS_007",25.6417785721609,"TPL_004_RUN_007","TPL_004_RUN_008","Burst","Contextual_Separator",TRUE,"Burst -> Contextual_Separator","S0014",4,0.4,"development",10.2567114288643
"TPL_004","TPL_004_TRANS_008",26.1615497471542,"TPL_004_RUN_008","TPL_004_RUN_009","Contextual_Separator","Burst",TRUE,"Contextual_Separator -> Burst","S0014",4,0.4,"development",10.4646198988617
"TPL_004","TPL_004_TRANS_009",26.9786898147968,"TPL_004_RUN_009","TPL_004_RUN_010","Burst","Tonic:generic_stress",TRUE,"Burst -> Tonic:generic_stress","S0014",4,0.4,"development",10.7914759259187
"TPL_004","TPL_004_TRANS_010",37.8543939744818,"TPL_004_RUN_010","TPL_004_RUN_011","Tonic:generic_stress","Background",FALSE,"Tonic:generic_stress -> Background","S0014",4,0.4,"development",15.1417575897927
"TPL_004","TPL_004_TRANS_011",38.1331452203039,"TPL_004_RUN_011","TPL_004_RUN_012","Background","Tonic:stn_like_empirical",FALSE,"Background -> Tonic:stn_like_empirical","S0014",4,0.4,"development",15.2532580881215
"TPL_004","TPL_004_TRANS_012",44.4831906735202,"TPL_004_RUN_012","TPL_004_RUN_013","Tonic:stn_like_empirical","Pause:canonical",TRUE,"Tonic:stn_like_empirical -> Pause:canonical","S0014",4,0.4,"development",17.7932762694081
"TPL_004","TPL_004_TRANS_001",6.62192629420036,"TPL_004_RUN_001","TPL_004_RUN_002","Broad_HFS","Burst",TRUE,"Broad_HFS -> Burst","S0055",10,1,"development",6.62192629420036
"TPL_004","TPL_004_TRANS_002",6.98518688720264,"TPL_004_RUN_002","TPL_004_RUN_003","Burst","Burst",TRUE,"Burst -> Burst","S0055",10,1,"development",6.98518688720264
"TPL_004","TPL_004_TRANS_003",12.1743442402968,"TPL_004_RUN_003","TPL_004_RUN_004","Burst","Pause:canonical",TRUE,"Burst -> Pause:canonical","S0055",10,1,"development",12.1743442402968
"TPL_004","TPL_004_TRANS_004",15.283865708653,"TPL_004_RUN_004","TPL_004_RUN_005","Pause:canonical","Burst",TRUE,"Pause:canonical -> Burst","S0055",10,1,"development",15.283865708653
"TPL_004","TPL_004_TRANS_005",23.338562647794,"TPL_004_RUN_005","TPL_004_RUN_006","Burst","Background",FALSE,"Burst -> Background","S0055",10,1,"development",23.338562647794
"TPL_004","TPL_004_TRANS_006",24.8397156610165,"TPL_004_RUN_006","TPL_004_RUN_007","Background","Burst",FALSE,"Background -> Burst","S0055",10,1,"development",24.8397156610165
"TPL_004","TPL_004_TRANS_007",25.6417785721609,"TPL_004_RUN_007","TPL_004_RUN_008","Burst","Contextual_Separator",TRUE,"Burst -> Contextual_Separator","S0055",10,1,"development",25.6417785721609
"TPL_004","TPL_004_TRANS_008",26.1615497471542,"TPL_004_RUN_008","TPL_004_RUN_009","Contextual_Separator","Burst",TRUE,"Contextual_Separator -> Burst","S0055",10,1,"development",26.1615497471542
"TPL_004","TPL_004_TRANS_009",26.9786898147968,"TPL_004_RUN_009","TPL_004_RUN_010","Burst","Tonic:generic_stress",TRUE,"Burst -> Tonic:generic_stress","S0055",10,1,"development",26.9786898147968
"TPL_004","TPL_004_TRANS_010",37.8543939744818,"TPL_004_RUN_010","TPL_004_RUN_011","Tonic:generic_stress","Background",FALSE,"Tonic:generic_stress -> Background","S0055",10,1,"development",37.8543939744818
"TPL_004","TPL_004_TRANS_011",38.1331452203039,"TPL_004_RUN_011","TPL_004_RUN_012","Background","Tonic:stn_like_empirical",FALSE,"Background -> Tonic:stn_like_empirical","S0055",10,1,"development",38.1331452203039
"TPL_004","TPL_004_TRANS_012",44.4831906735202,"TPL_004_RUN_012","TPL_004_RUN_013","Tonic:stn_like_empirical","Pause:canonical",TRUE,"Tonic:stn_like_empirical -> Pause:canonical","S0055",10,1,"development",44.4831906735202
"TPL_005","TPL_005_TRANS_001",8.27039491984443,"TPL_005_RUN_001","TPL_005_RUN_002","Burst","Pause:canonical",TRUE,"Burst -> Pause:canonical","S0028",1,0.1,"development",0.827039491984443
"TPL_005","TPL_005_TRANS_002",13.012704919031,"TPL_005_RUN_002","TPL_005_RUN_003","Pause:canonical","Tonic:stn_like_empirical",TRUE,"Pause:canonical -> Tonic:stn_like_empirical","S0028",1,0.1,"development",1.3012704919031
"TPL_005","TPL_005_TRANS_003",20.1192166680439,"TPL_005_RUN_003","TPL_005_RUN_004","Tonic:stn_like_empirical","Background",FALSE,"Tonic:stn_like_empirical -> Background","S0028",1,0.1,"development",2.01192166680439
"TPL_005","TPL_005_TRANS_004",21.5312702062118,"TPL_005_RUN_004","TPL_005_RUN_005","Background","Burst",FALSE,"Background -> Burst","S0028",1,0.1,"development",2.15312702062118
"TPL_005","TPL_005_TRANS_005",26.2236820108426,"TPL_005_RUN_005","TPL_005_RUN_006","Burst","Tonic:generic_stress",TRUE,"Burst -> Tonic:generic_stress","S0028",1,0.1,"development",2.62236820108426
"TPL_005","TPL_005_TRANS_006",39.6014610352917,"TPL_005_RUN_006","TPL_005_RUN_007","Tonic:generic_stress","Pause:canonical",TRUE,"Tonic:generic_stress -> Pause:canonical","S0028",1,0.1,"development",3.96014610352917
"TPL_005","TPL_005_TRANS_007",44.1995469529638,"TPL_005_RUN_007","TPL_005_RUN_008","Pause:canonical","Burst",TRUE,"Pause:canonical -> Burst","S0028",1,0.1,"development",4.41995469529639
"TPL_005","TPL_005_TRANS_008",44.8920035915922,"TPL_005_RUN_008","TPL_005_RUN_009","Burst","Broad_HFS",TRUE,"Burst -> Broad_HFS","S0028",1,0.1,"development",4.48920035915922
"TPL_005","TPL_005_TRANS_009",48.7079845931595,"TPL_005_RUN_009","TPL_005_RUN_010","Broad_HFS","Background",FALSE,"Broad_HFS -> Background","S0028",1,0.1,"development",4.87079845931595
"TPL_005","TPL_005_TRANS_010",50.4665535425115,"TPL_005_RUN_010","TPL_005_RUN_011","Background","Burst",FALSE,"Background -> Burst","S0028",1,0.1,"development",5.04665535425115
"TPL_005","TPL_005_TRANS_011",51.2886562711455,"TPL_005_RUN_011","TPL_005_RUN_012","Burst","Contextual_Separator",TRUE,"Burst -> Contextual_Separator","S0028",1,0.1,"development",5.12886562711455
"TPL_005","TPL_005_TRANS_012",51.7460409886565,"TPL_005_RUN_012","TPL_005_RUN_013","Contextual_Separator","Burst",TRUE,"Contextual_Separator -> Burst","S0028",1,0.1,"development",5.17460409886565
"TPL_005","TPL_005_TRANS_001",8.27039491984443,"TPL_005_RUN_001","TPL_005_RUN_002","Burst","Pause:canonical",TRUE,"Burst -> Pause:canonical","S0052",4,0.4,"development",3.30815796793777
"TPL_005","TPL_005_TRANS_002",13.012704919031,"TPL_005_RUN_002","TPL_005_RUN_003","Pause:canonical","Tonic:stn_like_empirical",TRUE,"Pause:canonical -> Tonic:stn_like_empirical","S0052",4,0.4,"development",5.20508196761239
"TPL_005","TPL_005_TRANS_003",20.1192166680439,"TPL_005_RUN_003","TPL_005_RUN_004","Tonic:stn_like_empirical","Background",FALSE,"Tonic:stn_like_empirical -> Background","S0052",4,0.4,"development",8.04768666721755
"TPL_005","TPL_005_TRANS_004",21.5312702062118,"TPL_005_RUN_004","TPL_005_RUN_005","Background","Burst",FALSE,"Background -> Burst","S0052",4,0.4,"development",8.61250808248473
"TPL_005","TPL_005_TRANS_005",26.2236820108426,"TPL_005_RUN_005","TPL_005_RUN_006","Burst","Tonic:generic_stress",TRUE,"Burst -> Tonic:generic_stress","S0052",4,0.4,"development",10.489472804337
"TPL_005","TPL_005_TRANS_006",39.6014610352917,"TPL_005_RUN_006","TPL_005_RUN_007","Tonic:generic_stress","Pause:canonical",TRUE,"Tonic:generic_stress -> Pause:canonical","S0052",4,0.4,"development",15.8405844141167
"TPL_005","TPL_005_TRANS_007",44.1995469529638,"TPL_005_RUN_007","TPL_005_RUN_008","Pause:canonical","Burst",TRUE,"Pause:canonical -> Burst","S0052",4,0.4,"development",17.6798187811855
"TPL_005","TPL_005_TRANS_008",44.8920035915922,"TPL_005_RUN_008","TPL_005_RUN_009","Burst","Broad_HFS",TRUE,"Burst -> Broad_HFS","S0052",4,0.4,"development",17.9568014366369
"TPL_005","TPL_005_TRANS_009",48.7079845931595,"TPL_005_RUN_009","TPL_005_RUN_010","Broad_HFS","Background",FALSE,"Broad_HFS -> Background","S0052",4,0.4,"development",19.4831938372638
"TPL_005","TPL_005_TRANS_010",50.4665535425115,"TPL_005_RUN_010","TPL_005_RUN_011","Background","Burst",FALSE,"Background -> Burst","S0052",4,0.4,"development",20.1866214170046
"TPL_005","TPL_005_TRANS_011",51.2886562711455,"TPL_005_RUN_011","TPL_005_RUN_012","Burst","Contextual_Separator",TRUE,"Burst -> Contextual_Separator","S0052",4,0.4,"development",20.5154625084582
"TPL_005","TPL_005_TRANS_012",51.7460409886565,"TPL_005_RUN_012","TPL_005_RUN_013","Contextual_Separator","Burst",TRUE,"Contextual_Separator -> Burst","S0052",4,0.4,"development",20.6984163954626
"TPL_005","TPL_005_TRANS_001",8.27039491984443,"TPL_005_RUN_001","TPL_005_RUN_002","Burst","Pause:canonical",TRUE,"Burst -> Pause:canonical","S0009",10,1,"development",8.27039491984443
"TPL_005","TPL_005_TRANS_002",13.012704919031,"TPL_005_RUN_002","TPL_005_RUN_003","Pause:canonical","Tonic:stn_like_empirical",TRUE,"Pause:canonical -> Tonic:stn_like_empirical","S0009",10,1,"development",13.012704919031
"TPL_005","TPL_005_TRANS_003",20.1192166680439,"TPL_005_RUN_003","TPL_005_RUN_004","Tonic:stn_like_empirical","Background",FALSE,"Tonic:stn_like_empirical -> Background","S0009",10,1,"development",20.1192166680439
"TPL_005","TPL_005_TRANS_004",21.5312702062118,"TPL_005_RUN_004","TPL_005_RUN_005","Background","Burst",FALSE,"Background -> Burst","S0009",10,1,"development",21.5312702062118
"TPL_005","TPL_005_TRANS_005",26.2236820108426,"TPL_005_RUN_005","TPL_005_RUN_006","Burst","Tonic:generic_stress",TRUE,"Burst -> Tonic:generic_stress","S0009",10,1,"development",26.2236820108426
"TPL_005","TPL_005_TRANS_006",39.6014610352917,"TPL_005_RUN_006","TPL_005_RUN_007","Tonic:generic_stress","Pause:canonical",TRUE,"Tonic:generic_stress -> Pause:canonical","S0009",10,1,"development",39.6014610352917
"TPL_005","TPL_005_TRANS_007",44.1995469529638,"TPL_005_RUN_007","TPL_005_RUN_008","Pause:canonical","Burst",TRUE,"Pause:canonical -> Burst","S0009",10,1,"development",44.1995469529638
"TPL_005","TPL_005_TRANS_008",44.8920035915922,"TPL_005_RUN_008","TPL_005_RUN_009","Burst","Broad_HFS",TRUE,"Burst -> Broad_HFS","S0009",10,1,"development",44.8920035915922
"TPL_005","TPL_005_TRANS_009",48.7079845931595,"TPL_005_RUN_009","TPL_005_RUN_010","Broad_HFS","Background",FALSE,"Broad_HFS -> Background","S0009",10,1,"development",48.7079845931595
"TPL_005","TPL_005_TRANS_010",50.4665535425115,"TPL_005_RUN_010","TPL_005_RUN_011","Background","Burst",FALSE,"Background -> Burst","S0009",10,1,"development",50.4665535425115
"TPL_005","TPL_005_TRANS_011",51.2886562711455,"TPL_005_RUN_011","TPL_005_RUN_012","Burst","Contextual_Separator",TRUE,"Burst -> Contextual_Separator","S0009",10,1,"development",51.2886562711455
"TPL_005","TPL_005_TRANS_012",51.7460409886565,"TPL_005_RUN_012","TPL_005_RUN_013","Contextual_Separator","Burst",TRUE,"Contextual_Separator -> Burst","S0009",10,1,"development",51.7460409886565
"TPL_006","TPL_006_TRANS_001",10.1609027138614,"TPL_006_RUN_001","TPL_006_RUN_002","Tonic:generic_stress","Pause:complex_multi_gap",TRUE,"Tonic:generic_stress -> Pause:complex_multi_gap","S0045",1,0.1,"holdout",1.01609027138614
"TPL_006","TPL_006_TRANS_002",14.7105238663667,"TPL_006_RUN_002","TPL_006_RUN_003","Pause:complex_multi_gap","Background",FALSE,"Pause:complex_multi_gap -> Background","S0045",1,0.1,"holdout",1.47105238663667
"TPL_006","TPL_006_TRANS_003",16.5182538495004,"TPL_006_RUN_003","TPL_006_RUN_004","Background","Burst",FALSE,"Background -> Burst","S0045",1,0.1,"holdout",1.65182538495004
"TPL_006","TPL_006_TRANS_004",22.0617875073584,"TPL_006_RUN_004","TPL_006_RUN_005","Burst","Pause:canonical",TRUE,"Burst -> Pause:canonical","S0045",1,0.1,"holdout",2.20617875073584
"TPL_006","TPL_006_TRANS_005",26.490966838227,"TPL_006_RUN_005","TPL_006_RUN_006","Pause:canonical","Burst",TRUE,"Pause:canonical -> Burst","S0045",1,0.1,"holdout",2.6490966838227
"TPL_006","TPL_006_TRANS_006",35.1196330799596,"TPL_006_RUN_006","TPL_006_RUN_007","Burst","Background",FALSE,"Burst -> Background","S0045",1,0.1,"holdout",3.51196330799596
"TPL_006","TPL_006_TRANS_007",36.1043225170845,"TPL_006_RUN_007","TPL_006_RUN_008","Background","Broad_HFS",FALSE,"Background -> Broad_HFS","S0045",1,0.1,"holdout",3.61043225170845
"TPL_006","TPL_006_TRANS_008",44.2850632930887,"TPL_006_RUN_008","TPL_006_RUN_009","Broad_HFS","Burst",TRUE,"Broad_HFS -> Burst","S0045",1,0.1,"holdout",4.42850632930887
"TPL_006","TPL_006_TRANS_009",44.7361382344434,"TPL_006_RUN_009","TPL_006_RUN_010","Burst","Burst",TRUE,"Burst -> Burst","S0045",1,0.1,"holdout",4.47361382344434
"TPL_006","TPL_006_TRANS_010",45.4090477490908,"TPL_006_RUN_010","TPL_006_RUN_011","Burst","Contextual_Separator",TRUE,"Burst -> Contextual_Separator","S0045",1,0.1,"holdout",4.54090477490908
"TPL_006","TPL_006_TRANS_011",45.9175264329294,"TPL_006_RUN_011","TPL_006_RUN_012","Contextual_Separator","Burst",TRUE,"Contextual_Separator -> Burst","S0045",1,0.1,"holdout",4.59175264329294
"TPL_006","TPL_006_TRANS_012",46.7042392636379,"TPL_006_RUN_012","TPL_006_RUN_013","Burst","Tonic:stn_like_empirical",TRUE,"Burst -> Tonic:stn_like_empirical","S0045",1,0.1,"holdout",4.6704239263638
"TPL_006","TPL_006_TRANS_013",52.7639212755619,"TPL_006_RUN_013","TPL_006_RUN_014","Tonic:stn_like_empirical","Pause:canonical",TRUE,"Tonic:stn_like_empirical -> Pause:canonical","S0045",1,0.1,"holdout",5.27639212755619
"TPL_006","TPL_006_TRANS_001",10.1609027138614,"TPL_006_RUN_001","TPL_006_RUN_002","Tonic:generic_stress","Pause:complex_multi_gap",TRUE,"Tonic:generic_stress -> Pause:complex_multi_gap","S0035",4,0.4,"holdout",4.06436108554456
"TPL_006","TPL_006_TRANS_002",14.7105238663667,"TPL_006_RUN_002","TPL_006_RUN_003","Pause:complex_multi_gap","Background",FALSE,"Pause:complex_multi_gap -> Background","S0035",4,0.4,"holdout",5.88420954654667
"TPL_006","TPL_006_TRANS_003",16.5182538495004,"TPL_006_RUN_003","TPL_006_RUN_004","Background","Burst",FALSE,"Background -> Burst","S0035",4,0.4,"holdout",6.60730153980017
"TPL_006","TPL_006_TRANS_004",22.0617875073584,"TPL_006_RUN_004","TPL_006_RUN_005","Burst","Pause:canonical",TRUE,"Burst -> Pause:canonical","S0035",4,0.4,"holdout",8.82471500294335
"TPL_006","TPL_006_TRANS_005",26.490966838227,"TPL_006_RUN_005","TPL_006_RUN_006","Pause:canonical","Burst",TRUE,"Pause:canonical -> Burst","S0035",4,0.4,"holdout",10.5963867352908
"TPL_006","TPL_006_TRANS_006",35.1196330799596,"TPL_006_RUN_006","TPL_006_RUN_007","Burst","Background",FALSE,"Burst -> Background","S0035",4,0.4,"holdout",14.0478532319838
"TPL_006","TPL_006_TRANS_007",36.1043225170845,"TPL_006_RUN_007","TPL_006_RUN_008","Background","Broad_HFS",FALSE,"Background -> Broad_HFS","S0035",4,0.4,"holdout",14.4417290068338
"TPL_006","TPL_006_TRANS_008",44.2850632930887,"TPL_006_RUN_008","TPL_006_RUN_009","Broad_HFS","Burst",TRUE,"Broad_HFS -> Burst","S0035",4,0.4,"holdout",17.7140253172355
"TPL_006","TPL_006_TRANS_009",44.7361382344434,"TPL_006_RUN_009","TPL_006_RUN_010","Burst","Burst",TRUE,"Burst -> Burst","S0035",4,0.4,"holdout",17.8944552937774
"TPL_006","TPL_006_TRANS_010",45.4090477490908,"TPL_006_RUN_010","TPL_006_RUN_011","Burst","Contextual_Separator",TRUE,"Burst -> Contextual_Separator","S0035",4,0.4,"holdout",18.1636190996363
"TPL_006","TPL_006_TRANS_011",45.9175264329294,"TPL_006_RUN_011","TPL_006_RUN_012","Contextual_Separator","Burst",TRUE,"Contextual_Separator -> Burst","S0035",4,0.4,"holdout",18.3670105731718
"TPL_006","TPL_006_TRANS_012",46.7042392636379,"TPL_006_RUN_012","TPL_006_RUN_013","Burst","Tonic:stn_like_empirical",TRUE,"Burst -> Tonic:stn_like_empirical","S0035",4,0.4,"holdout",18.6816957054552
"TPL_006","TPL_006_TRANS_013",52.7639212755619,"TPL_006_RUN_013","TPL_006_RUN_014","Tonic:stn_like_empirical","Pause:canonical",TRUE,"Tonic:stn_like_empirical -> Pause:canonical","S0035",4,0.4,"holdout",21.1055685102248
"TPL_006","TPL_006_TRANS_001",10.1609027138614,"TPL_006_RUN_001","TPL_006_RUN_002","Tonic:generic_stress","Pause:complex_multi_gap",TRUE,"Tonic:generic_stress -> Pause:complex_multi_gap","S0004",10,1,"holdout",10.1609027138614
"TPL_006","TPL_006_TRANS_002",14.7105238663667,"TPL_006_RUN_002","TPL_006_RUN_003","Pause:complex_multi_gap","Background",FALSE,"Pause:complex_multi_gap -> Background","S0004",10,1,"holdout",14.7105238663667
"TPL_006","TPL_006_TRANS_003",16.5182538495004,"TPL_006_RUN_003","TPL_006_RUN_004","Background","Burst",FALSE,"Background -> Burst","S0004",10,1,"holdout",16.5182538495004
"TPL_006","TPL_006_TRANS_004",22.0617875073584,"TPL_006_RUN_004","TPL_006_RUN_005","Burst","Pause:canonical",TRUE,"Burst -> Pause:canonical","S0004",10,1,"holdout",22.0617875073584
"TPL_006","TPL_006_TRANS_005",26.490966838227,"TPL_006_RUN_005","TPL_006_RUN_006","Pause:canonical","Burst",TRUE,"Pause:canonical -> Burst","S0004",10,1,"holdout",26.490966838227
"TPL_006","TPL_006_TRANS_006",35.1196330799596,"TPL_006_RUN_006","TPL_006_RUN_007","Burst","Background",FALSE,"Burst -> Background","S0004",10,1,"holdout",35.1196330799596
"TPL_006","TPL_006_TRANS_007",36.1043225170845,"TPL_006_RUN_007","TPL_006_RUN_008","Background","Broad_HFS",FALSE,"Background -> Broad_HFS","S0004",10,1,"holdout",36.1043225170845
"TPL_006","TPL_006_TRANS_008",44.2850632930887,"TPL_006_RUN_008","TPL_006_RUN_009","Broad_HFS","Burst",TRUE,"Broad_HFS -> Burst","S0004",10,1,"holdout",44.2850632930887
"TPL_006","TPL_006_TRANS_009",44.7361382344434,"TPL_006_RUN_009","TPL_006_RUN_010","Burst","Burst",TRUE,"Burst -> Burst","S0004",10,1,"holdout",44.7361382344434
"TPL_006","TPL_006_TRANS_010",45.4090477490908,"TPL_006_RUN_010","TPL_006_RUN_011","Burst","Contextual_Separator",TRUE,"Burst -> Contextual_Separator","S0004",10,1,"holdout",45.4090477490908
"TPL_006","TPL_006_TRANS_011",45.9175264329294,"TPL_006_RUN_011","TPL_006_RUN_012","Contextual_Separator","Burst",TRUE,"Contextual_Separator -> Burst","S0004",10,1,"holdout",45.9175264329294
"TPL_006","TPL_006_TRANS_012",46.7042392636379,"TPL_006_RUN_012","TPL_006_RUN_013","Burst","Tonic:stn_like_empirical",TRUE,"Burst -> Tonic:stn_like_empirical","S0004",10,1,"holdout",46.7042392636379
"TPL_006","TPL_006_TRANS_013",52.7639212755619,"TPL_006_RUN_013","TPL_006_RUN_014","Tonic:stn_like_empirical","Pause:canonical",TRUE,"Tonic:stn_like_empirical -> Pause:canonical","S0004",10,1,"holdout",52.7639212755619
"TPL_007","TPL_007_TRANS_001",4.53572489287477,"TPL_007_RUN_001","TPL_007_RUN_002","Tonic:stn_like_empirical","Background",FALSE,"Tonic:stn_like_empirical -> Background","S0059",1,0.1,"holdout",0.453572489287477
"TPL_007","TPL_007_TRANS_002",6.64044016374894,"TPL_007_RUN_002","TPL_007_RUN_003","Background","Burst",FALSE,"Background -> Burst","S0059",1,0.1,"holdout",0.664044016374894
"TPL_007","TPL_007_TRANS_003",15.4765839401092,"TPL_007_RUN_003","TPL_007_RUN_004","Burst","Burst",TRUE,"Burst -> Burst","S0059",1,0.1,"holdout",1.54765839401092
"TPL_007","TPL_007_TRANS_004",15.9316007080004,"TPL_007_RUN_004","TPL_007_RUN_005","Burst","Broad_HFS",TRUE,"Burst -> Broad_HFS","S0059",1,0.1,"holdout",1.59316007080004
"TPL_007","TPL_007_TRANS_005",22.3410929997413,"TPL_007_RUN_005","TPL_007_RUN_006","Broad_HFS","Background",FALSE,"Broad_HFS -> Background","S0059",1,0.1,"holdout",2.23410929997413
"TPL_007","TPL_007_TRANS_006",24.218980309145,"TPL_007_RUN_006","TPL_007_RUN_007","Background","Pause:canonical",FALSE,"Background -> Pause:canonical","S0059",1,0.1,"holdout",2.4218980309145
"TPL_007","TPL_007_TRANS_007",27.1815373525596,"TPL_007_RUN_007","TPL_007_RUN_008","Pause:canonical","Background",FALSE,"Pause:canonical -> Background","S0059",1,0.1,"holdout",2.71815373525596
"TPL_007","TPL_007_TRANS_008",28.0637850327036,"TPL_007_RUN_008","TPL_007_RUN_009","Background","Burst",FALSE,"Background -> Burst","S0059",1,0.1,"holdout",2.80637850327036
"TPL_007","TPL_007_TRANS_009",28.5489295781626,"TPL_007_RUN_009","TPL_007_RUN_010","Burst","Contextual_Separator",TRUE,"Burst -> Contextual_Separator","S0059",1,0.1,"holdout",2.85489295781626
"TPL_007","TPL_007_TRANS_010",29.0524196501857,"TPL_007_RUN_010","TPL_007_RUN_011","Contextual_Separator","Burst",TRUE,"Contextual_Separator -> Burst","S0059",1,0.1,"holdout",2.90524196501857
"TPL_007","TPL_007_TRANS_011",29.5335449231488,"TPL_007_RUN_011","TPL_007_RUN_012","Burst","Burst",TRUE,"Burst -> Burst","S0059",1,0.1,"holdout",2.95335449231488
"TPL_007","TPL_007_TRANS_012",35.9751321044519,"TPL_007_RUN_012","TPL_007_RUN_013","Burst","Tonic:generic_stress",TRUE,"Burst -> Tonic:generic_stress","S0059",1,0.1,"holdout",3.59751321044519
"TPL_007","TPL_007_TRANS_013",47.6383758100413,"TPL_007_RUN_013","TPL_007_RUN_014","Tonic:generic_stress","Pause:canonical",TRUE,"Tonic:generic_stress -> Pause:canonical","S0059",1,0.1,"holdout",4.76383758100413
"TPL_007","TPL_007_TRANS_001",4.53572489287477,"TPL_007_RUN_001","TPL_007_RUN_002","Tonic:stn_like_empirical","Background",FALSE,"Tonic:stn_like_empirical -> Background","S0041",4,0.4,"holdout",1.81428995714991
"TPL_007","TPL_007_TRANS_002",6.64044016374894,"TPL_007_RUN_002","TPL_007_RUN_003","Background","Burst",FALSE,"Background -> Burst","S0041",4,0.4,"holdout",2.65617606549958
"TPL_007","TPL_007_TRANS_003",15.4765839401092,"TPL_007_RUN_003","TPL_007_RUN_004","Burst","Burst",TRUE,"Burst -> Burst","S0041",4,0.4,"holdout",6.19063357604367
"TPL_007","TPL_007_TRANS_004",15.9316007080004,"TPL_007_RUN_004","TPL_007_RUN_005","Burst","Broad_HFS",TRUE,"Burst -> Broad_HFS","S0041",4,0.4,"holdout",6.37264028320016
"TPL_007","TPL_007_TRANS_005",22.3410929997413,"TPL_007_RUN_005","TPL_007_RUN_006","Broad_HFS","Background",FALSE,"Broad_HFS -> Background","S0041",4,0.4,"holdout",8.93643719989652
"TPL_007","TPL_007_TRANS_006",24.218980309145,"TPL_007_RUN_006","TPL_007_RUN_007","Background","Pause:canonical",FALSE,"Background -> Pause:canonical","S0041",4,0.4,"holdout",9.68759212365801
"TPL_007","TPL_007_TRANS_007",27.1815373525596,"TPL_007_RUN_007","TPL_007_RUN_008","Pause:canonical","Background",FALSE,"Pause:canonical -> Background","S0041",4,0.4,"holdout",10.8726149410238
"TPL_007","TPL_007_TRANS_008",28.0637850327036,"TPL_007_RUN_008","TPL_007_RUN_009","Background","Burst",FALSE,"Background -> Burst","S0041",4,0.4,"holdout",11.2255140130814
"TPL_007","TPL_007_TRANS_009",28.5489295781626,"TPL_007_RUN_009","TPL_007_RUN_010","Burst","Contextual_Separator",TRUE,"Burst -> Contextual_Separator","S0041",4,0.4,"holdout",11.419571831265
"TPL_007","TPL_007_TRANS_010",29.0524196501857,"TPL_007_RUN_010","TPL_007_RUN_011","Contextual_Separator","Burst",TRUE,"Contextual_Separator -> Burst","S0041",4,0.4,"holdout",11.6209678600743
"TPL_007","TPL_007_TRANS_011",29.5335449231488,"TPL_007_RUN_011","TPL_007_RUN_012","Burst","Burst",TRUE,"Burst -> Burst","S0041",4,0.4,"holdout",11.8134179692595
"TPL_007","TPL_007_TRANS_012",35.9751321044519,"TPL_007_RUN_012","TPL_007_RUN_013","Burst","Tonic:generic_stress",TRUE,"Burst -> Tonic:generic_stress","S0041",4,0.4,"holdout",14.3900528417808
"TPL_007","TPL_007_TRANS_013",47.6383758100413,"TPL_007_RUN_013","TPL_007_RUN_014","Tonic:generic_stress","Pause:canonical",TRUE,"Tonic:generic_stress -> Pause:canonical","S0041",4,0.4,"holdout",19.0553503240165
"TPL_007","TPL_007_TRANS_001",4.53572489287477,"TPL_007_RUN_001","TPL_007_RUN_002","Tonic:stn_like_empirical","Background",FALSE,"Tonic:stn_like_empirical -> Background","S0043",10,1,"holdout",4.53572489287477
"TPL_007","TPL_007_TRANS_002",6.64044016374894,"TPL_007_RUN_002","TPL_007_RUN_003","Background","Burst",FALSE,"Background -> Burst","S0043",10,1,"holdout",6.64044016374894
"TPL_007","TPL_007_TRANS_003",15.4765839401092,"TPL_007_RUN_003","TPL_007_RUN_004","Burst","Burst",TRUE,"Burst -> Burst","S0043",10,1,"holdout",15.4765839401092
"TPL_007","TPL_007_TRANS_004",15.9316007080004,"TPL_007_RUN_004","TPL_007_RUN_005","Burst","Broad_HFS",TRUE,"Burst -> Broad_HFS","S0043",10,1,"holdout",15.9316007080004
"TPL_007","TPL_007_TRANS_005",22.3410929997413,"TPL_007_RUN_005","TPL_007_RUN_006","Broad_HFS","Background",FALSE,"Broad_HFS -> Background","S0043",10,1,"holdout",22.3410929997413
"TPL_007","TPL_007_TRANS_006",24.218980309145,"TPL_007_RUN_006","TPL_007_RUN_007","Background","Pause:canonical",FALSE,"Background -> Pause:canonical","S0043",10,1,"holdout",24.218980309145
"TPL_007","TPL_007_TRANS_007",27.1815373525596,"TPL_007_RUN_007","TPL_007_RUN_008","Pause:canonical","Background",FALSE,"Pause:canonical -> Background","S0043",10,1,"holdout",27.1815373525596
"TPL_007","TPL_007_TRANS_008",28.0637850327036,"TPL_007_RUN_008","TPL_007_RUN_009","Background","Burst",FALSE,"Background -> Burst","S0043",10,1,"holdout",28.0637850327036
"TPL_007","TPL_007_TRANS_009",28.5489295781626,"TPL_007_RUN_009","TPL_007_RUN_010","Burst","Contextual_Separator",TRUE,"Burst -> Contextual_Separator","S0043",10,1,"holdout",28.5489295781626
"TPL_007","TPL_007_TRANS_010",29.0524196501857,"TPL_007_RUN_010","TPL_007_RUN_011","Contextual_Separator","Burst",TRUE,"Contextual_Separator -> Burst","S0043",10,1,"holdout",29.0524196501857
"TPL_007","TPL_007_TRANS_011",29.5335449231488,"TPL_007_RUN_011","TPL_007_RUN_012","Burst","Burst",TRUE,"Burst -> Burst","S0043",10,1,"holdout",29.5335449231488
"TPL_007","TPL_007_TRANS_012",35.9751321044519,"TPL_007_RUN_012","TPL_007_RUN_013","Burst","Tonic:generic_stress",TRUE,"Burst -> Tonic:generic_stress","S0043",10,1,"holdout",35.9751321044519
"TPL_007","TPL_007_TRANS_013",47.6383758100413,"TPL_007_RUN_013","TPL_007_RUN_014","Tonic:generic_stress","Pause:canonical",TRUE,"Tonic:generic_stress -> Pause:canonical","S0043",10,1,"holdout",47.6383758100413
"TPL_008","TPL_008_TRANS_001",5.63749460111961,"TPL_008_RUN_001","TPL_008_RUN_002","Tonic:stn_like_empirical","Pause:canonical",TRUE,"Tonic:stn_like_empirical -> Pause:canonical","S0026",1,0.1,"holdout",0.563749460111961
"TPL_008","TPL_008_TRANS_002",8.89773013330654,"TPL_008_RUN_002","TPL_008_RUN_003","Pause:canonical","Broad_HFS",TRUE,"Pause:canonical -> Broad_HFS","S0026",1,0.1,"holdout",0.889773013330654
"TPL_008","TPL_008_TRANS_003",15.2075470364964,"TPL_008_RUN_003","TPL_008_RUN_004","Broad_HFS","Burst",TRUE,"Broad_HFS -> Burst","S0026",1,0.1,"holdout",1.52075470364964
"TPL_008","TPL_008_TRANS_004",16.0193517976682,"TPL_008_RUN_004","TPL_008_RUN_005","Burst","Background",FALSE,"Burst -> Background","S0026",1,0.1,"holdout",1.60193517976682
"TPL_008","TPL_008_TRANS_005",17.0013270931298,"TPL_008_RUN_005","TPL_008_RUN_006","Background","Burst",FALSE,"Background -> Burst","S0026",1,0.1,"holdout",1.70013270931298
"TPL_008","TPL_008_TRANS_006",17.790707050278,"TPL_008_RUN_006","TPL_008_RUN_007","Burst","Contextual_Separator",TRUE,"Burst -> Contextual_Separator","S0026",1,0.1,"holdout",1.7790707050278
"TPL_008","TPL_008_TRANS_007",18.2767426874164,"TPL_008_RUN_007","TPL_008_RUN_008","Contextual_Separator","Burst",TRUE,"Contextual_Separator -> Burst","S0026",1,0.1,"holdout",1.82767426874164
"TPL_008","TPL_008_TRANS_008",18.6738787557891,"TPL_008_RUN_008","TPL_008_RUN_009","Burst","Tonic:generic_stress",TRUE,"Burst -> Tonic:generic_stress","S0026",1,0.1,"holdout",1.86738787557891
"TPL_008","TPL_008_TRANS_009",31.3138282502582,"TPL_008_RUN_009","TPL_008_RUN_010","Tonic:generic_stress","Pause:complex_multi_gap",TRUE,"Tonic:generic_stress -> Pause:complex_multi_gap","S0026",1,0.1,"holdout",3.13138282502582
"TPL_008","TPL_008_TRANS_010",36.8301289214333,"TPL_008_RUN_010","TPL_008_RUN_011","Pause:complex_multi_gap","Background",FALSE,"Pause:complex_multi_gap -> Background","S0026",1,0.1,"holdout",3.68301289214333
"TPL_008","TPL_008_TRANS_011",37.9498893318267,"TPL_008_RUN_011","TPL_008_RUN_012","Background","Burst",FALSE,"Background -> Burst","S0026",1,0.1,"holdout",3.79498893318267
"TPL_008","TPL_008_TRANS_012",45.0639052499068,"TPL_008_RUN_012","TPL_008_RUN_013","Burst","Pause:canonical",TRUE,"Burst -> Pause:canonical","S0026",1,0.1,"holdout",4.50639052499068
"TPL_008","TPL_008_TRANS_013",49.0593287570384,"TPL_008_RUN_013","TPL_008_RUN_014","Pause:canonical","Burst",TRUE,"Pause:canonical -> Burst","S0026",1,0.1,"holdout",4.90593287570384
"TPL_008","TPL_008_TRANS_001",5.63749460111961,"TPL_008_RUN_001","TPL_008_RUN_002","Tonic:stn_like_empirical","Pause:canonical",TRUE,"Tonic:stn_like_empirical -> Pause:canonical","S0001",4,0.4,"holdout",2.25499784044784
"TPL_008","TPL_008_TRANS_002",8.89773013330654,"TPL_008_RUN_002","TPL_008_RUN_003","Pause:canonical","Broad_HFS",TRUE,"Pause:canonical -> Broad_HFS","S0001",4,0.4,"holdout",3.55909205332261
"TPL_008","TPL_008_TRANS_003",15.2075470364964,"TPL_008_RUN_003","TPL_008_RUN_004","Broad_HFS","Burst",TRUE,"Broad_HFS -> Burst","S0001",4,0.4,"holdout",6.08301881459857
"TPL_008","TPL_008_TRANS_004",16.0193517976682,"TPL_008_RUN_004","TPL_008_RUN_005","Burst","Background",FALSE,"Burst -> Background","S0001",4,0.4,"holdout",6.40774071906729
"TPL_008","TPL_008_TRANS_005",17.0013270931298,"TPL_008_RUN_005","TPL_008_RUN_006","Background","Burst",FALSE,"Background -> Burst","S0001",4,0.4,"holdout",6.80053083725193
"TPL_008","TPL_008_TRANS_006",17.790707050278,"TPL_008_RUN_006","TPL_008_RUN_007","Burst","Contextual_Separator",TRUE,"Burst -> Contextual_Separator","S0001",4,0.4,"holdout",7.11628282011118
"TPL_008","TPL_008_TRANS_007",18.2767426874164,"TPL_008_RUN_007","TPL_008_RUN_008","Contextual_Separator","Burst",TRUE,"Contextual_Separator -> Burst","S0001",4,0.4,"holdout",7.31069707496655
"TPL_008","TPL_008_TRANS_008",18.6738787557891,"TPL_008_RUN_008","TPL_008_RUN_009","Burst","Tonic:generic_stress",TRUE,"Burst -> Tonic:generic_stress","S0001",4,0.4,"holdout",7.46955150231565
"TPL_008","TPL_008_TRANS_009",31.3138282502582,"TPL_008_RUN_009","TPL_008_RUN_010","Tonic:generic_stress","Pause:complex_multi_gap",TRUE,"Tonic:generic_stress -> Pause:complex_multi_gap","S0001",4,0.4,"holdout",12.5255313001033
"TPL_008","TPL_008_TRANS_010",36.8301289214333,"TPL_008_RUN_010","TPL_008_RUN_011","Pause:complex_multi_gap","Background",FALSE,"Pause:complex_multi_gap -> Background","S0001",4,0.4,"holdout",14.7320515685733
"TPL_008","TPL_008_TRANS_011",37.9498893318267,"TPL_008_RUN_011","TPL_008_RUN_012","Background","Burst",FALSE,"Background -> Burst","S0001",4,0.4,"holdout",15.1799557327307
"TPL_008","TPL_008_TRANS_012",45.0639052499068,"TPL_008_RUN_012","TPL_008_RUN_013","Burst","Pause:canonical",TRUE,"Burst -> Pause:canonical","S0001",4,0.4,"holdout",18.0255620999627
"TPL_008","TPL_008_TRANS_013",49.0593287570384,"TPL_008_RUN_013","TPL_008_RUN_014","Pause:canonical","Burst",TRUE,"Pause:canonical -> Burst","S0001",4,0.4,"holdout",19.6237315028154
"TPL_008","TPL_008_TRANS_001",5.63749460111961,"TPL_008_RUN_001","TPL_008_RUN_002","Tonic:stn_like_empirical","Pause:canonical",TRUE,"Tonic:stn_like_empirical -> Pause:canonical","S0054",10,1,"holdout",5.63749460111961
"TPL_008","TPL_008_TRANS_002",8.89773013330654,"TPL_008_RUN_002","TPL_008_RUN_003","Pause:canonical","Broad_HFS",TRUE,"Pause:canonical -> Broad_HFS","S0054",10,1,"holdout",8.89773013330654
"TPL_008","TPL_008_TRANS_003",15.2075470364964,"TPL_008_RUN_003","TPL_008_RUN_004","Broad_HFS","Burst",TRUE,"Broad_HFS -> Burst","S0054",10,1,"holdout",15.2075470364964
"TPL_008","TPL_008_TRANS_004",16.0193517976682,"TPL_008_RUN_004","TPL_008_RUN_005","Burst","Background",FALSE,"Burst -> Background","S0054",10,1,"holdout",16.0193517976682
"TPL_008","TPL_008_TRANS_005",17.0013270931298,"TPL_008_RUN_005","TPL_008_RUN_006","Background","Burst",FALSE,"Background -> Burst","S0054",10,1,"holdout",17.0013270931298
"TPL_008","TPL_008_TRANS_006",17.790707050278,"TPL_008_RUN_006","TPL_008_RUN_007","Burst","Contextual_Separator",TRUE,"Burst -> Contextual_Separator","S0054",10,1,"holdout",17.790707050278
"TPL_008","TPL_008_TRANS_007",18.2767426874164,"TPL_008_RUN_007","TPL_008_RUN_008","Contextual_Separator","Burst",TRUE,"Contextual_Separator -> Burst","S0054",10,1,"holdout",18.2767426874164
"TPL_008","TPL_008_TRANS_008",18.6738787557891,"TPL_008_RUN_008","TPL_008_RUN_009","Burst","Tonic:generic_stress",TRUE,"Burst -> Tonic:generic_stress","S0054",10,1,"holdout",18.6738787557891
"TPL_008","TPL_008_TRANS_009",31.3138282502582,"TPL_008_RUN_009","TPL_008_RUN_010","Tonic:generic_stress","Pause:complex_multi_gap",TRUE,"Tonic:generic_stress -> Pause:complex_multi_gap","S0054",10,1,"holdout",31.3138282502582
"TPL_008","TPL_008_TRANS_010",36.8301289214333,"TPL_008_RUN_010","TPL_008_RUN_011","Pause:complex_multi_gap","Background",FALSE,"Pause:complex_multi_gap -> Background","S0054",10,1,"holdout",36.8301289214333
"TPL_008","TPL_008_TRANS_011",37.9498893318267,"TPL_008_RUN_011","TPL_008_RUN_012","Background","Burst",FALSE,"Background -> Burst","S0054",10,1,"holdout",37.9498893318267
"TPL_008","TPL_008_TRANS_012",45.0639052499068,"TPL_008_RUN_012","TPL_008_RUN_013","Burst","Pause:canonical",TRUE,"Burst -> Pause:canonical","S0054",10,1,"holdout",45.0639052499068
"TPL_008","TPL_008_TRANS_013",49.0593287570384,"TPL_008_RUN_013","TPL_008_RUN_014","Pause:canonical","Burst",TRUE,"Pause:canonical -> Burst","S0054",10,1,"holdout",49.0593287570384
"TPL_009","TPL_009_TRANS_001",7.40365910051747,"TPL_009_RUN_001","TPL_009_RUN_002","Burst","Background",FALSE,"Burst -> Background","S0048",1,0.1,"holdout",0.740365910051747
"TPL_009","TPL_009_TRANS_002",8.24084353281848,"TPL_009_RUN_002","TPL_009_RUN_003","Background","Tonic:generic_stress",FALSE,"Background -> Tonic:generic_stress","S0048",1,0.1,"holdout",0.824084353281848
"TPL_009","TPL_009_TRANS_003",20.0602108986421,"TPL_009_RUN_003","TPL_009_RUN_004","Tonic:generic_stress","Pause:canonical",TRUE,"Tonic:generic_stress -> Pause:canonical","S0048",1,0.1,"holdout",2.00602108986421
"TPL_009","TPL_009_TRANS_004",23.6087940973999,"TPL_009_RUN_004","TPL_009_RUN_005","Pause:canonical","Background",FALSE,"Pause:canonical -> Background","S0048",1,0.1,"holdout",2.36087940973999
"TPL_009","TPL_009_TRANS_005",24.5400241298297,"TPL_009_RUN_005","TPL_009_RUN_006","Background","Burst",FALSE,"Background -> Burst","S0048",1,0.1,"holdout",2.45400241298297
"TPL_009","TPL_009_TRANS_006",24.97776346302,"TPL_009_RUN_006","TPL_009_RUN_007","Burst","Broad_HFS",TRUE,"Burst -> Broad_HFS","S0048",1,0.1,"holdout",2.497776346302
"TPL_009","TPL_009_TRANS_007",30.732943782377,"TPL_009_RUN_007","TPL_009_RUN_008","Broad_HFS","Burst",TRUE,"Broad_HFS -> Burst","S0048",1,0.1,"holdout",3.0732943782377
"TPL_009","TPL_009_TRANS_008",31.4183890644169,"TPL_009_RUN_008","TPL_009_RUN_009","Burst","Contextual_Separator",TRUE,"Burst -> Contextual_Separator","S0048",1,0.1,"holdout",3.14183890644169
"TPL_009","TPL_009_TRANS_009",32.0427743989786,"TPL_009_RUN_009","TPL_009_RUN_010","Contextual_Separator","Burst",TRUE,"Contextual_Separator -> Burst","S0048",1,0.1,"holdout",3.20427743989786
"TPL_009","TPL_009_TRANS_010",32.8213263774587,"TPL_009_RUN_010","TPL_009_RUN_011","Burst","Pause:canonical",TRUE,"Burst -> Pause:canonical","S0048",1,0.1,"holdout",3.28213263774587
"TPL_009","TPL_009_TRANS_011",37.5972783115989,"TPL_009_RUN_011","TPL_009_RUN_012","Pause:canonical","Tonic:stn_like_empirical",TRUE,"Pause:canonical -> Tonic:stn_like_empirical","S0048",1,0.1,"holdout",3.75972783115989
"TPL_009","TPL_009_TRANS_012",44.7490456960894,"TPL_009_RUN_012","TPL_009_RUN_013","Tonic:stn_like_empirical","Burst",TRUE,"Tonic:stn_like_empirical -> Burst","S0048",1,0.1,"holdout",4.47490456960894
"TPL_009","TPL_009_TRANS_001",7.40365910051747,"TPL_009_RUN_001","TPL_009_RUN_002","Burst","Background",FALSE,"Burst -> Background","S0039",4,0.4,"holdout",2.96146364020699
"TPL_009","TPL_009_TRANS_002",8.24084353281848,"TPL_009_RUN_002","TPL_009_RUN_003","Background","Tonic:generic_stress",FALSE,"Background -> Tonic:generic_stress","S0039",4,0.4,"holdout",3.29633741312739
"TPL_009","TPL_009_TRANS_003",20.0602108986421,"TPL_009_RUN_003","TPL_009_RUN_004","Tonic:generic_stress","Pause:canonical",TRUE,"Tonic:generic_stress -> Pause:canonical","S0039",4,0.4,"holdout",8.02408435945683
"TPL_009","TPL_009_TRANS_004",23.6087940973999,"TPL_009_RUN_004","TPL_009_RUN_005","Pause:canonical","Background",FALSE,"Pause:canonical -> Background","S0039",4,0.4,"holdout",9.44351763895997
"TPL_009","TPL_009_TRANS_005",24.5400241298297,"TPL_009_RUN_005","TPL_009_RUN_006","Background","Burst",FALSE,"Background -> Burst","S0039",4,0.4,"holdout",9.81600965193188
"TPL_009","TPL_009_TRANS_006",24.97776346302,"TPL_009_RUN_006","TPL_009_RUN_007","Burst","Broad_HFS",TRUE,"Burst -> Broad_HFS","S0039",4,0.4,"holdout",9.99110538520802
"TPL_009","TPL_009_TRANS_007",30.732943782377,"TPL_009_RUN_007","TPL_009_RUN_008","Broad_HFS","Burst",TRUE,"Broad_HFS -> Burst","S0039",4,0.4,"holdout",12.2931775129508
"TPL_009","TPL_009_TRANS_008",31.4183890644169,"TPL_009_RUN_008","TPL_009_RUN_009","Burst","Contextual_Separator",TRUE,"Burst -> Contextual_Separator","S0039",4,0.4,"holdout",12.5673556257668
"TPL_009","TPL_009_TRANS_009",32.0427743989786,"TPL_009_RUN_009","TPL_009_RUN_010","Contextual_Separator","Burst",TRUE,"Contextual_Separator -> Burst","S0039",4,0.4,"holdout",12.8171097595914
"TPL_009","TPL_009_TRANS_010",32.8213263774587,"TPL_009_RUN_010","TPL_009_RUN_011","Burst","Pause:canonical",TRUE,"Burst -> Pause:canonical","S0039",4,0.4,"holdout",13.1285305509835
"TPL_009","TPL_009_TRANS_011",37.5972783115989,"TPL_009_RUN_011","TPL_009_RUN_012","Pause:canonical","Tonic:stn_like_empirical",TRUE,"Pause:canonical -> Tonic:stn_like_empirical","S0039",4,0.4,"holdout",15.0389113246395
"TPL_009","TPL_009_TRANS_012",44.7490456960894,"TPL_009_RUN_012","TPL_009_RUN_013","Tonic:stn_like_empirical","Burst",TRUE,"Tonic:stn_like_empirical -> Burst","S0039",4,0.4,"holdout",17.8996182784357
"TPL_009","TPL_009_TRANS_001",7.40365910051747,"TPL_009_RUN_001","TPL_009_RUN_002","Burst","Background",FALSE,"Burst -> Background","S0008",10,1,"holdout",7.40365910051747
"TPL_009","TPL_009_TRANS_002",8.24084353281848,"TPL_009_RUN_002","TPL_009_RUN_003","Background","Tonic:generic_stress",FALSE,"Background -> Tonic:generic_stress","S0008",10,1,"holdout",8.24084353281848
"TPL_009","TPL_009_TRANS_003",20.0602108986421,"TPL_009_RUN_003","TPL_009_RUN_004","Tonic:generic_stress","Pause:canonical",TRUE,"Tonic:generic_stress -> Pause:canonical","S0008",10,1,"holdout",20.0602108986421
"TPL_009","TPL_009_TRANS_004",23.6087940973999,"TPL_009_RUN_004","TPL_009_RUN_005","Pause:canonical","Background",FALSE,"Pause:canonical -> Background","S0008",10,1,"holdout",23.6087940973999
"TPL_009","TPL_009_TRANS_005",24.5400241298297,"TPL_009_RUN_005","TPL_009_RUN_006","Background","Burst",FALSE,"Background -> Burst","S0008",10,1,"holdout",24.5400241298297
"TPL_009","TPL_009_TRANS_006",24.97776346302,"TPL_009_RUN_006","TPL_009_RUN_007","Burst","Broad_HFS",TRUE,"Burst -> Broad_HFS","S0008",10,1,"holdout",24.97776346302
"TPL_009","TPL_009_TRANS_007",30.732943782377,"TPL_009_RUN_007","TPL_009_RUN_008","Broad_HFS","Burst",TRUE,"Broad_HFS -> Burst","S0008",10,1,"holdout",30.732943782377
"TPL_009","TPL_009_TRANS_008",31.4183890644169,"TPL_009_RUN_008","TPL_009_RUN_009","Burst","Contextual_Separator",TRUE,"Burst -> Contextual_Separator","S0008",10,1,"holdout",31.4183890644169
"TPL_009","TPL_009_TRANS_009",32.0427743989786,"TPL_009_RUN_009","TPL_009_RUN_010","Contextual_Separator","Burst",TRUE,"Contextual_Separator -> Burst","S0008",10,1,"holdout",32.0427743989786
"TPL_009","TPL_009_TRANS_010",32.8213263774587,"TPL_009_RUN_010","TPL_009_RUN_011","Burst","Pause:canonical",TRUE,"Burst -> Pause:canonical","S0008",10,1,"holdout",32.8213263774587
"TPL_009","TPL_009_TRANS_011",37.5972783115989,"TPL_009_RUN_011","TPL_009_RUN_012","Pause:canonical","Tonic:stn_like_empirical",TRUE,"Pause:canonical -> Tonic:stn_like_empirical","S0008",10,1,"holdout",37.5972783115989
"TPL_009","TPL_009_TRANS_012",44.7490456960894,"TPL_009_RUN_012","TPL_009_RUN_013","Tonic:stn_like_empirical","Burst",TRUE,"Tonic:stn_like_empirical -> Burst","S0008",10,1,"holdout",44.7490456960894
"TPL_010","TPL_010_TRANS_001",7.1913304642795,"TPL_010_RUN_001","TPL_010_RUN_002","Tonic:stn_like_empirical","Pause:canonical",TRUE,"Tonic:stn_like_empirical -> Pause:canonical","S0036",1,0.1,"holdout",0.71913304642795
"TPL_010","TPL_010_TRANS_002",10.461351320103,"TPL_010_RUN_002","TPL_010_RUN_003","Pause:canonical","Background",FALSE,"Pause:canonical -> Background","S0036",1,0.1,"holdout",1.0461351320103
"TPL_010","TPL_010_TRANS_003",13.6930326708322,"TPL_010_RUN_003","TPL_010_RUN_004","Background","Burst",FALSE,"Background -> Burst","S0036",1,0.1,"holdout",1.36930326708322
"TPL_010","TPL_010_TRANS_004",14.0570683035794,"TPL_010_RUN_004","TPL_010_RUN_005","Burst","Contextual_Separator",TRUE,"Burst -> Contextual_Separator","S0036",1,0.1,"holdout",1.40570683035794
"TPL_010","TPL_010_TRANS_005",14.5486986560692,"TPL_010_RUN_005","TPL_010_RUN_006","Contextual_Separator","Burst",TRUE,"Contextual_Separator -> Burst","S0036",1,0.1,"holdout",1.45486986560692
"TPL_010","TPL_010_TRANS_006",15.135750481815,"TPL_010_RUN_006","TPL_010_RUN_007","Burst","Background",FALSE,"Burst -> Background","S0036",1,0.1,"holdout",1.5135750481815
"TPL_010","TPL_010_TRANS_007",16.5675963193169,"TPL_010_RUN_007","TPL_010_RUN_008","Background","Tonic:generic_stress",FALSE,"Background -> Tonic:generic_stress","S0036",1,0.1,"holdout",1.65675963193169
"TPL_010","TPL_010_TRANS_008",30.1237727226028,"TPL_010_RUN_008","TPL_010_RUN_009","Tonic:generic_stress","Pause:complex_multi_gap",TRUE,"Tonic:generic_stress -> Pause:complex_multi_gap","S0036",1,0.1,"holdout",3.01237727226028
"TPL_010","TPL_010_TRANS_009",36.9708212052742,"TPL_010_RUN_009","TPL_010_RUN_010","Pause:complex_multi_gap","Background",FALSE,"Pause:complex_multi_gap -> Background","S0036",1,0.1,"holdout",3.69708212052742
"TPL_010","TPL_010_TRANS_010",37.2236739851319,"TPL_010_RUN_010","TPL_010_RUN_011","Background","Broad_HFS",FALSE,"Background -> Broad_HFS","S0036",1,0.1,"holdout",3.72236739851319
"TPL_010","TPL_010_TRANS_011",44.9588080332413,"TPL_010_RUN_011","TPL_010_RUN_012","Broad_HFS","Burst",TRUE,"Broad_HFS -> Burst","S0036",1,0.1,"holdout",4.49588080332413
"TPL_010","TPL_010_TRANS_012",45.3495759095543,"TPL_010_RUN_012","TPL_010_RUN_013","Burst","Burst",TRUE,"Burst -> Burst","S0036",1,0.1,"holdout",4.53495759095543
"TPL_010","TPL_010_TRANS_013",52.5703985320665,"TPL_010_RUN_013","TPL_010_RUN_014","Burst","Pause:canonical",TRUE,"Burst -> Pause:canonical","S0036",1,0.1,"holdout",5.25703985320665
"TPL_010","TPL_010_TRANS_014",56.1656253186315,"TPL_010_RUN_014","TPL_010_RUN_015","Pause:canonical","Burst",TRUE,"Pause:canonical -> Burst","S0036",1,0.1,"holdout",5.61656253186315
"TPL_010","TPL_010_TRANS_001",7.1913304642795,"TPL_010_RUN_001","TPL_010_RUN_002","Tonic:stn_like_empirical","Pause:canonical",TRUE,"Tonic:stn_like_empirical -> Pause:canonical","S0027",4,0.4,"holdout",2.8765321857118
"TPL_010","TPL_010_TRANS_002",10.461351320103,"TPL_010_RUN_002","TPL_010_RUN_003","Pause:canonical","Background",FALSE,"Pause:canonical -> Background","S0027",4,0.4,"holdout",4.18454052804121
"TPL_010","TPL_010_TRANS_003",13.6930326708322,"TPL_010_RUN_003","TPL_010_RUN_004","Background","Burst",FALSE,"Background -> Burst","S0027",4,0.4,"holdout",5.47721306833287
"TPL_010","TPL_010_TRANS_004",14.0570683035794,"TPL_010_RUN_004","TPL_010_RUN_005","Burst","Contextual_Separator",TRUE,"Burst -> Contextual_Separator","S0027",4,0.4,"holdout",5.62282732143175
"TPL_010","TPL_010_TRANS_005",14.5486986560692,"TPL_010_RUN_005","TPL_010_RUN_006","Contextual_Separator","Burst",TRUE,"Contextual_Separator -> Burst","S0027",4,0.4,"holdout",5.81947946242769
"TPL_010","TPL_010_TRANS_006",15.135750481815,"TPL_010_RUN_006","TPL_010_RUN_007","Burst","Background",FALSE,"Burst -> Background","S0027",4,0.4,"holdout",6.05430019272599
"TPL_010","TPL_010_TRANS_007",16.5675963193169,"TPL_010_RUN_007","TPL_010_RUN_008","Background","Tonic:generic_stress",FALSE,"Background -> Tonic:generic_stress","S0027",4,0.4,"holdout",6.62703852772674
"TPL_010","TPL_010_TRANS_008",30.1237727226028,"TPL_010_RUN_008","TPL_010_RUN_009","Tonic:generic_stress","Pause:complex_multi_gap",TRUE,"Tonic:generic_stress -> Pause:complex_multi_gap","S0027",4,0.4,"holdout",12.0495090890411
"TPL_010","TPL_010_TRANS_009",36.9708212052742,"TPL_010_RUN_009","TPL_010_RUN_010","Pause:complex_multi_gap","Background",FALSE,"Pause:complex_multi_gap -> Background","S0027",4,0.4,"holdout",14.7883284821097
"TPL_010","TPL_010_TRANS_010",37.2236739851319,"TPL_010_RUN_010","TPL_010_RUN_011","Background","Broad_HFS",FALSE,"Background -> Broad_HFS","S0027",4,0.4,"holdout",14.8894695940528
"TPL_010","TPL_010_TRANS_011",44.9588080332413,"TPL_010_RUN_011","TPL_010_RUN_012","Broad_HFS","Burst",TRUE,"Broad_HFS -> Burst","S0027",4,0.4,"holdout",17.9835232132965
"TPL_010","TPL_010_TRANS_012",45.3495759095543,"TPL_010_RUN_012","TPL_010_RUN_013","Burst","Burst",TRUE,"Burst -> Burst","S0027",4,0.4,"holdout",18.1398303638217
"TPL_010","TPL_010_TRANS_013",52.5703985320665,"TPL_010_RUN_013","TPL_010_RUN_014","Burst","Pause:canonical",TRUE,"Burst -> Pause:canonical","S0027",4,0.4,"holdout",21.0281594128266
"TPL_010","TPL_010_TRANS_014",56.1656253186315,"TPL_010_RUN_014","TPL_010_RUN_015","Pause:canonical","Burst",TRUE,"Pause:canonical -> Burst","S0027",4,0.4,"holdout",22.4662501274526
"TPL_010","TPL_010_TRANS_001",7.1913304642795,"TPL_010_RUN_001","TPL_010_RUN_002","Tonic:stn_like_empirical","Pause:canonical",TRUE,"Tonic:stn_like_empirical -> Pause:canonical","S0002",10,1,"holdout",7.1913304642795
"TPL_010","TPL_010_TRANS_002",10.461351320103,"TPL_010_RUN_002","TPL_010_RUN_003","Pause:canonical","Background",FALSE,"Pause:canonical -> Background","S0002",10,1,"holdout",10.461351320103
"TPL_010","TPL_010_TRANS_003",13.6930326708322,"TPL_010_RUN_003","TPL_010_RUN_004","Background","Burst",FALSE,"Background -> Burst","S0002",10,1,"holdout",13.6930326708322
"TPL_010","TPL_010_TRANS_004",14.0570683035794,"TPL_010_RUN_004","TPL_010_RUN_005","Burst","Contextual_Separator",TRUE,"Burst -> Contextual_Separator","S0002",10,1,"holdout",14.0570683035794
"TPL_010","TPL_010_TRANS_005",14.5486986560692,"TPL_010_RUN_005","TPL_010_RUN_006","Contextual_Separator","Burst",TRUE,"Contextual_Separator -> Burst","S0002",10,1,"holdout",14.5486986560692
"TPL_010","TPL_010_TRANS_006",15.135750481815,"TPL_010_RUN_006","TPL_010_RUN_007","Burst","Background",FALSE,"Burst -> Background","S0002",10,1,"holdout",15.135750481815
"TPL_010","TPL_010_TRANS_007",16.5675963193169,"TPL_010_RUN_007","TPL_010_RUN_008","Background","Tonic:generic_stress",FALSE,"Background -> Tonic:generic_stress","S0002",10,1,"holdout",16.5675963193169
"TPL_010","TPL_010_TRANS_008",30.1237727226028,"TPL_010_RUN_008","TPL_010_RUN_009","Tonic:generic_stress","Pause:complex_multi_gap",TRUE,"Tonic:generic_stress -> Pause:complex_multi_gap","S0002",10,1,"holdout",30.1237727226028
"TPL_010","TPL_010_TRANS_009",36.9708212052742,"TPL_010_RUN_009","TPL_010_RUN_010","Pause:complex_multi_gap","Background",FALSE,"Pause:complex_multi_gap -> Background","S0002",10,1,"holdout",36.9708212052742
"TPL_010","TPL_010_TRANS_010",37.2236739851319,"TPL_010_RUN_010","TPL_010_RUN_011","Background","Broad_HFS",FALSE,"Background -> Broad_HFS","S0002",10,1,"holdout",37.2236739851319
"TPL_010","TPL_010_TRANS_011",44.9588080332413,"TPL_010_RUN_011","TPL_010_RUN_012","Broad_HFS","Burst",TRUE,"Broad_HFS -> Burst","S0002",10,1,"holdout",44.9588080332413
"TPL_010","TPL_010_TRANS_012",45.3495759095543,"TPL_010_RUN_012","TPL_010_RUN_013","Burst","Burst",TRUE,"Burst -> Burst","S0002",10,1,"holdout",45.3495759095543
"TPL_010","TPL_010_TRANS_013",52.5703985320665,"TPL_010_RUN_013","TPL_010_RUN_014","Burst","Pause:canonical",TRUE,"Burst -> Pause:canonical","S0002",10,1,"holdout",52.5703985320665
"TPL_010","TPL_010_TRANS_014",56.1656253186315,"TPL_010_RUN_014","TPL_010_RUN_015","Pause:canonical","Burst",TRUE,"Pause:canonical -> Burst","S0002",10,1,"holdout",56.1656253186315
"TPL_011","TPL_011_TRANS_001",4.22007746221498,"TPL_011_RUN_001","TPL_011_RUN_002","Pause:canonical","Burst",TRUE,"Pause:canonical -> Burst","S0050",1,0.1,"holdout",0.422007746221498
"TPL_011","TPL_011_TRANS_002",9.64703684859987,"TPL_011_RUN_002","TPL_011_RUN_003","Burst","Background",FALSE,"Burst -> Background","S0050",1,0.1,"holdout",0.964703684859987
"TPL_011","TPL_011_TRANS_003",10.924434889614,"TPL_011_RUN_003","TPL_011_RUN_004","Background","Burst",FALSE,"Background -> Burst","S0050",1,0.1,"holdout",1.0924434889614
"TPL_011","TPL_011_TRANS_004",17.4117079765541,"TPL_011_RUN_004","TPL_011_RUN_005","Burst","Tonic:generic_stress",TRUE,"Burst -> Tonic:generic_stress","S0050",1,0.1,"holdout",1.74117079765541
"TPL_011","TPL_011_TRANS_005",34.5974576146969,"TPL_011_RUN_005","TPL_011_RUN_006","Tonic:generic_stress","Pause:canonical",TRUE,"Tonic:generic_stress -> Pause:canonical","S0050",1,0.1,"holdout",3.45974576146969
"TPL_011","TPL_011_TRANS_006",37.6828628748817,"TPL_011_RUN_006","TPL_011_RUN_007","Pause:canonical","Background",FALSE,"Pause:canonical -> Background","S0050",1,0.1,"holdout",3.76828628748817
"TPL_011","TPL_011_TRANS_007",38.3219470400968,"TPL_011_RUN_007","TPL_011_RUN_008","Background","Burst",FALSE,"Background -> Burst","S0050",1,0.1,"holdout",3.83219470400968
"TPL_011","TPL_011_TRANS_008",39.0511403040752,"TPL_011_RUN_008","TPL_011_RUN_009","Burst","Broad_HFS",TRUE,"Burst -> Broad_HFS","S0050",1,0.1,"holdout",3.90511403040752
"TPL_011","TPL_011_TRANS_009",43.0172958728004,"TPL_011_RUN_009","TPL_011_RUN_010","Broad_HFS","Tonic:stn_like_empirical",TRUE,"Broad_HFS -> Tonic:stn_like_empirical","S0050",1,0.1,"holdout",4.30172958728004
"TPL_011","TPL_011_TRANS_010",50.0312105078204,"TPL_011_RUN_010","TPL_011_RUN_011","Tonic:stn_like_empirical","Burst",TRUE,"Tonic:stn_like_empirical -> Burst","S0050",1,0.1,"holdout",5.00312105078204
"TPL_011","TPL_011_TRANS_011",50.5638154814049,"TPL_011_RUN_011","TPL_011_RUN_012","Burst","Contextual_Separator",TRUE,"Burst -> Contextual_Separator","S0050",1,0.1,"holdout",5.05638154814049
"TPL_011","TPL_011_TRANS_012",51.0804877528484,"TPL_011_RUN_012","TPL_011_RUN_013","Contextual_Separator","Burst",TRUE,"Contextual_Separator -> Burst","S0050",1,0.1,"holdout",5.10804877528484
"TPL_011","TPL_011_TRANS_001",4.22007746221498,"TPL_011_RUN_001","TPL_011_RUN_002","Pause:canonical","Burst",TRUE,"Pause:canonical -> Burst","S0034",4,0.4,"holdout",1.68803098488599
"TPL_011","TPL_011_TRANS_002",9.64703684859987,"TPL_011_RUN_002","TPL_011_RUN_003","Burst","Background",FALSE,"Burst -> Background","S0034",4,0.4,"holdout",3.85881473943995
"TPL_011","TPL_011_TRANS_003",10.924434889614,"TPL_011_RUN_003","TPL_011_RUN_004","Background","Burst",FALSE,"Background -> Burst","S0034",4,0.4,"holdout",4.36977395584561
"TPL_011","TPL_011_TRANS_004",17.4117079765541,"TPL_011_RUN_004","TPL_011_RUN_005","Burst","Tonic:generic_stress",TRUE,"Burst -> Tonic:generic_stress","S0034",4,0.4,"holdout",6.96468319062163
"TPL_011","TPL_011_TRANS_005",34.5974576146969,"TPL_011_RUN_005","TPL_011_RUN_006","Tonic:generic_stress","Pause:canonical",TRUE,"Tonic:generic_stress -> Pause:canonical","S0034",4,0.4,"holdout",13.8389830458788
"TPL_011","TPL_011_TRANS_006",37.6828628748817,"TPL_011_RUN_006","TPL_011_RUN_007","Pause:canonical","Background",FALSE,"Pause:canonical -> Background","S0034",4,0.4,"holdout",15.0731451499527
"TPL_011","TPL_011_TRANS_007",38.3219470400968,"TPL_011_RUN_007","TPL_011_RUN_008","Background","Burst",FALSE,"Background -> Burst","S0034",4,0.4,"holdout",15.3287788160387
"TPL_011","TPL_011_TRANS_008",39.0511403040752,"TPL_011_RUN_008","TPL_011_RUN_009","Burst","Broad_HFS",TRUE,"Burst -> Broad_HFS","S0034",4,0.4,"holdout",15.6204561216301
"TPL_011","TPL_011_TRANS_009",43.0172958728004,"TPL_011_RUN_009","TPL_011_RUN_010","Broad_HFS","Tonic:stn_like_empirical",TRUE,"Broad_HFS -> Tonic:stn_like_empirical","S0034",4,0.4,"holdout",17.2069183491202
"TPL_011","TPL_011_TRANS_010",50.0312105078204,"TPL_011_RUN_010","TPL_011_RUN_011","Tonic:stn_like_empirical","Burst",TRUE,"Tonic:stn_like_empirical -> Burst","S0034",4,0.4,"holdout",20.0124842031281
"TPL_011","TPL_011_TRANS_011",50.5638154814049,"TPL_011_RUN_011","TPL_011_RUN_012","Burst","Contextual_Separator",TRUE,"Burst -> Contextual_Separator","S0034",4,0.4,"holdout",20.2255261925619
"TPL_011","TPL_011_TRANS_012",51.0804877528484,"TPL_011_RUN_012","TPL_011_RUN_013","Contextual_Separator","Burst",TRUE,"Contextual_Separator -> Burst","S0034",4,0.4,"holdout",20.4321951011394
"TPL_011","TPL_011_TRANS_001",4.22007746221498,"TPL_011_RUN_001","TPL_011_RUN_002","Pause:canonical","Burst",TRUE,"Pause:canonical -> Burst","S0046",10,1,"holdout",4.22007746221498
"TPL_011","TPL_011_TRANS_002",9.64703684859987,"TPL_011_RUN_002","TPL_011_RUN_003","Burst","Background",FALSE,"Burst -> Background","S0046",10,1,"holdout",9.64703684859987
"TPL_011","TPL_011_TRANS_003",10.924434889614,"TPL_011_RUN_003","TPL_011_RUN_004","Background","Burst",FALSE,"Background -> Burst","S0046",10,1,"holdout",10.924434889614
"TPL_011","TPL_011_TRANS_004",17.4117079765541,"TPL_011_RUN_004","TPL_011_RUN_005","Burst","Tonic:generic_stress",TRUE,"Burst -> Tonic:generic_stress","S0046",10,1,"holdout",17.4117079765541
"TPL_011","TPL_011_TRANS_005",34.5974576146969,"TPL_011_RUN_005","TPL_011_RUN_006","Tonic:generic_stress","Pause:canonical",TRUE,"Tonic:generic_stress -> Pause:canonical","S0046",10,1,"holdout",34.5974576146969
"TPL_011","TPL_011_TRANS_006",37.6828628748817,"TPL_011_RUN_006","TPL_011_RUN_007","Pause:canonical","Background",FALSE,"Pause:canonical -> Background","S0046",10,1,"holdout",37.6828628748817
"TPL_011","TPL_011_TRANS_007",38.3219470400968,"TPL_011_RUN_007","TPL_011_RUN_008","Background","Burst",FALSE,"Background -> Burst","S0046",10,1,"holdout",38.3219470400968
"TPL_011","TPL_011_TRANS_008",39.0511403040752,"TPL_011_RUN_008","TPL_011_RUN_009","Burst","Broad_HFS",TRUE,"Burst -> Broad_HFS","S0046",10,1,"holdout",39.0511403040752
"TPL_011","TPL_011_TRANS_009",43.0172958728004,"TPL_011_RUN_009","TPL_011_RUN_010","Broad_HFS","Tonic:stn_like_empirical",TRUE,"Broad_HFS -> Tonic:stn_like_empirical","S0046",10,1,"holdout",43.0172958728004
"TPL_011","TPL_011_TRANS_010",50.0312105078204,"TPL_011_RUN_010","TPL_011_RUN_011","Tonic:stn_like_empirical","Burst",TRUE,"Tonic:stn_like_empirical -> Burst","S0046",10,1,"holdout",50.0312105078204
"TPL_011","TPL_011_TRANS_011",50.5638154814049,"TPL_011_RUN_011","TPL_011_RUN_012","Burst","Contextual_Separator",TRUE,"Burst -> Contextual_Separator","S0046",10,1,"holdout",50.5638154814049
"TPL_011","TPL_011_TRANS_012",51.0804877528484,"TPL_011_RUN_012","TPL_011_RUN_013","Contextual_Separator","Burst",TRUE,"Contextual_Separator -> Burst","S0046",10,1,"holdout",51.0804877528484
"TPL_012","TPL_012_TRANS_001",12.2075830892282,"TPL_012_RUN_001","TPL_012_RUN_002","Tonic:generic_stress","Pause:complex_multi_gap",TRUE,"Tonic:generic_stress -> Pause:complex_multi_gap","S0016",1,0.1,"holdout",1.22075830892282
"TPL_012","TPL_012_TRANS_002",17.8385075580883,"TPL_012_RUN_002","TPL_012_RUN_003","Pause:complex_multi_gap","Tonic:stn_like_empirical",TRUE,"Pause:complex_multi_gap -> Tonic:stn_like_empirical","S0016",1,0.1,"holdout",1.78385075580883
"TPL_012","TPL_012_TRANS_003",23.7587707264146,"TPL_012_RUN_003","TPL_012_RUN_004","Tonic:stn_like_empirical","Pause:canonical",TRUE,"Tonic:stn_like_empirical -> Pause:canonical","S0016",1,0.1,"holdout",2.37587707264146
"TPL_012","TPL_012_TRANS_004",27.3466440468824,"TPL_012_RUN_004","TPL_012_RUN_005","Pause:canonical","Broad_HFS",TRUE,"Pause:canonical -> Broad_HFS","S0016",1,0.1,"holdout",2.73466440468824
"TPL_012","TPL_012_TRANS_005",33.6497405200556,"TPL_012_RUN_005","TPL_012_RUN_006","Broad_HFS","Burst",TRUE,"Broad_HFS -> Burst","S0016",1,0.1,"holdout",3.36497405200556
"TPL_012","TPL_012_TRANS_006",34.0582207459214,"TPL_012_RUN_006","TPL_012_RUN_007","Burst","Background",FALSE,"Burst -> Background","S0016",1,0.1,"holdout",3.40582207459214
"TPL_012","TPL_012_TRANS_007",35.1623795606538,"TPL_012_RUN_007","TPL_012_RUN_008","Background","Burst",FALSE,"Background -> Burst","S0016",1,0.1,"holdout",3.51623795606538
"TPL_012","TPL_012_TRANS_008",41.3569886448616,"TPL_012_RUN_008","TPL_012_RUN_009","Burst","Pause:canonical",TRUE,"Burst -> Pause:canonical","S0016",1,0.1,"holdout",4.13569886448616
"TPL_012","TPL_012_TRANS_009",44.2377716485233,"TPL_012_RUN_009","TPL_012_RUN_010","Pause:canonical","Burst",TRUE,"Pause:canonical -> Burst","S0016",1,0.1,"holdout",4.42377716485233
"TPL_012","TPL_012_TRANS_010",50.7786831261083,"TPL_012_RUN_010","TPL_012_RUN_011","Burst","Background",FALSE,"Burst -> Background","S0016",1,0.1,"holdout",5.07786831261083
"TPL_012","TPL_012_TRANS_011",52.3033130561695,"TPL_012_RUN_011","TPL_012_RUN_012","Background","Burst",FALSE,"Background -> Burst","S0016",1,0.1,"holdout",5.23033130561695
"TPL_012","TPL_012_TRANS_012",52.6470079168816,"TPL_012_RUN_012","TPL_012_RUN_013","Burst","Contextual_Separator",TRUE,"Burst -> Contextual_Separator","S0016",1,0.1,"holdout",5.26470079168816
"TPL_012","TPL_012_TRANS_013",53.1329629804612,"TPL_012_RUN_013","TPL_012_RUN_014","Contextual_Separator","Burst",TRUE,"Contextual_Separator -> Burst","S0016",1,0.1,"holdout",5.31329629804612
"TPL_012","TPL_012_TRANS_001",12.2075830892282,"TPL_012_RUN_001","TPL_012_RUN_002","Tonic:generic_stress","Pause:complex_multi_gap",TRUE,"Tonic:generic_stress -> Pause:complex_multi_gap","S0031",4,0.4,"holdout",4.8830332356913
"TPL_012","TPL_012_TRANS_002",17.8385075580883,"TPL_012_RUN_002","TPL_012_RUN_003","Pause:complex_multi_gap","Tonic:stn_like_empirical",TRUE,"Pause:complex_multi_gap -> Tonic:stn_like_empirical","S0031",4,0.4,"holdout",7.13540302323531
"TPL_012","TPL_012_TRANS_003",23.7587707264146,"TPL_012_RUN_003","TPL_012_RUN_004","Tonic:stn_like_empirical","Pause:canonical",TRUE,"Tonic:stn_like_empirical -> Pause:canonical","S0031",4,0.4,"holdout",9.50350829056583
"TPL_012","TPL_012_TRANS_004",27.3466440468824,"TPL_012_RUN_004","TPL_012_RUN_005","Pause:canonical","Broad_HFS",TRUE,"Pause:canonical -> Broad_HFS","S0031",4,0.4,"holdout",10.9386576187529
"TPL_012","TPL_012_TRANS_005",33.6497405200556,"TPL_012_RUN_005","TPL_012_RUN_006","Broad_HFS","Burst",TRUE,"Broad_HFS -> Burst","S0031",4,0.4,"holdout",13.4598962080222
"TPL_012","TPL_012_TRANS_006",34.0582207459214,"TPL_012_RUN_006","TPL_012_RUN_007","Burst","Background",FALSE,"Burst -> Background","S0031",4,0.4,"holdout",13.6232882983686
"TPL_012","TPL_012_TRANS_007",35.1623795606538,"TPL_012_RUN_007","TPL_012_RUN_008","Background","Burst",FALSE,"Background -> Burst","S0031",4,0.4,"holdout",14.0649518242615
"TPL_012","TPL_012_TRANS_008",41.3569886448616,"TPL_012_RUN_008","TPL_012_RUN_009","Burst","Pause:canonical",TRUE,"Burst -> Pause:canonical","S0031",4,0.4,"holdout",16.5427954579446
"TPL_012","TPL_012_TRANS_009",44.2377716485233,"TPL_012_RUN_009","TPL_012_RUN_010","Pause:canonical","Burst",TRUE,"Pause:canonical -> Burst","S0031",4,0.4,"holdout",17.6951086594093
"TPL_012","TPL_012_TRANS_010",50.7786831261083,"TPL_012_RUN_010","TPL_012_RUN_011","Burst","Background",FALSE,"Burst -> Background","S0031",4,0.4,"holdout",20.3114732504433
"TPL_012","TPL_012_TRANS_011",52.3033130561695,"TPL_012_RUN_011","TPL_012_RUN_012","Background","Burst",FALSE,"Background -> Burst","S0031",4,0.4,"holdout",20.9213252224678
"TPL_012","TPL_012_TRANS_012",52.6470079168816,"TPL_012_RUN_012","TPL_012_RUN_013","Burst","Contextual_Separator",TRUE,"Burst -> Contextual_Separator","S0031",4,0.4,"holdout",21.0588031667526
"TPL_012","TPL_012_TRANS_013",53.1329629804612,"TPL_012_RUN_013","TPL_012_RUN_014","Contextual_Separator","Burst",TRUE,"Contextual_Separator -> Burst","S0031",4,0.4,"holdout",21.2531851921845
"TPL_012","TPL_012_TRANS_001",12.2075830892282,"TPL_012_RUN_001","TPL_012_RUN_002","Tonic:generic_stress","Pause:complex_multi_gap",TRUE,"Tonic:generic_stress -> Pause:complex_multi_gap","S0057",10,1,"holdout",12.2075830892282
"TPL_012","TPL_012_TRANS_002",17.8385075580883,"TPL_012_RUN_002","TPL_012_RUN_003","Pause:complex_multi_gap","Tonic:stn_like_empirical",TRUE,"Pause:complex_multi_gap -> Tonic:stn_like_empirical","S0057",10,1,"holdout",17.8385075580883
"TPL_012","TPL_012_TRANS_003",23.7587707264146,"TPL_012_RUN_003","TPL_012_RUN_004","Tonic:stn_like_empirical","Pause:canonical",TRUE,"Tonic:stn_like_empirical -> Pause:canonical","S0057",10,1,"holdout",23.7587707264146
"TPL_012","TPL_012_TRANS_004",27.3466440468824,"TPL_012_RUN_004","TPL_012_RUN_005","Pause:canonical","Broad_HFS",TRUE,"Pause:canonical -> Broad_HFS","S0057",10,1,"holdout",27.3466440468824
"TPL_012","TPL_012_TRANS_005",33.6497405200556,"TPL_012_RUN_005","TPL_012_RUN_006","Broad_HFS","Burst",TRUE,"Broad_HFS -> Burst","S0057",10,1,"holdout",33.6497405200556
"TPL_012","TPL_012_TRANS_006",34.0582207459214,"TPL_012_RUN_006","TPL_012_RUN_007","Burst","Background",FALSE,"Burst -> Background","S0057",10,1,"holdout",34.0582207459214
"TPL_012","TPL_012_TRANS_007",35.1623795606538,"TPL_012_RUN_007","TPL_012_RUN_008","Background","Burst",FALSE,"Background -> Burst","S0057",10,1,"holdout",35.1623795606538
"TPL_012","TPL_012_TRANS_008",41.3569886448616,"TPL_012_RUN_008","TPL_012_RUN_009","Burst","Pause:canonical",TRUE,"Burst -> Pause:canonical","S0057",10,1,"holdout",41.3569886448616
"TPL_012","TPL_012_TRANS_009",44.2377716485233,"TPL_012_RUN_009","TPL_012_RUN_010","Pause:canonical","Burst",TRUE,"Pause:canonical -> Burst","S0057",10,1,"holdout",44.2377716485233
"TPL_012","TPL_012_TRANS_010",50.7786831261083,"TPL_012_RUN_010","TPL_012_RUN_011","Burst","Background",FALSE,"Burst -> Background","S0057",10,1,"holdout",50.7786831261083
"TPL_012","TPL_012_TRANS_011",52.3033130561695,"TPL_012_RUN_011","TPL_012_RUN_012","Background","Burst",FALSE,"Background -> Burst","S0057",10,1,"holdout",52.3033130561695
"TPL_012","TPL_012_TRANS_012",52.6470079168816,"TPL_012_RUN_012","TPL_012_RUN_013","Burst","Contextual_Separator",TRUE,"Burst -> Contextual_Separator","S0057",10,1,"holdout",52.6470079168816
"TPL_012","TPL_012_TRANS_013",53.1329629804612,"TPL_012_RUN_013","TPL_012_RUN_014","Contextual_Separator","Burst",TRUE,"Contextual_Separator -> Burst","S0057",10,1,"holdout",53.1329629804612
"TPL_013","TPL_013_TRANS_001",0.689316184315184,"TPL_013_RUN_001","TPL_013_RUN_002","Burst","Contextual_Separator",TRUE,"Burst -> Contextual_Separator","S0012",1,0.1,"holdout",0.0689316184315184
"TPL_013","TPL_013_TRANS_002",1.27688708385388,"TPL_013_RUN_002","TPL_013_RUN_003","Contextual_Separator","Burst",TRUE,"Contextual_Separator -> Burst","S0012",1,0.1,"holdout",0.127688708385388
"TPL_013","TPL_013_TRANS_003",1.96616684319683,"TPL_013_RUN_003","TPL_013_RUN_004","Burst","Tonic:generic_stress",TRUE,"Burst -> Tonic:generic_stress","S0012",1,0.1,"holdout",0.196616684319683
"TPL_013","TPL_013_TRANS_004",12.7098232698084,"TPL_013_RUN_004","TPL_013_RUN_005","Tonic:generic_stress","Pause:canonical",TRUE,"Tonic:generic_stress -> Pause:canonical","S0012",1,0.1,"holdout",1.27098232698084
"TPL_013","TPL_013_TRANS_005",16.3371094058191,"TPL_013_RUN_005","TPL_013_RUN_006","Pause:canonical","Burst",TRUE,"Pause:canonical -> Burst","S0012",1,0.1,"holdout",1.63371094058191
"TPL_013","TPL_013_TRANS_006",22.5379702771596,"TPL_013_RUN_006","TPL_013_RUN_007","Burst","Background",FALSE,"Burst -> Background","S0012",1,0.1,"holdout",2.25379702771596
"TPL_013","TPL_013_TRANS_007",24.4051829977295,"TPL_013_RUN_007","TPL_013_RUN_008","Background","Burst",FALSE,"Background -> Burst","S0012",1,0.1,"holdout",2.44051829977295
"TPL_013","TPL_013_TRANS_008",25.232327939528,"TPL_013_RUN_008","TPL_013_RUN_009","Burst","Broad_HFS",TRUE,"Burst -> Broad_HFS","S0012",1,0.1,"holdout",2.5232327939528
"TPL_013","TPL_013_TRANS_009",31.3095335243441,"TPL_013_RUN_009","TPL_013_RUN_010","Broad_HFS","Tonic:stn_like_empirical",TRUE,"Broad_HFS -> Tonic:stn_like_empirical","S0012",1,0.1,"holdout",3.13095335243441
"TPL_013","TPL_013_TRANS_010",33.7663980069107,"TPL_013_RUN_010","TPL_013_RUN_011","Tonic:stn_like_empirical","Background",FALSE,"Tonic:stn_like_empirical -> Background","S0012",1,0.1,"holdout",3.37663980069107
"TPL_013","TPL_013_TRANS_011",36.4665428763628,"TPL_013_RUN_011","TPL_013_RUN_012","Background","Pause:canonical",FALSE,"Background -> Pause:canonical","S0012",1,0.1,"holdout",3.64665428763628
"TPL_013","TPL_013_TRANS_012",39.5288796670176,"TPL_013_RUN_012","TPL_013_RUN_013","Pause:canonical","Burst",TRUE,"Pause:canonical -> Burst","S0012",1,0.1,"holdout",3.95288796670176
"TPL_013","TPL_013_TRANS_001",0.689316184315184,"TPL_013_RUN_001","TPL_013_RUN_002","Burst","Contextual_Separator",TRUE,"Burst -> Contextual_Separator","S0022",4,0.4,"holdout",0.275726473726074
"TPL_013","TPL_013_TRANS_002",1.27688708385388,"TPL_013_RUN_002","TPL_013_RUN_003","Contextual_Separator","Burst",TRUE,"Contextual_Separator -> Burst","S0022",4,0.4,"holdout",0.510754833541552
"TPL_013","TPL_013_TRANS_003",1.96616684319683,"TPL_013_RUN_003","TPL_013_RUN_004","Burst","Tonic:generic_stress",TRUE,"Burst -> Tonic:generic_stress","S0022",4,0.4,"holdout",0.786466737278731
"TPL_013","TPL_013_TRANS_004",12.7098232698084,"TPL_013_RUN_004","TPL_013_RUN_005","Tonic:generic_stress","Pause:canonical",TRUE,"Tonic:generic_stress -> Pause:canonical","S0022",4,0.4,"holdout",5.08392930792337
"TPL_013","TPL_013_TRANS_005",16.3371094058191,"TPL_013_RUN_005","TPL_013_RUN_006","Pause:canonical","Burst",TRUE,"Pause:canonical -> Burst","S0022",4,0.4,"holdout",6.53484376232763
"TPL_013","TPL_013_TRANS_006",22.5379702771596,"TPL_013_RUN_006","TPL_013_RUN_007","Burst","Background",FALSE,"Burst -> Background","S0022",4,0.4,"holdout",9.01518811086384
"TPL_013","TPL_013_TRANS_007",24.4051829977295,"TPL_013_RUN_007","TPL_013_RUN_008","Background","Burst",FALSE,"Background -> Burst","S0022",4,0.4,"holdout",9.7620731990918
"TPL_013","TPL_013_TRANS_008",25.232327939528,"TPL_013_RUN_008","TPL_013_RUN_009","Burst","Broad_HFS",TRUE,"Burst -> Broad_HFS","S0022",4,0.4,"holdout",10.0929311758112
"TPL_013","TPL_013_TRANS_009",31.3095335243441,"TPL_013_RUN_009","TPL_013_RUN_010","Broad_HFS","Tonic:stn_like_empirical",TRUE,"Broad_HFS -> Tonic:stn_like_empirical","S0022",4,0.4,"holdout",12.5238134097376
"TPL_013","TPL_013_TRANS_010",33.7663980069107,"TPL_013_RUN_010","TPL_013_RUN_011","Tonic:stn_like_empirical","Background",FALSE,"Tonic:stn_like_empirical -> Background","S0022",4,0.4,"holdout",13.5065592027643
"TPL_013","TPL_013_TRANS_011",36.4665428763628,"TPL_013_RUN_011","TPL_013_RUN_012","Background","Pause:canonical",FALSE,"Background -> Pause:canonical","S0022",4,0.4,"holdout",14.5866171505451
"TPL_013","TPL_013_TRANS_012",39.5288796670176,"TPL_013_RUN_012","TPL_013_RUN_013","Pause:canonical","Burst",TRUE,"Pause:canonical -> Burst","S0022",4,0.4,"holdout",15.8115518668071
"TPL_013","TPL_013_TRANS_001",0.689316184315184,"TPL_013_RUN_001","TPL_013_RUN_002","Burst","Contextual_Separator",TRUE,"Burst -> Contextual_Separator","S0053",10,1,"holdout",0.689316184315184
"TPL_013","TPL_013_TRANS_002",1.27688708385388,"TPL_013_RUN_002","TPL_013_RUN_003","Contextual_Separator","Burst",TRUE,"Contextual_Separator -> Burst","S0053",10,1,"holdout",1.27688708385388
"TPL_013","TPL_013_TRANS_003",1.96616684319683,"TPL_013_RUN_003","TPL_013_RUN_004","Burst","Tonic:generic_stress",TRUE,"Burst -> Tonic:generic_stress","S0053",10,1,"holdout",1.96616684319683
"TPL_013","TPL_013_TRANS_004",12.7098232698084,"TPL_013_RUN_004","TPL_013_RUN_005","Tonic:generic_stress","Pause:canonical",TRUE,"Tonic:generic_stress -> Pause:canonical","S0053",10,1,"holdout",12.7098232698084
"TPL_013","TPL_013_TRANS_005",16.3371094058191,"TPL_013_RUN_005","TPL_013_RUN_006","Pause:canonical","Burst",TRUE,"Pause:canonical -> Burst","S0053",10,1,"holdout",16.3371094058191
"TPL_013","TPL_013_TRANS_006",22.5379702771596,"TPL_013_RUN_006","TPL_013_RUN_007","Burst","Background",FALSE,"Burst -> Background","S0053",10,1,"holdout",22.5379702771596
"TPL_013","TPL_013_TRANS_007",24.4051829977295,"TPL_013_RUN_007","TPL_013_RUN_008","Background","Burst",FALSE,"Background -> Burst","S0053",10,1,"holdout",24.4051829977295
"TPL_013","TPL_013_TRANS_008",25.232327939528,"TPL_013_RUN_008","TPL_013_RUN_009","Burst","Broad_HFS",TRUE,"Burst -> Broad_HFS","S0053",10,1,"holdout",25.232327939528
"TPL_013","TPL_013_TRANS_009",31.3095335243441,"TPL_013_RUN_009","TPL_013_RUN_010","Broad_HFS","Tonic:stn_like_empirical",TRUE,"Broad_HFS -> Tonic:stn_like_empirical","S0053",10,1,"holdout",31.3095335243441
"TPL_013","TPL_013_TRANS_010",33.7663980069107,"TPL_013_RUN_010","TPL_013_RUN_011","Tonic:stn_like_empirical","Background",FALSE,"Tonic:stn_like_empirical -> Background","S0053",10,1,"holdout",33.7663980069107
"TPL_013","TPL_013_TRANS_011",36.4665428763628,"TPL_013_RUN_011","TPL_013_RUN_012","Background","Pause:canonical",FALSE,"Background -> Pause:canonical","S0053",10,1,"holdout",36.4665428763628
"TPL_013","TPL_013_TRANS_012",39.5288796670176,"TPL_013_RUN_012","TPL_013_RUN_013","Pause:canonical","Burst",TRUE,"Pause:canonical -> Burst","S0053",10,1,"holdout",39.5288796670176
"TPL_014","TPL_014_TRANS_001",7.51965237711059,"TPL_014_RUN_001","TPL_014_RUN_002","Burst","Pause:canonical",TRUE,"Burst -> Pause:canonical","S0033",1,0.1,"holdout",0.751965237711059
"TPL_014","TPL_014_TRANS_002",10.3729829007244,"TPL_014_RUN_002","TPL_014_RUN_003","Pause:canonical","Burst",TRUE,"Pause:canonical -> Burst","S0033",1,0.1,"holdout",1.03729829007244
"TPL_014","TPL_014_TRANS_003",16.0871843279651,"TPL_014_RUN_003","TPL_014_RUN_004","Burst","Background",FALSE,"Burst -> Background","S0033",1,0.1,"holdout",1.60871843279651
"TPL_014","TPL_014_TRANS_004",16.9916198418363,"TPL_014_RUN_004","TPL_014_RUN_005","Background","Tonic:generic_stress",FALSE,"Background -> Tonic:generic_stress","S0033",1,0.1,"holdout",1.69916198418363
"TPL_014","TPL_014_TRANS_005",24.2455816746078,"TPL_014_RUN_005","TPL_014_RUN_006","Tonic:generic_stress","Pause:complex_multi_gap",TRUE,"Tonic:generic_stress -> Pause:complex_multi_gap","S0033",1,0.1,"holdout",2.42455816746078
"TPL_014","TPL_014_TRANS_006",30.542616127836,"TPL_014_RUN_006","TPL_014_RUN_007","Pause:complex_multi_gap","Tonic:stn_like_empirical",TRUE,"Pause:complex_multi_gap -> Tonic:stn_like_empirical","S0033",1,0.1,"holdout",3.0542616127836
"TPL_014","TPL_014_TRANS_007",33.4756696185812,"TPL_014_RUN_007","TPL_014_RUN_008","Tonic:stn_like_empirical","Pause:canonical",TRUE,"Tonic:stn_like_empirical -> Pause:canonical","S0033",1,0.1,"holdout",3.34756696185812
"TPL_014","TPL_014_TRANS_008",38.0605049393389,"TPL_014_RUN_008","TPL_014_RUN_009","Pause:canonical","Background",FALSE,"Pause:canonical -> Background","S0033",1,0.1,"holdout",3.80605049393389
"TPL_014","TPL_014_TRANS_009",41.1350547234057,"TPL_014_RUN_009","TPL_014_RUN_010","Background","Broad_HFS",FALSE,"Background -> Broad_HFS","S0033",1,0.1,"holdout",4.11350547234057
"TPL_014","TPL_014_TRANS_010",46.4603622465914,"TPL_014_RUN_010","TPL_014_RUN_011","Broad_HFS","Burst",TRUE,"Broad_HFS -> Burst","S0033",1,0.1,"holdout",4.64603622465914
"TPL_014","TPL_014_TRANS_011",47.0705144638653,"TPL_014_RUN_011","TPL_014_RUN_012","Burst","Background",FALSE,"Burst -> Background","S0033",1,0.1,"holdout",4.70705144638653
"TPL_014","TPL_014_TRANS_012",47.7177451691683,"TPL_014_RUN_012","TPL_014_RUN_013","Background","Burst",FALSE,"Background -> Burst","S0033",1,0.1,"holdout",4.77177451691683
"TPL_014","TPL_014_TRANS_013",48.2617304438592,"TPL_014_RUN_013","TPL_014_RUN_014","Burst","Contextual_Separator",TRUE,"Burst -> Contextual_Separator","S0033",1,0.1,"holdout",4.82617304438592
"TPL_014","TPL_014_TRANS_014",48.8426435737272,"TPL_014_RUN_014","TPL_014_RUN_015","Contextual_Separator","Burst",TRUE,"Contextual_Separator -> Burst","S0033",1,0.1,"holdout",4.88426435737272
"TPL_014","TPL_014_TRANS_001",7.51965237711059,"TPL_014_RUN_001","TPL_014_RUN_002","Burst","Pause:canonical",TRUE,"Burst -> Pause:canonical","S0051",4,0.4,"holdout",3.00786095084424
"TPL_014","TPL_014_TRANS_002",10.3729829007244,"TPL_014_RUN_002","TPL_014_RUN_003","Pause:canonical","Burst",TRUE,"Pause:canonical -> Burst","S0051",4,0.4,"holdout",4.14919316028977
"TPL_014","TPL_014_TRANS_003",16.0871843279651,"TPL_014_RUN_003","TPL_014_RUN_004","Burst","Background",FALSE,"Burst -> Background","S0051",4,0.4,"holdout",6.43487373118604
"TPL_014","TPL_014_TRANS_004",16.9916198418363,"TPL_014_RUN_004","TPL_014_RUN_005","Background","Tonic:generic_stress",FALSE,"Background -> Tonic:generic_stress","S0051",4,0.4,"holdout",6.79664793673452
"TPL_014","TPL_014_TRANS_005",24.2455816746078,"TPL_014_RUN_005","TPL_014_RUN_006","Tonic:generic_stress","Pause:complex_multi_gap",TRUE,"Tonic:generic_stress -> Pause:complex_multi_gap","S0051",4,0.4,"holdout",9.69823266984314
"TPL_014","TPL_014_TRANS_006",30.542616127836,"TPL_014_RUN_006","TPL_014_RUN_007","Pause:complex_multi_gap","Tonic:stn_like_empirical",TRUE,"Pause:complex_multi_gap -> Tonic:stn_like_empirical","S0051",4,0.4,"holdout",12.2170464511344
"TPL_014","TPL_014_TRANS_007",33.4756696185812,"TPL_014_RUN_007","TPL_014_RUN_008","Tonic:stn_like_empirical","Pause:canonical",TRUE,"Tonic:stn_like_empirical -> Pause:canonical","S0051",4,0.4,"holdout",13.3902678474325
"TPL_014","TPL_014_TRANS_008",38.0605049393389,"TPL_014_RUN_008","TPL_014_RUN_009","Pause:canonical","Background",FALSE,"Pause:canonical -> Background","S0051",4,0.4,"holdout",15.2242019757355
"TPL_014","TPL_014_TRANS_009",41.1350547234057,"TPL_014_RUN_009","TPL_014_RUN_010","Background","Broad_HFS",FALSE,"Background -> Broad_HFS","S0051",4,0.4,"holdout",16.4540218893623
"TPL_014","TPL_014_TRANS_010",46.4603622465914,"TPL_014_RUN_010","TPL_014_RUN_011","Broad_HFS","Burst",TRUE,"Broad_HFS -> Burst","S0051",4,0.4,"holdout",18.5841448986366
"TPL_014","TPL_014_TRANS_011",47.0705144638653,"TPL_014_RUN_011","TPL_014_RUN_012","Burst","Background",FALSE,"Burst -> Background","S0051",4,0.4,"holdout",18.8282057855461
"TPL_014","TPL_014_TRANS_012",47.7177451691683,"TPL_014_RUN_012","TPL_014_RUN_013","Background","Burst",FALSE,"Background -> Burst","S0051",4,0.4,"holdout",19.0870980676673
"TPL_014","TPL_014_TRANS_013",48.2617304438592,"TPL_014_RUN_013","TPL_014_RUN_014","Burst","Contextual_Separator",TRUE,"Burst -> Contextual_Separator","S0051",4,0.4,"holdout",19.3046921775437
"TPL_014","TPL_014_TRANS_014",48.8426435737272,"TPL_014_RUN_014","TPL_014_RUN_015","Contextual_Separator","Burst",TRUE,"Contextual_Separator -> Burst","S0051",4,0.4,"holdout",19.5370574294909
"TPL_014","TPL_014_TRANS_001",7.51965237711059,"TPL_014_RUN_001","TPL_014_RUN_002","Burst","Pause:canonical",TRUE,"Burst -> Pause:canonical","S0019",10,1,"holdout",7.51965237711059
"TPL_014","TPL_014_TRANS_002",10.3729829007244,"TPL_014_RUN_002","TPL_014_RUN_003","Pause:canonical","Burst",TRUE,"Pause:canonical -> Burst","S0019",10,1,"holdout",10.3729829007244
"TPL_014","TPL_014_TRANS_003",16.0871843279651,"TPL_014_RUN_003","TPL_014_RUN_004","Burst","Background",FALSE,"Burst -> Background","S0019",10,1,"holdout",16.0871843279651
"TPL_014","TPL_014_TRANS_004",16.9916198418363,"TPL_014_RUN_004","TPL_014_RUN_005","Background","Tonic:generic_stress",FALSE,"Background -> Tonic:generic_stress","S0019",10,1,"holdout",16.9916198418363
"TPL_014","TPL_014_TRANS_005",24.2455816746078,"TPL_014_RUN_005","TPL_014_RUN_006","Tonic:generic_stress","Pause:complex_multi_gap",TRUE,"Tonic:generic_stress -> Pause:complex_multi_gap","S0019",10,1,"holdout",24.2455816746078
"TPL_014","TPL_014_TRANS_006",30.542616127836,"TPL_014_RUN_006","TPL_014_RUN_007","Pause:complex_multi_gap","Tonic:stn_like_empirical",TRUE,"Pause:complex_multi_gap -> Tonic:stn_like_empirical","S0019",10,1,"holdout",30.542616127836
"TPL_014","TPL_014_TRANS_007",33.4756696185812,"TPL_014_RUN_007","TPL_014_RUN_008","Tonic:stn_like_empirical","Pause:canonical",TRUE,"Tonic:stn_like_empirical -> Pause:canonical","S0019",10,1,"holdout",33.4756696185812
"TPL_014","TPL_014_TRANS_008",38.0605049393389,"TPL_014_RUN_008","TPL_014_RUN_009","Pause:canonical","Background",FALSE,"Pause:canonical -> Background","S0019",10,1,"holdout",38.0605049393389
"TPL_014","TPL_014_TRANS_009",41.1350547234057,"TPL_014_RUN_009","TPL_014_RUN_010","Background","Broad_HFS",FALSE,"Background -> Broad_HFS","S0019",10,1,"holdout",41.1350547234057
"TPL_014","TPL_014_TRANS_010",46.4603622465914,"TPL_014_RUN_010","TPL_014_RUN_011","Broad_HFS","Burst",TRUE,"Broad_HFS -> Burst","S0019",10,1,"holdout",46.4603622465914
"TPL_014","TPL_014_TRANS_011",47.0705144638653,"TPL_014_RUN_011","TPL_014_RUN_012","Burst","Background",FALSE,"Burst -> Background","S0019",10,1,"holdout",47.0705144638653
"TPL_014","TPL_014_TRANS_012",47.7177451691683,"TPL_014_RUN_012","TPL_014_RUN_013","Background","Burst",FALSE,"Background -> Burst","S0019",10,1,"holdout",47.7177451691683
"TPL_014","TPL_014_TRANS_013",48.2617304438592,"TPL_014_RUN_013","TPL_014_RUN_014","Burst","Contextual_Separator",TRUE,"Burst -> Contextual_Separator","S0019",10,1,"holdout",48.2617304438592
"TPL_014","TPL_014_TRANS_014",48.8426435737272,"TPL_014_RUN_014","TPL_014_RUN_015","Contextual_Separator","Burst",TRUE,"Contextual_Separator -> Burst","S0019",10,1,"holdout",48.8426435737272
"TPL_015","TPL_015_TRANS_001",5.51595379608031,"TPL_015_RUN_001","TPL_015_RUN_002","Burst","Background",FALSE,"Burst -> Background","S0013",1,0.1,"holdout",0.551595379608031
"TPL_015","TPL_015_TRANS_002",6.40365536498559,"TPL_015_RUN_002","TPL_015_RUN_003","Background","Burst",FALSE,"Background -> Burst","S0013",1,0.1,"holdout",0.640365536498559
"TPL_015","TPL_015_TRANS_003",7.23377505402718,"TPL_015_RUN_003","TPL_015_RUN_004","Burst","Broad_HFS",TRUE,"Burst -> Broad_HFS","S0013",1,0.1,"holdout",0.723377505402718
"TPL_015","TPL_015_TRANS_004",13.9862510605266,"TPL_015_RUN_004","TPL_015_RUN_005","Broad_HFS","Background",FALSE,"Broad_HFS -> Background","S0013",1,0.1,"holdout",1.39862510605266
"TPL_015","TPL_015_TRANS_005",16.1545637892247,"TPL_015_RUN_005","TPL_015_RUN_006","Background","Burst",FALSE,"Background -> Burst","S0013",1,0.1,"holdout",1.61545637892247
"TPL_015","TPL_015_TRANS_006",22.5246368039704,"TPL_015_RUN_006","TPL_015_RUN_007","Burst","Pause:canonical",TRUE,"Burst -> Pause:canonical","S0013",1,0.1,"holdout",2.25246368039704
"TPL_015","TPL_015_TRANS_007",26.7622587958655,"TPL_015_RUN_007","TPL_015_RUN_008","Pause:canonical","Background",FALSE,"Pause:canonical -> Background","S0013",1,0.1,"holdout",2.67622587958655
"TPL_015","TPL_015_TRANS_008",27.8302725683783,"TPL_015_RUN_008","TPL_015_RUN_009","Background","Tonic:generic_stress",FALSE,"Background -> Tonic:generic_stress","S0013",1,0.1,"holdout",2.78302725683783
"TPL_015","TPL_015_TRANS_009",32.4262777362275,"TPL_015_RUN_009","TPL_015_RUN_010","Tonic:generic_stress","Pause:canonical",TRUE,"Tonic:generic_stress -> Pause:canonical","S0013",1,0.1,"holdout",3.24262777362275
"TPL_015","TPL_015_TRANS_010",36.7840636053378,"TPL_015_RUN_010","TPL_015_RUN_011","Pause:canonical","Background",FALSE,"Pause:canonical -> Background","S0013",1,0.1,"holdout",3.67840636053378
"TPL_015","TPL_015_TRANS_011",37.9918707238056,"TPL_015_RUN_011","TPL_015_RUN_012","Background","Burst",FALSE,"Background -> Burst","S0013",1,0.1,"holdout",3.79918707238056
"TPL_015","TPL_015_TRANS_012",38.4923926250809,"TPL_015_RUN_012","TPL_015_RUN_013","Burst","Contextual_Separator",TRUE,"Burst -> Contextual_Separator","S0013",1,0.1,"holdout",3.84923926250809
"TPL_015","TPL_015_TRANS_013",39.0692060363279,"TPL_015_RUN_013","TPL_015_RUN_014","Contextual_Separator","Burst",TRUE,"Contextual_Separator -> Burst","S0013",1,0.1,"holdout",3.90692060363279
"TPL_015","TPL_015_TRANS_014",39.7882420862499,"TPL_015_RUN_014","TPL_015_RUN_015","Burst","Background",FALSE,"Burst -> Background","S0013",1,0.1,"holdout",3.97882420862499
"TPL_015","TPL_015_TRANS_015",41.1432588875103,"TPL_015_RUN_015","TPL_015_RUN_016","Background","Tonic:stn_like_empirical",FALSE,"Background -> Tonic:stn_like_empirical","S0013",1,0.1,"holdout",4.11432588875103
"TPL_015","TPL_015_TRANS_001",5.51595379608031,"TPL_015_RUN_001","TPL_015_RUN_002","Burst","Background",FALSE,"Burst -> Background","S0038",4,0.4,"holdout",2.20638151843213
"TPL_015","TPL_015_TRANS_002",6.40365536498559,"TPL_015_RUN_002","TPL_015_RUN_003","Background","Burst",FALSE,"Background -> Burst","S0038",4,0.4,"holdout",2.56146214599424
"TPL_015","TPL_015_TRANS_003",7.23377505402718,"TPL_015_RUN_003","TPL_015_RUN_004","Burst","Broad_HFS",TRUE,"Burst -> Broad_HFS","S0038",4,0.4,"holdout",2.89351002161087
"TPL_015","TPL_015_TRANS_004",13.9862510605266,"TPL_015_RUN_004","TPL_015_RUN_005","Broad_HFS","Background",FALSE,"Broad_HFS -> Background","S0038",4,0.4,"holdout",5.59450042421065
"TPL_015","TPL_015_TRANS_005",16.1545637892247,"TPL_015_RUN_005","TPL_015_RUN_006","Background","Burst",FALSE,"Background -> Burst","S0038",4,0.4,"holdout",6.46182551568986
"TPL_015","TPL_015_TRANS_006",22.5246368039704,"TPL_015_RUN_006","TPL_015_RUN_007","Burst","Pause:canonical",TRUE,"Burst -> Pause:canonical","S0038",4,0.4,"holdout",9.00985472158815
"TPL_015","TPL_015_TRANS_007",26.7622587958655,"TPL_015_RUN_007","TPL_015_RUN_008","Pause:canonical","Background",FALSE,"Pause:canonical -> Background","S0038",4,0.4,"holdout",10.7049035183462
"TPL_015","TPL_015_TRANS_008",27.8302725683783,"TPL_015_RUN_008","TPL_015_RUN_009","Background","Tonic:generic_stress",FALSE,"Background -> Tonic:generic_stress","S0038",4,0.4,"holdout",11.1321090273513
"TPL_015","TPL_015_TRANS_009",32.4262777362275,"TPL_015_RUN_009","TPL_015_RUN_010","Tonic:generic_stress","Pause:canonical",TRUE,"Tonic:generic_stress -> Pause:canonical","S0038",4,0.4,"holdout",12.970511094491
"TPL_015","TPL_015_TRANS_010",36.7840636053378,"TPL_015_RUN_010","TPL_015_RUN_011","Pause:canonical","Background",FALSE,"Pause:canonical -> Background","S0038",4,0.4,"holdout",14.7136254421351
"TPL_015","TPL_015_TRANS_011",37.9918707238056,"TPL_015_RUN_011","TPL_015_RUN_012","Background","Burst",FALSE,"Background -> Burst","S0038",4,0.4,"holdout",15.1967482895223
"TPL_015","TPL_015_TRANS_012",38.4923926250809,"TPL_015_RUN_012","TPL_015_RUN_013","Burst","Contextual_Separator",TRUE,"Burst -> Contextual_Separator","S0038",4,0.4,"holdout",15.3969570500324
"TPL_015","TPL_015_TRANS_013",39.0692060363279,"TPL_015_RUN_013","TPL_015_RUN_014","Contextual_Separator","Burst",TRUE,"Contextual_Separator -> Burst","S0038",4,0.4,"holdout",15.6276824145312
"TPL_015","TPL_015_TRANS_014",39.7882420862499,"TPL_015_RUN_014","TPL_015_RUN_015","Burst","Background",FALSE,"Burst -> Background","S0038",4,0.4,"holdout",15.9152968344999
"TPL_015","TPL_015_TRANS_015",41.1432588875103,"TPL_015_RUN_015","TPL_015_RUN_016","Background","Tonic:stn_like_empirical",FALSE,"Background -> Tonic:stn_like_empirical","S0038",4,0.4,"holdout",16.4573035550041
"TPL_015","TPL_015_TRANS_001",5.51595379608031,"TPL_015_RUN_001","TPL_015_RUN_002","Burst","Background",FALSE,"Burst -> Background","S0018",10,1,"holdout",5.51595379608031
"TPL_015","TPL_015_TRANS_002",6.40365536498559,"TPL_015_RUN_002","TPL_015_RUN_003","Background","Burst",FALSE,"Background -> Burst","S0018",10,1,"holdout",6.40365536498559
"TPL_015","TPL_015_TRANS_003",7.23377505402718,"TPL_015_RUN_003","TPL_015_RUN_004","Burst","Broad_HFS",TRUE,"Burst -> Broad_HFS","S0018",10,1,"holdout",7.23377505402718
"TPL_015","TPL_015_TRANS_004",13.9862510605266,"TPL_015_RUN_004","TPL_015_RUN_005","Broad_HFS","Background",FALSE,"Broad_HFS -> Background","S0018",10,1,"holdout",13.9862510605266
"TPL_015","TPL_015_TRANS_005",16.1545637892247,"TPL_015_RUN_005","TPL_015_RUN_006","Background","Burst",FALSE,"Background -> Burst","S0018",10,1,"holdout",16.1545637892247
"TPL_015","TPL_015_TRANS_006",22.5246368039704,"TPL_015_RUN_006","TPL_015_RUN_007","Burst","Pause:canonical",TRUE,"Burst -> Pause:canonical","S0018",10,1,"holdout",22.5246368039704
"TPL_015","TPL_015_TRANS_007",26.7622587958655,"TPL_015_RUN_007","TPL_015_RUN_008","Pause:canonical","Background",FALSE,"Pause:canonical -> Background","S0018",10,1,"holdout",26.7622587958655
"TPL_015","TPL_015_TRANS_008",27.8302725683783,"TPL_015_RUN_008","TPL_015_RUN_009","Background","Tonic:generic_stress",FALSE,"Background -> Tonic:generic_stress","S0018",10,1,"holdout",27.8302725683783
"TPL_015","TPL_015_TRANS_009",32.4262777362275,"TPL_015_RUN_009","TPL_015_RUN_010","Tonic:generic_stress","Pause:canonical",TRUE,"Tonic:generic_stress -> Pause:canonical","S0018",10,1,"holdout",32.4262777362275
"TPL_015","TPL_015_TRANS_010",36.7840636053378,"TPL_015_RUN_010","TPL_015_RUN_011","Pause:canonical","Background",FALSE,"Pause:canonical -> Background","S0018",10,1,"holdout",36.7840636053378
"TPL_015","TPL_015_TRANS_011",37.9918707238056,"TPL_015_RUN_011","TPL_015_RUN_012","Background","Burst",FALSE,"Background -> Burst","S0018",10,1,"holdout",37.9918707238056
"TPL_015","TPL_015_TRANS_012",38.4923926250809,"TPL_015_RUN_012","TPL_015_RUN_013","Burst","Contextual_Separator",TRUE,"Burst -> Contextual_Separator","S0018",10,1,"holdout",38.4923926250809
"TPL_015","TPL_015_TRANS_013",39.0692060363279,"TPL_015_RUN_013","TPL_015_RUN_014","Contextual_Separator","Burst",TRUE,"Contextual_Separator -> Burst","S0018",10,1,"holdout",39.0692060363279
"TPL_015","TPL_015_TRANS_014",39.7882420862499,"TPL_015_RUN_014","TPL_015_RUN_015","Burst","Background",FALSE,"Burst -> Background","S0018",10,1,"holdout",39.7882420862499
"TPL_015","TPL_015_TRANS_015",41.1432588875103,"TPL_015_RUN_015","TPL_015_RUN_016","Background","Tonic:stn_like_empirical",FALSE,"Background -> Tonic:stn_like_empirical","S0018",10,1,"holdout",41.1432588875103
"TPL_016","TPL_016_TRANS_001",0.449402560370917,"TPL_016_RUN_001","TPL_016_RUN_002","Burst","Contextual_Separator",TRUE,"Burst -> Contextual_Separator","S0010",1,0.1,"holdout",0.0449402560370917
"TPL_016","TPL_016_TRANS_002",0.991744402966405,"TPL_016_RUN_002","TPL_016_RUN_003","Contextual_Separator","Burst",TRUE,"Contextual_Separator -> Burst","S0010",1,0.1,"holdout",0.0991744402966405
"TPL_016","TPL_016_TRANS_003",1.66553514678518,"TPL_016_RUN_003","TPL_016_RUN_004","Burst","Broad_HFS",TRUE,"Burst -> Broad_HFS","S0010",1,0.1,"holdout",0.166553514678518
"TPL_016","TPL_016_TRANS_004",5.38216299397219,"TPL_016_RUN_004","TPL_016_RUN_005","Broad_HFS","Burst",TRUE,"Broad_HFS -> Burst","S0010",1,0.1,"holdout",0.538216299397219
"TPL_016","TPL_016_TRANS_005",5.74445214606845,"TPL_016_RUN_005","TPL_016_RUN_006","Burst","Background",FALSE,"Burst -> Background","S0010",1,0.1,"holdout",0.574445214606845
"TPL_016","TPL_016_TRANS_006",6.81511430443994,"TPL_016_RUN_006","TPL_016_RUN_007","Background","Tonic:stn_like_empirical",FALSE,"Background -> Tonic:stn_like_empirical","S0010",1,0.1,"holdout",0.681511430443994
"TPL_016","TPL_016_TRANS_007",9.45555695051792,"TPL_016_RUN_007","TPL_016_RUN_008","Tonic:stn_like_empirical","Pause:canonical",TRUE,"Tonic:stn_like_empirical -> Pause:canonical","S0010",1,0.1,"holdout",0.945555695051792
"TPL_016","TPL_016_TRANS_008",13.8753775684023,"TPL_016_RUN_008","TPL_016_RUN_009","Pause:canonical","Background",FALSE,"Pause:canonical -> Background","S0010",1,0.1,"holdout",1.38753775684023
"TPL_016","TPL_016_TRANS_009",14.940953501598,"TPL_016_RUN_009","TPL_016_RUN_010","Background","Burst",FALSE,"Background -> Burst","S0010",1,0.1,"holdout",1.4940953501598
"TPL_016","TPL_016_TRANS_010",23.5467565194514,"TPL_016_RUN_010","TPL_016_RUN_011","Burst","Pause:canonical",TRUE,"Burst -> Pause:canonical","S0010",1,0.1,"holdout",2.35467565194514
"TPL_016","TPL_016_TRANS_011",28.3724934051089,"TPL_016_RUN_011","TPL_016_RUN_012","Pause:canonical","Burst",TRUE,"Pause:canonical -> Burst","S0010",1,0.1,"holdout",2.83724934051089
"TPL_016","TPL_016_TRANS_012",35.9245453587153,"TPL_016_RUN_012","TPL_016_RUN_013","Burst","Tonic:generic_stress",TRUE,"Burst -> Tonic:generic_stress","S0010",1,0.1,"holdout",3.59245453587153
"TPL_016","TPL_016_TRANS_013",44.5832154806139,"TPL_016_RUN_013","TPL_016_RUN_014","Tonic:generic_stress","Pause:complex_multi_gap",TRUE,"Tonic:generic_stress -> Pause:complex_multi_gap","S0010",1,0.1,"holdout",4.45832154806139
"TPL_016","TPL_016_TRANS_001",0.449402560370917,"TPL_016_RUN_001","TPL_016_RUN_002","Burst","Contextual_Separator",TRUE,"Burst -> Contextual_Separator","S0024",4,0.4,"holdout",0.179761024148367
"TPL_016","TPL_016_TRANS_002",0.991744402966405,"TPL_016_RUN_002","TPL_016_RUN_003","Contextual_Separator","Burst",TRUE,"Contextual_Separator -> Burst","S0024",4,0.4,"holdout",0.396697761186562
"TPL_016","TPL_016_TRANS_003",1.66553514678518,"TPL_016_RUN_003","TPL_016_RUN_004","Burst","Broad_HFS",TRUE,"Burst -> Broad_HFS","S0024",4,0.4,"holdout",0.666214058714073
"TPL_016","TPL_016_TRANS_004",5.38216299397219,"TPL_016_RUN_004","TPL_016_RUN_005","Broad_HFS","Burst",TRUE,"Broad_HFS -> Burst","S0024",4,0.4,"holdout",2.15286519758888
"TPL_016","TPL_016_TRANS_005",5.74445214606845,"TPL_016_RUN_005","TPL_016_RUN_006","Burst","Background",FALSE,"Burst -> Background","S0024",4,0.4,"holdout",2.29778085842738
"TPL_016","TPL_016_TRANS_006",6.81511430443994,"TPL_016_RUN_006","TPL_016_RUN_007","Background","Tonic:stn_like_empirical",FALSE,"Background -> Tonic:stn_like_empirical","S0024",4,0.4,"holdout",2.72604572177598
"TPL_016","TPL_016_TRANS_007",9.45555695051792,"TPL_016_RUN_007","TPL_016_RUN_008","Tonic:stn_like_empirical","Pause:canonical",TRUE,"Tonic:stn_like_empirical -> Pause:canonical","S0024",4,0.4,"holdout",3.78222278020717
"TPL_016","TPL_016_TRANS_008",13.8753775684023,"TPL_016_RUN_008","TPL_016_RUN_009","Pause:canonical","Background",FALSE,"Pause:canonical -> Background","S0024",4,0.4,"holdout",5.55015102736093
"TPL_016","TPL_016_TRANS_009",14.940953501598,"TPL_016_RUN_009","TPL_016_RUN_010","Background","Burst",FALSE,"Background -> Burst","S0024",4,0.4,"holdout",5.97638140063921
"TPL_016","TPL_016_TRANS_010",23.5467565194514,"TPL_016_RUN_010","TPL_016_RUN_011","Burst","Pause:canonical",TRUE,"Burst -> Pause:canonical","S0024",4,0.4,"holdout",9.41870260778056
"TPL_016","TPL_016_TRANS_011",28.3724934051089,"TPL_016_RUN_011","TPL_016_RUN_012","Pause:canonical","Burst",TRUE,"Pause:canonical -> Burst","S0024",4,0.4,"holdout",11.3489973620436
"TPL_016","TPL_016_TRANS_012",35.9245453587153,"TPL_016_RUN_012","TPL_016_RUN_013","Burst","Tonic:generic_stress",TRUE,"Burst -> Tonic:generic_stress","S0024",4,0.4,"holdout",14.3698181434861
"TPL_016","TPL_016_TRANS_013",44.5832154806139,"TPL_016_RUN_013","TPL_016_RUN_014","Tonic:generic_stress","Pause:complex_multi_gap",TRUE,"Tonic:generic_stress -> Pause:complex_multi_gap","S0024",4,0.4,"holdout",17.8332861922456
"TPL_016","TPL_016_TRANS_001",0.449402560370917,"TPL_016_RUN_001","TPL_016_RUN_002","Burst","Contextual_Separator",TRUE,"Burst -> Contextual_Separator","S0060",10,1,"holdout",0.449402560370917
"TPL_016","TPL_016_TRANS_002",0.991744402966405,"TPL_016_RUN_002","TPL_016_RUN_003","Contextual_Separator","Burst",TRUE,"Contextual_Separator -> Burst","S0060",10,1,"holdout",0.991744402966405
"TPL_016","TPL_016_TRANS_003",1.66553514678518,"TPL_016_RUN_003","TPL_016_RUN_004","Burst","Broad_HFS",TRUE,"Burst -> Broad_HFS","S0060",10,1,"holdout",1.66553514678518
"TPL_016","TPL_016_TRANS_004",5.38216299397219,"TPL_016_RUN_004","TPL_016_RUN_005","Broad_HFS","Burst",TRUE,"Broad_HFS -> Burst","S0060",10,1,"holdout",5.38216299397219
"TPL_016","TPL_016_TRANS_005",5.74445214606845,"TPL_016_RUN_005","TPL_016_RUN_006","Burst","Background",FALSE,"Burst -> Background","S0060",10,1,"holdout",5.74445214606845
"TPL_016","TPL_016_TRANS_006",6.81511430443994,"TPL_016_RUN_006","TPL_016_RUN_007","Background","Tonic:stn_like_empirical",FALSE,"Background -> Tonic:stn_like_empirical","S0060",10,1,"holdout",6.81511430443994
"TPL_016","TPL_016_TRANS_007",9.45555695051792,"TPL_016_RUN_007","TPL_016_RUN_008","Tonic:stn_like_empirical","Pause:canonical",TRUE,"Tonic:stn_like_empirical -> Pause:canonical","S0060",10,1,"holdout",9.45555695051792
"TPL_016","TPL_016_TRANS_008",13.8753775684023,"TPL_016_RUN_008","TPL_016_RUN_009","Pause:canonical","Background",FALSE,"Pause:canonical -> Background","S0060",10,1,"holdout",13.8753775684023
"TPL_016","TPL_016_TRANS_009",14.940953501598,"TPL_016_RUN_009","TPL_016_RUN_010","Background","Burst",FALSE,"Background -> Burst","S0060",10,1,"holdout",14.940953501598
"TPL_016","TPL_016_TRANS_010",23.5467565194514,"TPL_016_RUN_010","TPL_016_RUN_011","Burst","Pause:canonical",TRUE,"Burst -> Pause:canonical","S0060",10,1,"holdout",23.5467565194514
"TPL_016","TPL_016_TRANS_011",28.3724934051089,"TPL_016_RUN_011","TPL_016_RUN_012","Pause:canonical","Burst",TRUE,"Pause:canonical -> Burst","S0060",10,1,"holdout",28.3724934051089
"TPL_016","TPL_016_TRANS_012",35.9245453587153,"TPL_016_RUN_012","TPL_016_RUN_013","Burst","Tonic:generic_stress",TRUE,"Burst -> Tonic:generic_stress","S0060",10,1,"holdout",35.9245453587153
"TPL_016","TPL_016_TRANS_013",44.5832154806139,"TPL_016_RUN_013","TPL_016_RUN_014","Tonic:generic_stress","Pause:complex_multi_gap",TRUE,"Tonic:generic_stress -> Pause:complex_multi_gap","S0060",10,1,"holdout",44.5832154806139
"TPL_017","TPL_017_TRANS_001",2.60040453604072,"TPL_017_RUN_001","TPL_017_RUN_002","Tonic:stn_like_empirical","Burst",TRUE,"Tonic:stn_like_empirical -> Burst","S0005",1,0.1,"holdout",0.260040453604072
"TPL_017","TPL_017_TRANS_002",3.34885074072604,"TPL_017_RUN_002","TPL_017_RUN_003","Burst","Contextual_Separator",TRUE,"Burst -> Contextual_Separator","S0005",1,0.1,"holdout",0.334885074072604
"TPL_017","TPL_017_TRANS_003",3.93144609783863,"TPL_017_RUN_003","TPL_017_RUN_004","Contextual_Separator","Burst",TRUE,"Contextual_Separator -> Burst","S0005",1,0.1,"holdout",0.393144609783863
"TPL_017","TPL_017_TRANS_004",4.18280939148969,"TPL_017_RUN_004","TPL_017_RUN_005","Burst","Pause:canonical",TRUE,"Burst -> Pause:canonical","S0005",1,0.1,"holdout",0.418280939148969
"TPL_017","TPL_017_TRANS_005",7.22320380156158,"TPL_017_RUN_005","TPL_017_RUN_006","Pause:canonical","Background",FALSE,"Pause:canonical -> Background","S0005",1,0.1,"holdout",0.722320380156158
"TPL_017","TPL_017_TRANS_006",8.03549670126326,"TPL_017_RUN_006","TPL_017_RUN_007","Background","Burst",FALSE,"Background -> Burst","S0005",1,0.1,"holdout",0.803549670126326
"TPL_017","TPL_017_TRANS_007",13.4921836019417,"TPL_017_RUN_007","TPL_017_RUN_008","Burst","Background",FALSE,"Burst -> Background","S0005",1,0.1,"holdout",1.34921836019417
"TPL_017","TPL_017_TRANS_008",14.8025687801805,"TPL_017_RUN_008","TPL_017_RUN_009","Background","Tonic:generic_stress",FALSE,"Background -> Tonic:generic_stress","S0005",1,0.1,"holdout",1.48025687801805
"TPL_017","TPL_017_TRANS_009",22.1518413561237,"TPL_017_RUN_009","TPL_017_RUN_010","Tonic:generic_stress","Pause:canonical",TRUE,"Tonic:generic_stress -> Pause:canonical","S0005",1,0.1,"holdout",2.21518413561237
"TPL_017","TPL_017_TRANS_010",25.5414331090943,"TPL_017_RUN_010","TPL_017_RUN_011","Pause:canonical","Background",FALSE,"Pause:canonical -> Background","S0005",1,0.1,"holdout",2.55414331090943
"TPL_017","TPL_017_TRANS_011",26.1476325418417,"TPL_017_RUN_011","TPL_017_RUN_012","Background","Burst",FALSE,"Background -> Burst","S0005",1,0.1,"holdout",2.61476325418417
"TPL_017","TPL_017_TRANS_012",31.4433852933381,"TPL_017_RUN_012","TPL_017_RUN_013","Burst","Burst",TRUE,"Burst -> Burst","S0005",1,0.1,"holdout",3.14433852933381
"TPL_017","TPL_017_TRANS_013",32.2068558479158,"TPL_017_RUN_013","TPL_017_RUN_014","Burst","Broad_HFS",TRUE,"Burst -> Broad_HFS","S0005",1,0.1,"holdout",3.22068558479158
"TPL_017","TPL_017_TRANS_001",2.60040453604072,"TPL_017_RUN_001","TPL_017_RUN_002","Tonic:stn_like_empirical","Burst",TRUE,"Tonic:stn_like_empirical -> Burst","S0042",4,0.4,"holdout",1.04016181441629
"TPL_017","TPL_017_TRANS_002",3.34885074072604,"TPL_017_RUN_002","TPL_017_RUN_003","Burst","Contextual_Separator",TRUE,"Burst -> Contextual_Separator","S0042",4,0.4,"holdout",1.33954029629042
"TPL_017","TPL_017_TRANS_003",3.93144609783863,"TPL_017_RUN_003","TPL_017_RUN_004","Contextual_Separator","Burst",TRUE,"Contextual_Separator -> Burst","S0042",4,0.4,"holdout",1.57257843913545
"TPL_017","TPL_017_TRANS_004",4.18280939148969,"TPL_017_RUN_004","TPL_017_RUN_005","Burst","Pause:canonical",TRUE,"Burst -> Pause:canonical","S0042",4,0.4,"holdout",1.67312375659587
"TPL_017","TPL_017_TRANS_005",7.22320380156158,"TPL_017_RUN_005","TPL_017_RUN_006","Pause:canonical","Background",FALSE,"Pause:canonical -> Background","S0042",4,0.4,"holdout",2.88928152062463
"TPL_017","TPL_017_TRANS_006",8.03549670126326,"TPL_017_RUN_006","TPL_017_RUN_007","Background","Burst",FALSE,"Background -> Burst","S0042",4,0.4,"holdout",3.2141986805053
"TPL_017","TPL_017_TRANS_007",13.4921836019417,"TPL_017_RUN_007","TPL_017_RUN_008","Burst","Background",FALSE,"Burst -> Background","S0042",4,0.4,"holdout",5.39687344077669
"TPL_017","TPL_017_TRANS_008",14.8025687801805,"TPL_017_RUN_008","TPL_017_RUN_009","Background","Tonic:generic_stress",FALSE,"Background -> Tonic:generic_stress","S0042",4,0.4,"holdout",5.92102751207221
"TPL_017","TPL_017_TRANS_009",22.1518413561237,"TPL_017_RUN_009","TPL_017_RUN_010","Tonic:generic_stress","Pause:canonical",TRUE,"Tonic:generic_stress -> Pause:canonical","S0042",4,0.4,"holdout",8.86073654244949
"TPL_017","TPL_017_TRANS_010",25.5414331090943,"TPL_017_RUN_010","TPL_017_RUN_011","Pause:canonical","Background",FALSE,"Pause:canonical -> Background","S0042",4,0.4,"holdout",10.2165732436377
"TPL_017","TPL_017_TRANS_011",26.1476325418417,"TPL_017_RUN_011","TPL_017_RUN_012","Background","Burst",FALSE,"Background -> Burst","S0042",4,0.4,"holdout",10.4590530167367
"TPL_017","TPL_017_TRANS_012",31.4433852933381,"TPL_017_RUN_012","TPL_017_RUN_013","Burst","Burst",TRUE,"Burst -> Burst","S0042",4,0.4,"holdout",12.5773541173352
"TPL_017","TPL_017_TRANS_013",32.2068558479158,"TPL_017_RUN_013","TPL_017_RUN_014","Burst","Broad_HFS",TRUE,"Burst -> Broad_HFS","S0042",4,0.4,"holdout",12.8827423391663
"TPL_017","TPL_017_TRANS_001",2.60040453604072,"TPL_017_RUN_001","TPL_017_RUN_002","Tonic:stn_like_empirical","Burst",TRUE,"Tonic:stn_like_empirical -> Burst","S0029",10,1,"holdout",2.60040453604072
"TPL_017","TPL_017_TRANS_002",3.34885074072604,"TPL_017_RUN_002","TPL_017_RUN_003","Burst","Contextual_Separator",TRUE,"Burst -> Contextual_Separator","S0029",10,1,"holdout",3.34885074072604
"TPL_017","TPL_017_TRANS_003",3.93144609783863,"TPL_017_RUN_003","TPL_017_RUN_004","Contextual_Separator","Burst",TRUE,"Contextual_Separator -> Burst","S0029",10,1,"holdout",3.93144609783863
"TPL_017","TPL_017_TRANS_004",4.18280939148969,"TPL_017_RUN_004","TPL_017_RUN_005","Burst","Pause:canonical",TRUE,"Burst -> Pause:canonical","S0029",10,1,"holdout",4.18280939148969
"TPL_017","TPL_017_TRANS_005",7.22320380156158,"TPL_017_RUN_005","TPL_017_RUN_006","Pause:canonical","Background",FALSE,"Pause:canonical -> Background","S0029",10,1,"holdout",7.22320380156158
"TPL_017","TPL_017_TRANS_006",8.03549670126326,"TPL_017_RUN_006","TPL_017_RUN_007","Background","Burst",FALSE,"Background -> Burst","S0029",10,1,"holdout",8.03549670126326
"TPL_017","TPL_017_TRANS_007",13.4921836019417,"TPL_017_RUN_007","TPL_017_RUN_008","Burst","Background",FALSE,"Burst -> Background","S0029",10,1,"holdout",13.4921836019417
"TPL_017","TPL_017_TRANS_008",14.8025687801805,"TPL_017_RUN_008","TPL_017_RUN_009","Background","Tonic:generic_stress",FALSE,"Background -> Tonic:generic_stress","S0029",10,1,"holdout",14.8025687801805
"TPL_017","TPL_017_TRANS_009",22.1518413561237,"TPL_017_RUN_009","TPL_017_RUN_010","Tonic:generic_stress","Pause:canonical",TRUE,"Tonic:generic_stress -> Pause:canonical","S0029",10,1,"holdout",22.1518413561237
"TPL_017","TPL_017_TRANS_010",25.5414331090943,"TPL_017_RUN_010","TPL_017_RUN_011","Pause:canonical","Background",FALSE,"Pause:canonical -> Background","S0029",10,1,"holdout",25.5414331090943
"TPL_017","TPL_017_TRANS_011",26.1476325418417,"TPL_017_RUN_011","TPL_017_RUN_012","Background","Burst",FALSE,"Background -> Burst","S0029",10,1,"holdout",26.1476325418417
"TPL_017","TPL_017_TRANS_012",31.4433852933381,"TPL_017_RUN_012","TPL_017_RUN_013","Burst","Burst",TRUE,"Burst -> Burst","S0029",10,1,"holdout",31.4433852933381
"TPL_017","TPL_017_TRANS_013",32.2068558479158,"TPL_017_RUN_013","TPL_017_RUN_014","Burst","Broad_HFS",TRUE,"Burst -> Broad_HFS","S0029",10,1,"holdout",32.2068558479158
"TPL_018","TPL_018_TRANS_001",3.96782248484295,"TPL_018_RUN_001","TPL_018_RUN_002","Broad_HFS","Burst",TRUE,"Broad_HFS -> Burst","S0023",1,0.1,"holdout",0.396782248484295
"TPL_018","TPL_018_TRANS_002",4.257781590801,"TPL_018_RUN_002","TPL_018_RUN_003","Burst","Background",FALSE,"Burst -> Background","S0023",1,0.1,"holdout",0.4257781590801
"TPL_018","TPL_018_TRANS_003",7.34057213677138,"TPL_018_RUN_003","TPL_018_RUN_004","Background","Tonic:generic_stress",FALSE,"Background -> Tonic:generic_stress","S0023",1,0.1,"holdout",0.734057213677138
"TPL_018","TPL_018_TRANS_004",12.1963756509067,"TPL_018_RUN_004","TPL_018_RUN_005","Tonic:generic_stress","Pause:complex_multi_gap",TRUE,"Tonic:generic_stress -> Pause:complex_multi_gap","S0023",1,0.1,"holdout",1.21963756509067
"TPL_018","TPL_018_TRANS_005",18.1818783249648,"TPL_018_RUN_005","TPL_018_RUN_006","Pause:complex_multi_gap","Burst",TRUE,"Pause:complex_multi_gap -> Burst","S0023",1,0.1,"holdout",1.81818783249648
"TPL_018","TPL_018_TRANS_006",18.7337206882789,"TPL_018_RUN_006","TPL_018_RUN_007","Burst","Contextual_Separator",TRUE,"Burst -> Contextual_Separator","S0023",1,0.1,"holdout",1.87337206882789
"TPL_018","TPL_018_TRANS_007",19.362418274711,"TPL_018_RUN_007","TPL_018_RUN_008","Contextual_Separator","Burst",TRUE,"Contextual_Separator -> Burst","S0023",1,0.1,"holdout",1.9362418274711
"TPL_018","TPL_018_TRANS_008",20.1912024263068,"TPL_018_RUN_008","TPL_018_RUN_009","Burst","Burst",TRUE,"Burst -> Burst","S0023",1,0.1,"holdout",2.01912024263068
"TPL_018","TPL_018_TRANS_009",26.7856271890809,"TPL_018_RUN_009","TPL_018_RUN_010","Burst","Pause:canonical",TRUE,"Burst -> Pause:canonical","S0023",1,0.1,"holdout",2.67856271890809
"TPL_018","TPL_018_TRANS_010",29.7443593822306,"TPL_018_RUN_010","TPL_018_RUN_011","Pause:canonical","Burst",TRUE,"Pause:canonical -> Burst","S0023",1,0.1,"holdout",2.97443593822306
"TPL_018","TPL_018_TRANS_011",35.8188421263809,"TPL_018_RUN_011","TPL_018_RUN_012","Burst","Tonic:stn_like_empirical",TRUE,"Burst -> Tonic:stn_like_empirical","S0023",1,0.1,"holdout",3.58188421263809
"TPL_018","TPL_018_TRANS_012",38.0430893822075,"TPL_018_RUN_012","TPL_018_RUN_013","Tonic:stn_like_empirical","Pause:canonical",TRUE,"Tonic:stn_like_empirical -> Pause:canonical","S0023",1,0.1,"holdout",3.80430893822075
"TPL_018","TPL_018_TRANS_001",3.96782248484295,"TPL_018_RUN_001","TPL_018_RUN_002","Broad_HFS","Burst",TRUE,"Broad_HFS -> Burst","S0017",4,0.4,"holdout",1.58712899393718
"TPL_018","TPL_018_TRANS_002",4.257781590801,"TPL_018_RUN_002","TPL_018_RUN_003","Burst","Background",FALSE,"Burst -> Background","S0017",4,0.4,"holdout",1.7031126363204
"TPL_018","TPL_018_TRANS_003",7.34057213677138,"TPL_018_RUN_003","TPL_018_RUN_004","Background","Tonic:generic_stress",FALSE,"Background -> Tonic:generic_stress","S0017",4,0.4,"holdout",2.93622885470855
"TPL_018","TPL_018_TRANS_004",12.1963756509067,"TPL_018_RUN_004","TPL_018_RUN_005","Tonic:generic_stress","Pause:complex_multi_gap",TRUE,"Tonic:generic_stress -> Pause:complex_multi_gap","S0017",4,0.4,"holdout",4.87855026036269
"TPL_018","TPL_018_TRANS_005",18.1818783249648,"TPL_018_RUN_005","TPL_018_RUN_006","Pause:complex_multi_gap","Burst",TRUE,"Pause:complex_multi_gap -> Burst","S0017",4,0.4,"holdout",7.27275132998592
"TPL_018","TPL_018_TRANS_006",18.7337206882789,"TPL_018_RUN_006","TPL_018_RUN_007","Burst","Contextual_Separator",TRUE,"Burst -> Contextual_Separator","S0017",4,0.4,"holdout",7.49348827531156
"TPL_018","TPL_018_TRANS_007",19.362418274711,"TPL_018_RUN_007","TPL_018_RUN_008","Contextual_Separator","Burst",TRUE,"Contextual_Separator -> Burst","S0017",4,0.4,"holdout",7.7449673098844
"TPL_018","TPL_018_TRANS_008",20.1912024263068,"TPL_018_RUN_008","TPL_018_RUN_009","Burst","Burst",TRUE,"Burst -> Burst","S0017",4,0.4,"holdout",8.07648097052271
"TPL_018","TPL_018_TRANS_009",26.7856271890809,"TPL_018_RUN_009","TPL_018_RUN_010","Burst","Pause:canonical",TRUE,"Burst -> Pause:canonical","S0017",4,0.4,"holdout",10.7142508756324
"TPL_018","TPL_018_TRANS_010",29.7443593822306,"TPL_018_RUN_010","TPL_018_RUN_011","Pause:canonical","Burst",TRUE,"Pause:canonical -> Burst","S0017",4,0.4,"holdout",11.8977437528922
"TPL_018","TPL_018_TRANS_011",35.8188421263809,"TPL_018_RUN_011","TPL_018_RUN_012","Burst","Tonic:stn_like_empirical",TRUE,"Burst -> Tonic:stn_like_empirical","S0017",4,0.4,"holdout",14.3275368505524
"TPL_018","TPL_018_TRANS_012",38.0430893822075,"TPL_018_RUN_012","TPL_018_RUN_013","Tonic:stn_like_empirical","Pause:canonical",TRUE,"Tonic:stn_like_empirical -> Pause:canonical","S0017",4,0.4,"holdout",15.217235752883
"TPL_018","TPL_018_TRANS_001",3.96782248484295,"TPL_018_RUN_001","TPL_018_RUN_002","Broad_HFS","Burst",TRUE,"Broad_HFS -> Burst","S0032",10,1,"holdout",3.96782248484295
"TPL_018","TPL_018_TRANS_002",4.257781590801,"TPL_018_RUN_002","TPL_018_RUN_003","Burst","Background",FALSE,"Burst -> Background","S0032",10,1,"holdout",4.257781590801
"TPL_018","TPL_018_TRANS_003",7.34057213677138,"TPL_018_RUN_003","TPL_018_RUN_004","Background","Tonic:generic_stress",FALSE,"Background -> Tonic:generic_stress","S0032",10,1,"holdout",7.34057213677138
"TPL_018","TPL_018_TRANS_004",12.1963756509067,"TPL_018_RUN_004","TPL_018_RUN_005","Tonic:generic_stress","Pause:complex_multi_gap",TRUE,"Tonic:generic_stress -> Pause:complex_multi_gap","S0032",10,1,"holdout",12.1963756509067
"TPL_018","TPL_018_TRANS_005",18.1818783249648,"TPL_018_RUN_005","TPL_018_RUN_006","Pause:complex_multi_gap","Burst",TRUE,"Pause:complex_multi_gap -> Burst","S0032",10,1,"holdout",18.1818783249648
"TPL_018","TPL_018_TRANS_006",18.7337206882789,"TPL_018_RUN_006","TPL_018_RUN_007","Burst","Contextual_Separator",TRUE,"Burst -> Contextual_Separator","S0032",10,1,"holdout",18.7337206882789
"TPL_018","TPL_018_TRANS_007",19.362418274711,"TPL_018_RUN_007","TPL_018_RUN_008","Contextual_Separator","Burst",TRUE,"Contextual_Separator -> Burst","S0032",10,1,"holdout",19.362418274711
"TPL_018","TPL_018_TRANS_008",20.1912024263068,"TPL_018_RUN_008","TPL_018_RUN_009","Burst","Burst",TRUE,"Burst -> Burst","S0032",10,1,"holdout",20.1912024263068
"TPL_018","TPL_018_TRANS_009",26.7856271890809,"TPL_018_RUN_009","TPL_018_RUN_010","Burst","Pause:canonical",TRUE,"Burst -> Pause:canonical","S0032",10,1,"holdout",26.7856271890809
"TPL_018","TPL_018_TRANS_010",29.7443593822306,"TPL_018_RUN_010","TPL_018_RUN_011","Pause:canonical","Burst",TRUE,"Pause:canonical -> Burst","S0032",10,1,"holdout",29.7443593822306
"TPL_018","TPL_018_TRANS_011",35.8188421263809,"TPL_018_RUN_011","TPL_018_RUN_012","Burst","Tonic:stn_like_empirical",TRUE,"Burst -> Tonic:stn_like_empirical","S0032",10,1,"holdout",35.8188421263809
"TPL_018","TPL_018_TRANS_012",38.0430893822075,"TPL_018_RUN_012","TPL_018_RUN_013","Tonic:stn_like_empirical","Pause:canonical",TRUE,"Tonic:stn_like_empirical -> Pause:canonical","S0032",10,1,"holdout",38.0430893822075
"TPL_019","TPL_019_TRANS_001",0.379075145433936,"TPL_019_RUN_001","TPL_019_RUN_002","Burst","Broad_HFS",TRUE,"Burst -> Broad_HFS","S0047",1,0.1,"holdout",0.0379075145433936
"TPL_019","TPL_019_TRANS_002",5.53508137498762,"TPL_019_RUN_002","TPL_019_RUN_003","Broad_HFS","Pause:canonical",TRUE,"Broad_HFS -> Pause:canonical","S0047",1,0.1,"holdout",0.553508137498762
"TPL_019","TPL_019_TRANS_003",8.4360279762816,"TPL_019_RUN_003","TPL_019_RUN_004","Pause:canonical","Background",FALSE,"Pause:canonical -> Background","S0047",1,0.1,"holdout",0.84360279762816
"TPL_019","TPL_019_TRANS_004",12.2683620055675,"TPL_019_RUN_004","TPL_019_RUN_005","Background","Burst",FALSE,"Background -> Burst","S0047",1,0.1,"holdout",1.22683620055675
"TPL_019","TPL_019_TRANS_005",20.0291711629772,"TPL_019_RUN_005","TPL_019_RUN_006","Burst","Background",FALSE,"Burst -> Background","S0047",1,0.1,"holdout",2.00291711629772
"TPL_019","TPL_019_TRANS_006",22.4634093571967,"TPL_019_RUN_006","TPL_019_RUN_007","Background","Burst",FALSE,"Background -> Burst","S0047",1,0.1,"holdout",2.24634093571967
"TPL_019","TPL_019_TRANS_007",23.134303210656,"TPL_019_RUN_007","TPL_019_RUN_008","Burst","Contextual_Separator",TRUE,"Burst -> Contextual_Separator","S0047",1,0.1,"holdout",2.3134303210656
"TPL_019","TPL_019_TRANS_008",23.6445173053805,"TPL_019_RUN_008","TPL_019_RUN_009","Contextual_Separator","Burst",TRUE,"Contextual_Separator -> Burst","S0047",1,0.1,"holdout",2.36445173053805
"TPL_019","TPL_019_TRANS_009",24.4366329514446,"TPL_019_RUN_009","TPL_019_RUN_010","Burst","Background",FALSE,"Burst -> Background","S0047",1,0.1,"holdout",2.44366329514446
"TPL_019","TPL_019_TRANS_010",25.5568064846498,"TPL_019_RUN_010","TPL_019_RUN_011","Background","Tonic:stn_like_empirical",FALSE,"Background -> Tonic:stn_like_empirical","S0047",1,0.1,"holdout",2.55568064846498
"TPL_019","TPL_019_TRANS_011",28.329364513854,"TPL_019_RUN_011","TPL_019_RUN_012","Tonic:stn_like_empirical","Background",FALSE,"Tonic:stn_like_empirical -> Background","S0047",1,0.1,"holdout",2.8329364513854
"TPL_019","TPL_019_TRANS_012",28.5423657785029,"TPL_019_RUN_012","TPL_019_RUN_013","Background","Tonic:generic_stress",FALSE,"Background -> Tonic:generic_stress","S0047",1,0.1,"holdout",2.85423657785029
"TPL_019","TPL_019_TRANS_013",38.0149293515369,"TPL_019_RUN_013","TPL_019_RUN_014","Tonic:generic_stress","Pause:canonical",TRUE,"Tonic:generic_stress -> Pause:canonical","S0047",1,0.1,"holdout",3.80149293515369
"TPL_019","TPL_019_TRANS_014",42.1117743921004,"TPL_019_RUN_014","TPL_019_RUN_015","Pause:canonical","Background",FALSE,"Pause:canonical -> Background","S0047",1,0.1,"holdout",4.21117743921004
"TPL_019","TPL_019_TRANS_015",42.5234016190327,"TPL_019_RUN_015","TPL_019_RUN_016","Background","Burst",FALSE,"Background -> Burst","S0047",1,0.1,"holdout",4.25234016190327
"TPL_019","TPL_019_TRANS_001",0.379075145433936,"TPL_019_RUN_001","TPL_019_RUN_002","Burst","Broad_HFS",TRUE,"Burst -> Broad_HFS","S0037",4,0.4,"holdout",0.151630058173574
"TPL_019","TPL_019_TRANS_002",5.53508137498762,"TPL_019_RUN_002","TPL_019_RUN_003","Broad_HFS","Pause:canonical",TRUE,"Broad_HFS -> Pause:canonical","S0037",4,0.4,"holdout",2.21403254999505
"TPL_019","TPL_019_TRANS_003",8.4360279762816,"TPL_019_RUN_003","TPL_019_RUN_004","Pause:canonical","Background",FALSE,"Pause:canonical -> Background","S0037",4,0.4,"holdout",3.37441119051264
"TPL_019","TPL_019_TRANS_004",12.2683620055675,"TPL_019_RUN_004","TPL_019_RUN_005","Background","Burst",FALSE,"Background -> Burst","S0037",4,0.4,"holdout",4.907344802227
"TPL_019","TPL_019_TRANS_005",20.0291711629772,"TPL_019_RUN_005","TPL_019_RUN_006","Burst","Background",FALSE,"Burst -> Background","S0037",4,0.4,"holdout",8.01166846519088
"TPL_019","TPL_019_TRANS_006",22.4634093571967,"TPL_019_RUN_006","TPL_019_RUN_007","Background","Burst",FALSE,"Background -> Burst","S0037",4,0.4,"holdout",8.98536374287868
"TPL_019","TPL_019_TRANS_007",23.134303210656,"TPL_019_RUN_007","TPL_019_RUN_008","Burst","Contextual_Separator",TRUE,"Burst -> Contextual_Separator","S0037",4,0.4,"holdout",9.25372128426242
"TPL_019","TPL_019_TRANS_008",23.6445173053805,"TPL_019_RUN_008","TPL_019_RUN_009","Contextual_Separator","Burst",TRUE,"Contextual_Separator -> Burst","S0037",4,0.4,"holdout",9.45780692215222
"TPL_019","TPL_019_TRANS_009",24.4366329514446,"TPL_019_RUN_009","TPL_019_RUN_010","Burst","Background",FALSE,"Burst -> Background","S0037",4,0.4,"holdout",9.77465318057783
"TPL_019","TPL_019_TRANS_010",25.5568064846498,"TPL_019_RUN_010","TPL_019_RUN_011","Background","Tonic:stn_like_empirical",FALSE,"Background -> Tonic:stn_like_empirical","S0037",4,0.4,"holdout",10.2227225938599
"TPL_019","TPL_019_TRANS_011",28.329364513854,"TPL_019_RUN_011","TPL_019_RUN_012","Tonic:stn_like_empirical","Background",FALSE,"Tonic:stn_like_empirical -> Background","S0037",4,0.4,"holdout",11.3317458055416
"TPL_019","TPL_019_TRANS_012",28.5423657785029,"TPL_019_RUN_012","TPL_019_RUN_013","Background","Tonic:generic_stress",FALSE,"Background -> Tonic:generic_stress","S0037",4,0.4,"holdout",11.4169463114011
"TPL_019","TPL_019_TRANS_013",38.0149293515369,"TPL_019_RUN_013","TPL_019_RUN_014","Tonic:generic_stress","Pause:canonical",TRUE,"Tonic:generic_stress -> Pause:canonical","S0037",4,0.4,"holdout",15.2059717406148
"TPL_019","TPL_019_TRANS_014",42.1117743921004,"TPL_019_RUN_014","TPL_019_RUN_015","Pause:canonical","Background",FALSE,"Pause:canonical -> Background","S0037",4,0.4,"holdout",16.8447097568402
"TPL_019","TPL_019_TRANS_015",42.5234016190327,"TPL_019_RUN_015","TPL_019_RUN_016","Background","Burst",FALSE,"Background -> Burst","S0037",4,0.4,"holdout",17.0093606476131
"TPL_019","TPL_019_TRANS_001",0.379075145433936,"TPL_019_RUN_001","TPL_019_RUN_002","Burst","Broad_HFS",TRUE,"Burst -> Broad_HFS","S0025",10,1,"holdout",0.379075145433936
"TPL_019","TPL_019_TRANS_002",5.53508137498762,"TPL_019_RUN_002","TPL_019_RUN_003","Broad_HFS","Pause:canonical",TRUE,"Broad_HFS -> Pause:canonical","S0025",10,1,"holdout",5.53508137498762
"TPL_019","TPL_019_TRANS_003",8.4360279762816,"TPL_019_RUN_003","TPL_019_RUN_004","Pause:canonical","Background",FALSE,"Pause:canonical -> Background","S0025",10,1,"holdout",8.4360279762816
"TPL_019","TPL_019_TRANS_004",12.2683620055675,"TPL_019_RUN_004","TPL_019_RUN_005","Background","Burst",FALSE,"Background -> Burst","S0025",10,1,"holdout",12.2683620055675
"TPL_019","TPL_019_TRANS_005",20.0291711629772,"TPL_019_RUN_005","TPL_019_RUN_006","Burst","Background",FALSE,"Burst -> Background","S0025",10,1,"holdout",20.0291711629772
"TPL_019","TPL_019_TRANS_006",22.4634093571967,"TPL_019_RUN_006","TPL_019_RUN_007","Background","Burst",FALSE,"Background -> Burst","S0025",10,1,"holdout",22.4634093571967
"TPL_019","TPL_019_TRANS_007",23.134303210656,"TPL_019_RUN_007","TPL_019_RUN_008","Burst","Contextual_Separator",TRUE,"Burst -> Contextual_Separator","S0025",10,1,"holdout",23.134303210656
"TPL_019","TPL_019_TRANS_008",23.6445173053805,"TPL_019_RUN_008","TPL_019_RUN_009","Contextual_Separator","Burst",TRUE,"Contextual_Separator -> Burst","S0025",10,1,"holdout",23.6445173053805
"TPL_019","TPL_019_TRANS_009",24.4366329514446,"TPL_019_RUN_009","TPL_019_RUN_010","Burst","Background",FALSE,"Burst -> Background","S0025",10,1,"holdout",24.4366329514446
"TPL_019","TPL_019_TRANS_010",25.5568064846498,"TPL_019_RUN_010","TPL_019_RUN_011","Background","Tonic:stn_like_empirical",FALSE,"Background -> Tonic:stn_like_empirical","S0025",10,1,"holdout",25.5568064846498
"TPL_019","TPL_019_TRANS_011",28.329364513854,"TPL_019_RUN_011","TPL_019_RUN_012","Tonic:stn_like_empirical","Background",FALSE,"Tonic:stn_like_empirical -> Background","S0025",10,1,"holdout",28.329364513854
"TPL_019","TPL_019_TRANS_012",28.5423657785029,"TPL_019_RUN_012","TPL_019_RUN_013","Background","Tonic:generic_stress",FALSE,"Background -> Tonic:generic_stress","S0025",10,1,"holdout",28.5423657785029
"TPL_019","TPL_019_TRANS_013",38.0149293515369,"TPL_019_RUN_013","TPL_019_RUN_014","Tonic:generic_stress","Pause:canonical",TRUE,"Tonic:generic_stress -> Pause:canonical","S0025",10,1,"holdout",38.0149293515369
"TPL_019","TPL_019_TRANS_014",42.1117743921004,"TPL_019_RUN_014","TPL_019_RUN_015","Pause:canonical","Background",FALSE,"Pause:canonical -> Background","S0025",10,1,"holdout",42.1117743921004
"TPL_019","TPL_019_TRANS_015",42.5234016190327,"TPL_019_RUN_015","TPL_019_RUN_016","Background","Burst",FALSE,"Background -> Burst","S0025",10,1,"holdout",42.5234016190327
"TPL_020","TPL_020_TRANS_001",0.537344407600089,"TPL_020_RUN_001","TPL_020_RUN_002","Burst","Contextual_Separator",TRUE,"Burst -> Contextual_Separator","S0021",1,0.1,"holdout",0.0537344407600089
"TPL_020","TPL_020_TRANS_002",1.08212154580533,"TPL_020_RUN_002","TPL_020_RUN_003","Contextual_Separator","Burst",TRUE,"Contextual_Separator -> Burst","S0021",1,0.1,"holdout",0.108212154580533
"TPL_020","TPL_020_TRANS_003",1.49613475405707,"TPL_020_RUN_003","TPL_020_RUN_004","Burst","Tonic:generic_stress",TRUE,"Burst -> Tonic:generic_stress","S0021",1,0.1,"holdout",0.149613475405707
"TPL_020","TPL_020_TRANS_004",6.11819777404314,"TPL_020_RUN_004","TPL_020_RUN_005","Tonic:generic_stress","Pause:complex_multi_gap",TRUE,"Tonic:generic_stress -> Pause:complex_multi_gap","S0021",1,0.1,"holdout",0.611819777404314
"TPL_020","TPL_020_TRANS_005",12.8084039497132,"TPL_020_RUN_005","TPL_020_RUN_006","Pause:complex_multi_gap","Tonic:stn_like_empirical",TRUE,"Pause:complex_multi_gap -> Tonic:stn_like_empirical","S0021",1,0.1,"holdout",1.28084039497132
"TPL_020","TPL_020_TRANS_006",14.8847509597501,"TPL_020_RUN_006","TPL_020_RUN_007","Tonic:stn_like_empirical","Pause:canonical",TRUE,"Tonic:stn_like_empirical -> Pause:canonical","S0021",1,0.1,"holdout",1.48847509597501
"TPL_020","TPL_020_TRANS_007",17.958657498665,"TPL_020_RUN_007","TPL_020_RUN_008","Pause:canonical","Broad_HFS",TRUE,"Pause:canonical -> Broad_HFS","S0021",1,0.1,"holdout",1.7958657498665
"TPL_020","TPL_020_TRANS_008",22.7563351577603,"TPL_020_RUN_008","TPL_020_RUN_009","Broad_HFS","Burst",TRUE,"Broad_HFS -> Burst","S0021",1,0.1,"holdout",2.27563351577603
"TPL_020","TPL_020_TRANS_009",23.4935190557834,"TPL_020_RUN_009","TPL_020_RUN_010","Burst","Burst",TRUE,"Burst -> Burst","S0021",1,0.1,"holdout",2.34935190557834
"TPL_020","TPL_020_TRANS_010",30.3060010488114,"TPL_020_RUN_010","TPL_020_RUN_011","Burst","Pause:canonical",TRUE,"Burst -> Pause:canonical","S0021",1,0.1,"holdout",3.03060010488114
"TPL_020","TPL_020_TRANS_011",34.5400422063625,"TPL_020_RUN_011","TPL_020_RUN_012","Pause:canonical","Burst",TRUE,"Pause:canonical -> Burst","S0021",1,0.1,"holdout",3.45400422063625
"TPL_020","TPL_020_TRANS_001",0.537344407600089,"TPL_020_RUN_001","TPL_020_RUN_002","Burst","Contextual_Separator",TRUE,"Burst -> Contextual_Separator","S0020",4,0.4,"holdout",0.214937763040036
"TPL_020","TPL_020_TRANS_002",1.08212154580533,"TPL_020_RUN_002","TPL_020_RUN_003","Contextual_Separator","Burst",TRUE,"Contextual_Separator -> Burst","S0020",4,0.4,"holdout",0.432848618322134
"TPL_020","TPL_020_TRANS_003",1.49613475405707,"TPL_020_RUN_003","TPL_020_RUN_004","Burst","Tonic:generic_stress",TRUE,"Burst -> Tonic:generic_stress","S0020",4,0.4,"holdout",0.598453901622828
"TPL_020","TPL_020_TRANS_004",6.11819777404314,"TPL_020_RUN_004","TPL_020_RUN_005","Tonic:generic_stress","Pause:complex_multi_gap",TRUE,"Tonic:generic_stress -> Pause:complex_multi_gap","S0020",4,0.4,"holdout",2.44727910961726
"TPL_020","TPL_020_TRANS_005",12.8084039497132,"TPL_020_RUN_005","TPL_020_RUN_006","Pause:complex_multi_gap","Tonic:stn_like_empirical",TRUE,"Pause:complex_multi_gap -> Tonic:stn_like_empirical","S0020",4,0.4,"holdout",5.12336157988527
"TPL_020","TPL_020_TRANS_006",14.8847509597501,"TPL_020_RUN_006","TPL_020_RUN_007","Tonic:stn_like_empirical","Pause:canonical",TRUE,"Tonic:stn_like_empirical -> Pause:canonical","S0020",4,0.4,"holdout",5.95390038390003
"TPL_020","TPL_020_TRANS_007",17.958657498665,"TPL_020_RUN_007","TPL_020_RUN_008","Pause:canonical","Broad_HFS",TRUE,"Pause:canonical -> Broad_HFS","S0020",4,0.4,"holdout",7.18346299946599
"TPL_020","TPL_020_TRANS_008",22.7563351577603,"TPL_020_RUN_008","TPL_020_RUN_009","Broad_HFS","Burst",TRUE,"Broad_HFS -> Burst","S0020",4,0.4,"holdout",9.10253406310414
"TPL_020","TPL_020_TRANS_009",23.4935190557834,"TPL_020_RUN_009","TPL_020_RUN_010","Burst","Burst",TRUE,"Burst -> Burst","S0020",4,0.4,"holdout",9.39740762231335
"TPL_020","TPL_020_TRANS_010",30.3060010488114,"TPL_020_RUN_010","TPL_020_RUN_011","Burst","Pause:canonical",TRUE,"Burst -> Pause:canonical","S0020",4,0.4,"holdout",12.1224004195246
"TPL_020","TPL_020_TRANS_011",34.5400422063625,"TPL_020_RUN_011","TPL_020_RUN_012","Pause:canonical","Burst",TRUE,"Pause:canonical -> Burst","S0020",4,0.4,"holdout",13.816016882545
"TPL_020","TPL_020_TRANS_001",0.537344407600089,"TPL_020_RUN_001","TPL_020_RUN_002","Burst","Contextual_Separator",TRUE,"Burst -> Contextual_Separator","S0003",10,1,"holdout",0.537344407600089
"TPL_020","TPL_020_TRANS_002",1.08212154580533,"TPL_020_RUN_002","TPL_020_RUN_003","Contextual_Separator","Burst",TRUE,"Contextual_Separator -> Burst","S0003",10,1,"holdout",1.08212154580533
"TPL_020","TPL_020_TRANS_003",1.49613475405707,"TPL_020_RUN_003","TPL_020_RUN_004","Burst","Tonic:generic_stress",TRUE,"Burst -> Tonic:generic_stress","S0003",10,1,"holdout",1.49613475405707
"TPL_020","TPL_020_TRANS_004",6.11819777404314,"TPL_020_RUN_004","TPL_020_RUN_005","Tonic:generic_stress","Pause:complex_multi_gap",TRUE,"Tonic:generic_stress -> Pause:complex_multi_gap","S0003",10,1,"holdout",6.11819777404314
"TPL_020","TPL_020_TRANS_005",12.8084039497132,"TPL_020_RUN_005","TPL_020_RUN_006","Pause:complex_multi_gap","Tonic:stn_like_empirical",TRUE,"Pause:complex_multi_gap -> Tonic:stn_like_empirical","S0003",10,1,"holdout",12.8084039497132
"TPL_020","TPL_020_TRANS_006",14.8847509597501,"TPL_020_RUN_006","TPL_020_RUN_007","Tonic:stn_like_empirical","Pause:canonical",TRUE,"Tonic:stn_like_empirical -> Pause:canonical","S0003",10,1,"holdout",14.8847509597501
"TPL_020","TPL_020_TRANS_007",17.958657498665,"TPL_020_RUN_007","TPL_020_RUN_008","Pause:canonical","Broad_HFS",TRUE,"Pause:canonical -> Broad_HFS","S0003",10,1,"holdout",17.958657498665
"TPL_020","TPL_020_TRANS_008",22.7563351577603,"TPL_020_RUN_008","TPL_020_RUN_009","Broad_HFS","Burst",TRUE,"Broad_HFS -> Burst","S0003",10,1,"holdout",22.7563351577603
"TPL_020","TPL_020_TRANS_009",23.4935190557834,"TPL_020_RUN_009","TPL_020_RUN_010","Burst","Burst",TRUE,"Burst -> Burst","S0003",10,1,"holdout",23.4935190557834
"TPL_020","TPL_020_TRANS_010",30.3060010488114,"TPL_020_RUN_010","TPL_020_RUN_011","Burst","Pause:canonical",TRUE,"Burst -> Pause:canonical","S0003",10,1,"holdout",30.3060010488114
"TPL_020","TPL_020_TRANS_011",34.5400422063625,"TPL_020_RUN_011","TPL_020_RUN_012","Pause:canonical","Burst",TRUE,"Pause:canonical -> Burst","S0003",10,1,"holdout",34.5400422063625
