"Phenotype_Evidence_ID","Template_ID","Candidate_Origin","Mechanism_Event_ID","State_Envelope_ID","Start_Interval_Index","End_Interval_Index","Start_u","End_u","N_ISIs","N_Spikes","Duration_u","Internal_Median_ISI_u","Flank_Median_ISI_u","Median_Contrast","Mean_Rate_Ratio","Internal_CV","Compactness","Evidence_Score","Left_Flank_N_Used","Right_Flank_N_Used","Flank_Pattern","Flank_Source_Contract","Phenotype_Label","Phenotype_Threshold_Set_ID","Phenotype_Threshold_Purpose","Phenotype_Null_Context","Phenotype_Null_Flank_Pattern","Phenotype_Null_Window_N_ISIs","Ambiguity_Reason","Mechanism_Estimand_Role","Phenotype_Estimand_Eligibility","Sample_ID","Scale_Factor","B_s","Split","Start_s","End_s","Duration_s","Internal_Median_ISI_s","Flank_Median_ISI_s","Scoring_Role","Primary_Observable_Burst_Positive"
"PHENO_0001","TPL_001","injected_rate_pulse","TPL_001_EVENT_003","none",37,39,31.4356865764681,32.0471790575168,3,4,0.611492481048682,0.16922292985782,0.623574710739995,3.68493035349238,3.0187929229001,0.298965084760069,0.355543709265234,2.50534783694703,4,0,"left_only","same_generator_run_non_event_intervals_only","clear_burst_like","INJECTED_STANDALONE_BURST_LEFT_ONLY_N03","injected_support","standalone_burst","left_only",3,"none","injected_burst","eligible","S0015",1,0.1,"development",3.14356865764681,3.20471790575168,0.0611492481048682,0.0169222929857821,0.0623574710739995,"observable_primary_positive",TRUE
"PHENO_0002","TPL_001","injected_rate_pulse","TPL_001_EVENT_004","none",41,45,32.6704756078963,33.3696291170062,5,6,0.699153509109917,0.128755807675501,0.466979891360666,3.6268646812234,3.39449027252121,0.26674471966491,0.314342042194784,3.15974359012862,0,4,"right_only","same_generator_run_non_event_intervals_only","clear_burst_like","INJECTED_STANDALONE_BURST_RIGHT_ONLY_N05","injected_support","standalone_burst","right_only",5,"none","injected_burst","eligible","S0015",1,0.1,"development",3.26704756078963,3.33696291170062,0.0699153509109917,0.0128755807675501,0.0466979891360666,"observable_primary_positive",TRUE
"PHENO_0003","TPL_001","injected_rate_pulse","TPL_001_EVENT_005","none",55,60,38.8540630535119,39.6641866719618,6,7,0.810123618449907,0.119539587665882,0.721632285463273,6.03676405075331,5.75957919408928,0.504288254134354,0.190821199952124,4.79114678549348,3,3,"both_sides","same_generator_run_non_event_intervals_only","clear_burst_like","INJECTED_STANDALONE_BURST_BOTH_SIDES_N06","injected_support","standalone_burst","both_sides",6,"none","injected_burst","eligible","S0015",1,0.1,"development",3.88540630535119,3.96641866719618,0.0810123618449907,0.0119539587665882,0.0721632285463273,"observable_primary_positive",TRUE
"PHENO_0004","TPL_001","injected_rate_pulse","TPL_001_EVENT_006","TPL_001_STATE_004",96,101,54.4900157145063,55.1080732309628,6,7,0.618057516456519,0.100512726131489,0.340378080235807,3.38641775361391,3.1511920916189,0.348565561619922,0.360020154824022,3.23990925123614,4,4,"both_sides","same_generator_run_non_event_intervals_only","clear_burst_like","INJECTED_BURST_IN_HFS_BOTH_SIDES_N06","injected_support","burst_in_hfs","both_sides",6,"none","injected_burst","eligible","S0015",1,0.1,"development",5.44900157145063,5.51080732309628,0.0618057516456519,0.0100512726131489,0.0340378080235807,"observable_primary_positive",TRUE
"PHENO_0005","TPL_001","injected_rate_pulse","TPL_001_EVENT_008","TPL_001_STATE_005",129,135,67.160719408907,67.8917296950478,7,8,0.731010286140774,0.0843604655344103,0.361927404965659,4.29024902450343,3.53174587578673,0.456807705568293,0.368143846474626,4.12289342041,4,4,"both_sides","same_generator_run_non_event_intervals_only","clear_burst_like","INJECTED_BURST_IN_HFS_BOTH_SIDES_N07","injected_support","burst_in_hfs","both_sides",7,"none","injected_burst","eligible","S0015",1,0.1,"development",6.7160719408907,6.78917296950478,0.0731010286140774,0.00843604655344104,0.0361927404965659,"observable_primary_positive",TRUE
"PHENO_0101","TPL_001","null_model_burst_like_excursion","none","TPL_001_STATE_003",83,85,49.0484452762753,49.6976331014678,3,4,0.649187825192547,0.143051064181572,0.411671621161796,2.87779488756037,1.69554899048041,0.922787972687365,0.711046559485188,1.87054270311308,4,0,"left_only","within_HFS_state_scan_window","no_burst_evidence","NULL_SCAN_BROAD_HFS","null_scan","broad_hfs","scan_both_sides",3,"none","mechanism_negative_null_excursion_audit","eligible","S0015",1,0.1,"development",4.90484452762753,4.96976331014678,0.0649187825192547,0.0143051064181572,0.0411671621161796,"null_model_no_excursion",FALSE
"PHENO_0001","TPL_001","injected_rate_pulse","TPL_001_EVENT_003","none",37,39,31.4356865764681,32.0471790575168,3,4,0.611492481048682,0.16922292985782,0.623574710739995,3.68493035349238,3.0187929229001,0.298965084760069,0.355543709265234,2.50534783694703,4,0,"left_only","same_generator_run_non_event_intervals_only","clear_burst_like","INJECTED_STANDALONE_BURST_LEFT_ONLY_N03","injected_support","standalone_burst","left_only",3,"none","injected_burst","eligible","S0056",4,0.4,"development",12.5742746305872,12.8188716230067,0.244596992419473,0.0676891719431282,0.249429884295998,"observable_primary_positive",TRUE
"PHENO_0002","TPL_001","injected_rate_pulse","TPL_001_EVENT_004","none",41,45,32.6704756078963,33.3696291170062,5,6,0.699153509109917,0.128755807675501,0.466979891360666,3.6268646812234,3.39449027252121,0.26674471966491,0.314342042194784,3.15974359012862,0,4,"right_only","same_generator_run_non_event_intervals_only","clear_burst_like","INJECTED_STANDALONE_BURST_RIGHT_ONLY_N05","injected_support","standalone_burst","right_only",5,"none","injected_burst","eligible","S0056",4,0.4,"development",13.0681902431585,13.3478516468025,0.279661403643967,0.0515023230702003,0.186791956544266,"observable_primary_positive",TRUE
"PHENO_0003","TPL_001","injected_rate_pulse","TPL_001_EVENT_005","none",55,60,38.8540630535119,39.6641866719618,6,7,0.810123618449907,0.119539587665882,0.721632285463273,6.03676405075331,5.75957919408928,0.504288254134354,0.190821199952124,4.79114678549348,3,3,"both_sides","same_generator_run_non_event_intervals_only","clear_burst_like","INJECTED_STANDALONE_BURST_BOTH_SIDES_N06","injected_support","standalone_burst","both_sides",6,"none","injected_burst","eligible","S0056",4,0.4,"development",15.5416252214048,15.8656746687847,0.324049447379963,0.047815835066353,0.288652914185309,"observable_primary_positive",TRUE
"PHENO_0004","TPL_001","injected_rate_pulse","TPL_001_EVENT_006","TPL_001_STATE_004",96,101,54.4900157145063,55.1080732309628,6,7,0.618057516456519,0.100512726131489,0.340378080235807,3.38641775361391,3.1511920916189,0.348565561619922,0.360020154824022,3.23990925123614,4,4,"both_sides","same_generator_run_non_event_intervals_only","clear_burst_like","INJECTED_BURST_IN_HFS_BOTH_SIDES_N06","injected_support","burst_in_hfs","both_sides",6,"none","injected_burst","eligible","S0056",4,0.4,"development",21.7960062858025,22.0432292923851,0.247223006582608,0.0402050904525956,0.136151232094323,"observable_primary_positive",TRUE
"PHENO_0005","TPL_001","injected_rate_pulse","TPL_001_EVENT_008","TPL_001_STATE_005",129,135,67.160719408907,67.8917296950478,7,8,0.731010286140774,0.0843604655344103,0.361927404965659,4.29024902450343,3.53174587578673,0.456807705568293,0.368143846474626,4.12289342041,4,4,"both_sides","same_generator_run_non_event_intervals_only","clear_burst_like","INJECTED_BURST_IN_HFS_BOTH_SIDES_N07","injected_support","burst_in_hfs","both_sides",7,"none","injected_burst","eligible","S0056",4,0.4,"development",26.8642877635628,27.1566918780191,0.29240411445631,0.0337441862137641,0.144770961986264,"observable_primary_positive",TRUE
"PHENO_0101","TPL_001","null_model_burst_like_excursion","none","TPL_001_STATE_003",83,85,49.0484452762753,49.6976331014678,3,4,0.649187825192547,0.143051064181572,0.411671621161796,2.87779488756037,1.69554899048041,0.922787972687365,0.711046559485188,1.87054270311308,4,0,"left_only","within_HFS_state_scan_window","no_burst_evidence","NULL_SCAN_BROAD_HFS","null_scan","broad_hfs","scan_both_sides",3,"none","mechanism_negative_null_excursion_audit","eligible","S0056",4,0.4,"development",19.6193781105101,19.8790532405871,0.259675130077019,0.0572204256726286,0.164668648464719,"null_model_no_excursion",FALSE
"PHENO_0001","TPL_001","injected_rate_pulse","TPL_001_EVENT_003","none",37,39,31.4356865764681,32.0471790575168,3,4,0.611492481048682,0.16922292985782,0.623574710739995,3.68493035349238,3.0187929229001,0.298965084760069,0.355543709265234,2.50534783694703,4,0,"left_only","same_generator_run_non_event_intervals_only","clear_burst_like","INJECTED_STANDALONE_BURST_LEFT_ONLY_N03","injected_support","standalone_burst","left_only",3,"none","injected_burst","eligible","S0007",10,1,"development",31.4356865764681,32.0471790575168,0.611492481048682,0.16922292985782,0.623574710739995,"observable_primary_positive",TRUE
"PHENO_0002","TPL_001","injected_rate_pulse","TPL_001_EVENT_004","none",41,45,32.6704756078963,33.3696291170062,5,6,0.699153509109917,0.128755807675501,0.466979891360666,3.6268646812234,3.39449027252121,0.26674471966491,0.314342042194784,3.15974359012862,0,4,"right_only","same_generator_run_non_event_intervals_only","clear_burst_like","INJECTED_STANDALONE_BURST_RIGHT_ONLY_N05","injected_support","standalone_burst","right_only",5,"none","injected_burst","eligible","S0007",10,1,"development",32.6704756078963,33.3696291170062,0.699153509109917,0.128755807675501,0.466979891360666,"observable_primary_positive",TRUE
"PHENO_0003","TPL_001","injected_rate_pulse","TPL_001_EVENT_005","none",55,60,38.8540630535119,39.6641866719618,6,7,0.810123618449907,0.119539587665882,0.721632285463273,6.03676405075331,5.75957919408928,0.504288254134354,0.190821199952124,4.79114678549348,3,3,"both_sides","same_generator_run_non_event_intervals_only","clear_burst_like","INJECTED_STANDALONE_BURST_BOTH_SIDES_N06","injected_support","standalone_burst","both_sides",6,"none","injected_burst","eligible","S0007",10,1,"development",38.8540630535119,39.6641866719618,0.810123618449907,0.119539587665882,0.721632285463273,"observable_primary_positive",TRUE
"PHENO_0004","TPL_001","injected_rate_pulse","TPL_001_EVENT_006","TPL_001_STATE_004",96,101,54.4900157145063,55.1080732309628,6,7,0.618057516456519,0.100512726131489,0.340378080235807,3.38641775361391,3.1511920916189,0.348565561619922,0.360020154824022,3.23990925123614,4,4,"both_sides","same_generator_run_non_event_intervals_only","clear_burst_like","INJECTED_BURST_IN_HFS_BOTH_SIDES_N06","injected_support","burst_in_hfs","both_sides",6,"none","injected_burst","eligible","S0007",10,1,"development",54.4900157145063,55.1080732309628,0.618057516456519,0.100512726131489,0.340378080235807,"observable_primary_positive",TRUE
"PHENO_0005","TPL_001","injected_rate_pulse","TPL_001_EVENT_008","TPL_001_STATE_005",129,135,67.160719408907,67.8917296950478,7,8,0.731010286140774,0.0843604655344103,0.361927404965659,4.29024902450343,3.53174587578673,0.456807705568293,0.368143846474626,4.12289342041,4,4,"both_sides","same_generator_run_non_event_intervals_only","clear_burst_like","INJECTED_BURST_IN_HFS_BOTH_SIDES_N07","injected_support","burst_in_hfs","both_sides",7,"none","injected_burst","eligible","S0007",10,1,"development",67.160719408907,67.8917296950478,0.731010286140774,0.0843604655344103,0.361927404965659,"observable_primary_positive",TRUE
"PHENO_0101","TPL_001","null_model_burst_like_excursion","none","TPL_001_STATE_003",83,85,49.0484452762753,49.6976331014678,3,4,0.649187825192547,0.143051064181572,0.411671621161796,2.87779488756037,1.69554899048041,0.922787972687365,0.711046559485188,1.87054270311308,4,0,"left_only","within_HFS_state_scan_window","no_burst_evidence","NULL_SCAN_BROAD_HFS","null_scan","broad_hfs","scan_both_sides",3,"none","mechanism_negative_null_excursion_audit","eligible","S0007",10,1,"development",49.0484452762753,49.6976331014678,0.649187825192547,0.143051064181572,0.411671621161796,"null_model_no_excursion",FALSE
"PHENO_0006","TPL_002","injected_rate_pulse","TPL_002_EVENT_001","none",40,43,13.4857451056625,14.1767972691845,4,5,0.691052163522003,0.131810348099547,0.414570450291875,3.14520412296294,2.61890164261416,0.625524698841654,0.472458784223428,2.46989386650869,4,4,"both_sides","same_generator_run_non_event_intervals_only","clear_burst_like","INJECTED_STANDALONE_BURST_BOTH_SIDES_N04","injected_support","standalone_burst","both_sides",4,"none","injected_burst","eligible","S0030",1,0.1,"development",1.34857451056625,1.41767972691845,0.0691052163522003,0.0131810348099547,0.0414570450291875,"observable_primary_positive",TRUE
"PHENO_0007","TPL_002","injected_rate_pulse","TPL_002_EVENT_002","TPL_002_STATE_002",59,66,19.8597725891105,20.3048842182746,8,9,0.445111629164099,0.052994941637561,0.213295894652519,4.0248349759733,4.30434104783495,0.593402404926363,0.308984390354402,4.24410503695754,4,4,"both_sides","same_generator_run_non_event_intervals_only","clear_burst_like","INJECTED_BURST_IN_HFS_BOTH_SIDES_N08","injected_support","burst_in_hfs","both_sides",8,"none","injected_burst","eligible","S0030",1,0.1,"development",1.98597725891105,2.03048842182746,0.0445111629164099,0.0052994941637561,0.0213295894652519,"observable_primary_positive",TRUE
"PHENO_0008","TPL_002","injected_rate_pulse","TPL_002_EVENT_003","TPL_002_STATE_003",92,94,29.8793359893199,30.2298814668297,3,4,0.350545477509796,0.0988483119600656,0.4560975111351,4.61411532570593,3.76892669263149,0.396056349618743,0.294093910744488,2.94060572894772,4,4,"both_sides","same_generator_run_non_event_intervals_only","clear_burst_like","INJECTED_BURST_IN_HFS_BOTH_SIDES_N03","injected_support","burst_in_hfs","both_sides",3,"none","injected_burst","eligible","S0030",1,0.1,"development",2.98793359893199,3.02298814668297,0.0350545477509796,0.00988483119600656,0.04560975111351,"observable_primary_positive",TRUE
"PHENO_0009","TPL_002","injected_rate_pulse","TPL_002_EVENT_004","none",139,144,51.2165886370228,51.9804948037409,6,7,0.763906166718037,0.108729221205519,0.337360904170565,3.10276207656164,3.22669005209368,0.375881928938232,0.480435884821945,3.02881539433559,4,0,"left_only","same_generator_run_non_event_intervals_only","clear_burst_like","INJECTED_STANDALONE_BURST_LEFT_ONLY_N06","injected_support","standalone_burst","left_only",6,"none","injected_burst","eligible","S0030",1,0.1,"development",5.12165886370228,5.19804948037409,0.0763906166718037,0.0108729221205519,0.0337360904170565,"observable_primary_positive",TRUE
"PHENO_0010","TPL_002","injected_rate_pulse","TPL_002_EVENT_005","none",146,152,52.6053321355872,53.4214972455881,7,8,0.816165110000889,0.108659408262278,0.568179136706888,5.22899163352188,4.92946564511763,0.390522523402186,0.232811504889053,4.73640604270683,0,4,"right_only","same_generator_run_non_event_intervals_only","clear_burst_like","INJECTED_STANDALONE_BURST_RIGHT_ONLY_N07","injected_support","standalone_burst","right_only",7,"none","injected_burst","eligible","S0030",1,0.1,"development",5.26053321355872,5.34214972455881,0.0816165110000889,0.0108659408262278,0.0568179136706888,"observable_primary_positive",TRUE
"PHENO_0102","TPL_002","null_model_burst_like_excursion","none","TPL_002_STATE_001",18,24,5.90899792930922,7.64511324303056,7,8,1.73611531372135,0.224984617183035,0.416073951397836,1.84934399785805,1.64897783999049,0.259693587594576,0.681247736913792,1.72575941511801,4,4,"both_sides","within_HFS_state_scan_window","no_burst_evidence","NULL_SCAN_BROAD_HFS","null_scan","broad_hfs","scan_both_sides",7,"none","mechanism_negative_null_excursion_audit","eligible","S0030",1,0.1,"development",0.590899792930922,0.764511324303056,0.173611531372135,0.0224984617183035,0.0416073951397836,"null_model_no_excursion",FALSE
"PHENO_0006","TPL_002","injected_rate_pulse","TPL_002_EVENT_001","none",40,43,13.4857451056625,14.1767972691845,4,5,0.691052163522003,0.131810348099547,0.414570450291875,3.14520412296294,2.61890164261416,0.625524698841654,0.472458784223428,2.46989386650869,4,4,"both_sides","same_generator_run_non_event_intervals_only","clear_burst_like","INJECTED_STANDALONE_BURST_BOTH_SIDES_N04","injected_support","standalone_burst","both_sides",4,"none","injected_burst","eligible","S0006",4,0.4,"development",5.39429804226499,5.67071890767379,0.276420865408801,0.0527241392398187,0.16582818011675,"observable_primary_positive",TRUE
"PHENO_0007","TPL_002","injected_rate_pulse","TPL_002_EVENT_002","TPL_002_STATE_002",59,66,19.8597725891105,20.3048842182746,8,9,0.445111629164099,0.052994941637561,0.213295894652519,4.0248349759733,4.30434104783495,0.593402404926363,0.308984390354402,4.24410503695754,4,4,"both_sides","same_generator_run_non_event_intervals_only","clear_burst_like","INJECTED_BURST_IN_HFS_BOTH_SIDES_N08","injected_support","burst_in_hfs","both_sides",8,"none","injected_burst","eligible","S0006",4,0.4,"development",7.9439090356442,8.12195368730984,0.17804465166564,0.0211979766550244,0.0853183578610078,"observable_primary_positive",TRUE
"PHENO_0008","TPL_002","injected_rate_pulse","TPL_002_EVENT_003","TPL_002_STATE_003",92,94,29.8793359893199,30.2298814668297,3,4,0.350545477509796,0.0988483119600656,0.4560975111351,4.61411532570593,3.76892669263149,0.396056349618743,0.294093910744488,2.94060572894772,4,4,"both_sides","same_generator_run_non_event_intervals_only","clear_burst_like","INJECTED_BURST_IN_HFS_BOTH_SIDES_N03","injected_support","burst_in_hfs","both_sides",3,"none","injected_burst","eligible","S0006",4,0.4,"development",11.951734395728,12.0919525867319,0.140218191003918,0.0395393247840262,0.18243900445404,"observable_primary_positive",TRUE
"PHENO_0009","TPL_002","injected_rate_pulse","TPL_002_EVENT_004","none",139,144,51.2165886370228,51.9804948037409,6,7,0.763906166718037,0.108729221205519,0.337360904170565,3.10276207656164,3.22669005209368,0.375881928938232,0.480435884821945,3.02881539433559,4,0,"left_only","same_generator_run_non_event_intervals_only","clear_burst_like","INJECTED_STANDALONE_BURST_LEFT_ONLY_N06","injected_support","standalone_burst","left_only",6,"none","injected_burst","eligible","S0006",4,0.4,"development",20.4866354548091,20.7921979214963,0.305562466687215,0.0434916884822075,0.134944361668226,"observable_primary_positive",TRUE
"PHENO_0010","TPL_002","injected_rate_pulse","TPL_002_EVENT_005","none",146,152,52.6053321355872,53.4214972455881,7,8,0.816165110000889,0.108659408262278,0.568179136706888,5.22899163352188,4.92946564511763,0.390522523402186,0.232811504889053,4.73640604270683,0,4,"right_only","same_generator_run_non_event_intervals_only","clear_burst_like","INJECTED_STANDALONE_BURST_RIGHT_ONLY_N07","injected_support","standalone_burst","right_only",7,"none","injected_burst","eligible","S0006",4,0.4,"development",21.0421328542349,21.3685988982352,0.326466044000356,0.043463763304911,0.227271654682755,"observable_primary_positive",TRUE
"PHENO_0102","TPL_002","null_model_burst_like_excursion","none","TPL_002_STATE_001",18,24,5.90899792930922,7.64511324303056,7,8,1.73611531372135,0.224984617183035,0.416073951397836,1.84934399785805,1.64897783999049,0.259693587594576,0.681247736913792,1.72575941511801,4,4,"both_sides","within_HFS_state_scan_window","no_burst_evidence","NULL_SCAN_BROAD_HFS","null_scan","broad_hfs","scan_both_sides",7,"none","mechanism_negative_null_excursion_audit","eligible","S0006",4,0.4,"development",2.36359917172369,3.05804529721222,0.694446125488538,0.0899938468732138,0.166429580559134,"null_model_no_excursion",FALSE
"PHENO_0006","TPL_002","injected_rate_pulse","TPL_002_EVENT_001","none",40,43,13.4857451056625,14.1767972691845,4,5,0.691052163522003,0.131810348099547,0.414570450291875,3.14520412296294,2.61890164261416,0.625524698841654,0.472458784223428,2.46989386650869,4,4,"both_sides","same_generator_run_non_event_intervals_only","clear_burst_like","INJECTED_STANDALONE_BURST_BOTH_SIDES_N04","injected_support","standalone_burst","both_sides",4,"none","injected_burst","eligible","S0044",10,1,"development",13.4857451056625,14.1767972691845,0.691052163522003,0.131810348099547,0.414570450291875,"observable_primary_positive",TRUE
"PHENO_0007","TPL_002","injected_rate_pulse","TPL_002_EVENT_002","TPL_002_STATE_002",59,66,19.8597725891105,20.3048842182746,8,9,0.445111629164099,0.052994941637561,0.213295894652519,4.0248349759733,4.30434104783495,0.593402404926363,0.308984390354402,4.24410503695754,4,4,"both_sides","same_generator_run_non_event_intervals_only","clear_burst_like","INJECTED_BURST_IN_HFS_BOTH_SIDES_N08","injected_support","burst_in_hfs","both_sides",8,"none","injected_burst","eligible","S0044",10,1,"development",19.8597725891105,20.3048842182746,0.445111629164099,0.052994941637561,0.213295894652519,"observable_primary_positive",TRUE
"PHENO_0008","TPL_002","injected_rate_pulse","TPL_002_EVENT_003","TPL_002_STATE_003",92,94,29.8793359893199,30.2298814668297,3,4,0.350545477509796,0.0988483119600656,0.4560975111351,4.61411532570593,3.76892669263149,0.396056349618743,0.294093910744488,2.94060572894772,4,4,"both_sides","same_generator_run_non_event_intervals_only","clear_burst_like","INJECTED_BURST_IN_HFS_BOTH_SIDES_N03","injected_support","burst_in_hfs","both_sides",3,"none","injected_burst","eligible","S0044",10,1,"development",29.8793359893199,30.2298814668297,0.350545477509796,0.0988483119600656,0.4560975111351,"observable_primary_positive",TRUE
"PHENO_0009","TPL_002","injected_rate_pulse","TPL_002_EVENT_004","none",139,144,51.2165886370228,51.9804948037409,6,7,0.763906166718037,0.108729221205519,0.337360904170565,3.10276207656164,3.22669005209368,0.375881928938232,0.480435884821945,3.02881539433559,4,0,"left_only","same_generator_run_non_event_intervals_only","clear_burst_like","INJECTED_STANDALONE_BURST_LEFT_ONLY_N06","injected_support","standalone_burst","left_only",6,"none","injected_burst","eligible","S0044",10,1,"development",51.2165886370228,51.9804948037409,0.763906166718037,0.108729221205519,0.337360904170565,"observable_primary_positive",TRUE
"PHENO_0010","TPL_002","injected_rate_pulse","TPL_002_EVENT_005","none",146,152,52.6053321355872,53.4214972455881,7,8,0.816165110000889,0.108659408262278,0.568179136706888,5.22899163352188,4.92946564511763,0.390522523402186,0.232811504889053,4.73640604270683,0,4,"right_only","same_generator_run_non_event_intervals_only","clear_burst_like","INJECTED_STANDALONE_BURST_RIGHT_ONLY_N07","injected_support","standalone_burst","right_only",7,"none","injected_burst","eligible","S0044",10,1,"development",52.6053321355872,53.4214972455881,0.816165110000889,0.108659408262278,0.568179136706888,"observable_primary_positive",TRUE
"PHENO_0102","TPL_002","null_model_burst_like_excursion","none","TPL_002_STATE_001",18,24,5.90899792930922,7.64511324303056,7,8,1.73611531372135,0.224984617183035,0.416073951397836,1.84934399785805,1.64897783999049,0.259693587594576,0.681247736913792,1.72575941511801,4,4,"both_sides","within_HFS_state_scan_window","no_burst_evidence","NULL_SCAN_BROAD_HFS","null_scan","broad_hfs","scan_both_sides",7,"none","mechanism_negative_null_excursion_audit","eligible","S0044",10,1,"development",5.90899792930922,7.64511324303056,1.73611531372135,0.224984617183035,0.416073951397836,"null_model_no_excursion",FALSE
"PHENO_0011","TPL_003","injected_rate_pulse","TPL_003_EVENT_001","TPL_003_STATE_001",16,18,3.32782595521548,3.48641015853187,3,4,0.158584203316394,0.0634148209948537,0.202229587137118,3.18899563169199,4.2227768668059,0.431216892700061,0.326069422838393,2.32567129037235,4,4,"both_sides","same_generator_run_non_event_intervals_only","clear_burst_like","INJECTED_BURST_IN_HFS_BOTH_SIDES_N03","injected_support","burst_in_hfs","both_sides",3,"none","injected_burst","eligible","S0058",1,0.1,"development",0.332782595521548,0.348641015853187,0.0158584203316394,0.00634148209948537,0.0202229587137118,"observable_primary_positive",TRUE
"PHENO_0012","TPL_003","injected_rate_pulse","TPL_003_EVENT_003","TPL_003_STATE_002",40,43,14.8469659551213,15.2199422399339,4,5,0.372976284812512,0.089341800158989,0.402931982811682,4.51000519459694,4.27304488310463,0.338605802057388,0.266327740413621,3.34181769553594,4,4,"both_sides","same_generator_run_non_event_intervals_only","clear_burst_like","INJECTED_BURST_IN_HFS_BOTH_SIDES_N04","injected_support","burst_in_hfs","both_sides",4,"none","injected_burst","eligible","S0058",1,0.1,"development",1.48469659551213,1.52199422399339,0.0372976284812512,0.0089341800158989,0.0402931982811682,"observable_primary_positive",TRUE
"PHENO_0013","TPL_003","injected_rate_pulse","TPL_003_EVENT_004","none",67,74,25.8891126778028,26.740273832582,8,9,0.851161154779238,0.107311928700897,0.355750838948493,3.31510991606585,3.22537696408497,0.156327534383927,0.329691417507909,3.66697353611861,4,0,"left_only","same_generator_run_non_event_intervals_only","clear_burst_like","INJECTED_STANDALONE_BURST_LEFT_ONLY_N08","injected_support","standalone_burst","left_only",8,"none","injected_burst","eligible","S0058",1,0.1,"development",2.58891126778028,2.6740273832582,0.0851161154779238,0.0107311928700897,0.0355750838948493,"observable_primary_positive",TRUE
"PHENO_0014","TPL_003","injected_rate_pulse","TPL_003_EVENT_005","none",76,80,27.3552488342377,28.1481677894287,5,6,0.792918955190996,0.151019729134883,0.553598192361801,3.66573424236085,3.79783622834164,0.615450137169151,0.399041450972694,3.17677923465347,0,4,"right_only","same_generator_run_non_event_intervals_only","clear_burst_like","INJECTED_STANDALONE_BURST_RIGHT_ONLY_N05","injected_support","standalone_burst","right_only",5,"none","injected_burst","eligible","S0058",1,0.1,"development",2.73552488342377,2.81481677894287,0.0792918955190996,0.0151019729134883,0.0553598192361801,"observable_primary_positive",TRUE
"PHENO_0015","TPL_003","injected_rate_pulse","TPL_003_EVENT_007","none",107,113,42.8293436692223,43.6097409219434,7,8,0.780397252721046,0.0921967113096516,0.65694960016827,7.12552097397315,5.34683663336839,0.418680682673168,0.221327934487584,5.57267466278839,4,4,"both_sides","same_generator_run_non_event_intervals_only","clear_burst_like","INJECTED_STANDALONE_BURST_BOTH_SIDES_N07","injected_support","standalone_burst","both_sides",7,"none","injected_burst","eligible","S0058",1,0.1,"development",4.28293436692223,4.36097409219434,0.0780397252721046,0.00921967113096516,0.065694960016827,"observable_primary_positive",TRUE
"PHENO_0103","TPL_003","null_model_burst_like_excursion","none","TPL_003_STATE_004",129,136,48.7488920412386,49.9283235716675,8,9,1.17943153042882,0.163331714564406,0.269890732139481,1.6524086143298,1.76546437147953,0.399843808318728,0.70529847289862,1.52265129768863,4,4,"both_sides","within_HFS_state_scan_window","no_burst_evidence","NULL_SCAN_BROAD_HFS","null_scan","broad_hfs","scan_both_sides",8,"none","mechanism_negative_null_excursion_audit","eligible","S0058",1,0.1,"development",4.87488920412386,4.99283235716675,0.117943153042882,0.0163331714564406,0.0269890732139481,"null_model_no_excursion",FALSE
"PHENO_0011","TPL_003","injected_rate_pulse","TPL_003_EVENT_001","TPL_003_STATE_001",16,18,3.32782595521548,3.48641015853187,3,4,0.158584203316394,0.0634148209948537,0.202229587137118,3.18899563169199,4.2227768668059,0.431216892700061,0.326069422838393,2.32567129037235,4,4,"both_sides","same_generator_run_non_event_intervals_only","clear_burst_like","INJECTED_BURST_IN_HFS_BOTH_SIDES_N03","injected_support","burst_in_hfs","both_sides",3,"none","injected_burst","eligible","S0049",4,0.4,"development",1.33113038208619,1.39456406341275,0.0634336813265575,0.0253659283979415,0.0808918348548473,"observable_primary_positive",TRUE
"PHENO_0012","TPL_003","injected_rate_pulse","TPL_003_EVENT_003","TPL_003_STATE_002",40,43,14.8469659551213,15.2199422399339,4,5,0.372976284812512,0.089341800158989,0.402931982811682,4.51000519459694,4.27304488310463,0.338605802057388,0.266327740413621,3.34181769553594,4,4,"both_sides","same_generator_run_non_event_intervals_only","clear_burst_like","INJECTED_BURST_IN_HFS_BOTH_SIDES_N04","injected_support","burst_in_hfs","both_sides",4,"none","injected_burst","eligible","S0049",4,0.4,"development",5.93878638204854,6.08797689597354,0.149190513925005,0.0357367200635956,0.161172793124673,"observable_primary_positive",TRUE
"PHENO_0013","TPL_003","injected_rate_pulse","TPL_003_EVENT_004","none",67,74,25.8891126778028,26.740273832582,8,9,0.851161154779238,0.107311928700897,0.355750838948493,3.31510991606585,3.22537696408497,0.156327534383927,0.329691417507909,3.66697353611861,4,0,"left_only","same_generator_run_non_event_intervals_only","clear_burst_like","INJECTED_STANDALONE_BURST_LEFT_ONLY_N08","injected_support","standalone_burst","left_only",8,"none","injected_burst","eligible","S0049",4,0.4,"development",10.3556450711211,10.6961095330328,0.340464461911695,0.0429247714803586,0.142300335579397,"observable_primary_positive",TRUE
"PHENO_0014","TPL_003","injected_rate_pulse","TPL_003_EVENT_005","none",76,80,27.3552488342377,28.1481677894287,5,6,0.792918955190996,0.151019729134883,0.553598192361801,3.66573424236085,3.79783622834164,0.615450137169151,0.399041450972694,3.17677923465347,0,4,"right_only","same_generator_run_non_event_intervals_only","clear_burst_like","INJECTED_STANDALONE_BURST_RIGHT_ONLY_N05","injected_support","standalone_burst","right_only",5,"none","injected_burst","eligible","S0049",4,0.4,"development",10.9420995336951,11.2592671157715,0.317167582076398,0.0604078916539532,0.22143927694472,"observable_primary_positive",TRUE
"PHENO_0015","TPL_003","injected_rate_pulse","TPL_003_EVENT_007","none",107,113,42.8293436692223,43.6097409219434,7,8,0.780397252721046,0.0921967113096516,0.65694960016827,7.12552097397315,5.34683663336839,0.418680682673168,0.221327934487584,5.57267466278839,4,4,"both_sides","same_generator_run_non_event_intervals_only","clear_burst_like","INJECTED_STANDALONE_BURST_BOTH_SIDES_N07","injected_support","standalone_burst","both_sides",7,"none","injected_burst","eligible","S0049",4,0.4,"development",17.1317374676889,17.4438963687773,0.312158901088418,0.0368786845238606,0.262779840067308,"observable_primary_positive",TRUE
"PHENO_0103","TPL_003","null_model_burst_like_excursion","none","TPL_003_STATE_004",129,136,48.7488920412386,49.9283235716675,8,9,1.17943153042882,0.163331714564406,0.269890732139481,1.6524086143298,1.76546437147953,0.399843808318728,0.70529847289862,1.52265129768863,4,4,"both_sides","within_HFS_state_scan_window","no_burst_evidence","NULL_SCAN_BROAD_HFS","null_scan","broad_hfs","scan_both_sides",8,"none","mechanism_negative_null_excursion_audit","eligible","S0049",4,0.4,"development",19.4995568164955,19.971329428667,0.471772612171528,0.0653326858257625,0.107956292855793,"null_model_no_excursion",FALSE
"PHENO_0011","TPL_003","injected_rate_pulse","TPL_003_EVENT_001","TPL_003_STATE_001",16,18,3.32782595521548,3.48641015853187,3,4,0.158584203316394,0.0634148209948537,0.202229587137118,3.18899563169199,4.2227768668059,0.431216892700061,0.326069422838393,2.32567129037235,4,4,"both_sides","same_generator_run_non_event_intervals_only","clear_burst_like","INJECTED_BURST_IN_HFS_BOTH_SIDES_N03","injected_support","burst_in_hfs","both_sides",3,"none","injected_burst","eligible","S0040",10,1,"development",3.32782595521548,3.48641015853187,0.158584203316394,0.0634148209948537,0.202229587137118,"observable_primary_positive",TRUE
"PHENO_0012","TPL_003","injected_rate_pulse","TPL_003_EVENT_003","TPL_003_STATE_002",40,43,14.8469659551213,15.2199422399339,4,5,0.372976284812512,0.089341800158989,0.402931982811682,4.51000519459694,4.27304488310463,0.338605802057388,0.266327740413621,3.34181769553594,4,4,"both_sides","same_generator_run_non_event_intervals_only","clear_burst_like","INJECTED_BURST_IN_HFS_BOTH_SIDES_N04","injected_support","burst_in_hfs","both_sides",4,"none","injected_burst","eligible","S0040",10,1,"development",14.8469659551213,15.2199422399339,0.372976284812512,0.089341800158989,0.402931982811682,"observable_primary_positive",TRUE
"PHENO_0013","TPL_003","injected_rate_pulse","TPL_003_EVENT_004","none",67,74,25.8891126778028,26.740273832582,8,9,0.851161154779238,0.107311928700897,0.355750838948493,3.31510991606585,3.22537696408497,0.156327534383927,0.329691417507909,3.66697353611861,4,0,"left_only","same_generator_run_non_event_intervals_only","clear_burst_like","INJECTED_STANDALONE_BURST_LEFT_ONLY_N08","injected_support","standalone_burst","left_only",8,"none","injected_burst","eligible","S0040",10,1,"development",25.8891126778028,26.740273832582,0.851161154779238,0.107311928700897,0.355750838948493,"observable_primary_positive",TRUE
"PHENO_0014","TPL_003","injected_rate_pulse","TPL_003_EVENT_005","none",76,80,27.3552488342377,28.1481677894287,5,6,0.792918955190996,0.151019729134883,0.553598192361801,3.66573424236085,3.79783622834164,0.615450137169151,0.399041450972694,3.17677923465347,0,4,"right_only","same_generator_run_non_event_intervals_only","clear_burst_like","INJECTED_STANDALONE_BURST_RIGHT_ONLY_N05","injected_support","standalone_burst","right_only",5,"none","injected_burst","eligible","S0040",10,1,"development",27.3552488342377,28.1481677894287,0.792918955190996,0.151019729134883,0.553598192361801,"observable_primary_positive",TRUE
"PHENO_0015","TPL_003","injected_rate_pulse","TPL_003_EVENT_007","none",107,113,42.8293436692223,43.6097409219434,7,8,0.780397252721046,0.0921967113096516,0.65694960016827,7.12552097397315,5.34683663336839,0.418680682673168,0.221327934487584,5.57267466278839,4,4,"both_sides","same_generator_run_non_event_intervals_only","clear_burst_like","INJECTED_STANDALONE_BURST_BOTH_SIDES_N07","injected_support","standalone_burst","both_sides",7,"none","injected_burst","eligible","S0040",10,1,"development",42.8293436692223,43.6097409219434,0.780397252721046,0.0921967113096516,0.65694960016827,"observable_primary_positive",TRUE
"PHENO_0103","TPL_003","null_model_burst_like_excursion","none","TPL_003_STATE_004",129,136,48.7488920412386,49.9283235716675,8,9,1.17943153042882,0.163331714564406,0.269890732139481,1.6524086143298,1.76546437147953,0.399843808318728,0.70529847289862,1.52265129768863,4,4,"both_sides","within_HFS_state_scan_window","no_burst_evidence","NULL_SCAN_BROAD_HFS","null_scan","broad_hfs","scan_both_sides",8,"none","mechanism_negative_null_excursion_audit","eligible","S0040",10,1,"development",48.7488920412386,49.9283235716675,1.17943153042882,0.163331714564406,0.269890732139481,"null_model_no_excursion",FALSE
"PHENO_0016","TPL_004","injected_rate_pulse","TPL_004_EVENT_001","none",26,28,10.3329083234382,10.8175352791057,3,4,0.484626955667505,0.149355037874042,0.796281111432662,5.33146469491176,5.08170936299909,0.446195748756544,0.243816888443327,3.26059761771992,4,3,"both_sides","same_generator_run_non_event_intervals_only","clear_burst_like","INJECTED_STANDALONE_BURST_BOTH_SIDES_N03","injected_support","standalone_burst","both_sides",3,"none","injected_burst","eligible","S0011",1,0.1,"development",1.03329083234382,1.08175352791057,0.0484626955667505,0.0149355037874042,0.0796281111432662,"observable_primary_positive",TRUE
"PHENO_0017","TPL_004","injected_rate_pulse","TPL_004_EVENT_002","TPL_004_STATE_002",42,48,16.9438154196507,17.7996727637816,7,8,0.855857344130916,0.111611220746667,0.373078963190651,3.34266537624796,2.98232828966027,0.830908284799111,0.371627033335048,3.38289460249632,4,4,"both_sides","same_generator_run_non_event_intervals_only","clear_burst_like","INJECTED_BURST_IN_HFS_BOTH_SIDES_N07","injected_support","burst_in_hfs","both_sides",7,"none","injected_burst","eligible","S0011",1,0.1,"development",1.69438154196507,1.77996727637816,0.0855857344130916,0.0111611220746667,0.0373078963190651,"observable_primary_positive",TRUE
"PHENO_0018","TPL_004","injected_rate_pulse","TPL_004_EVENT_003","TPL_004_STATE_003",74,81,25.8124549480423,26.4468102965579,8,9,0.634355348515618,0.0728910660413333,0.182323993330016,2.50132153680711,2.40219710552535,0.195034277205332,0.510177004474029,2.79274883044976,4,4,"both_sides","same_generator_run_non_event_intervals_only","clear_burst_like","INJECTED_BURST_IN_HFS_BOTH_SIDES_N08","injected_support","burst_in_hfs","both_sides",8,"none","injected_burst","eligible","S0011",1,0.1,"development",2.58124549480423,2.64468102965579,0.0634355348515618,0.00728910660413333,0.0182323993330016,"observable_primary_positive",TRUE
"PHENO_0019","TPL_004","injected_rate_pulse","TPL_004_EVENT_004","none",103,108,33.3657694147567,34.1567887628129,6,7,0.791019348056156,0.13198665996572,0.457602763263233,3.46703798233916,3.92500079702112,0.501981744419907,0.315173342446538,3.33709558499918,4,0,"left_only","same_generator_run_non_event_intervals_only","clear_burst_like","INJECTED_STANDALONE_BURST_LEFT_ONLY_N06","injected_support","standalone_burst","left_only",6,"none","injected_burst","eligible","S0011",1,0.1,"development",3.33657694147567,3.41567887628129,0.0791019348056156,0.013198665996572,0.0457602763263233,"observable_primary_positive",TRUE
"PHENO_0020","TPL_004","injected_rate_pulse","TPL_004_EVENT_005","none",110,117,34.6843432653093,35.5041674814939,8,9,0.819824216184537,0.0715778262818196,0.32740729641421,4.57414416477425,3.33252654894024,0.777981233236524,0.393084278109858,4.52353063719555,0,4,"right_only","same_generator_run_non_event_intervals_only","clear_burst_like","INJECTED_STANDALONE_BURST_RIGHT_ONLY_N08","injected_support","standalone_burst","right_only",8,"none","injected_burst","eligible","S0011",1,0.1,"development",3.46843432653093,3.55041674814939,0.0819824216184537,0.00715778262818196,0.032740729641421,"observable_primary_positive",TRUE
"PHENO_0104","TPL_004","null_model_burst_like_excursion","none","TPL_004_STATE_001",1,7,0,2.17082380269657,7,8,2.17082380269657,0.254701823443232,0.409588769703699,1.60811086535071,1.3501378150983,0.377668243976748,0.869236621406417,1.29417576448309,0,4,"right_only","within_HFS_state_scan_window","no_burst_evidence","NULL_SCAN_BROAD_HFS","null_scan","broad_hfs","scan_both_sides",7,"none","mechanism_negative_null_excursion_audit","eligible","S0011",1,0.1,"development",0,0.217082380269657,0.217082380269657,0.0254701823443232,0.0409588769703699,"null_model_no_excursion",FALSE
"PHENO_0016","TPL_004","injected_rate_pulse","TPL_004_EVENT_001","none",26,28,10.3329083234382,10.8175352791057,3,4,0.484626955667505,0.149355037874042,0.796281111432662,5.33146469491176,5.08170936299909,0.446195748756544,0.243816888443327,3.26059761771992,4,3,"both_sides","same_generator_run_non_event_intervals_only","clear_burst_like","INJECTED_STANDALONE_BURST_BOTH_SIDES_N03","injected_support","standalone_burst","both_sides",3,"none","injected_burst","eligible","S0014",4,0.4,"development",4.1331633293753,4.3270141116423,0.193850782267002,0.0597420151496166,0.318512444573065,"observable_primary_positive",TRUE
"PHENO_0017","TPL_004","injected_rate_pulse","TPL_004_EVENT_002","TPL_004_STATE_002",42,48,16.9438154196507,17.7996727637816,7,8,0.855857344130916,0.111611220746667,0.373078963190651,3.34266537624796,2.98232828966027,0.830908284799111,0.371627033335048,3.38289460249632,4,4,"both_sides","same_generator_run_non_event_intervals_only","clear_burst_like","INJECTED_BURST_IN_HFS_BOTH_SIDES_N07","injected_support","burst_in_hfs","both_sides",7,"none","injected_burst","eligible","S0014",4,0.4,"development",6.77752616786027,7.11986910551264,0.342342937652366,0.0446444882986668,0.149231585276261,"observable_primary_positive",TRUE
"PHENO_0018","TPL_004","injected_rate_pulse","TPL_004_EVENT_003","TPL_004_STATE_003",74,81,25.8124549480423,26.4468102965579,8,9,0.634355348515618,0.0728910660413333,0.182323993330016,2.50132153680711,2.40219710552535,0.195034277205332,0.510177004474029,2.79274883044976,4,4,"both_sides","same_generator_run_non_event_intervals_only","clear_burst_like","INJECTED_BURST_IN_HFS_BOTH_SIDES_N08","injected_support","burst_in_hfs","both_sides",8,"none","injected_burst","eligible","S0014",4,0.4,"development",10.3249819792169,10.5787241186232,0.253742139406247,0.0291564264165333,0.0729295973320066,"observable_primary_positive",TRUE
"PHENO_0019","TPL_004","injected_rate_pulse","TPL_004_EVENT_004","none",103,108,33.3657694147567,34.1567887628129,6,7,0.791019348056156,0.13198665996572,0.457602763263233,3.46703798233916,3.92500079702112,0.501981744419907,0.315173342446538,3.33709558499918,4,0,"left_only","same_generator_run_non_event_intervals_only","clear_burst_like","INJECTED_STANDALONE_BURST_LEFT_ONLY_N06","injected_support","standalone_burst","left_only",6,"none","injected_burst","eligible","S0014",4,0.4,"development",13.3463077659027,13.6627155051252,0.316407739222462,0.0527946639862878,0.183041105305293,"observable_primary_positive",TRUE
"PHENO_0020","TPL_004","injected_rate_pulse","TPL_004_EVENT_005","none",110,117,34.6843432653093,35.5041674814939,8,9,0.819824216184537,0.0715778262818196,0.32740729641421,4.57414416477425,3.33252654894024,0.777981233236524,0.393084278109858,4.52353063719555,0,4,"right_only","same_generator_run_non_event_intervals_only","clear_burst_like","INJECTED_STANDALONE_BURST_RIGHT_ONLY_N08","injected_support","standalone_burst","right_only",8,"none","injected_burst","eligible","S0014",4,0.4,"development",13.8737373061237,14.2016669925975,0.327929686473815,0.0286311305127279,0.130962918565684,"observable_primary_positive",TRUE
"PHENO_0104","TPL_004","null_model_burst_like_excursion","none","TPL_004_STATE_001",1,7,0,2.17082380269657,7,8,2.17082380269657,0.254701823443232,0.409588769703699,1.60811086535071,1.3501378150983,0.377668243976748,0.869236621406417,1.29417576448309,0,4,"right_only","within_HFS_state_scan_window","no_burst_evidence","NULL_SCAN_BROAD_HFS","null_scan","broad_hfs","scan_both_sides",7,"none","mechanism_negative_null_excursion_audit","eligible","S0014",4,0.4,"development",0,0.868329521078629,0.868329521078629,0.101880729377293,0.16383550788148,"null_model_no_excursion",FALSE
"PHENO_0016","TPL_004","injected_rate_pulse","TPL_004_EVENT_001","none",26,28,10.3329083234382,10.8175352791057,3,4,0.484626955667505,0.149355037874042,0.796281111432662,5.33146469491176,5.08170936299909,0.446195748756544,0.243816888443327,3.26059761771992,4,3,"both_sides","same_generator_run_non_event_intervals_only","clear_burst_like","INJECTED_STANDALONE_BURST_BOTH_SIDES_N03","injected_support","standalone_burst","both_sides",3,"none","injected_burst","eligible","S0055",10,1,"development",10.3329083234382,10.8175352791057,0.484626955667505,0.149355037874042,0.796281111432662,"observable_primary_positive",TRUE
"PHENO_0017","TPL_004","injected_rate_pulse","TPL_004_EVENT_002","TPL_004_STATE_002",42,48,16.9438154196507,17.7996727637816,7,8,0.855857344130916,0.111611220746667,0.373078963190651,3.34266537624796,2.98232828966027,0.830908284799111,0.371627033335048,3.38289460249632,4,4,"both_sides","same_generator_run_non_event_intervals_only","clear_burst_like","INJECTED_BURST_IN_HFS_BOTH_SIDES_N07","injected_support","burst_in_hfs","both_sides",7,"none","injected_burst","eligible","S0055",10,1,"development",16.9438154196507,17.7996727637816,0.855857344130916,0.111611220746667,0.373078963190651,"observable_primary_positive",TRUE
"PHENO_0018","TPL_004","injected_rate_pulse","TPL_004_EVENT_003","TPL_004_STATE_003",74,81,25.8124549480423,26.4468102965579,8,9,0.634355348515618,0.0728910660413333,0.182323993330016,2.50132153680711,2.40219710552535,0.195034277205332,0.510177004474029,2.79274883044976,4,4,"both_sides","same_generator_run_non_event_intervals_only","clear_burst_like","INJECTED_BURST_IN_HFS_BOTH_SIDES_N08","injected_support","burst_in_hfs","both_sides",8,"none","injected_burst","eligible","S0055",10,1,"development",25.8124549480423,26.4468102965579,0.634355348515618,0.0728910660413333,0.182323993330016,"observable_primary_positive",TRUE
"PHENO_0019","TPL_004","injected_rate_pulse","TPL_004_EVENT_004","none",103,108,33.3657694147567,34.1567887628129,6,7,0.791019348056156,0.13198665996572,0.457602763263233,3.46703798233916,3.92500079702112,0.501981744419907,0.315173342446538,3.33709558499918,4,0,"left_only","same_generator_run_non_event_intervals_only","clear_burst_like","INJECTED_STANDALONE_BURST_LEFT_ONLY_N06","injected_support","standalone_burst","left_only",6,"none","injected_burst","eligible","S0055",10,1,"development",33.3657694147567,34.1567887628129,0.791019348056156,0.13198665996572,0.457602763263233,"observable_primary_positive",TRUE
"PHENO_0020","TPL_004","injected_rate_pulse","TPL_004_EVENT_005","none",110,117,34.6843432653093,35.5041674814939,8,9,0.819824216184537,0.0715778262818196,0.32740729641421,4.57414416477425,3.33252654894024,0.777981233236524,0.393084278109858,4.52353063719555,0,4,"right_only","same_generator_run_non_event_intervals_only","clear_burst_like","INJECTED_STANDALONE_BURST_RIGHT_ONLY_N08","injected_support","standalone_burst","right_only",8,"none","injected_burst","eligible","S0055",10,1,"development",34.6843432653093,35.5041674814939,0.819824216184537,0.0715778262818196,0.32740729641421,"observable_primary_positive",TRUE
"PHENO_0104","TPL_004","null_model_burst_like_excursion","none","TPL_004_STATE_001",1,7,0,2.17082380269657,7,8,2.17082380269657,0.254701823443232,0.409588769703699,1.60811086535071,1.3501378150983,0.377668243976748,0.869236621406417,1.29417576448309,0,4,"right_only","within_HFS_state_scan_window","no_burst_evidence","NULL_SCAN_BROAD_HFS","null_scan","broad_hfs","scan_both_sides",7,"none","mechanism_negative_null_excursion_audit","eligible","S0055",10,1,"development",0,2.17082380269657,2.17082380269657,0.254701823443232,0.409588769703699,"null_model_no_excursion",FALSE
"PHENO_0021","TPL_005","injected_rate_pulse","TPL_005_EVENT_001","TPL_005_STATE_001",15,18,5.57410156265868,5.99483747802317,4,5,0.420735915364497,0.106749419786795,0.387792160077755,3.63273318817348,3.22788494871289,0.265610265955564,0.308568325237267,2.84636636914539,4,4,"both_sides","same_generator_run_non_event_intervals_only","clear_burst_like","INJECTED_BURST_IN_HFS_BOTH_SIDES_N04","injected_support","burst_in_hfs","both_sides",4,"none","injected_burst","eligible","S0028",1,0.1,"development",0.557410156265868,0.599483747802317,0.0420735915364497,0.0106749419786795,0.0387792160077755,"observable_primary_positive",TRUE
"PHENO_0022","TPL_005","injected_rate_pulse","TPL_005_EVENT_003","TPL_005_STATE_003",65,67,29.7588044585466,29.9977675671335,3,4,0.238963108586881,0.0812559067769221,0.432993414294209,5.32876231980204,5.54627673198965,0.217224476783134,0.204803008808025,3.30448638012202,4,4,"both_sides","same_generator_run_non_event_intervals_only","clear_burst_like","INJECTED_BURST_IN_HFS_BOTH_SIDES_N03","injected_support","burst_in_hfs","both_sides",3,"none","injected_burst","eligible","S0028",1,0.1,"development",2.97588044585466,2.99977675671335,0.0238963108586881,0.00812559067769221,0.0432993414294209,"observable_primary_positive",TRUE
"PHENO_0023","TPL_005","injected_rate_pulse","TPL_005_EVENT_005","none",109,115,51.5807184288191,52.0506061578819,7,8,0.469887729062821,0.0643579341655487,0.334033738033126,5.19024953743679,5.59607138536393,0.275781791105976,0.220157240661789,4.75991306828209,4,4,"both_sides","same_generator_run_non_event_intervals_only","clear_burst_like","INJECTED_STANDALONE_BURST_BOTH_SIDES_N07","injected_support","standalone_burst","both_sides",7,"none","injected_burst","eligible","S0028",1,0.1,"development",5.15807184288191,5.20506061578819,0.0469887729062821,0.00643579341655487,0.0334033738033126,"observable_primary_positive",TRUE
"PHENO_0024","TPL_005","injected_rate_pulse","TPL_005_EVENT_006","none",147,150,60.9074744425964,61.483233324128,4,5,0.575758881531567,0.149235105453133,0.527443457504589,3.53431222434612,4.19992053112459,0.367469370599279,0.332101116419815,2.84705690134024,4,0,"left_only","same_generator_run_non_event_intervals_only","clear_burst_like","INJECTED_STANDALONE_BURST_LEFT_ONLY_N04","injected_support","standalone_burst","left_only",4,"none","injected_burst","eligible","S0028",1,0.1,"development",6.09074744425964,6.1483233324128,0.0575758881531567,0.0149235105453133,0.0527443457504589,"observable_primary_positive",TRUE
"PHENO_0025","TPL_005","injected_rate_pulse","TPL_005_EVENT_007","none",152,155,62.0178884262343,62.6038763268003,4,5,0.585987900565934,0.15149510571297,0.506228359974866,3.34154927046944,6.7551393700126,0.286706540422397,0.353931202312976,2.86177435254079,0,3,"right_only","same_generator_run_non_event_intervals_only","clear_burst_like","INJECTED_STANDALONE_BURST_RIGHT_ONLY_N04","injected_support","standalone_burst","right_only",4,"none","injected_burst","eligible","S0028",1,0.1,"development",6.20178884262343,6.26038763268003,0.0585987900565934,0.015149510571297,0.0506228359974866,"observable_primary_positive",TRUE
"PHENO_0105","TPL_005","null_model_burst_like_excursion","none","TPL_005_STATE_005",121,128,53.7825062070877,54.6296219212601,8,9,0.847115714172396,0.0931369107628582,0.391638860608116,4.20498014589826,3.32850169219042,0.773854339065746,0.328713065220894,4.28562894672446,0,4,"right_only","within_HFS_state_scan_window","clear_burst_like","NULL_SCAN_BROAD_HFS","null_scan","broad_hfs","scan_both_sides",8,"none","mechanism_negative_null_excursion_audit","eligible","S0028",1,0.1,"development",5.37825062070877,5.46296219212601,0.0847115714172396,0.00931369107628582,0.0391638860608116,"null_model_clear_excursion_secondary_audit",FALSE
"PHENO_0021","TPL_005","injected_rate_pulse","TPL_005_EVENT_001","TPL_005_STATE_001",15,18,5.57410156265868,5.99483747802317,4,5,0.420735915364497,0.106749419786795,0.387792160077755,3.63273318817348,3.22788494871289,0.265610265955564,0.308568325237267,2.84636636914539,4,4,"both_sides","same_generator_run_non_event_intervals_only","clear_burst_like","INJECTED_BURST_IN_HFS_BOTH_SIDES_N04","injected_support","burst_in_hfs","both_sides",4,"none","injected_burst","eligible","S0052",4,0.4,"development",2.22964062506347,2.39793499120927,0.168294366145799,0.0426997679147181,0.155116864031102,"observable_primary_positive",TRUE
"PHENO_0022","TPL_005","injected_rate_pulse","TPL_005_EVENT_003","TPL_005_STATE_003",65,67,29.7588044585466,29.9977675671335,3,4,0.238963108586881,0.0812559067769221,0.432993414294209,5.32876231980204,5.54627673198965,0.217224476783134,0.204803008808025,3.30448638012202,4,4,"both_sides","same_generator_run_non_event_intervals_only","clear_burst_like","INJECTED_BURST_IN_HFS_BOTH_SIDES_N03","injected_support","burst_in_hfs","both_sides",3,"none","injected_burst","eligible","S0052",4,0.4,"development",11.9035217834186,11.9991070268534,0.0955852434347525,0.0325023627107688,0.173197365717684,"observable_primary_positive",TRUE
"PHENO_0023","TPL_005","injected_rate_pulse","TPL_005_EVENT_005","none",109,115,51.5807184288191,52.0506061578819,7,8,0.469887729062821,0.0643579341655487,0.334033738033126,5.19024953743679,5.59607138536393,0.275781791105976,0.220157240661789,4.75991306828209,4,4,"both_sides","same_generator_run_non_event_intervals_only","clear_burst_like","INJECTED_STANDALONE_BURST_BOTH_SIDES_N07","injected_support","standalone_burst","both_sides",7,"none","injected_burst","eligible","S0052",4,0.4,"development",20.6322873715276,20.8202424631528,0.187955091625128,0.0257431736662195,0.133613495213251,"observable_primary_positive",TRUE
"PHENO_0024","TPL_005","injected_rate_pulse","TPL_005_EVENT_006","none",147,150,60.9074744425964,61.483233324128,4,5,0.575758881531567,0.149235105453133,0.527443457504589,3.53431222434612,4.19992053112459,0.367469370599279,0.332101116419815,2.84705690134024,4,0,"left_only","same_generator_run_non_event_intervals_only","clear_burst_like","INJECTED_STANDALONE_BURST_LEFT_ONLY_N04","injected_support","standalone_burst","left_only",4,"none","injected_burst","eligible","S0052",4,0.4,"development",24.3629897770386,24.5932933296512,0.230303552612627,0.0596940421812531,0.210977383001836,"observable_primary_positive",TRUE
"PHENO_0025","TPL_005","injected_rate_pulse","TPL_005_EVENT_007","none",152,155,62.0178884262343,62.6038763268003,4,5,0.585987900565934,0.15149510571297,0.506228359974866,3.34154927046944,6.7551393700126,0.286706540422397,0.353931202312976,2.86177435254079,0,3,"right_only","same_generator_run_non_event_intervals_only","clear_burst_like","INJECTED_STANDALONE_BURST_RIGHT_ONLY_N04","injected_support","standalone_burst","right_only",4,"none","injected_burst","eligible","S0052",4,0.4,"development",24.8071553704937,25.0415505307201,0.234395160226374,0.0605980422851881,0.202491343989946,"observable_primary_positive",TRUE
"PHENO_0105","TPL_005","null_model_burst_like_excursion","none","TPL_005_STATE_005",121,128,53.7825062070877,54.6296219212601,8,9,0.847115714172396,0.0931369107628582,0.391638860608116,4.20498014589826,3.32850169219042,0.773854339065746,0.328713065220894,4.28562894672446,0,4,"right_only","within_HFS_state_scan_window","clear_burst_like","NULL_SCAN_BROAD_HFS","null_scan","broad_hfs","scan_both_sides",8,"none","mechanism_negative_null_excursion_audit","eligible","S0052",4,0.4,"development",21.5130024828351,21.851848768504,0.338846285668958,0.0372547643051433,0.156655544243247,"null_model_clear_excursion_secondary_audit",FALSE
"PHENO_0021","TPL_005","injected_rate_pulse","TPL_005_EVENT_001","TPL_005_STATE_001",15,18,5.57410156265868,5.99483747802317,4,5,0.420735915364497,0.106749419786795,0.387792160077755,3.63273318817348,3.22788494871289,0.265610265955564,0.308568325237267,2.84636636914539,4,4,"both_sides","same_generator_run_non_event_intervals_only","clear_burst_like","INJECTED_BURST_IN_HFS_BOTH_SIDES_N04","injected_support","burst_in_hfs","both_sides",4,"none","injected_burst","eligible","S0009",10,1,"development",5.57410156265868,5.99483747802317,0.420735915364497,0.106749419786795,0.387792160077755,"observable_primary_positive",TRUE
"PHENO_0022","TPL_005","injected_rate_pulse","TPL_005_EVENT_003","TPL_005_STATE_003",65,67,29.7588044585466,29.9977675671335,3,4,0.238963108586881,0.0812559067769221,0.432993414294209,5.32876231980204,5.54627673198965,0.217224476783134,0.204803008808025,3.30448638012202,4,4,"both_sides","same_generator_run_non_event_intervals_only","clear_burst_like","INJECTED_BURST_IN_HFS_BOTH_SIDES_N03","injected_support","burst_in_hfs","both_sides",3,"none","injected_burst","eligible","S0009",10,1,"development",29.7588044585466,29.9977675671335,0.238963108586881,0.0812559067769221,0.432993414294209,"observable_primary_positive",TRUE
"PHENO_0023","TPL_005","injected_rate_pulse","TPL_005_EVENT_005","none",109,115,51.5807184288191,52.0506061578819,7,8,0.469887729062821,0.0643579341655487,0.334033738033126,5.19024953743679,5.59607138536393,0.275781791105976,0.220157240661789,4.75991306828209,4,4,"both_sides","same_generator_run_non_event_intervals_only","clear_burst_like","INJECTED_STANDALONE_BURST_BOTH_SIDES_N07","injected_support","standalone_burst","both_sides",7,"none","injected_burst","eligible","S0009",10,1,"development",51.5807184288191,52.0506061578819,0.469887729062821,0.0643579341655487,0.334033738033126,"observable_primary_positive",TRUE
"PHENO_0024","TPL_005","injected_rate_pulse","TPL_005_EVENT_006","none",147,150,60.9074744425964,61.483233324128,4,5,0.575758881531567,0.149235105453133,0.527443457504589,3.53431222434612,4.19992053112459,0.367469370599279,0.332101116419815,2.84705690134024,4,0,"left_only","same_generator_run_non_event_intervals_only","clear_burst_like","INJECTED_STANDALONE_BURST_LEFT_ONLY_N04","injected_support","standalone_burst","left_only",4,"none","injected_burst","eligible","S0009",10,1,"development",60.9074744425964,61.483233324128,0.575758881531567,0.149235105453133,0.527443457504589,"observable_primary_positive",TRUE
"PHENO_0025","TPL_005","injected_rate_pulse","TPL_005_EVENT_007","none",152,155,62.0178884262343,62.6038763268003,4,5,0.585987900565934,0.15149510571297,0.506228359974866,3.34154927046944,6.7551393700126,0.286706540422397,0.353931202312976,2.86177435254079,0,3,"right_only","same_generator_run_non_event_intervals_only","clear_burst_like","INJECTED_STANDALONE_BURST_RIGHT_ONLY_N04","injected_support","standalone_burst","right_only",4,"none","injected_burst","eligible","S0009",10,1,"development",62.0178884262343,62.6038763268003,0.585987900565934,0.15149510571297,0.506228359974866,"observable_primary_positive",TRUE
"PHENO_0105","TPL_005","null_model_burst_like_excursion","none","TPL_005_STATE_005",121,128,53.7825062070877,54.6296219212601,8,9,0.847115714172396,0.0931369107628582,0.391638860608116,4.20498014589826,3.32850169219042,0.773854339065746,0.328713065220894,4.28562894672446,0,4,"right_only","within_HFS_state_scan_window","clear_burst_like","NULL_SCAN_BROAD_HFS","null_scan","broad_hfs","scan_both_sides",8,"none","mechanism_negative_null_excursion_audit","eligible","S0009",10,1,"development",53.7825062070877,54.6296219212601,0.847115714172396,0.0931369107628582,0.391638860608116,"null_model_clear_excursion_secondary_audit",FALSE
"PHENO_0026","TPL_006","injected_rate_pulse","TPL_006_EVENT_003","none",74,76,40.3176854797519,40.728263203376,3,4,0.410577723624145,0.123583976640739,0.601203156850167,4.86473386916395,4.09516504242698,0.325747754166267,0.257944879060438,3.06000216077464,4,4,"both_sides","same_generator_run_non_event_intervals_only","clear_burst_like","INJECTED_STANDALONE_BURST_BOTH_SIDES_N03","injected_support","standalone_burst","both_sides",3,"none","injected_burst","eligible","S0045",1,0.1,"holdout",4.03176854797519,4.0728263203376,0.0410577723624145,0.0123583976640739,0.0601203156850167,"observable_primary_positive",TRUE
"PHENO_0027","TPL_006","injected_rate_pulse","TPL_006_EVENT_004","none",90,94,47.1373803481184,47.7751620021166,5,6,0.637781653998274,0.118029312743615,0.465228950475662,3.94163906966263,3.81907611074034,0.41486279925455,0.26428863606103,3.36049918889478,4,0,"left_only","same_generator_run_non_event_intervals_only","clear_burst_like","INJECTED_STANDALONE_BURST_LEFT_ONLY_N05","injected_support","standalone_burst","left_only",5,"none","injected_burst","eligible","S0045",1,0.1,"holdout",4.71373803481184,4.77751620021166,0.0637781653998274,0.0118029312743615,0.0465228950475662,"observable_primary_positive",TRUE
"PHENO_0028","TPL_006","injected_rate_pulse","TPL_006_EVENT_005","none",96,103,48.2836406859553,49.0945391372763,8,9,0.810898451321091,0.0824555207756177,0.532003676428793,6.45200796046768,4.98863849342787,0.664113501918461,0.193304371405266,5.60867459629407,0,4,"right_only","same_generator_run_non_event_intervals_only","clear_burst_like","INJECTED_STANDALONE_BURST_RIGHT_ONLY_N08","injected_support","standalone_burst","right_only",8,"none","injected_burst","eligible","S0045",1,0.1,"holdout",4.82836406859553,4.90945391372763,0.0810898451321091,0.00824555207756177,0.0532003676428793,"observable_primary_positive",TRUE
"PHENO_0029","TPL_006","injected_rate_pulse","TPL_006_EVENT_006","TPL_006_STATE_004",118,125,53.8839268701596,54.5948576776636,8,9,0.710930807504053,0.0758141542204123,0.255615763875848,3.37161004438174,3.5308051829435,0.600786084473142,0.417304267427684,3.69294601835927,4,4,"both_sides","same_generator_run_non_event_intervals_only","clear_burst_like","INJECTED_BURST_IN_HFS_BOTH_SIDES_N08","injected_support","burst_in_hfs","both_sides",8,"none","injected_burst","eligible","S0045",1,0.1,"holdout",5.38839268701596,5.45948576776636,0.0710930807504053,0.00758141542204123,0.0255615763875848,"observable_primary_positive",TRUE
"PHENO_0030","TPL_006","injected_rate_pulse","TPL_006_EVENT_008","TPL_006_STATE_005",156,160,66.7372628779402,67.3206071714209,5,6,0.583344293480654,0.102059216300406,0.393761375606842,3.85816577748184,3.10656486045043,0.248505838500541,0.318652704218975,3.27764964232117,4,4,"both_sides","same_generator_run_non_event_intervals_only","clear_burst_like","INJECTED_BURST_IN_HFS_BOTH_SIDES_N05","injected_support","burst_in_hfs","both_sides",5,"none","injected_burst","eligible","S0045",1,0.1,"holdout",6.67372628779402,6.73206071714209,0.0583344293480654,0.0102059216300406,0.0393761375606842,"observable_primary_positive",TRUE
"PHENO_0106","TPL_006","null_model_burst_like_excursion","none","TPL_006_STATE_003",60,68,35.9301912634589,37.6953682646372,9,10,1.76517700117828,0.149232609660777,0.25046766967487,1.67837090193767,1.377666080852,0.676220904457818,0.786226665803613,1.56594648013354,4,1,"both_sides","within_HFS_state_scan_window","no_burst_evidence","NULL_SCAN_BROAD_HFS","null_scan","broad_hfs","scan_both_sides",9,"none","mechanism_negative_null_excursion_audit","eligible","S0045",1,0.1,"holdout",3.59301912634589,3.76953682646372,0.176517700117828,0.0149232609660777,0.025046766967487,"null_model_no_excursion",FALSE
"PHENO_0026","TPL_006","injected_rate_pulse","TPL_006_EVENT_003","none",74,76,40.3176854797519,40.728263203376,3,4,0.410577723624145,0.123583976640739,0.601203156850167,4.86473386916395,4.09516504242698,0.325747754166267,0.257944879060438,3.06000216077464,4,4,"both_sides","same_generator_run_non_event_intervals_only","clear_burst_like","INJECTED_STANDALONE_BURST_BOTH_SIDES_N03","injected_support","standalone_burst","both_sides",3,"none","injected_burst","eligible","S0035",4,0.4,"holdout",16.1270741919007,16.2913052813504,0.164231089449658,0.0494335906562954,0.240481262740067,"observable_primary_positive",TRUE
"PHENO_0027","TPL_006","injected_rate_pulse","TPL_006_EVENT_004","none",90,94,47.1373803481184,47.7751620021166,5,6,0.637781653998274,0.118029312743615,0.465228950475662,3.94163906966263,3.81907611074034,0.41486279925455,0.26428863606103,3.36049918889478,4,0,"left_only","same_generator_run_non_event_intervals_only","clear_burst_like","INJECTED_STANDALONE_BURST_LEFT_ONLY_N05","injected_support","standalone_burst","left_only",5,"none","injected_burst","eligible","S0035",4,0.4,"holdout",18.8549521392473,19.1100648008467,0.25511266159931,0.047211725097446,0.186091580190265,"observable_primary_positive",TRUE
"PHENO_0028","TPL_006","injected_rate_pulse","TPL_006_EVENT_005","none",96,103,48.2836406859553,49.0945391372763,8,9,0.810898451321091,0.0824555207756177,0.532003676428793,6.45200796046768,4.98863849342787,0.664113501918461,0.193304371405266,5.60867459629407,0,4,"right_only","same_generator_run_non_event_intervals_only","clear_burst_like","INJECTED_STANDALONE_BURST_RIGHT_ONLY_N08","injected_support","standalone_burst","right_only",8,"none","injected_burst","eligible","S0035",4,0.4,"holdout",19.3134562743821,19.6378156549105,0.324359380528436,0.0329822083102471,0.212801470571517,"observable_primary_positive",TRUE
"PHENO_0029","TPL_006","injected_rate_pulse","TPL_006_EVENT_006","TPL_006_STATE_004",118,125,53.8839268701596,54.5948576776636,8,9,0.710930807504053,0.0758141542204123,0.255615763875848,3.37161004438174,3.5308051829435,0.600786084473142,0.417304267427684,3.69294601835927,4,4,"both_sides","same_generator_run_non_event_intervals_only","clear_burst_like","INJECTED_BURST_IN_HFS_BOTH_SIDES_N08","injected_support","burst_in_hfs","both_sides",8,"none","injected_burst","eligible","S0035",4,0.4,"holdout",21.5535707480638,21.8379430710654,0.284372323001621,0.0303256616881649,0.102246305550339,"observable_primary_positive",TRUE
"PHENO_0030","TPL_006","injected_rate_pulse","TPL_006_EVENT_008","TPL_006_STATE_005",156,160,66.7372628779402,67.3206071714209,5,6,0.583344293480654,0.102059216300406,0.393761375606842,3.85816577748184,3.10656486045043,0.248505838500541,0.318652704218975,3.27764964232117,4,4,"both_sides","same_generator_run_non_event_intervals_only","clear_burst_like","INJECTED_BURST_IN_HFS_BOTH_SIDES_N05","injected_support","burst_in_hfs","both_sides",5,"none","injected_burst","eligible","S0035",4,0.4,"holdout",26.6949051511761,26.9282428685684,0.233337717392262,0.0408236865201623,0.157504550242737,"observable_primary_positive",TRUE
"PHENO_0106","TPL_006","null_model_burst_like_excursion","none","TPL_006_STATE_003",60,68,35.9301912634589,37.6953682646372,9,10,1.76517700117828,0.149232609660777,0.25046766967487,1.67837090193767,1.377666080852,0.676220904457818,0.786226665803613,1.56594648013354,4,1,"both_sides","within_HFS_state_scan_window","no_burst_evidence","NULL_SCAN_BROAD_HFS","null_scan","broad_hfs","scan_both_sides",9,"none","mechanism_negative_null_excursion_audit","eligible","S0035",4,0.4,"holdout",14.3720765053836,15.0781473058549,0.706070800471314,0.0596930438643108,0.100187067869948,"null_model_no_excursion",FALSE
"PHENO_0026","TPL_006","injected_rate_pulse","TPL_006_EVENT_003","none",74,76,40.3176854797519,40.728263203376,3,4,0.410577723624145,0.123583976640739,0.601203156850167,4.86473386916395,4.09516504242698,0.325747754166267,0.257944879060438,3.06000216077464,4,4,"both_sides","same_generator_run_non_event_intervals_only","clear_burst_like","INJECTED_STANDALONE_BURST_BOTH_SIDES_N03","injected_support","standalone_burst","both_sides",3,"none","injected_burst","eligible","S0004",10,1,"holdout",40.3176854797519,40.728263203376,0.410577723624145,0.123583976640739,0.601203156850167,"observable_primary_positive",TRUE
"PHENO_0027","TPL_006","injected_rate_pulse","TPL_006_EVENT_004","none",90,94,47.1373803481184,47.7751620021166,5,6,0.637781653998274,0.118029312743615,0.465228950475662,3.94163906966263,3.81907611074034,0.41486279925455,0.26428863606103,3.36049918889478,4,0,"left_only","same_generator_run_non_event_intervals_only","clear_burst_like","INJECTED_STANDALONE_BURST_LEFT_ONLY_N05","injected_support","standalone_burst","left_only",5,"none","injected_burst","eligible","S0004",10,1,"holdout",47.1373803481184,47.7751620021166,0.637781653998274,0.118029312743615,0.465228950475662,"observable_primary_positive",TRUE
"PHENO_0028","TPL_006","injected_rate_pulse","TPL_006_EVENT_005","none",96,103,48.2836406859553,49.0945391372763,8,9,0.810898451321091,0.0824555207756177,0.532003676428793,6.45200796046768,4.98863849342787,0.664113501918461,0.193304371405266,5.60867459629407,0,4,"right_only","same_generator_run_non_event_intervals_only","clear_burst_like","INJECTED_STANDALONE_BURST_RIGHT_ONLY_N08","injected_support","standalone_burst","right_only",8,"none","injected_burst","eligible","S0004",10,1,"holdout",48.2836406859553,49.0945391372763,0.810898451321091,0.0824555207756177,0.532003676428793,"observable_primary_positive",TRUE
"PHENO_0029","TPL_006","injected_rate_pulse","TPL_006_EVENT_006","TPL_006_STATE_004",118,125,53.8839268701596,54.5948576776636,8,9,0.710930807504053,0.0758141542204123,0.255615763875848,3.37161004438174,3.5308051829435,0.600786084473142,0.417304267427684,3.69294601835927,4,4,"both_sides","same_generator_run_non_event_intervals_only","clear_burst_like","INJECTED_BURST_IN_HFS_BOTH_SIDES_N08","injected_support","burst_in_hfs","both_sides",8,"none","injected_burst","eligible","S0004",10,1,"holdout",53.8839268701596,54.5948576776636,0.710930807504053,0.0758141542204123,0.255615763875848,"observable_primary_positive",TRUE
"PHENO_0030","TPL_006","injected_rate_pulse","TPL_006_EVENT_008","TPL_006_STATE_005",156,160,66.7372628779402,67.3206071714209,5,6,0.583344293480654,0.102059216300406,0.393761375606842,3.85816577748184,3.10656486045043,0.248505838500541,0.318652704218975,3.27764964232117,4,4,"both_sides","same_generator_run_non_event_intervals_only","clear_burst_like","INJECTED_BURST_IN_HFS_BOTH_SIDES_N05","injected_support","burst_in_hfs","both_sides",5,"none","injected_burst","eligible","S0004",10,1,"holdout",66.7372628779402,67.3206071714209,0.583344293480654,0.102059216300406,0.393761375606842,"observable_primary_positive",TRUE
"PHENO_0106","TPL_006","null_model_burst_like_excursion","none","TPL_006_STATE_003",60,68,35.9301912634589,37.6953682646372,9,10,1.76517700117828,0.149232609660777,0.25046766967487,1.67837090193767,1.377666080852,0.676220904457818,0.786226665803613,1.56594648013354,4,1,"both_sides","within_HFS_state_scan_window","no_burst_evidence","NULL_SCAN_BROAD_HFS","null_scan","broad_hfs","scan_both_sides",9,"none","mechanism_negative_null_excursion_audit","eligible","S0004",10,1,"holdout",35.9301912634589,37.6953682646372,1.76517700117828,0.149232609660777,0.25046766967487,"null_model_no_excursion",FALSE
"PHENO_0031","TPL_007","injected_rate_pulse","TPL_007_EVENT_001","TPL_007_STATE_002",18,21,7.66968980117927,8.45922576015319,4,5,0.789535958973919,0.196799265420034,0.446118593643816,2.26687123395331,2.40319366136298,0.587329404901776,0.603571333110872,1.79726783519069,4,4,"both_sides","same_generator_run_non_event_intervals_only","ambiguous_burst_like","INJECTED_BURST_IN_HFS_BOTH_SIDES_N04","injected_support","burst_in_hfs","both_sides",4,"score_between_pre_frozen_gamma_null_guard_bands","injected_burst","exclude_primary_include_sensitivity","S0059",1,0.1,"holdout",0.766968980117927,0.845922576015319,0.0789535958973919,0.0196799265420034,0.0446118593643816,"ambiguous_sensitivity_only",FALSE
"PHENO_0032","TPL_007","injected_rate_pulse","TPL_007_EVENT_002","none",40,45,18.1224293106373,18.8504535566849,6,7,0.728024246047623,0.106914508863088,0.574982889809875,5.37796877078849,4.44564878862002,0.400815661370728,0.286599723162131,4.45370281695187,4,4,"both_sides","same_generator_run_non_event_intervals_only","clear_burst_like","INJECTED_STANDALONE_BURST_BOTH_SIDES_N06","injected_support","standalone_burst","both_sides",6,"none","injected_burst","eligible","S0059",1,0.1,"holdout",1.81224293106373,1.88504535566849,0.0728024246047623,0.0106914508863088,0.0574982889809875,"observable_primary_positive",TRUE
"PHENO_0033","TPL_007","injected_rate_pulse","TPL_007_EVENT_005","none",101,104,50.0885869353105,50.8328477990042,4,5,0.744260863693708,0.183679979358085,0.440546211088479,2.39844436300612,2.4307806357948,0.451511581232943,0.50361848845286,1.92654264586659,4,0,"left_only","same_generator_run_non_event_intervals_only","clear_burst_like","INJECTED_STANDALONE_BURST_LEFT_ONLY_N04","injected_support","standalone_burst","left_only",4,"none","injected_burst","eligible","S0059",1,0.1,"holdout",5.00885869353105,5.08328477990042,0.0744260863693708,0.0183679979358085,0.0440546211088479,"observable_primary_positive",TRUE
"PHENO_0034","TPL_007","injected_rate_pulse","TPL_007_EVENT_006","none",106,110,51.4776319926439,52.1103044196911,5,6,0.63267242704712,0.114134050124766,0.251941779512783,2.20741995256781,2.53803715273672,0.513859981053728,0.570056185184489,1.95203491894008,0,4,"right_only","same_generator_run_non_event_intervals_only","ambiguous_burst_like","INJECTED_STANDALONE_BURST_RIGHT_ONLY_N05","injected_support","standalone_burst","right_only",5,"score_between_pre_frozen_gamma_null_guard_bands","injected_burst","exclude_primary_include_sensitivity","S0059",1,0.1,"holdout",5.14776319926439,5.21103044196911,0.063267242704712,0.0114134050124766,0.0251941779512783,"ambiguous_sensitivity_only",FALSE
"PHENO_0035","TPL_007","injected_rate_pulse","TPL_007_EVENT_007","TPL_007_STATE_005",134,138,60.2545691456225,60.7239889355755,5,6,0.469419789953039,0.0708341861126218,0.240809486246488,3.39962240638462,2.90288232101092,0.429723882006856,0.509560968678619,2.95965035822859,4,4,"both_sides","same_generator_run_non_event_intervals_only","clear_burst_like","INJECTED_BURST_IN_HFS_BOTH_SIDES_N05","injected_support","burst_in_hfs","both_sides",5,"none","injected_burst","eligible","S0059",1,0.1,"holdout",6.02545691456225,6.07239889355755,0.0469419789953039,0.00708341861126218,0.0240809486246488,"observable_primary_positive",TRUE
"PHENO_0107","TPL_007","null_model_burst_like_excursion","none","TPL_007_STATE_003",54,57,21.9343852723103,22.7936361826261,4,5,0.859250910315803,0.183987023603151,0.297025360589368,1.61438211658902,1.37733426897744,0.47341381605918,0.870670872706275,0.990600690112067,3,4,"both_sides","within_HFS_state_scan_window","no_burst_evidence","NULL_SCAN_BROAD_HFS","null_scan","broad_hfs","scan_both_sides",4,"none","mechanism_negative_null_excursion_audit","eligible","S0059",1,0.1,"holdout",2.19343852723103,2.27936361826261,0.0859250910315804,0.0183987023603151,0.0297025360589368,"null_model_no_excursion",FALSE
"PHENO_0031","TPL_007","injected_rate_pulse","TPL_007_EVENT_001","TPL_007_STATE_002",18,21,7.66968980117927,8.45922576015319,4,5,0.789535958973919,0.196799265420034,0.446118593643816,2.26687123395331,2.40319366136298,0.587329404901776,0.603571333110872,1.79726783519069,4,4,"both_sides","same_generator_run_non_event_intervals_only","ambiguous_burst_like","INJECTED_BURST_IN_HFS_BOTH_SIDES_N04","injected_support","burst_in_hfs","both_sides",4,"score_between_pre_frozen_gamma_null_guard_bands","injected_burst","exclude_primary_include_sensitivity","S0041",4,0.4,"holdout",3.06787592047171,3.38369030406128,0.315814383589568,0.0787197061680136,0.178447437457527,"ambiguous_sensitivity_only",FALSE
"PHENO_0032","TPL_007","injected_rate_pulse","TPL_007_EVENT_002","none",40,45,18.1224293106373,18.8504535566849,6,7,0.728024246047623,0.106914508863088,0.574982889809875,5.37796877078849,4.44564878862002,0.400815661370728,0.286599723162131,4.45370281695187,4,4,"both_sides","same_generator_run_non_event_intervals_only","clear_burst_like","INJECTED_STANDALONE_BURST_BOTH_SIDES_N06","injected_support","standalone_burst","both_sides",6,"none","injected_burst","eligible","S0041",4,0.4,"holdout",7.24897172425491,7.54018142267396,0.291209698419049,0.0427658035452351,0.22999315592395,"observable_primary_positive",TRUE
"PHENO_0033","TPL_007","injected_rate_pulse","TPL_007_EVENT_005","none",101,104,50.0885869353105,50.8328477990042,4,5,0.744260863693708,0.183679979358085,0.440546211088479,2.39844436300612,2.4307806357948,0.451511581232943,0.50361848845286,1.92654264586659,4,0,"left_only","same_generator_run_non_event_intervals_only","clear_burst_like","INJECTED_STANDALONE_BURST_LEFT_ONLY_N04","injected_support","standalone_burst","left_only",4,"none","injected_burst","eligible","S0041",4,0.4,"holdout",20.0354347741242,20.3331391196017,0.297704345477483,0.073471991743234,0.176218484435392,"observable_primary_positive",TRUE
"PHENO_0034","TPL_007","injected_rate_pulse","TPL_007_EVENT_006","none",106,110,51.4776319926439,52.1103044196911,5,6,0.63267242704712,0.114134050124766,0.251941779512783,2.20741995256781,2.53803715273672,0.513859981053728,0.570056185184489,1.95203491894008,0,4,"right_only","same_generator_run_non_event_intervals_only","ambiguous_burst_like","INJECTED_STANDALONE_BURST_RIGHT_ONLY_N05","injected_support","standalone_burst","right_only",5,"score_between_pre_frozen_gamma_null_guard_bands","injected_burst","exclude_primary_include_sensitivity","S0041",4,0.4,"holdout",20.5910527970576,20.8441217678764,0.253068970818848,0.0456536200499064,0.100776711805113,"ambiguous_sensitivity_only",FALSE
"PHENO_0035","TPL_007","injected_rate_pulse","TPL_007_EVENT_007","TPL_007_STATE_005",134,138,60.2545691456225,60.7239889355755,5,6,0.469419789953039,0.0708341861126218,0.240809486246488,3.39962240638462,2.90288232101092,0.429723882006856,0.509560968678619,2.95965035822859,4,4,"both_sides","same_generator_run_non_event_intervals_only","clear_burst_like","INJECTED_BURST_IN_HFS_BOTH_SIDES_N05","injected_support","burst_in_hfs","both_sides",5,"none","injected_burst","eligible","S0041",4,0.4,"holdout",24.101827658249,24.2895955742302,0.187767915981216,0.0283336744450487,0.0963237944985951,"observable_primary_positive",TRUE
"PHENO_0107","TPL_007","null_model_burst_like_excursion","none","TPL_007_STATE_003",54,57,21.9343852723103,22.7936361826261,4,5,0.859250910315803,0.183987023603151,0.297025360589368,1.61438211658902,1.37733426897744,0.47341381605918,0.870670872706275,0.990600690112067,3,4,"both_sides","within_HFS_state_scan_window","no_burst_evidence","NULL_SCAN_BROAD_HFS","null_scan","broad_hfs","scan_both_sides",4,"none","mechanism_negative_null_excursion_audit","eligible","S0041",4,0.4,"holdout",8.77375410892411,9.11745447305043,0.343700364126321,0.0735948094412602,0.118810144235747,"null_model_no_excursion",FALSE
"PHENO_0031","TPL_007","injected_rate_pulse","TPL_007_EVENT_001","TPL_007_STATE_002",18,21,7.66968980117927,8.45922576015319,4,5,0.789535958973919,0.196799265420034,0.446118593643816,2.26687123395331,2.40319366136298,0.587329404901776,0.603571333110872,1.79726783519069,4,4,"both_sides","same_generator_run_non_event_intervals_only","ambiguous_burst_like","INJECTED_BURST_IN_HFS_BOTH_SIDES_N04","injected_support","burst_in_hfs","both_sides",4,"score_between_pre_frozen_gamma_null_guard_bands","injected_burst","exclude_primary_include_sensitivity","S0043",10,1,"holdout",7.66968980117927,8.45922576015319,0.789535958973919,0.196799265420034,0.446118593643816,"ambiguous_sensitivity_only",FALSE
"PHENO_0032","TPL_007","injected_rate_pulse","TPL_007_EVENT_002","none",40,45,18.1224293106373,18.8504535566849,6,7,0.728024246047623,0.106914508863088,0.574982889809875,5.37796877078849,4.44564878862002,0.400815661370728,0.286599723162131,4.45370281695187,4,4,"both_sides","same_generator_run_non_event_intervals_only","clear_burst_like","INJECTED_STANDALONE_BURST_BOTH_SIDES_N06","injected_support","standalone_burst","both_sides",6,"none","injected_burst","eligible","S0043",10,1,"holdout",18.1224293106373,18.8504535566849,0.728024246047623,0.106914508863088,0.574982889809875,"observable_primary_positive",TRUE
"PHENO_0033","TPL_007","injected_rate_pulse","TPL_007_EVENT_005","none",101,104,50.0885869353105,50.8328477990042,4,5,0.744260863693708,0.183679979358085,0.440546211088479,2.39844436300612,2.4307806357948,0.451511581232943,0.50361848845286,1.92654264586659,4,0,"left_only","same_generator_run_non_event_intervals_only","clear_burst_like","INJECTED_STANDALONE_BURST_LEFT_ONLY_N04","injected_support","standalone_burst","left_only",4,"none","injected_burst","eligible","S0043",10,1,"holdout",50.0885869353105,50.8328477990042,0.744260863693708,0.183679979358085,0.440546211088479,"observable_primary_positive",TRUE
"PHENO_0034","TPL_007","injected_rate_pulse","TPL_007_EVENT_006","none",106,110,51.4776319926439,52.1103044196911,5,6,0.63267242704712,0.114134050124766,0.251941779512783,2.20741995256781,2.53803715273672,0.513859981053728,0.570056185184489,1.95203491894008,0,4,"right_only","same_generator_run_non_event_intervals_only","ambiguous_burst_like","INJECTED_STANDALONE_BURST_RIGHT_ONLY_N05","injected_support","standalone_burst","right_only",5,"score_between_pre_frozen_gamma_null_guard_bands","injected_burst","exclude_primary_include_sensitivity","S0043",10,1,"holdout",51.4776319926439,52.1103044196911,0.63267242704712,0.114134050124766,0.251941779512783,"ambiguous_sensitivity_only",FALSE
"PHENO_0035","TPL_007","injected_rate_pulse","TPL_007_EVENT_007","TPL_007_STATE_005",134,138,60.2545691456225,60.7239889355755,5,6,0.469419789953039,0.0708341861126218,0.240809486246488,3.39962240638462,2.90288232101092,0.429723882006856,0.509560968678619,2.95965035822859,4,4,"both_sides","same_generator_run_non_event_intervals_only","clear_burst_like","INJECTED_BURST_IN_HFS_BOTH_SIDES_N05","injected_support","burst_in_hfs","both_sides",5,"none","injected_burst","eligible","S0043",10,1,"holdout",60.2545691456225,60.7239889355755,0.469419789953039,0.0708341861126218,0.240809486246488,"observable_primary_positive",TRUE
"PHENO_0107","TPL_007","null_model_burst_like_excursion","none","TPL_007_STATE_003",54,57,21.9343852723103,22.7936361826261,4,5,0.859250910315803,0.183987023603151,0.297025360589368,1.61438211658902,1.37733426897744,0.47341381605918,0.870670872706275,0.990600690112067,3,4,"both_sides","within_HFS_state_scan_window","no_burst_evidence","NULL_SCAN_BROAD_HFS","null_scan","broad_hfs","scan_both_sides",4,"none","mechanism_negative_null_excursion_audit","eligible","S0043",10,1,"holdout",21.9343852723103,22.7936361826261,0.859250910315803,0.183987023603151,0.297025360589368,"null_model_no_excursion",FALSE
"PHENO_0036","TPL_008","injected_rate_pulse","TPL_008_EVENT_002","none",27,32,16.5247640845265,17.3660092686881,6,7,0.841245184161623,0.127536397139951,0.326042224380883,2.55646412861343,2.30623415290992,0.366633091679218,0.541273223917862,2.47139324474184,4,0,"left_only","same_generator_run_non_event_intervals_only","clear_burst_like","INJECTED_STANDALONE_BURST_LEFT_ONLY_N06","injected_support","standalone_burst","left_only",6,"none","injected_burst","eligible","S0026",1,0.1,"holdout",1.65247640845265,1.73660092686881,0.0841245184161623,0.0127536397139951,0.0326042224380883,"observable_primary_positive",TRUE
"PHENO_0037","TPL_008","injected_rate_pulse","TPL_008_EVENT_003","none",34,40,17.8520449058265,18.6193381859118,7,8,0.767293280085318,0.114383778354355,0.361722879456633,3.16236169726824,5.41378861618914,0.383588203178082,0.379020355259578,3.42998254016973,0,3,"right_only","same_generator_run_non_event_intervals_only","clear_burst_like","INJECTED_STANDALONE_BURST_RIGHT_ONLY_N07","injected_support","standalone_burst","right_only",7,"none","injected_burst","eligible","S0026",1,0.1,"holdout",1.78520449058265,1.86193381859118,0.0767293280085318,0.0114383778354355,0.0361722879456633,"observable_primary_positive",TRUE
"PHENO_0038","TPL_008","injected_rate_pulse","TPL_008_EVENT_004","TPL_008_STATE_002",57,62,25.5058922389027,25.9820936891826,6,7,0.476201450279929,0.0821874035466745,0.274926548653196,3.34511782571479,3.46134535947532,0.271243128679171,0.322794763767758,3.24105358459494,4,4,"both_sides","same_generator_run_non_event_intervals_only","clear_burst_like","INJECTED_BURST_IN_HFS_BOTH_SIDES_N06","injected_support","burst_in_hfs","both_sides",6,"none","injected_burst","eligible","S0026",1,0.1,"holdout",2.55058922389027,2.59820936891826,0.0476201450279929,0.00821874035466745,0.0274926548653196,"observable_primary_positive",TRUE
"PHENO_0039","TPL_008","injected_rate_pulse","TPL_008_EVENT_006","TPL_008_STATE_003",94,96,40.0137137473504,40.1150593146007,3,4,0.10134556725032,0.0384577123268057,0.141023349233891,3.66697186862036,5.4280704546776,0.300729854482512,0.280871675490374,2.64339125144597,4,4,"both_sides","same_generator_run_non_event_intervals_only","clear_burst_like","INJECTED_BURST_IN_HFS_BOTH_SIDES_N03","injected_support","burst_in_hfs","both_sides",3,"none","injected_burst","eligible","S0026",1,0.1,"holdout",4.00137137473504,4.01150593146007,0.010134556725032,0.00384577123268057,0.0141023349233891,"observable_primary_positive",TRUE
"PHENO_0040","TPL_008","injected_rate_pulse","TPL_008_EVENT_008","none",163,167,67.1785336446966,67.8836285121172,5,6,0.705094867420593,0.105944182259229,0.472986904951958,4.46449153569029,4.80361156882201,0.521424335655772,0.414145385939512,3.68570460063652,4,3,"both_sides","same_generator_run_non_event_intervals_only","clear_burst_like","INJECTED_STANDALONE_BURST_BOTH_SIDES_N05","injected_support","standalone_burst","both_sides",5,"none","injected_burst","eligible","S0026",1,0.1,"holdout",6.71785336446966,6.78836285121172,0.0705094867420593,0.0105944182259229,0.0472986904951958,"observable_primary_positive",TRUE
"PHENO_0108","TPL_008","null_model_burst_like_excursion","none","TPL_008_STATE_005",130,137,55.5019071217755,57.5889896760354,8,9,2.08708255425985,0.23439401205214,0.399550096593851,1.70460880419152,1.495670506742,0.267964212437621,0.778887481614007,1.58234823243755,1,4,"both_sides","within_HFS_state_scan_window","no_burst_evidence","NULL_SCAN_BROAD_HFS","null_scan","broad_hfs","scan_both_sides",8,"none","mechanism_negative_null_excursion_audit","eligible","S0026",1,0.1,"holdout",5.55019071217755,5.75889896760354,0.208708255425985,0.023439401205214,0.0399550096593851,"null_model_no_excursion",FALSE
"PHENO_0036","TPL_008","injected_rate_pulse","TPL_008_EVENT_002","none",27,32,16.5247640845265,17.3660092686881,6,7,0.841245184161623,0.127536397139951,0.326042224380883,2.55646412861343,2.30623415290992,0.366633091679218,0.541273223917862,2.47139324474184,4,0,"left_only","same_generator_run_non_event_intervals_only","clear_burst_like","INJECTED_STANDALONE_BURST_LEFT_ONLY_N06","injected_support","standalone_burst","left_only",6,"none","injected_burst","eligible","S0001",4,0.4,"holdout",6.6099056338106,6.94640370747525,0.336498073664649,0.0510145588559806,0.130416889752353,"observable_primary_positive",TRUE
"PHENO_0037","TPL_008","injected_rate_pulse","TPL_008_EVENT_003","none",34,40,17.8520449058265,18.6193381859118,7,8,0.767293280085318,0.114383778354355,0.361722879456633,3.16236169726824,5.41378861618914,0.383588203178082,0.379020355259578,3.42998254016973,0,3,"right_only","same_generator_run_non_event_intervals_only","clear_burst_like","INJECTED_STANDALONE_BURST_RIGHT_ONLY_N07","injected_support","standalone_burst","right_only",7,"none","injected_burst","eligible","S0001",4,0.4,"holdout",7.14081796233061,7.44773527436474,0.306917312034127,0.0457535113417421,0.144689151782653,"observable_primary_positive",TRUE
"PHENO_0038","TPL_008","injected_rate_pulse","TPL_008_EVENT_004","TPL_008_STATE_002",57,62,25.5058922389027,25.9820936891826,6,7,0.476201450279929,0.0821874035466745,0.274926548653196,3.34511782571479,3.46134535947532,0.271243128679171,0.322794763767758,3.24105358459494,4,4,"both_sides","same_generator_run_non_event_intervals_only","clear_burst_like","INJECTED_BURST_IN_HFS_BOTH_SIDES_N06","injected_support","burst_in_hfs","both_sides",6,"none","injected_burst","eligible","S0001",4,0.4,"holdout",10.2023568955611,10.392837475673,0.190480580111972,0.0328749614186698,0.109970619461278,"observable_primary_positive",TRUE
"PHENO_0039","TPL_008","injected_rate_pulse","TPL_008_EVENT_006","TPL_008_STATE_003",94,96,40.0137137473504,40.1150593146007,3,4,0.10134556725032,0.0384577123268057,0.141023349233891,3.66697186862036,5.4280704546776,0.300729854482512,0.280871675490374,2.64339125144597,4,4,"both_sides","same_generator_run_non_event_intervals_only","clear_burst_like","INJECTED_BURST_IN_HFS_BOTH_SIDES_N03","injected_support","burst_in_hfs","both_sides",3,"none","injected_burst","eligible","S0001",4,0.4,"holdout",16.0054854989401,16.0460237258403,0.0405382269001281,0.0153830849307223,0.0564093396935564,"observable_primary_positive",TRUE
"PHENO_0040","TPL_008","injected_rate_pulse","TPL_008_EVENT_008","none",163,167,67.1785336446966,67.8836285121172,5,6,0.705094867420593,0.105944182259229,0.472986904951958,4.46449153569029,4.80361156882201,0.521424335655772,0.414145385939512,3.68570460063652,4,3,"both_sides","same_generator_run_non_event_intervals_only","clear_burst_like","INJECTED_STANDALONE_BURST_BOTH_SIDES_N05","injected_support","standalone_burst","both_sides",5,"none","injected_burst","eligible","S0001",4,0.4,"holdout",26.8714134578786,27.1534514048469,0.282037946968237,0.0423776729036916,0.189194761980783,"observable_primary_positive",TRUE
"PHENO_0108","TPL_008","null_model_burst_like_excursion","none","TPL_008_STATE_005",130,137,55.5019071217755,57.5889896760354,8,9,2.08708255425985,0.23439401205214,0.399550096593851,1.70460880419152,1.495670506742,0.267964212437621,0.778887481614007,1.58234823243755,1,4,"both_sides","within_HFS_state_scan_window","no_burst_evidence","NULL_SCAN_BROAD_HFS","null_scan","broad_hfs","scan_both_sides",8,"none","mechanism_negative_null_excursion_audit","eligible","S0001",4,0.4,"holdout",22.2007628487102,23.0355958704141,0.834833021703938,0.0937576048208559,0.15982003863754,"null_model_no_excursion",FALSE
"PHENO_0036","TPL_008","injected_rate_pulse","TPL_008_EVENT_002","none",27,32,16.5247640845265,17.3660092686881,6,7,0.841245184161623,0.127536397139951,0.326042224380883,2.55646412861343,2.30623415290992,0.366633091679218,0.541273223917862,2.47139324474184,4,0,"left_only","same_generator_run_non_event_intervals_only","clear_burst_like","INJECTED_STANDALONE_BURST_LEFT_ONLY_N06","injected_support","standalone_burst","left_only",6,"none","injected_burst","eligible","S0054",10,1,"holdout",16.5247640845265,17.3660092686881,0.841245184161623,0.127536397139951,0.326042224380883,"observable_primary_positive",TRUE
"PHENO_0037","TPL_008","injected_rate_pulse","TPL_008_EVENT_003","none",34,40,17.8520449058265,18.6193381859118,7,8,0.767293280085318,0.114383778354355,0.361722879456633,3.16236169726824,5.41378861618914,0.383588203178082,0.379020355259578,3.42998254016973,0,3,"right_only","same_generator_run_non_event_intervals_only","clear_burst_like","INJECTED_STANDALONE_BURST_RIGHT_ONLY_N07","injected_support","standalone_burst","right_only",7,"none","injected_burst","eligible","S0054",10,1,"holdout",17.8520449058265,18.6193381859118,0.767293280085318,0.114383778354355,0.361722879456633,"observable_primary_positive",TRUE
"PHENO_0038","TPL_008","injected_rate_pulse","TPL_008_EVENT_004","TPL_008_STATE_002",57,62,25.5058922389027,25.9820936891826,6,7,0.476201450279929,0.0821874035466745,0.274926548653196,3.34511782571479,3.46134535947532,0.271243128679171,0.322794763767758,3.24105358459494,4,4,"both_sides","same_generator_run_non_event_intervals_only","clear_burst_like","INJECTED_BURST_IN_HFS_BOTH_SIDES_N06","injected_support","burst_in_hfs","both_sides",6,"none","injected_burst","eligible","S0054",10,1,"holdout",25.5058922389027,25.9820936891826,0.476201450279929,0.0821874035466745,0.274926548653196,"observable_primary_positive",TRUE
"PHENO_0039","TPL_008","injected_rate_pulse","TPL_008_EVENT_006","TPL_008_STATE_003",94,96,40.0137137473504,40.1150593146007,3,4,0.10134556725032,0.0384577123268057,0.141023349233891,3.66697186862036,5.4280704546776,0.300729854482512,0.280871675490374,2.64339125144597,4,4,"both_sides","same_generator_run_non_event_intervals_only","clear_burst_like","INJECTED_BURST_IN_HFS_BOTH_SIDES_N03","injected_support","burst_in_hfs","both_sides",3,"none","injected_burst","eligible","S0054",10,1,"holdout",40.0137137473504,40.1150593146007,0.10134556725032,0.0384577123268057,0.141023349233891,"observable_primary_positive",TRUE
"PHENO_0040","TPL_008","injected_rate_pulse","TPL_008_EVENT_008","none",163,167,67.1785336446966,67.8836285121172,5,6,0.705094867420593,0.105944182259229,0.472986904951958,4.46449153569029,4.80361156882201,0.521424335655772,0.414145385939512,3.68570460063652,4,3,"both_sides","same_generator_run_non_event_intervals_only","clear_burst_like","INJECTED_STANDALONE_BURST_BOTH_SIDES_N05","injected_support","standalone_burst","both_sides",5,"none","injected_burst","eligible","S0054",10,1,"holdout",67.1785336446966,67.8836285121172,0.705094867420593,0.105944182259229,0.472986904951958,"observable_primary_positive",TRUE
"PHENO_0108","TPL_008","null_model_burst_like_excursion","none","TPL_008_STATE_005",130,137,55.5019071217755,57.5889896760354,8,9,2.08708255425985,0.23439401205214,0.399550096593851,1.70460880419152,1.495670506742,0.267964212437621,0.778887481614007,1.58234823243755,1,4,"both_sides","within_HFS_state_scan_window","no_burst_evidence","NULL_SCAN_BROAD_HFS","null_scan","broad_hfs","scan_both_sides",8,"none","mechanism_negative_null_excursion_audit","eligible","S0054",10,1,"holdout",55.5019071217755,57.5889896760354,2.08708255425985,0.23439401205214,0.399550096593851,"null_model_no_excursion",FALSE
"PHENO_0041","TPL_009","injected_rate_pulse","TPL_009_EVENT_001","TPL_009_STATE_001",21,27,7.90291505978776,8.31900333784503,7,8,0.416088278057263,0.0492519510102154,0.238120667045427,4.83474587628088,4.71573134692028,0.379155837269997,0.288854134763725,4.51906092062389,4,4,"both_sides","same_generator_run_non_event_intervals_only","clear_burst_like","INJECTED_BURST_IN_HFS_BOTH_SIDES_N07","injected_support","burst_in_hfs","both_sides",7,"none","injected_burst","eligible","S0048",1,0.1,"holdout",0.790291505978776,0.831900333784503,0.0416088278057263,0.00492519510102154,0.0238120667045427,"observable_primary_positive",TRUE
"PHENO_0042","TPL_009","injected_rate_pulse","TPL_009_EVENT_003","none",59,65,25.8369288535356,26.6099282048484,7,8,0.772999351312795,0.111592137134705,0.295151000044455,2.64490857172287,4.88116735982081,0.273500411159762,0.417705673548215,2.94235035041934,4,4,"both_sides","same_generator_run_non_event_intervals_only","clear_burst_like","INJECTED_STANDALONE_BURST_BOTH_SIDES_N07","injected_support","standalone_burst","both_sides",7,"none","injected_burst","eligible","S0048",1,0.1,"holdout",2.58369288535356,2.66099282048484,0.0772999351312795,0.0111592137134705,0.0295151000044455,"observable_primary_positive",TRUE
"PHENO_0043","TPL_009","injected_rate_pulse","TPL_009_EVENT_004","none",107,114,41.3576017728445,42.2308427947061,8,9,0.873241021861694,0.114702891289219,0.316197082894558,2.75666183598876,3.15840194433147,0.422350864583978,0.435064236356282,3.11336445675765,4,0,"left_only","same_generator_run_non_event_intervals_only","clear_burst_like","INJECTED_STANDALONE_BURST_LEFT_ONLY_N08","injected_support","standalone_burst","left_only",8,"none","injected_burst","eligible","S0048",1,0.1,"holdout",4.13576017728445,4.22308427947061,0.0873241021861694,0.0114702891289219,0.0316197082894558,"observable_primary_positive",TRUE
"PHENO_0044","TPL_009","injected_rate_pulse","TPL_009_EVENT_005","none",116,121,42.7112881857856,43.4120028229409,6,7,0.700714637155324,0.0843098658993644,0.453380208626466,5.37754631430251,3.45214438537213,0.800309629763948,0.279997760262751,4.35032844273027,0,4,"right_only","same_generator_run_non_event_intervals_only","clear_burst_like","INJECTED_STANDALONE_BURST_RIGHT_ONLY_N06","injected_support","standalone_burst","right_only",6,"none","injected_burst","eligible","S0048",1,0.1,"holdout",4.27112881857856,4.34120028229409,0.0700714637155324,0.00843098658993644,0.0453380208626466,"observable_primary_positive",TRUE
"PHENO_0045","TPL_009","injected_rate_pulse","TPL_009_EVENT_007","TPL_009_STATE_005",147,151,56.5815068722245,57.2410546013102,5,6,0.659547729085688,0.123740346598958,0.302202396710318,2.44223008110487,2.36277525713981,0.501357668945227,0.536746694538791,2.1614344663915,4,4,"both_sides","same_generator_run_non_event_intervals_only","clear_burst_like","INJECTED_BURST_IN_HFS_BOTH_SIDES_N05","injected_support","burst_in_hfs","both_sides",5,"none","injected_burst","eligible","S0048",1,0.1,"holdout",5.65815068722245,5.72410546013102,0.0659547729085688,0.0123740346598958,0.0302202396710318,"observable_primary_positive",TRUE
"PHENO_0109","TPL_009","null_model_burst_like_excursion","none","TPL_009_STATE_003",88,95,33.0585827067441,34.4050793241612,8,9,1.34649661741707,0.165646721897182,0.245744537233303,1.48354603350278,1.41141998855671,0.227666014160854,0.738065838564738,1.17901366106544,4,2,"both_sides","within_HFS_state_scan_window","no_burst_evidence","NULL_SCAN_BROAD_HFS","null_scan","broad_hfs","scan_both_sides",8,"none","mechanism_negative_null_excursion_audit","eligible","S0048",1,0.1,"holdout",3.30585827067441,3.44050793241612,0.134649661741707,0.0165646721897182,0.0245744537233303,"null_model_no_excursion",FALSE
"PHENO_0041","TPL_009","injected_rate_pulse","TPL_009_EVENT_001","TPL_009_STATE_001",21,27,7.90291505978776,8.31900333784503,7,8,0.416088278057263,0.0492519510102154,0.238120667045427,4.83474587628088,4.71573134692028,0.379155837269997,0.288854134763725,4.51906092062389,4,4,"both_sides","same_generator_run_non_event_intervals_only","clear_burst_like","INJECTED_BURST_IN_HFS_BOTH_SIDES_N07","injected_support","burst_in_hfs","both_sides",7,"none","injected_burst","eligible","S0039",4,0.4,"holdout",3.16116602391511,3.32760133513801,0.166435311222905,0.0197007804040862,0.0952482668181707,"observable_primary_positive",TRUE
"PHENO_0042","TPL_009","injected_rate_pulse","TPL_009_EVENT_003","none",59,65,25.8369288535356,26.6099282048484,7,8,0.772999351312795,0.111592137134705,0.295151000044455,2.64490857172287,4.88116735982081,0.273500411159762,0.417705673548215,2.94235035041934,4,4,"both_sides","same_generator_run_non_event_intervals_only","clear_burst_like","INJECTED_STANDALONE_BURST_BOTH_SIDES_N07","injected_support","standalone_burst","both_sides",7,"none","injected_burst","eligible","S0039",4,0.4,"holdout",10.3347715414142,10.6439712819393,0.309199740525118,0.0446368548538819,0.118060400017782,"observable_primary_positive",TRUE
"PHENO_0043","TPL_009","injected_rate_pulse","TPL_009_EVENT_004","none",107,114,41.3576017728445,42.2308427947061,8,9,0.873241021861694,0.114702891289219,0.316197082894558,2.75666183598876,3.15840194433147,0.422350864583978,0.435064236356282,3.11336445675765,4,0,"left_only","same_generator_run_non_event_intervals_only","clear_burst_like","INJECTED_STANDALONE_BURST_LEFT_ONLY_N08","injected_support","standalone_burst","left_only",8,"none","injected_burst","eligible","S0039",4,0.4,"holdout",16.5430407091378,16.8923371178825,0.349296408744678,0.0458811565156876,0.126478833157823,"observable_primary_positive",TRUE
"PHENO_0044","TPL_009","injected_rate_pulse","TPL_009_EVENT_005","none",116,121,42.7112881857856,43.4120028229409,6,7,0.700714637155324,0.0843098658993644,0.453380208626466,5.37754631430251,3.45214438537213,0.800309629763948,0.279997760262751,4.35032844273027,0,4,"right_only","same_generator_run_non_event_intervals_only","clear_burst_like","INJECTED_STANDALONE_BURST_RIGHT_ONLY_N06","injected_support","standalone_burst","right_only",6,"none","injected_burst","eligible","S0039",4,0.4,"holdout",17.0845152743142,17.3648011291764,0.280285854862129,0.0337239463597458,0.181352083450586,"observable_primary_positive",TRUE
"PHENO_0045","TPL_009","injected_rate_pulse","TPL_009_EVENT_007","TPL_009_STATE_005",147,151,56.5815068722245,57.2410546013102,5,6,0.659547729085688,0.123740346598958,0.302202396710318,2.44223008110487,2.36277525713981,0.501357668945227,0.536746694538791,2.1614344663915,4,4,"both_sides","same_generator_run_non_event_intervals_only","clear_burst_like","INJECTED_BURST_IN_HFS_BOTH_SIDES_N05","injected_support","burst_in_hfs","both_sides",5,"none","injected_burst","eligible","S0039",4,0.4,"holdout",22.6326027488898,22.8964218405241,0.263819091634275,0.0494961386395833,0.120880958684127,"observable_primary_positive",TRUE
"PHENO_0109","TPL_009","null_model_burst_like_excursion","none","TPL_009_STATE_003",88,95,33.0585827067441,34.4050793241612,8,9,1.34649661741707,0.165646721897182,0.245744537233303,1.48354603350278,1.41141998855671,0.227666014160854,0.738065838564738,1.17901366106544,4,2,"both_sides","within_HFS_state_scan_window","no_burst_evidence","NULL_SCAN_BROAD_HFS","null_scan","broad_hfs","scan_both_sides",8,"none","mechanism_negative_null_excursion_audit","eligible","S0039",4,0.4,"holdout",13.2234330826977,13.7620317296645,0.538598646966828,0.0662586887588728,0.0982978148933212,"null_model_no_excursion",FALSE
"PHENO_0041","TPL_009","injected_rate_pulse","TPL_009_EVENT_001","TPL_009_STATE_001",21,27,7.90291505978776,8.31900333784503,7,8,0.416088278057263,0.0492519510102154,0.238120667045427,4.83474587628088,4.71573134692028,0.379155837269997,0.288854134763725,4.51906092062389,4,4,"both_sides","same_generator_run_non_event_intervals_only","clear_burst_like","INJECTED_BURST_IN_HFS_BOTH_SIDES_N07","injected_support","burst_in_hfs","both_sides",7,"none","injected_burst","eligible","S0008",10,1,"holdout",7.90291505978776,8.31900333784503,0.416088278057263,0.0492519510102154,0.238120667045427,"observable_primary_positive",TRUE
"PHENO_0042","TPL_009","injected_rate_pulse","TPL_009_EVENT_003","none",59,65,25.8369288535356,26.6099282048484,7,8,0.772999351312795,0.111592137134705,0.295151000044455,2.64490857172287,4.88116735982081,0.273500411159762,0.417705673548215,2.94235035041934,4,4,"both_sides","same_generator_run_non_event_intervals_only","clear_burst_like","INJECTED_STANDALONE_BURST_BOTH_SIDES_N07","injected_support","standalone_burst","both_sides",7,"none","injected_burst","eligible","S0008",10,1,"holdout",25.8369288535356,26.6099282048484,0.772999351312795,0.111592137134705,0.295151000044455,"observable_primary_positive",TRUE
"PHENO_0043","TPL_009","injected_rate_pulse","TPL_009_EVENT_004","none",107,114,41.3576017728445,42.2308427947061,8,9,0.873241021861694,0.114702891289219,0.316197082894558,2.75666183598876,3.15840194433147,0.422350864583978,0.435064236356282,3.11336445675765,4,0,"left_only","same_generator_run_non_event_intervals_only","clear_burst_like","INJECTED_STANDALONE_BURST_LEFT_ONLY_N08","injected_support","standalone_burst","left_only",8,"none","injected_burst","eligible","S0008",10,1,"holdout",41.3576017728445,42.2308427947061,0.873241021861694,0.114702891289219,0.316197082894558,"observable_primary_positive",TRUE
"PHENO_0044","TPL_009","injected_rate_pulse","TPL_009_EVENT_005","none",116,121,42.7112881857856,43.4120028229409,6,7,0.700714637155324,0.0843098658993644,0.453380208626466,5.37754631430251,3.45214438537213,0.800309629763948,0.279997760262751,4.35032844273027,0,4,"right_only","same_generator_run_non_event_intervals_only","clear_burst_like","INJECTED_STANDALONE_BURST_RIGHT_ONLY_N06","injected_support","standalone_burst","right_only",6,"none","injected_burst","eligible","S0008",10,1,"holdout",42.7112881857856,43.4120028229409,0.700714637155324,0.0843098658993644,0.453380208626466,"observable_primary_positive",TRUE
"PHENO_0045","TPL_009","injected_rate_pulse","TPL_009_EVENT_007","TPL_009_STATE_005",147,151,56.5815068722245,57.2410546013102,5,6,0.659547729085688,0.123740346598958,0.302202396710318,2.44223008110487,2.36277525713981,0.501357668945227,0.536746694538791,2.1614344663915,4,4,"both_sides","same_generator_run_non_event_intervals_only","clear_burst_like","INJECTED_BURST_IN_HFS_BOTH_SIDES_N05","injected_support","burst_in_hfs","both_sides",5,"none","injected_burst","eligible","S0008",10,1,"holdout",56.5815068722245,57.2410546013102,0.659547729085688,0.123740346598958,0.302202396710318,"observable_primary_positive",TRUE
"PHENO_0109","TPL_009","null_model_burst_like_excursion","none","TPL_009_STATE_003",88,95,33.0585827067441,34.4050793241612,8,9,1.34649661741707,0.165646721897182,0.245744537233303,1.48354603350278,1.41141998855671,0.227666014160854,0.738065838564738,1.17901366106544,4,2,"both_sides","within_HFS_state_scan_window","no_burst_evidence","NULL_SCAN_BROAD_HFS","null_scan","broad_hfs","scan_both_sides",8,"none","mechanism_negative_null_excursion_audit","eligible","S0008",10,1,"holdout",33.0585827067441,34.4050793241612,1.34649661741707,0.165646721897182,0.245744537233303,"null_model_no_excursion",FALSE
"PHENO_0046","TPL_010","injected_rate_pulse","TPL_010_EVENT_002","none",19,21,15.1577902805039,15.6319926082639,3,4,0.474202327759996,0.131879268506483,0.594007243076928,4.50417453633152,6.12383544339354,0.311749584640325,0.291906349267747,3.02861669789332,3,0,"left_only","same_generator_run_non_event_intervals_only","clear_burst_like","INJECTED_STANDALONE_BURST_LEFT_ONLY_N03","injected_support","standalone_burst","left_only",3,"none","injected_burst","eligible","S0036",1,0.1,"holdout",1.51577902805039,1.56319926082639,0.0474202327759997,0.0131879268506483,0.0594007243076928,"observable_primary_positive",TRUE
"PHENO_0047","TPL_010","injected_rate_pulse","TPL_010_EVENT_003","none",23,30,16.1052845931668,16.9172596760954,8,9,0.811975082928593,0.0860016637398937,0.542265958751869,6.3052961439434,6.10291198769786,0.443057722912925,0.245311328438843,5.61612298369111,0,4,"right_only","same_generator_run_non_event_intervals_only","clear_burst_like","INJECTED_STANDALONE_BURST_RIGHT_ONLY_N08","injected_support","standalone_burst","right_only",8,"none","injected_burst","eligible","S0036",1,0.1,"holdout",1.61052845931668,1.69172596760954,0.0811975082928593,0.00860016637398937,0.0542265958751869,"observable_primary_positive",TRUE
"PHENO_0048","TPL_010","injected_rate_pulse","TPL_010_EVENT_005","none",85,88,48.9854770137106,49.448056777399,4,5,0.462579763688409,0.113811985194061,0.455122136722717,3.99889463264074,4.90268819540311,0.397872309214243,0.30117740535363,3.12969464775764,4,4,"both_sides","same_generator_run_non_event_intervals_only","clear_burst_like","INJECTED_STANDALONE_BURST_BOTH_SIDES_N04","injected_support","standalone_burst","both_sides",4,"none","injected_burst","eligible","S0036",1,0.1,"holdout",4.89854770137106,4.9448056777399,0.0462579763688409,0.0113811985194061,0.0455122136722717,"observable_primary_positive",TRUE
"PHENO_0049","TPL_010","injected_rate_pulse","TPL_010_EVENT_006","TPL_010_STATE_004",105,110,56.6739133657238,57.1624862130772,6,7,0.488572847353349,0.08367582493917,0.199951121980825,2.38959247938318,3.40571982235823,0.357335067668598,0.501335420289215,2.40443703590706,4,4,"both_sides","same_generator_run_non_event_intervals_only","clear_burst_like","INJECTED_BURST_IN_HFS_BOTH_SIDES_N06","injected_support","burst_in_hfs","both_sides",6,"none","injected_burst","eligible","S0036",1,0.1,"holdout",5.66739133657238,5.71624862130772,0.0488572847353349,0.008367582493917,0.0199951121980825,"observable_primary_positive",TRUE
"PHENO_0050","TPL_010","injected_rate_pulse","TPL_010_EVENT_008","TPL_010_STATE_005",136,141,69.5721990311662,70.2610608444757,6,7,0.688861813309473,0.0998520720344351,0.282715584929063,2.83134419916259,2.57007633279461,0.58250281979134,0.470303909187461,2.7270439402631,4,4,"both_sides","same_generator_run_non_event_intervals_only","clear_burst_like","INJECTED_BURST_IN_HFS_BOTH_SIDES_N06","injected_support","burst_in_hfs","both_sides",6,"none","injected_burst","eligible","S0036",1,0.1,"holdout",6.95721990311662,7.02610608444757,0.0688861813309473,0.00998520720344351,0.0282715584929063,"observable_primary_positive",TRUE
"PHENO_0110","TPL_010","null_model_burst_like_excursion","none","TPL_010_STATE_003",54,60,39.5809592844902,41.0125990064336,7,8,1.43163972194342,0.216670562344836,0.327755324481554,1.51268968398173,1.50597981627967,0.191701074309877,0.684655189663803,1.17823901937606,4,4,"both_sides","within_HFS_state_scan_window","no_burst_evidence","NULL_SCAN_BROAD_HFS","null_scan","broad_hfs","scan_both_sides",7,"none","mechanism_negative_null_excursion_audit","eligible","S0036",1,0.1,"holdout",3.95809592844902,4.10125990064336,0.143163972194342,0.0216670562344836,0.0327755324481554,"null_model_no_excursion",FALSE
"PHENO_0046","TPL_010","injected_rate_pulse","TPL_010_EVENT_002","none",19,21,15.1577902805039,15.6319926082639,3,4,0.474202327759996,0.131879268506483,0.594007243076928,4.50417453633152,6.12383544339354,0.311749584640325,0.291906349267747,3.02861669789332,3,0,"left_only","same_generator_run_non_event_intervals_only","clear_burst_like","INJECTED_STANDALONE_BURST_LEFT_ONLY_N03","injected_support","standalone_burst","left_only",3,"none","injected_burst","eligible","S0027",4,0.4,"holdout",6.06311611220154,6.25279704330554,0.189680931103999,0.0527517074025932,0.237602897230771,"observable_primary_positive",TRUE
"PHENO_0047","TPL_010","injected_rate_pulse","TPL_010_EVENT_003","none",23,30,16.1052845931668,16.9172596760954,8,9,0.811975082928593,0.0860016637398937,0.542265958751869,6.3052961439434,6.10291198769786,0.443057722912925,0.245311328438843,5.61612298369111,0,4,"right_only","same_generator_run_non_event_intervals_only","clear_burst_like","INJECTED_STANDALONE_BURST_RIGHT_ONLY_N08","injected_support","standalone_burst","right_only",8,"none","injected_burst","eligible","S0027",4,0.4,"holdout",6.44211383726672,6.76690387043816,0.324790033171437,0.0344006654959575,0.216906383500747,"observable_primary_positive",TRUE
"PHENO_0048","TPL_010","injected_rate_pulse","TPL_010_EVENT_005","none",85,88,48.9854770137106,49.448056777399,4,5,0.462579763688409,0.113811985194061,0.455122136722717,3.99889463264074,4.90268819540311,0.397872309214243,0.30117740535363,3.12969464775764,4,4,"both_sides","same_generator_run_non_event_intervals_only","clear_burst_like","INJECTED_STANDALONE_BURST_BOTH_SIDES_N04","injected_support","standalone_burst","both_sides",4,"none","injected_burst","eligible","S0027",4,0.4,"holdout",19.5941908054842,19.7792227109596,0.185031905475364,0.0455247940776243,0.182048854689087,"observable_primary_positive",TRUE
"PHENO_0049","TPL_010","injected_rate_pulse","TPL_010_EVENT_006","TPL_010_STATE_004",105,110,56.6739133657238,57.1624862130772,6,7,0.488572847353349,0.08367582493917,0.199951121980825,2.38959247938318,3.40571982235823,0.357335067668598,0.501335420289215,2.40443703590706,4,4,"both_sides","same_generator_run_non_event_intervals_only","clear_burst_like","INJECTED_BURST_IN_HFS_BOTH_SIDES_N06","injected_support","burst_in_hfs","both_sides",6,"none","injected_burst","eligible","S0027",4,0.4,"holdout",22.6695653462895,22.8649944852309,0.19542913894134,0.033470329975668,0.0799804487923298,"observable_primary_positive",TRUE
"PHENO_0050","TPL_010","injected_rate_pulse","TPL_010_EVENT_008","TPL_010_STATE_005",136,141,69.5721990311662,70.2610608444757,6,7,0.688861813309473,0.0998520720344351,0.282715584929063,2.83134419916259,2.57007633279461,0.58250281979134,0.470303909187461,2.7270439402631,4,4,"both_sides","same_generator_run_non_event_intervals_only","clear_burst_like","INJECTED_BURST_IN_HFS_BOTH_SIDES_N06","injected_support","burst_in_hfs","both_sides",6,"none","injected_burst","eligible","S0027",4,0.4,"holdout",27.8288796124665,28.1044243377903,0.275544725323789,0.0399408288137741,0.113086233971625,"observable_primary_positive",TRUE
"PHENO_0110","TPL_010","null_model_burst_like_excursion","none","TPL_010_STATE_003",54,60,39.5809592844902,41.0125990064336,7,8,1.43163972194342,0.216670562344836,0.327755324481554,1.51268968398173,1.50597981627967,0.191701074309877,0.684655189663803,1.17823901937606,4,4,"both_sides","within_HFS_state_scan_window","no_burst_evidence","NULL_SCAN_BROAD_HFS","null_scan","broad_hfs","scan_both_sides",7,"none","mechanism_negative_null_excursion_audit","eligible","S0027",4,0.4,"holdout",15.8323837137961,16.4050396025735,0.572655888777366,0.0866682249379342,0.131102129792622,"null_model_no_excursion",FALSE
"PHENO_0046","TPL_010","injected_rate_pulse","TPL_010_EVENT_002","none",19,21,15.1577902805039,15.6319926082639,3,4,0.474202327759996,0.131879268506483,0.594007243076928,4.50417453633152,6.12383544339354,0.311749584640325,0.291906349267747,3.02861669789332,3,0,"left_only","same_generator_run_non_event_intervals_only","clear_burst_like","INJECTED_STANDALONE_BURST_LEFT_ONLY_N03","injected_support","standalone_burst","left_only",3,"none","injected_burst","eligible","S0002",10,1,"holdout",15.1577902805039,15.6319926082639,0.474202327759996,0.131879268506483,0.594007243076928,"observable_primary_positive",TRUE
"PHENO_0047","TPL_010","injected_rate_pulse","TPL_010_EVENT_003","none",23,30,16.1052845931668,16.9172596760954,8,9,0.811975082928593,0.0860016637398937,0.542265958751869,6.3052961439434,6.10291198769786,0.443057722912925,0.245311328438843,5.61612298369111,0,4,"right_only","same_generator_run_non_event_intervals_only","clear_burst_like","INJECTED_STANDALONE_BURST_RIGHT_ONLY_N08","injected_support","standalone_burst","right_only",8,"none","injected_burst","eligible","S0002",10,1,"holdout",16.1052845931668,16.9172596760954,0.811975082928593,0.0860016637398937,0.542265958751869,"observable_primary_positive",TRUE
"PHENO_0048","TPL_010","injected_rate_pulse","TPL_010_EVENT_005","none",85,88,48.9854770137106,49.448056777399,4,5,0.462579763688409,0.113811985194061,0.455122136722717,3.99889463264074,4.90268819540311,0.397872309214243,0.30117740535363,3.12969464775764,4,4,"both_sides","same_generator_run_non_event_intervals_only","clear_burst_like","INJECTED_STANDALONE_BURST_BOTH_SIDES_N04","injected_support","standalone_burst","both_sides",4,"none","injected_burst","eligible","S0002",10,1,"holdout",48.9854770137106,49.448056777399,0.462579763688409,0.113811985194061,0.455122136722717,"observable_primary_positive",TRUE
"PHENO_0049","TPL_010","injected_rate_pulse","TPL_010_EVENT_006","TPL_010_STATE_004",105,110,56.6739133657238,57.1624862130772,6,7,0.488572847353349,0.08367582493917,0.199951121980825,2.38959247938318,3.40571982235823,0.357335067668598,0.501335420289215,2.40443703590706,4,4,"both_sides","same_generator_run_non_event_intervals_only","clear_burst_like","INJECTED_BURST_IN_HFS_BOTH_SIDES_N06","injected_support","burst_in_hfs","both_sides",6,"none","injected_burst","eligible","S0002",10,1,"holdout",56.6739133657238,57.1624862130772,0.488572847353349,0.08367582493917,0.199951121980825,"observable_primary_positive",TRUE
"PHENO_0050","TPL_010","injected_rate_pulse","TPL_010_EVENT_008","TPL_010_STATE_005",136,141,69.5721990311662,70.2610608444757,6,7,0.688861813309473,0.0998520720344351,0.282715584929063,2.83134419916259,2.57007633279461,0.58250281979134,0.470303909187461,2.7270439402631,4,4,"both_sides","same_generator_run_non_event_intervals_only","clear_burst_like","INJECTED_BURST_IN_HFS_BOTH_SIDES_N06","injected_support","burst_in_hfs","both_sides",6,"none","injected_burst","eligible","S0002",10,1,"holdout",69.5721990311662,70.2610608444757,0.688861813309473,0.0998520720344351,0.282715584929063,"observable_primary_positive",TRUE
"PHENO_0110","TPL_010","null_model_burst_like_excursion","none","TPL_010_STATE_003",54,60,39.5809592844902,41.0125990064336,7,8,1.43163972194342,0.216670562344836,0.327755324481554,1.51268968398173,1.50597981627967,0.191701074309877,0.684655189663803,1.17823901937606,4,4,"both_sides","within_HFS_state_scan_window","no_burst_evidence","NULL_SCAN_BROAD_HFS","null_scan","broad_hfs","scan_both_sides",7,"none","mechanism_negative_null_excursion_audit","eligible","S0002",10,1,"holdout",39.5809592844902,41.0125990064336,1.43163972194342,0.216670562344836,0.327755324481554,"null_model_no_excursion",FALSE
"PHENO_0051","TPL_011","injected_rate_pulse","TPL_011_EVENT_002","TPL_011_STATE_001",18,24,9.45617673730222,10.1659544252118,7,8,0.709777687909548,0.10572042926027,0.213125732218739,2.01593706826569,2.92940382395841,0.232468200215007,0.527181352784265,2.10034717789297,4,4,"both_sides","same_generator_run_non_event_intervals_only","ambiguous_burst_like","INJECTED_BURST_IN_HFS_BOTH_SIDES_N07","injected_support","burst_in_hfs","both_sides",7,"score_between_pre_frozen_gamma_null_guard_bands","injected_burst","exclude_primary_include_sensitivity","S0050",1,0.1,"holdout",0.945617673730222,1.01659544252118,0.0709777687909548,0.010572042926027,0.0213125732218739,"ambiguous_sensitivity_only",FALSE
"PHENO_0052","TPL_011","injected_rate_pulse","TPL_011_EVENT_003","TPL_011_STATE_002",49,55,16.4905434604477,17.1804830189633,7,8,0.68993955851555,0.0948094991443549,0.229813439647218,2.42394951688658,2.72182513682189,0.322943813614729,0.501865802553348,2.5605748425947,4,4,"both_sides","same_generator_run_non_event_intervals_only","clear_burst_like","INJECTED_BURST_IN_HFS_BOTH_SIDES_N07","injected_support","burst_in_hfs","both_sides",7,"none","injected_burst","eligible","S0050",1,0.1,"holdout",1.64905434604477,1.71804830189633,0.0689939558515551,0.00948094991443549,0.0229813439647218,"observable_primary_positive",TRUE
"PHENO_0053","TPL_011","injected_rate_pulse","TPL_011_EVENT_004","none",92,98,31.6575935697495,32.4913772293442,7,8,0.833783659594745,0.119480439809468,0.434448867231267,3.63615055254292,4.07123798086076,0.489289995056682,0.378124691249471,3.7175258317129,4,4,"both_sides","same_generator_run_non_event_intervals_only","clear_burst_like","INJECTED_STANDALONE_BURST_BOTH_SIDES_N07","injected_support","standalone_burst","both_sides",7,"none","injected_burst","eligible","S0050",1,0.1,"holdout",3.16575935697495,3.24913772293442,0.0833783659594745,0.0119480439809468,0.0434448867231267,"observable_primary_positive",TRUE
"PHENO_0054","TPL_011","injected_rate_pulse","TPL_011_EVENT_006","none",153,156,58.9614471748536,59.5893483037008,4,5,0.627901128847125,0.150287123438733,0.414424912119802,2.7575543575345,2.95037115928918,0.387272415778561,0.455780834785998,2.26044387234003,4,0,"left_only","same_generator_run_non_event_intervals_only","clear_burst_like","INJECTED_STANDALONE_BURST_LEFT_ONLY_N04","injected_support","standalone_burst","left_only",4,"none","injected_burst","eligible","S0050",1,0.1,"holdout",5.89614471748536,5.95893483037008,0.0627901128847125,0.0150287123438733,0.0414424912119802,"observable_primary_positive",TRUE
"PHENO_0055","TPL_011","injected_rate_pulse","TPL_011_EVENT_007","none",158,162,60.1566883998812,60.6352194478596,5,6,0.478531047978396,0.101908078404673,0.557038930759294,5.46609198681301,8.28254364585693,0.394114419196019,0.208365340635695,4.28723047020066,0,3,"right_only","same_generator_run_non_event_intervals_only","clear_burst_like","INJECTED_STANDALONE_BURST_RIGHT_ONLY_N05","injected_support","standalone_burst","right_only",5,"none","injected_burst","eligible","S0050",1,0.1,"holdout",6.01566883998813,6.06352194478596,0.0478531047978396,0.0101908078404673,0.0557038930759294,"observable_primary_positive",TRUE
"PHENO_0111","TPL_011","null_model_burst_like_excursion","none","TPL_011_STATE_004",108,112,36.7449018341827,37.368984100463,5,6,0.624082266280305,0.0956225679450742,0.327400212510755,3.42388015242191,2.32371935703791,0.570858670242499,0.601437445315279,2.90580174861751,3,4,"both_sides","within_HFS_state_scan_window","no_burst_evidence","NULL_SCAN_BROAD_HFS","null_scan","broad_hfs","scan_both_sides",5,"none","mechanism_negative_null_excursion_audit","eligible","S0050",1,0.1,"holdout",3.67449018341827,3.7368984100463,0.0624082266280305,0.00956225679450742,0.0327400212510755,"null_model_no_excursion",FALSE
"PHENO_0051","TPL_011","injected_rate_pulse","TPL_011_EVENT_002","TPL_011_STATE_001",18,24,9.45617673730222,10.1659544252118,7,8,0.709777687909548,0.10572042926027,0.213125732218739,2.01593706826569,2.92940382395841,0.232468200215007,0.527181352784265,2.10034717789297,4,4,"both_sides","same_generator_run_non_event_intervals_only","ambiguous_burst_like","INJECTED_BURST_IN_HFS_BOTH_SIDES_N07","injected_support","burst_in_hfs","both_sides",7,"score_between_pre_frozen_gamma_null_guard_bands","injected_burst","exclude_primary_include_sensitivity","S0034",4,0.4,"holdout",3.78247069492089,4.06638177008471,0.283911075163819,0.0422881717041079,0.0852502928874954,"ambiguous_sensitivity_only",FALSE
"PHENO_0052","TPL_011","injected_rate_pulse","TPL_011_EVENT_003","TPL_011_STATE_002",49,55,16.4905434604477,17.1804830189633,7,8,0.68993955851555,0.0948094991443549,0.229813439647218,2.42394951688658,2.72182513682189,0.322943813614729,0.501865802553348,2.5605748425947,4,4,"both_sides","same_generator_run_non_event_intervals_only","clear_burst_like","INJECTED_BURST_IN_HFS_BOTH_SIDES_N07","injected_support","burst_in_hfs","both_sides",7,"none","injected_burst","eligible","S0034",4,0.4,"holdout",6.59621738417908,6.8721932075853,0.27597582340622,0.037923799657742,0.0919253758588871,"observable_primary_positive",TRUE
"PHENO_0053","TPL_011","injected_rate_pulse","TPL_011_EVENT_004","none",92,98,31.6575935697495,32.4913772293442,7,8,0.833783659594745,0.119480439809468,0.434448867231267,3.63615055254292,4.07123798086076,0.489289995056682,0.378124691249471,3.7175258317129,4,4,"both_sides","same_generator_run_non_event_intervals_only","clear_burst_like","INJECTED_STANDALONE_BURST_BOTH_SIDES_N07","injected_support","standalone_burst","both_sides",7,"none","injected_burst","eligible","S0034",4,0.4,"holdout",12.6630374278998,12.9965508917377,0.333513463837898,0.0477921759237871,0.173779546892507,"observable_primary_positive",TRUE
"PHENO_0054","TPL_011","injected_rate_pulse","TPL_011_EVENT_006","none",153,156,58.9614471748536,59.5893483037008,4,5,0.627901128847125,0.150287123438733,0.414424912119802,2.7575543575345,2.95037115928918,0.387272415778561,0.455780834785998,2.26044387234003,4,0,"left_only","same_generator_run_non_event_intervals_only","clear_burst_like","INJECTED_STANDALONE_BURST_LEFT_ONLY_N04","injected_support","standalone_burst","left_only",4,"none","injected_burst","eligible","S0034",4,0.4,"holdout",23.5845788699415,23.8357393214803,0.25116045153885,0.060114849375493,0.165769964847921,"observable_primary_positive",TRUE
"PHENO_0055","TPL_011","injected_rate_pulse","TPL_011_EVENT_007","none",158,162,60.1566883998812,60.6352194478596,5,6,0.478531047978396,0.101908078404673,0.557038930759294,5.46609198681301,8.28254364585693,0.394114419196019,0.208365340635695,4.28723047020066,0,3,"right_only","same_generator_run_non_event_intervals_only","clear_burst_like","INJECTED_STANDALONE_BURST_RIGHT_ONLY_N05","injected_support","standalone_burst","right_only",5,"none","injected_burst","eligible","S0034",4,0.4,"holdout",24.0626753599525,24.2540877791439,0.191412419191358,0.0407632313618691,0.222815572303718,"observable_primary_positive",TRUE
"PHENO_0111","TPL_011","null_model_burst_like_excursion","none","TPL_011_STATE_004",108,112,36.7449018341827,37.368984100463,5,6,0.624082266280305,0.0956225679450742,0.327400212510755,3.42388015242191,2.32371935703791,0.570858670242499,0.601437445315279,2.90580174861751,3,4,"both_sides","within_HFS_state_scan_window","no_burst_evidence","NULL_SCAN_BROAD_HFS","null_scan","broad_hfs","scan_both_sides",5,"none","mechanism_negative_null_excursion_audit","eligible","S0034",4,0.4,"holdout",14.6979607336731,14.9475936401852,0.249632906512122,0.0382490271780297,0.130960085004302,"null_model_no_excursion",FALSE
"PHENO_0051","TPL_011","injected_rate_pulse","TPL_011_EVENT_002","TPL_011_STATE_001",18,24,9.45617673730222,10.1659544252118,7,8,0.709777687909548,0.10572042926027,0.213125732218739,2.01593706826569,2.92940382395841,0.232468200215007,0.527181352784265,2.10034717789297,4,4,"both_sides","same_generator_run_non_event_intervals_only","ambiguous_burst_like","INJECTED_BURST_IN_HFS_BOTH_SIDES_N07","injected_support","burst_in_hfs","both_sides",7,"score_between_pre_frozen_gamma_null_guard_bands","injected_burst","exclude_primary_include_sensitivity","S0046",10,1,"holdout",9.45617673730222,10.1659544252118,0.709777687909548,0.10572042926027,0.213125732218739,"ambiguous_sensitivity_only",FALSE
"PHENO_0052","TPL_011","injected_rate_pulse","TPL_011_EVENT_003","TPL_011_STATE_002",49,55,16.4905434604477,17.1804830189633,7,8,0.68993955851555,0.0948094991443549,0.229813439647218,2.42394951688658,2.72182513682189,0.322943813614729,0.501865802553348,2.5605748425947,4,4,"both_sides","same_generator_run_non_event_intervals_only","clear_burst_like","INJECTED_BURST_IN_HFS_BOTH_SIDES_N07","injected_support","burst_in_hfs","both_sides",7,"none","injected_burst","eligible","S0046",10,1,"holdout",16.4905434604477,17.1804830189633,0.68993955851555,0.0948094991443549,0.229813439647218,"observable_primary_positive",TRUE
"PHENO_0053","TPL_011","injected_rate_pulse","TPL_011_EVENT_004","none",92,98,31.6575935697495,32.4913772293442,7,8,0.833783659594745,0.119480439809468,0.434448867231267,3.63615055254292,4.07123798086076,0.489289995056682,0.378124691249471,3.7175258317129,4,4,"both_sides","same_generator_run_non_event_intervals_only","clear_burst_like","INJECTED_STANDALONE_BURST_BOTH_SIDES_N07","injected_support","standalone_burst","both_sides",7,"none","injected_burst","eligible","S0046",10,1,"holdout",31.6575935697495,32.4913772293442,0.833783659594745,0.119480439809468,0.434448867231267,"observable_primary_positive",TRUE
"PHENO_0054","TPL_011","injected_rate_pulse","TPL_011_EVENT_006","none",153,156,58.9614471748536,59.5893483037008,4,5,0.627901128847125,0.150287123438733,0.414424912119802,2.7575543575345,2.95037115928918,0.387272415778561,0.455780834785998,2.26044387234003,4,0,"left_only","same_generator_run_non_event_intervals_only","clear_burst_like","INJECTED_STANDALONE_BURST_LEFT_ONLY_N04","injected_support","standalone_burst","left_only",4,"none","injected_burst","eligible","S0046",10,1,"holdout",58.9614471748536,59.5893483037008,0.627901128847125,0.150287123438733,0.414424912119802,"observable_primary_positive",TRUE
"PHENO_0055","TPL_011","injected_rate_pulse","TPL_011_EVENT_007","none",158,162,60.1566883998812,60.6352194478596,5,6,0.478531047978396,0.101908078404673,0.557038930759294,5.46609198681301,8.28254364585693,0.394114419196019,0.208365340635695,4.28723047020066,0,3,"right_only","same_generator_run_non_event_intervals_only","clear_burst_like","INJECTED_STANDALONE_BURST_RIGHT_ONLY_N05","injected_support","standalone_burst","right_only",5,"none","injected_burst","eligible","S0046",10,1,"holdout",60.1566883998812,60.6352194478596,0.478531047978396,0.101908078404673,0.557038930759294,"observable_primary_positive",TRUE
"PHENO_0111","TPL_011","null_model_burst_like_excursion","none","TPL_011_STATE_004",108,112,36.7449018341827,37.368984100463,5,6,0.624082266280305,0.0956225679450742,0.327400212510755,3.42388015242191,2.32371935703791,0.570858670242499,0.601437445315279,2.90580174861751,3,4,"both_sides","within_HFS_state_scan_window","no_burst_evidence","NULL_SCAN_BROAD_HFS","null_scan","broad_hfs","scan_both_sides",5,"none","mechanism_negative_null_excursion_audit","eligible","S0046",10,1,"holdout",36.7449018341827,37.368984100463,0.624082266280305,0.0956225679450742,0.327400212510755,"null_model_no_excursion",FALSE
"PHENO_0056","TPL_012","injected_rate_pulse","TPL_012_EVENT_003","none",60,64,36.3868237889012,36.9951045137611,5,6,0.608280724859949,0.0887133958507436,0.581888497738673,6.55919539725066,5.24831658908029,0.777234294139445,0.152499603470216,4.54250199075616,4,4,"both_sides","same_generator_run_non_event_intervals_only","clear_burst_like","INJECTED_STANDALONE_BURST_BOTH_SIDES_N05","injected_support","standalone_burst","both_sides",5,"none","injected_burst","eligible","S0016",1,0.1,"holdout",3.63868237889012,3.69951045137611,0.0608280724859949,0.00887133958507436,0.0581888497738673,"observable_primary_positive",TRUE
"PHENO_0057","TPL_012","injected_rate_pulse","TPL_012_EVENT_004","none",79,84,44.8811108955335,45.591152089845,6,7,0.710041194311464,0.117851222573388,0.382412234727382,3.24487286917408,2.71580409294155,0.374900611907315,0.38090833963009,3.09551796753846,4,0,"left_only","same_generator_run_non_event_intervals_only","clear_burst_like","INJECTED_STANDALONE_BURST_LEFT_ONLY_N06","injected_support","standalone_burst","left_only",6,"none","injected_burst","eligible","S0016",1,0.1,"holdout",4.48811108955335,4.5591152089845,0.0710041194311464,0.0117851222573388,0.0382412234727382,"observable_primary_positive",TRUE
"PHENO_0058","TPL_012","injected_rate_pulse","TPL_012_EVENT_005","none",86,93,46.0771071534246,46.7360454096027,8,9,0.658938256178137,0.0759509076235045,0.441179928593503,5.80875123679195,5.95020513102631,0.503564728417418,0.236194141578105,5.3717373767829,0,4,"right_only","same_generator_run_non_event_intervals_only","clear_burst_like","INJECTED_STANDALONE_BURST_RIGHT_ONLY_N08","injected_support","standalone_burst","right_only",8,"none","injected_burst","eligible","S0016",1,0.1,"holdout",4.60771071534246,4.67360454096027,0.0658938256178137,0.00759509076235045,0.0441179928593503,"observable_primary_positive",TRUE
"PHENO_0059","TPL_012","injected_rate_pulse","TPL_012_EVENT_006","TPL_012_STATE_004",109,116,51.7359465590171,52.4326998800314,8,9,0.696753321014377,0.090355160009574,0.193332971439056,2.13970039363077,2.68690258005548,0.303624311574592,0.54861214622286,2.36822266464592,4,4,"both_sides","same_generator_run_non_event_intervals_only","clear_burst_like","INJECTED_BURST_IN_HFS_BOTH_SIDES_N08","injected_support","burst_in_hfs","both_sides",8,"none","injected_burst","eligible","S0016",1,0.1,"holdout",5.17359465590171,5.24326998800314,0.0696753321014377,0.0090355160009574,0.0193332971439056,"observable_primary_positive",TRUE
"PHENO_0060","TPL_012","injected_rate_pulse","TPL_012_EVENT_008","TPL_012_STATE_005",140,142,62.185380485132,62.3286983964649,3,4,0.143317911332925,0.0389774930345532,0.305416292559716,7.83570898951781,5.73773282362897,0.511987455024426,0.187269759479259,3.95132532863195,4,4,"both_sides","same_generator_run_non_event_intervals_only","clear_burst_like","INJECTED_BURST_IN_HFS_BOTH_SIDES_N03","injected_support","burst_in_hfs","both_sides",3,"none","injected_burst","eligible","S0016",1,0.1,"holdout",6.2185380485132,6.23286983964649,0.0143317911332925,0.00389774930345532,0.0305416292559716,"observable_primary_positive",TRUE
"PHENO_0112","TPL_012","null_model_burst_like_excursion","none","TPL_012_STATE_003",36,42,25.5342958059933,28.3326230876005,7,8,2.79832728160725,0.325346166862337,0.462689188922398,1.4221442760018,1.15910887252311,0.411965515566248,1.07225805592792,0.927459413002311,0,4,"right_only","within_HFS_state_scan_window","no_burst_evidence","NULL_SCAN_BROAD_HFS","null_scan","broad_hfs","scan_both_sides",7,"none","mechanism_negative_null_excursion_audit","eligible","S0016",1,0.1,"holdout",2.55342958059933,2.83326230876005,0.279832728160725,0.0325346166862337,0.0462689188922398,"null_model_no_excursion",FALSE
"PHENO_0056","TPL_012","injected_rate_pulse","TPL_012_EVENT_003","none",60,64,36.3868237889012,36.9951045137611,5,6,0.608280724859949,0.0887133958507436,0.581888497738673,6.55919539725066,5.24831658908029,0.777234294139445,0.152499603470216,4.54250199075616,4,4,"both_sides","same_generator_run_non_event_intervals_only","clear_burst_like","INJECTED_STANDALONE_BURST_BOTH_SIDES_N05","injected_support","standalone_burst","both_sides",5,"none","injected_burst","eligible","S0031",4,0.4,"holdout",14.5547295155605,14.7980418055044,0.24331228994398,0.0354853583402974,0.232755399095469,"observable_primary_positive",TRUE
"PHENO_0057","TPL_012","injected_rate_pulse","TPL_012_EVENT_004","none",79,84,44.8811108955335,45.591152089845,6,7,0.710041194311464,0.117851222573388,0.382412234727382,3.24487286917408,2.71580409294155,0.374900611907315,0.38090833963009,3.09551796753846,4,0,"left_only","same_generator_run_non_event_intervals_only","clear_burst_like","INJECTED_STANDALONE_BURST_LEFT_ONLY_N06","injected_support","standalone_burst","left_only",6,"none","injected_burst","eligible","S0031",4,0.4,"holdout",17.9524443582134,18.236460835938,0.284016477724586,0.0471404890293551,0.152964893890953,"observable_primary_positive",TRUE
"PHENO_0058","TPL_012","injected_rate_pulse","TPL_012_EVENT_005","none",86,93,46.0771071534246,46.7360454096027,8,9,0.658938256178137,0.0759509076235045,0.441179928593503,5.80875123679195,5.95020513102631,0.503564728417418,0.236194141578105,5.3717373767829,0,4,"right_only","same_generator_run_non_event_intervals_only","clear_burst_like","INJECTED_STANDALONE_BURST_RIGHT_ONLY_N08","injected_support","standalone_burst","right_only",8,"none","injected_burst","eligible","S0031",4,0.4,"holdout",18.4308428613698,18.6944181638411,0.263575302471255,0.0303803630494018,0.176471971437401,"observable_primary_positive",TRUE
"PHENO_0059","TPL_012","injected_rate_pulse","TPL_012_EVENT_006","TPL_012_STATE_004",109,116,51.7359465590171,52.4326998800314,8,9,0.696753321014377,0.090355160009574,0.193332971439056,2.13970039363077,2.68690258005548,0.303624311574592,0.54861214622286,2.36822266464592,4,4,"both_sides","same_generator_run_non_event_intervals_only","clear_burst_like","INJECTED_BURST_IN_HFS_BOTH_SIDES_N08","injected_support","burst_in_hfs","both_sides",8,"none","injected_burst","eligible","S0031",4,0.4,"holdout",20.6943786236068,20.9730799520126,0.278701328405751,0.0361420640038296,0.0773331885756225,"observable_primary_positive",TRUE
"PHENO_0060","TPL_012","injected_rate_pulse","TPL_012_EVENT_008","TPL_012_STATE_005",140,142,62.185380485132,62.3286983964649,3,4,0.143317911332925,0.0389774930345532,0.305416292559716,7.83570898951781,5.73773282362897,0.511987455024426,0.187269759479259,3.95132532863195,4,4,"both_sides","same_generator_run_non_event_intervals_only","clear_burst_like","INJECTED_BURST_IN_HFS_BOTH_SIDES_N03","injected_support","burst_in_hfs","both_sides",3,"none","injected_burst","eligible","S0031",4,0.4,"holdout",24.8741521940528,24.931479358586,0.0573271645331701,0.0155909972138213,0.122166517023887,"observable_primary_positive",TRUE
"PHENO_0112","TPL_012","null_model_burst_like_excursion","none","TPL_012_STATE_003",36,42,25.5342958059933,28.3326230876005,7,8,2.79832728160725,0.325346166862337,0.462689188922398,1.4221442760018,1.15910887252311,0.411965515566248,1.07225805592792,0.927459413002311,0,4,"right_only","within_HFS_state_scan_window","no_burst_evidence","NULL_SCAN_BROAD_HFS","null_scan","broad_hfs","scan_both_sides",7,"none","mechanism_negative_null_excursion_audit","eligible","S0031",4,0.4,"holdout",10.2137183223973,11.3330492350402,1.1193309126429,0.130138466744935,0.185075675568959,"null_model_no_excursion",FALSE
"PHENO_0056","TPL_012","injected_rate_pulse","TPL_012_EVENT_003","none",60,64,36.3868237889012,36.9951045137611,5,6,0.608280724859949,0.0887133958507436,0.581888497738673,6.55919539725066,5.24831658908029,0.777234294139445,0.152499603470216,4.54250199075616,4,4,"both_sides","same_generator_run_non_event_intervals_only","clear_burst_like","INJECTED_STANDALONE_BURST_BOTH_SIDES_N05","injected_support","standalone_burst","both_sides",5,"none","injected_burst","eligible","S0057",10,1,"holdout",36.3868237889012,36.9951045137611,0.608280724859949,0.0887133958507436,0.581888497738673,"observable_primary_positive",TRUE
"PHENO_0057","TPL_012","injected_rate_pulse","TPL_012_EVENT_004","none",79,84,44.8811108955335,45.591152089845,6,7,0.710041194311464,0.117851222573388,0.382412234727382,3.24487286917408,2.71580409294155,0.374900611907315,0.38090833963009,3.09551796753846,4,0,"left_only","same_generator_run_non_event_intervals_only","clear_burst_like","INJECTED_STANDALONE_BURST_LEFT_ONLY_N06","injected_support","standalone_burst","left_only",6,"none","injected_burst","eligible","S0057",10,1,"holdout",44.8811108955335,45.591152089845,0.710041194311464,0.117851222573388,0.382412234727382,"observable_primary_positive",TRUE
"PHENO_0058","TPL_012","injected_rate_pulse","TPL_012_EVENT_005","none",86,93,46.0771071534246,46.7360454096027,8,9,0.658938256178137,0.0759509076235045,0.441179928593503,5.80875123679195,5.95020513102631,0.503564728417418,0.236194141578105,5.3717373767829,0,4,"right_only","same_generator_run_non_event_intervals_only","clear_burst_like","INJECTED_STANDALONE_BURST_RIGHT_ONLY_N08","injected_support","standalone_burst","right_only",8,"none","injected_burst","eligible","S0057",10,1,"holdout",46.0771071534246,46.7360454096027,0.658938256178137,0.0759509076235045,0.441179928593503,"observable_primary_positive",TRUE
"PHENO_0059","TPL_012","injected_rate_pulse","TPL_012_EVENT_006","TPL_012_STATE_004",109,116,51.7359465590171,52.4326998800314,8,9,0.696753321014377,0.090355160009574,0.193332971439056,2.13970039363077,2.68690258005548,0.303624311574592,0.54861214622286,2.36822266464592,4,4,"both_sides","same_generator_run_non_event_intervals_only","clear_burst_like","INJECTED_BURST_IN_HFS_BOTH_SIDES_N08","injected_support","burst_in_hfs","both_sides",8,"none","injected_burst","eligible","S0057",10,1,"holdout",51.7359465590171,52.4326998800314,0.696753321014377,0.090355160009574,0.193332971439056,"observable_primary_positive",TRUE
"PHENO_0060","TPL_012","injected_rate_pulse","TPL_012_EVENT_008","TPL_012_STATE_005",140,142,62.185380485132,62.3286983964649,3,4,0.143317911332925,0.0389774930345532,0.305416292559716,7.83570898951781,5.73773282362897,0.511987455024426,0.187269759479259,3.95132532863195,4,4,"both_sides","same_generator_run_non_event_intervals_only","clear_burst_like","INJECTED_BURST_IN_HFS_BOTH_SIDES_N03","injected_support","burst_in_hfs","both_sides",3,"none","injected_burst","eligible","S0057",10,1,"holdout",62.185380485132,62.3286983964649,0.143317911332925,0.0389774930345532,0.305416292559716,"observable_primary_positive",TRUE
"PHENO_0112","TPL_012","null_model_burst_like_excursion","none","TPL_012_STATE_003",36,42,25.5342958059933,28.3326230876005,7,8,2.79832728160725,0.325346166862337,0.462689188922398,1.4221442760018,1.15910887252311,0.411965515566248,1.07225805592792,0.927459413002311,0,4,"right_only","within_HFS_state_scan_window","no_burst_evidence","NULL_SCAN_BROAD_HFS","null_scan","broad_hfs","scan_both_sides",7,"none","mechanism_negative_null_excursion_audit","eligible","S0057",10,1,"holdout",25.5342958059933,28.3326230876005,2.79832728160725,0.325346166862337,0.462689188922398,"null_model_no_excursion",FALSE
"PHENO_0061","TPL_013","injected_rate_pulse","TPL_013_EVENT_001","none",5,8,2.53513482304245,3.28263657049905,4,5,0.747501747456592,0.164092614457867,0.704059958314383,4.29062551438084,3.39147678472775,0.301567455219265,0.277206025023114,3.18802467825774,4,0,"left_only","same_generator_run_non_event_intervals_only","clear_burst_like","INJECTED_STANDALONE_BURST_LEFT_ONLY_N04","injected_support","standalone_burst","left_only",4,"none","injected_burst","eligible","S0012",1,0.1,"holdout",0.253513482304245,0.328263657049905,0.0747501747456592,0.0164092614457867,0.0704059958314383,"observable_primary_positive",TRUE
"PHENO_0062","TPL_013","injected_rate_pulse","TPL_013_EVENT_002","none",10,15,3.9090146944764,4.67903480666519,6,7,0.770020112188792,0.137167465487098,0.831451067547302,6.06157637013065,6.3458824007438,0.262704824116508,0.169210519771205,4.84958782856167,0,3,"right_only","same_generator_run_non_event_intervals_only","clear_burst_like","INJECTED_STANDALONE_BURST_RIGHT_ONLY_N06","injected_support","standalone_burst","right_only",6,"none","injected_burst","eligible","S0012",1,0.1,"holdout",0.39090146944764,0.467903480666519,0.0770020112188792,0.0137167465487098,0.0831451067547302,"observable_primary_positive",TRUE
"PHENO_0063","TPL_013","injected_rate_pulse","TPL_013_EVENT_005","TPL_013_STATE_002",46,53,30.6680035553941,31.241028432819,8,9,0.573024877424817,0.0597715206940008,0.300717741778849,5.03112081284275,4.49411280482756,0.574121967822415,0.245471140620587,4.88800774860628,4,4,"both_sides","same_generator_run_non_event_intervals_only","clear_burst_like","INJECTED_BURST_IN_HFS_BOTH_SIDES_N08","injected_support","burst_in_hfs","both_sides",8,"none","injected_burst","eligible","S0012",1,0.1,"holdout",3.06680035553941,3.1241028432819,0.0573024877424817,0.00597715206940008,0.0300717741778849,"observable_primary_positive",TRUE
"PHENO_0064","TPL_013","injected_rate_pulse","TPL_013_EVENT_006","none",75,81,43.5894350534252,44.2687354137736,7,8,0.679300360348451,0.0793300173437506,0.790438245048651,9.96392376448813,7.9693895843939,0.354527159204958,0.156791035577347,6.56595465446463,4,4,"both_sides","same_generator_run_non_event_intervals_only","clear_burst_like","INJECTED_STANDALONE_BURST_BOTH_SIDES_N07","injected_support","standalone_burst","both_sides",7,"none","injected_burst","eligible","S0012",1,0.1,"holdout",4.35894350534252,4.42687354137736,0.0679300360348451,0.00793300173437506,0.0790438245048651,"observable_primary_positive",TRUE
"PHENO_0065","TPL_013","injected_rate_pulse","TPL_013_EVENT_007","TPL_013_STATE_005",141,144,66.1078747757234,66.3660177767477,4,5,0.258143001024232,0.0568128007576565,0.195257876753303,3.4368641247983,3.0568481429057,0.340084697754706,0.360340761450541,2.71445654985174,4,4,"both_sides","same_generator_run_non_event_intervals_only","clear_burst_like","INJECTED_BURST_IN_HFS_BOTH_SIDES_N04","injected_support","burst_in_hfs","both_sides",4,"none","injected_burst","eligible","S0012",1,0.1,"holdout",6.61078747757234,6.63660177767477,0.0258143001024232,0.00568128007576565,0.0195257876753303,"observable_primary_positive",TRUE
"PHENO_0113","TPL_013","null_model_burst_like_excursion","none","TPL_013_STATE_003",86,93,47.0882824765545,48.7229857384046,8,9,1.63470326185018,0.201929496643623,0.384841383962082,1.9058205480563,1.9155341800262,0.381307418829179,0.669646257140096,1.94845682192715,0,4,"right_only","within_HFS_state_scan_window","no_burst_evidence","NULL_SCAN_BROAD_HFS","null_scan","broad_hfs","scan_both_sides",8,"none","mechanism_negative_null_excursion_audit","eligible","S0012",1,0.1,"holdout",4.70882824765545,4.87229857384046,0.163470326185018,0.0201929496643623,0.0384841383962082,"null_model_no_excursion",FALSE
"PHENO_0061","TPL_013","injected_rate_pulse","TPL_013_EVENT_001","none",5,8,2.53513482304245,3.28263657049905,4,5,0.747501747456592,0.164092614457867,0.704059958314383,4.29062551438084,3.39147678472775,0.301567455219265,0.277206025023114,3.18802467825774,4,0,"left_only","same_generator_run_non_event_intervals_only","clear_burst_like","INJECTED_STANDALONE_BURST_LEFT_ONLY_N04","injected_support","standalone_burst","left_only",4,"none","injected_burst","eligible","S0022",4,0.4,"holdout",1.01405392921698,1.31305462819962,0.299000698982637,0.0656370457831468,0.281623983325753,"observable_primary_positive",TRUE
"PHENO_0062","TPL_013","injected_rate_pulse","TPL_013_EVENT_002","none",10,15,3.9090146944764,4.67903480666519,6,7,0.770020112188792,0.137167465487098,0.831451067547302,6.06157637013065,6.3458824007438,0.262704824116508,0.169210519771205,4.84958782856167,0,3,"right_only","same_generator_run_non_event_intervals_only","clear_burst_like","INJECTED_STANDALONE_BURST_RIGHT_ONLY_N06","injected_support","standalone_burst","right_only",6,"none","injected_burst","eligible","S0022",4,0.4,"holdout",1.56360587779056,1.87161392266608,0.308008044875517,0.054866986194839,0.332580427018921,"observable_primary_positive",TRUE
"PHENO_0063","TPL_013","injected_rate_pulse","TPL_013_EVENT_005","TPL_013_STATE_002",46,53,30.6680035553941,31.241028432819,8,9,0.573024877424817,0.0597715206940008,0.300717741778849,5.03112081284275,4.49411280482756,0.574121967822415,0.245471140620587,4.88800774860628,4,4,"both_sides","same_generator_run_non_event_intervals_only","clear_burst_like","INJECTED_BURST_IN_HFS_BOTH_SIDES_N08","injected_support","burst_in_hfs","both_sides",8,"none","injected_burst","eligible","S0022",4,0.4,"holdout",12.2672014221577,12.4964113731276,0.229209950969927,0.0239086082776003,0.12028709671154,"observable_primary_positive",TRUE
"PHENO_0064","TPL_013","injected_rate_pulse","TPL_013_EVENT_006","none",75,81,43.5894350534252,44.2687354137736,7,8,0.679300360348451,0.0793300173437506,0.790438245048651,9.96392376448813,7.9693895843939,0.354527159204958,0.156791035577347,6.56595465446463,4,4,"both_sides","same_generator_run_non_event_intervals_only","clear_burst_like","INJECTED_STANDALONE_BURST_BOTH_SIDES_N07","injected_support","standalone_burst","both_sides",7,"none","injected_burst","eligible","S0022",4,0.4,"holdout",17.4357740213701,17.7074941655095,0.27172014413938,0.0317320069375002,0.316175298019461,"observable_primary_positive",TRUE
"PHENO_0065","TPL_013","injected_rate_pulse","TPL_013_EVENT_007","TPL_013_STATE_005",141,144,66.1078747757234,66.3660177767477,4,5,0.258143001024232,0.0568128007576565,0.195257876753303,3.4368641247983,3.0568481429057,0.340084697754706,0.360340761450541,2.71445654985174,4,4,"both_sides","same_generator_run_non_event_intervals_only","clear_burst_like","INJECTED_BURST_IN_HFS_BOTH_SIDES_N04","injected_support","burst_in_hfs","both_sides",4,"none","injected_burst","eligible","S0022",4,0.4,"holdout",26.4431499102894,26.5464071106991,0.103257200409693,0.0227251203030626,0.0781031507013213,"observable_primary_positive",TRUE
"PHENO_0113","TPL_013","null_model_burst_like_excursion","none","TPL_013_STATE_003",86,93,47.0882824765545,48.7229857384046,8,9,1.63470326185018,0.201929496643623,0.384841383962082,1.9058205480563,1.9155341800262,0.381307418829179,0.669646257140096,1.94845682192715,0,4,"right_only","within_HFS_state_scan_window","no_burst_evidence","NULL_SCAN_BROAD_HFS","null_scan","broad_hfs","scan_both_sides",8,"none","mechanism_negative_null_excursion_audit","eligible","S0022",4,0.4,"holdout",18.8353129906218,19.4891942953619,0.653881304740072,0.0807717986574491,0.153936553584833,"null_model_no_excursion",FALSE
"PHENO_0061","TPL_013","injected_rate_pulse","TPL_013_EVENT_001","none",5,8,2.53513482304245,3.28263657049905,4,5,0.747501747456592,0.164092614457867,0.704059958314383,4.29062551438084,3.39147678472775,0.301567455219265,0.277206025023114,3.18802467825774,4,0,"left_only","same_generator_run_non_event_intervals_only","clear_burst_like","INJECTED_STANDALONE_BURST_LEFT_ONLY_N04","injected_support","standalone_burst","left_only",4,"none","injected_burst","eligible","S0053",10,1,"holdout",2.53513482304245,3.28263657049905,0.747501747456592,0.164092614457867,0.704059958314383,"observable_primary_positive",TRUE
"PHENO_0062","TPL_013","injected_rate_pulse","TPL_013_EVENT_002","none",10,15,3.9090146944764,4.67903480666519,6,7,0.770020112188792,0.137167465487098,0.831451067547302,6.06157637013065,6.3458824007438,0.262704824116508,0.169210519771205,4.84958782856167,0,3,"right_only","same_generator_run_non_event_intervals_only","clear_burst_like","INJECTED_STANDALONE_BURST_RIGHT_ONLY_N06","injected_support","standalone_burst","right_only",6,"none","injected_burst","eligible","S0053",10,1,"holdout",3.9090146944764,4.67903480666519,0.770020112188792,0.137167465487098,0.831451067547302,"observable_primary_positive",TRUE
"PHENO_0063","TPL_013","injected_rate_pulse","TPL_013_EVENT_005","TPL_013_STATE_002",46,53,30.6680035553941,31.241028432819,8,9,0.573024877424817,0.0597715206940008,0.300717741778849,5.03112081284275,4.49411280482756,0.574121967822415,0.245471140620587,4.88800774860628,4,4,"both_sides","same_generator_run_non_event_intervals_only","clear_burst_like","INJECTED_BURST_IN_HFS_BOTH_SIDES_N08","injected_support","burst_in_hfs","both_sides",8,"none","injected_burst","eligible","S0053",10,1,"holdout",30.6680035553941,31.241028432819,0.573024877424817,0.0597715206940008,0.300717741778849,"observable_primary_positive",TRUE
"PHENO_0064","TPL_013","injected_rate_pulse","TPL_013_EVENT_006","none",75,81,43.5894350534252,44.2687354137736,7,8,0.679300360348451,0.0793300173437506,0.790438245048651,9.96392376448813,7.9693895843939,0.354527159204958,0.156791035577347,6.56595465446463,4,4,"both_sides","same_generator_run_non_event_intervals_only","clear_burst_like","INJECTED_STANDALONE_BURST_BOTH_SIDES_N07","injected_support","standalone_burst","both_sides",7,"none","injected_burst","eligible","S0053",10,1,"holdout",43.5894350534252,44.2687354137736,0.679300360348451,0.0793300173437506,0.790438245048651,"observable_primary_positive",TRUE
"PHENO_0065","TPL_013","injected_rate_pulse","TPL_013_EVENT_007","TPL_013_STATE_005",141,144,66.1078747757234,66.3660177767477,4,5,0.258143001024232,0.0568128007576565,0.195257876753303,3.4368641247983,3.0568481429057,0.340084697754706,0.360340761450541,2.71445654985174,4,4,"both_sides","same_generator_run_non_event_intervals_only","clear_burst_like","INJECTED_BURST_IN_HFS_BOTH_SIDES_N04","injected_support","burst_in_hfs","both_sides",4,"none","injected_burst","eligible","S0053",10,1,"holdout",66.1078747757234,66.3660177767477,0.258143001024232,0.0568128007576565,0.195257876753303,"observable_primary_positive",TRUE
"PHENO_0113","TPL_013","null_model_burst_like_excursion","none","TPL_013_STATE_003",86,93,47.0882824765545,48.7229857384046,8,9,1.63470326185018,0.201929496643623,0.384841383962082,1.9058205480563,1.9155341800262,0.381307418829179,0.669646257140096,1.94845682192715,0,4,"right_only","within_HFS_state_scan_window","no_burst_evidence","NULL_SCAN_BROAD_HFS","null_scan","broad_hfs","scan_both_sides",8,"none","mechanism_negative_null_excursion_audit","eligible","S0053",10,1,"holdout",47.0882824765545,48.7229857384046,1.63470326185018,0.201929496643623,0.384841383962082,"null_model_no_excursion",FALSE
"PHENO_0066","TPL_014","injected_rate_pulse","TPL_014_EVENT_001","TPL_014_STATE_001",13,16,4.27167127511281,4.55366065068078,4,5,0.28198937556797,0.0701127054154855,0.33029383264386,4.71089841258514,4.52410748357605,0.241834641077081,0.253759657890247,3.45292888623786,4,4,"both_sides","same_generator_run_non_event_intervals_only","clear_burst_like","INJECTED_BURST_IN_HFS_BOTH_SIDES_N04","injected_support","burst_in_hfs","both_sides",4,"none","injected_burst","eligible","S0033",1,0.1,"holdout",0.427167127511281,0.455366065068078,0.028198937556797,0.00701127054154855,0.033029383264386,"observable_primary_positive",TRUE
"PHENO_0067","TPL_014","injected_rate_pulse","TPL_014_EVENT_003","TPL_014_STATE_002",39,46,15.493366583277,16.3235345250497,8,9,0.830167941772742,0.101848556076872,0.28924510842324,2.83995296118805,2.98549420811343,0.510427594158963,0.378814248009176,3.17467541140108,4,4,"both_sides","same_generator_run_non_event_intervals_only","clear_burst_like","INJECTED_BURST_IN_HFS_BOTH_SIDES_N08","injected_support","burst_in_hfs","both_sides",8,"none","injected_burst","eligible","S0033",1,0.1,"holdout",1.5493366583277,1.63235345250497,0.0830167941772742,0.0101848556076872,0.028924510842324,"observable_primary_positive",TRUE
"PHENO_0068","TPL_014","injected_rate_pulse","TPL_014_EVENT_006","none",135,139,58.517278623593,59.2154182974477,5,6,0.698139673854751,0.114310246566025,0.52046637140222,4.55310339219329,3.98262740541876,0.506674370390432,0.28041510130658,3.68427011089999,4,4,"both_sides","same_generator_run_non_event_intervals_only","clear_burst_like","INJECTED_STANDALONE_BURST_BOTH_SIDES_N05","injected_support","standalone_burst","both_sides",5,"none","injected_burst","eligible","S0033",1,0.1,"holdout",5.8517278623593,5.92154182974477,0.0698139673854751,0.0114310246566025,0.052046637140222,"observable_primary_positive",TRUE
"PHENO_0069","TPL_014","injected_rate_pulse","TPL_014_EVENT_007","none",147,153,64.8746502904771,65.71145264811,7,8,0.836802357632916,0.0976987153181104,0.482277047486854,4.9363704109777,9.526419075712,0.725015008037463,0.28696182871537,4.71530250245953,3,0,"left_only","same_generator_run_non_event_intervals_only","clear_burst_like","INJECTED_STANDALONE_BURST_LEFT_ONLY_N07","injected_support","standalone_burst","left_only",7,"none","injected_burst","eligible","S0033",1,0.1,"holdout",6.48746502904771,6.571145264811,0.0836802357632916,0.00976987153181104,0.0482277047486854,"observable_primary_positive",TRUE
"PHENO_0070","TPL_014","injected_rate_pulse","TPL_014_EVENT_008","none",155,157,66.3311036276904,66.7970596262014,3,4,0.46595599851104,0.160612124696523,0.477013957904311,2.96997476875193,4.91690254054385,0.526806607804029,0.414011406750617,2.23091892603512,0,3,"right_only","same_generator_run_non_event_intervals_only","clear_burst_like","INJECTED_STANDALONE_BURST_RIGHT_ONLY_N03","injected_support","standalone_burst","right_only",3,"none","injected_burst","eligible","S0033",1,0.1,"holdout",6.63311036276904,6.67970596262014,0.046595599851104,0.0160612124696523,0.0477013957904311,"observable_primary_positive",TRUE
"PHENO_0114","TPL_014","null_model_burst_like_excursion","none","TPL_014_STATE_005",113,121,52.7815895872257,53.4935335100631,9,10,0.711943922837385,0.0745953813338307,0.354289051608334,4.7494770490255,4.31261142956889,0.458579390464468,0.28815885496154,4.99363151727559,4,4,"both_sides","within_HFS_state_scan_window","clear_burst_like","NULL_SCAN_BROAD_HFS","null_scan","broad_hfs","scan_both_sides",9,"none","mechanism_negative_null_excursion_audit","eligible","S0033",1,0.1,"holdout",5.27815895872257,5.34935335100631,0.0711943922837385,0.00745953813338307,0.0354289051608334,"null_model_clear_excursion_secondary_audit",FALSE
"PHENO_0066","TPL_014","injected_rate_pulse","TPL_014_EVENT_001","TPL_014_STATE_001",13,16,4.27167127511281,4.55366065068078,4,5,0.28198937556797,0.0701127054154855,0.33029383264386,4.71089841258514,4.52410748357605,0.241834641077081,0.253759657890247,3.45292888623786,4,4,"both_sides","same_generator_run_non_event_intervals_only","clear_burst_like","INJECTED_BURST_IN_HFS_BOTH_SIDES_N04","injected_support","burst_in_hfs","both_sides",4,"none","injected_burst","eligible","S0051",4,0.4,"holdout",1.70866851004512,1.82146426027231,0.112795750227188,0.0280450821661942,0.132117533057544,"observable_primary_positive",TRUE
"PHENO_0067","TPL_014","injected_rate_pulse","TPL_014_EVENT_003","TPL_014_STATE_002",39,46,15.493366583277,16.3235345250497,8,9,0.830167941772742,0.101848556076872,0.28924510842324,2.83995296118805,2.98549420811343,0.510427594158963,0.378814248009176,3.17467541140108,4,4,"both_sides","same_generator_run_non_event_intervals_only","clear_burst_like","INJECTED_BURST_IN_HFS_BOTH_SIDES_N08","injected_support","burst_in_hfs","both_sides",8,"none","injected_burst","eligible","S0051",4,0.4,"holdout",6.19734663331079,6.52941381001989,0.332067176709097,0.0407394224307487,0.115698043369296,"observable_primary_positive",TRUE
"PHENO_0068","TPL_014","injected_rate_pulse","TPL_014_EVENT_006","none",135,139,58.517278623593,59.2154182974477,5,6,0.698139673854751,0.114310246566025,0.52046637140222,4.55310339219329,3.98262740541876,0.506674370390432,0.28041510130658,3.68427011089999,4,4,"both_sides","same_generator_run_non_event_intervals_only","clear_burst_like","INJECTED_STANDALONE_BURST_BOTH_SIDES_N05","injected_support","standalone_burst","both_sides",5,"none","injected_burst","eligible","S0051",4,0.4,"holdout",23.4069114494372,23.6861673189791,0.2792558695419,0.04572409862641,0.208186548560888,"observable_primary_positive",TRUE
"PHENO_0069","TPL_014","injected_rate_pulse","TPL_014_EVENT_007","none",147,153,64.8746502904771,65.71145264811,7,8,0.836802357632916,0.0976987153181104,0.482277047486854,4.9363704109777,9.526419075712,0.725015008037463,0.28696182871537,4.71530250245953,3,0,"left_only","same_generator_run_non_event_intervals_only","clear_burst_like","INJECTED_STANDALONE_BURST_LEFT_ONLY_N07","injected_support","standalone_burst","left_only",7,"none","injected_burst","eligible","S0051",4,0.4,"holdout",25.9498601161908,26.284581059244,0.334720943053167,0.0390794861272441,0.192910818994742,"observable_primary_positive",TRUE
"PHENO_0070","TPL_014","injected_rate_pulse","TPL_014_EVENT_008","none",155,157,66.3311036276904,66.7970596262014,3,4,0.46595599851104,0.160612124696523,0.477013957904311,2.96997476875193,4.91690254054385,0.526806607804029,0.414011406750617,2.23091892603512,0,3,"right_only","same_generator_run_non_event_intervals_only","clear_burst_like","INJECTED_STANDALONE_BURST_RIGHT_ONLY_N03","injected_support","standalone_burst","right_only",3,"none","injected_burst","eligible","S0051",4,0.4,"holdout",26.5324414510761,26.7188238504806,0.186382399404416,0.0642448498786092,0.190805583161724,"observable_primary_positive",TRUE
"PHENO_0114","TPL_014","null_model_burst_like_excursion","none","TPL_014_STATE_005",113,121,52.7815895872257,53.4935335100631,9,10,0.711943922837385,0.0745953813338307,0.354289051608334,4.7494770490255,4.31261142956889,0.458579390464468,0.28815885496154,4.99363151727559,4,4,"both_sides","within_HFS_state_scan_window","clear_burst_like","NULL_SCAN_BROAD_HFS","null_scan","broad_hfs","scan_both_sides",9,"none","mechanism_negative_null_excursion_audit","eligible","S0051",4,0.4,"holdout",21.1126358348903,21.3974134040252,0.284777569134954,0.0298381525335323,0.141715620643333,"null_model_clear_excursion_secondary_audit",FALSE
"PHENO_0066","TPL_014","injected_rate_pulse","TPL_014_EVENT_001","TPL_014_STATE_001",13,16,4.27167127511281,4.55366065068078,4,5,0.28198937556797,0.0701127054154855,0.33029383264386,4.71089841258514,4.52410748357605,0.241834641077081,0.253759657890247,3.45292888623786,4,4,"both_sides","same_generator_run_non_event_intervals_only","clear_burst_like","INJECTED_BURST_IN_HFS_BOTH_SIDES_N04","injected_support","burst_in_hfs","both_sides",4,"none","injected_burst","eligible","S0019",10,1,"holdout",4.27167127511281,4.55366065068078,0.28198937556797,0.0701127054154855,0.33029383264386,"observable_primary_positive",TRUE
"PHENO_0067","TPL_014","injected_rate_pulse","TPL_014_EVENT_003","TPL_014_STATE_002",39,46,15.493366583277,16.3235345250497,8,9,0.830167941772742,0.101848556076872,0.28924510842324,2.83995296118805,2.98549420811343,0.510427594158963,0.378814248009176,3.17467541140108,4,4,"both_sides","same_generator_run_non_event_intervals_only","clear_burst_like","INJECTED_BURST_IN_HFS_BOTH_SIDES_N08","injected_support","burst_in_hfs","both_sides",8,"none","injected_burst","eligible","S0019",10,1,"holdout",15.493366583277,16.3235345250497,0.830167941772742,0.101848556076872,0.28924510842324,"observable_primary_positive",TRUE
"PHENO_0068","TPL_014","injected_rate_pulse","TPL_014_EVENT_006","none",135,139,58.517278623593,59.2154182974477,5,6,0.698139673854751,0.114310246566025,0.52046637140222,4.55310339219329,3.98262740541876,0.506674370390432,0.28041510130658,3.68427011089999,4,4,"both_sides","same_generator_run_non_event_intervals_only","clear_burst_like","INJECTED_STANDALONE_BURST_BOTH_SIDES_N05","injected_support","standalone_burst","both_sides",5,"none","injected_burst","eligible","S0019",10,1,"holdout",58.517278623593,59.2154182974477,0.698139673854751,0.114310246566025,0.52046637140222,"observable_primary_positive",TRUE
"PHENO_0069","TPL_014","injected_rate_pulse","TPL_014_EVENT_007","none",147,153,64.8746502904771,65.71145264811,7,8,0.836802357632916,0.0976987153181104,0.482277047486854,4.9363704109777,9.526419075712,0.725015008037463,0.28696182871537,4.71530250245953,3,0,"left_only","same_generator_run_non_event_intervals_only","clear_burst_like","INJECTED_STANDALONE_BURST_LEFT_ONLY_N07","injected_support","standalone_burst","left_only",7,"none","injected_burst","eligible","S0019",10,1,"holdout",64.8746502904771,65.71145264811,0.836802357632916,0.0976987153181104,0.482277047486854,"observable_primary_positive",TRUE
"PHENO_0070","TPL_014","injected_rate_pulse","TPL_014_EVENT_008","none",155,157,66.3311036276904,66.7970596262014,3,4,0.46595599851104,0.160612124696523,0.477013957904311,2.96997476875193,4.91690254054385,0.526806607804029,0.414011406750617,2.23091892603512,0,3,"right_only","same_generator_run_non_event_intervals_only","clear_burst_like","INJECTED_STANDALONE_BURST_RIGHT_ONLY_N03","injected_support","standalone_burst","right_only",3,"none","injected_burst","eligible","S0019",10,1,"holdout",66.3311036276904,66.7970596262014,0.46595599851104,0.160612124696523,0.477013957904311,"observable_primary_positive",TRUE
"PHENO_0114","TPL_014","null_model_burst_like_excursion","none","TPL_014_STATE_005",113,121,52.7815895872257,53.4935335100631,9,10,0.711943922837385,0.0745953813338307,0.354289051608334,4.7494770490255,4.31261142956889,0.458579390464468,0.28815885496154,4.99363151727559,4,4,"both_sides","within_HFS_state_scan_window","clear_burst_like","NULL_SCAN_BROAD_HFS","null_scan","broad_hfs","scan_both_sides",9,"none","mechanism_negative_null_excursion_audit","eligible","S0019",10,1,"holdout",52.7815895872257,53.4935335100631,0.711943922837385,0.0745953813338307,0.354289051608334,"null_model_clear_excursion_secondary_audit",FALSE
"PHENO_0071","TPL_015","injected_rate_pulse","TPL_015_EVENT_001","TPL_015_STATE_001",13,17,3.58250021272681,4.13498742654492,5,6,0.552487213818101,0.137940965693113,0.171939105436543,1.24646876707437,1.85477613485822,0.442235614238517,0.83314232207898,0.60285578888905,4,4,"both_sides","same_generator_run_non_event_intervals_only","no_burst_evidence","INJECTED_BURST_IN_HFS_BOTH_SIDES_N05","injected_support","burst_in_hfs","both_sides",5,"none","injected_burst","eligible","S0013",1,0.1,"holdout",0.358250021272682,0.413498742654492,0.0552487213818101,0.0137940965693113,0.0171939105436543,"strict_only_no_independent_evidence",FALSE
"PHENO_0072","TPL_015","injected_rate_pulse","TPL_015_EVENT_002","none",39,46,10.8429063614275,11.6864221200765,8,9,0.843515758649015,0.0965139214965498,0.324104414324996,3.3581105119284,4.09026368751733,0.375332107628367,0.340841244884479,3.74091486672183,4,4,"both_sides","same_generator_run_non_event_intervals_only","clear_burst_like","INJECTED_STANDALONE_BURST_BOTH_SIDES_N08","injected_support","standalone_burst","both_sides",8,"none","injected_burst","eligible","S0013",1,0.1,"holdout",1.08429063614275,1.16864221200765,0.0843515758649015,0.00965139214965498,0.0324104414324996,"observable_primary_positive",TRUE
"PHENO_0073","TPL_015","injected_rate_pulse","TPL_015_EVENT_003","TPL_015_STATE_003",97,100,25.4247147658056,26.0275894932207,4,5,0.602874727415122,0.157865196015296,0.394615239906586,2.49969752590907,2.57409133249193,0.336708967246567,0.464877236763092,2.03504272092449,4,4,"both_sides","same_generator_run_non_event_intervals_only","clear_burst_like","INJECTED_BURST_IN_HFS_BOTH_SIDES_N04","injected_support","burst_in_hfs","both_sides",4,"none","injected_burst","eligible","S0013",1,0.1,"holdout",2.54247147658056,2.60275894932207,0.0602874727415122,0.0157865196015296,0.0394615239906586,"observable_primary_positive",TRUE
"PHENO_0074","TPL_015","injected_rate_pulse","TPL_015_EVENT_006","none",145,152,55.7311985877604,56.5166468324796,8,9,0.785448244719197,0.0968885525114507,0.4607621619142,4.75558928243608,4.41266592854008,0.377481285839026,0.276832213652773,4.7437963580795,4,0,"left_only","same_generator_run_non_event_intervals_only","clear_burst_like","INJECTED_STANDALONE_BURST_LEFT_ONLY_N08","injected_support","standalone_burst","left_only",8,"none","injected_burst","eligible","S0013",1,0.1,"holdout",5.57311985877604,5.65166468324796,0.0785448244719197,0.00968885525114507,0.04607621619142,"observable_primary_positive",TRUE
"PHENO_0075","TPL_015","injected_rate_pulse","TPL_015_EVENT_007","none",154,159,57.0934602437265,57.8587331378105,6,7,0.765272894083928,0.128004310737509,0.391661222544996,3.05975025597499,3.0753216314579,0.358098073955684,0.391211803663313,2.98438850531585,0,4,"right_only","same_generator_run_non_event_intervals_only","clear_burst_like","INJECTED_STANDALONE_BURST_RIGHT_ONLY_N06","injected_support","standalone_burst","right_only",6,"none","injected_burst","eligible","S0013",1,0.1,"holdout",5.70934602437266,5.78587331378105,0.0765272894083928,0.0128004310737509,0.0391661222544996,"observable_primary_positive",TRUE
"PHENO_0115","TPL_015","null_model_burst_like_excursion","none","TPL_015_STATE_002",60,64,15.6750956861303,16.4834452811169,5,6,0.808349594986601,0.103763600700006,0.228895927497773,2.2059366285827,1.4628497250695,0.809921297969685,0.702797693595899,1.78317455553216,4,4,"both_sides","within_HFS_state_scan_window","no_burst_evidence","NULL_SCAN_BROAD_HFS","null_scan","broad_hfs","scan_both_sides",5,"none","mechanism_negative_null_excursion_audit","eligible","S0013",1,0.1,"holdout",1.56750956861303,1.64834452811169,0.0808349594986601,0.0103763600700006,0.0228895927497773,"null_model_no_excursion",FALSE
"PHENO_0071","TPL_015","injected_rate_pulse","TPL_015_EVENT_001","TPL_015_STATE_001",13,17,3.58250021272681,4.13498742654492,5,6,0.552487213818101,0.137940965693113,0.171939105436543,1.24646876707437,1.85477613485822,0.442235614238517,0.83314232207898,0.60285578888905,4,4,"both_sides","same_generator_run_non_event_intervals_only","no_burst_evidence","INJECTED_BURST_IN_HFS_BOTH_SIDES_N05","injected_support","burst_in_hfs","both_sides",5,"none","injected_burst","eligible","S0038",4,0.4,"holdout",1.43300008509073,1.65399497061797,0.22099488552724,0.0551763862772454,0.0687756421746171,"strict_only_no_independent_evidence",FALSE
"PHENO_0072","TPL_015","injected_rate_pulse","TPL_015_EVENT_002","none",39,46,10.8429063614275,11.6864221200765,8,9,0.843515758649015,0.0965139214965498,0.324104414324996,3.3581105119284,4.09026368751733,0.375332107628367,0.340841244884479,3.74091486672183,4,4,"both_sides","same_generator_run_non_event_intervals_only","clear_burst_like","INJECTED_STANDALONE_BURST_BOTH_SIDES_N08","injected_support","standalone_burst","both_sides",8,"none","injected_burst","eligible","S0038",4,0.4,"holdout",4.337162544571,4.67456884803061,0.337406303459606,0.0386055685986199,0.129641765729998,"observable_primary_positive",TRUE
"PHENO_0073","TPL_015","injected_rate_pulse","TPL_015_EVENT_003","TPL_015_STATE_003",97,100,25.4247147658056,26.0275894932207,4,5,0.602874727415122,0.157865196015296,0.394615239906586,2.49969752590907,2.57409133249193,0.336708967246567,0.464877236763092,2.03504272092449,4,4,"both_sides","same_generator_run_non_event_intervals_only","clear_burst_like","INJECTED_BURST_IN_HFS_BOTH_SIDES_N04","injected_support","burst_in_hfs","both_sides",4,"none","injected_burst","eligible","S0038",4,0.4,"holdout",10.1698859063222,10.4110357972883,0.241149890966049,0.0631460784061185,0.157846095962634,"observable_primary_positive",TRUE
"PHENO_0074","TPL_015","injected_rate_pulse","TPL_015_EVENT_006","none",145,152,55.7311985877604,56.5166468324796,8,9,0.785448244719197,0.0968885525114507,0.4607621619142,4.75558928243608,4.41266592854008,0.377481285839026,0.276832213652773,4.7437963580795,4,0,"left_only","same_generator_run_non_event_intervals_only","clear_burst_like","INJECTED_STANDALONE_BURST_LEFT_ONLY_N08","injected_support","standalone_burst","left_only",8,"none","injected_burst","eligible","S0038",4,0.4,"holdout",22.2924794351041,22.6066587329918,0.314179297887679,0.0387554210045803,0.18430486476568,"observable_primary_positive",TRUE
"PHENO_0075","TPL_015","injected_rate_pulse","TPL_015_EVENT_007","none",154,159,57.0934602437265,57.8587331378105,6,7,0.765272894083928,0.128004310737509,0.391661222544996,3.05975025597499,3.0753216314579,0.358098073955684,0.391211803663313,2.98438850531585,0,4,"right_only","same_generator_run_non_event_intervals_only","clear_burst_like","INJECTED_STANDALONE_BURST_RIGHT_ONLY_N06","injected_support","standalone_burst","right_only",6,"none","injected_burst","eligible","S0038",4,0.4,"holdout",22.8373840974906,23.1434932551242,0.306109157633571,0.0512017242950037,0.156664489017999,"observable_primary_positive",TRUE
"PHENO_0115","TPL_015","null_model_burst_like_excursion","none","TPL_015_STATE_002",60,64,15.6750956861303,16.4834452811169,5,6,0.808349594986601,0.103763600700006,0.228895927497773,2.2059366285827,1.4628497250695,0.809921297969685,0.702797693595899,1.78317455553216,4,4,"both_sides","within_HFS_state_scan_window","no_burst_evidence","NULL_SCAN_BROAD_HFS","null_scan","broad_hfs","scan_both_sides",5,"none","mechanism_negative_null_excursion_audit","eligible","S0038",4,0.4,"holdout",6.27003827445214,6.59337811244678,0.32333983799464,0.0415054402800025,0.0915583709991093,"null_model_no_excursion",FALSE
"PHENO_0071","TPL_015","injected_rate_pulse","TPL_015_EVENT_001","TPL_015_STATE_001",13,17,3.58250021272681,4.13498742654492,5,6,0.552487213818101,0.137940965693113,0.171939105436543,1.24646876707437,1.85477613485822,0.442235614238517,0.83314232207898,0.60285578888905,4,4,"both_sides","same_generator_run_non_event_intervals_only","no_burst_evidence","INJECTED_BURST_IN_HFS_BOTH_SIDES_N05","injected_support","burst_in_hfs","both_sides",5,"none","injected_burst","eligible","S0018",10,1,"holdout",3.58250021272681,4.13498742654492,0.552487213818101,0.137940965693113,0.171939105436543,"strict_only_no_independent_evidence",FALSE
"PHENO_0072","TPL_015","injected_rate_pulse","TPL_015_EVENT_002","none",39,46,10.8429063614275,11.6864221200765,8,9,0.843515758649015,0.0965139214965498,0.324104414324996,3.3581105119284,4.09026368751733,0.375332107628367,0.340841244884479,3.74091486672183,4,4,"both_sides","same_generator_run_non_event_intervals_only","clear_burst_like","INJECTED_STANDALONE_BURST_BOTH_SIDES_N08","injected_support","standalone_burst","both_sides",8,"none","injected_burst","eligible","S0018",10,1,"holdout",10.8429063614275,11.6864221200765,0.843515758649015,0.0965139214965498,0.324104414324996,"observable_primary_positive",TRUE
"PHENO_0073","TPL_015","injected_rate_pulse","TPL_015_EVENT_003","TPL_015_STATE_003",97,100,25.4247147658056,26.0275894932207,4,5,0.602874727415122,0.157865196015296,0.394615239906586,2.49969752590907,2.57409133249193,0.336708967246567,0.464877236763092,2.03504272092449,4,4,"both_sides","same_generator_run_non_event_intervals_only","clear_burst_like","INJECTED_BURST_IN_HFS_BOTH_SIDES_N04","injected_support","burst_in_hfs","both_sides",4,"none","injected_burst","eligible","S0018",10,1,"holdout",25.4247147658056,26.0275894932207,0.602874727415122,0.157865196015296,0.394615239906586,"observable_primary_positive",TRUE
"PHENO_0074","TPL_015","injected_rate_pulse","TPL_015_EVENT_006","none",145,152,55.7311985877604,56.5166468324796,8,9,0.785448244719197,0.0968885525114507,0.4607621619142,4.75558928243608,4.41266592854008,0.377481285839026,0.276832213652773,4.7437963580795,4,0,"left_only","same_generator_run_non_event_intervals_only","clear_burst_like","INJECTED_STANDALONE_BURST_LEFT_ONLY_N08","injected_support","standalone_burst","left_only",8,"none","injected_burst","eligible","S0018",10,1,"holdout",55.7311985877604,56.5166468324796,0.785448244719197,0.0968885525114507,0.4607621619142,"observable_primary_positive",TRUE
"PHENO_0075","TPL_015","injected_rate_pulse","TPL_015_EVENT_007","none",154,159,57.0934602437265,57.8587331378105,6,7,0.765272894083928,0.128004310737509,0.391661222544996,3.05975025597499,3.0753216314579,0.358098073955684,0.391211803663313,2.98438850531585,0,4,"right_only","same_generator_run_non_event_intervals_only","clear_burst_like","INJECTED_STANDALONE_BURST_RIGHT_ONLY_N06","injected_support","standalone_burst","right_only",6,"none","injected_burst","eligible","S0018",10,1,"holdout",57.0934602437265,57.8587331378105,0.765272894083928,0.128004310737509,0.391661222544996,"observable_primary_positive",TRUE
"PHENO_0115","TPL_015","null_model_burst_like_excursion","none","TPL_015_STATE_002",60,64,15.6750956861303,16.4834452811169,5,6,0.808349594986601,0.103763600700006,0.228895927497773,2.2059366285827,1.4628497250695,0.809921297969685,0.702797693595899,1.78317455553216,4,4,"both_sides","within_HFS_state_scan_window","no_burst_evidence","NULL_SCAN_BROAD_HFS","null_scan","broad_hfs","scan_both_sides",5,"none","mechanism_negative_null_excursion_audit","eligible","S0018",10,1,"holdout",15.6750956861303,16.4834452811169,0.808349594986601,0.103763600700006,0.228895927497773,"null_model_no_excursion",FALSE
"PHENO_0076","TPL_016","injected_rate_pulse","TPL_016_EVENT_001","none",5,11,3.29222396044123,4.13776968199169,7,8,0.845545721550458,0.0950287085997723,0.83304895483494,8.76628723161388,6.81381477539455,0.60727256384409,0.180303986109698,6.16270766722663,4,0,"left_only","same_generator_run_non_event_intervals_only","clear_burst_like","INJECTED_STANDALONE_BURST_LEFT_ONLY_N07","injected_support","standalone_burst","left_only",7,"none","injected_burst","eligible","S0010",1,0.1,"holdout",0.329222396044123,0.413776968199169,0.0845545721550458,0.00950287085997723,0.083304895483494,"observable_primary_positive",TRUE
"PHENO_0077","TPL_016","injected_rate_pulse","TPL_016_EVENT_002","none",13,16,4.74298337980279,5.53051573866776,4,5,0.787532358864968,0.16194258713021,0.31427003206522,1.94062622830973,2.54826639139285,0.561844471949672,0.766113276102974,1.50369031133924,0,4,"right_only","same_generator_run_non_event_intervals_only","ambiguous_burst_like","INJECTED_STANDALONE_BURST_RIGHT_ONLY_N04","injected_support","standalone_burst","right_only",4,"score_between_pre_frozen_gamma_null_guard_bands","injected_burst","exclude_primary_include_sensitivity","S0010",1,0.1,"holdout",0.474298337980279,0.553051573866776,0.0787532358864968,0.016194258713021,0.031427003206522,"ambiguous_sensitivity_only",FALSE
"PHENO_0078","TPL_016","injected_rate_pulse","TPL_016_EVENT_003","none",55,58,18.3083199924717,18.8728610795553,4,5,0.564541087083608,0.141973848736124,0.335465367443619,2.36286731979156,2.91636920652101,0.188887290411449,0.457756705136925,1.96844782115398,4,4,"both_sides","same_generator_run_non_event_intervals_only","clear_burst_like","INJECTED_STANDALONE_BURST_BOTH_SIDES_N04","injected_support","standalone_burst","both_sides",4,"none","injected_burst","eligible","S0010",1,0.1,"holdout",1.83083199924717,1.88728610795553,0.0564541087083608,0.0141973848736124,0.0335465367443619,"observable_primary_positive",TRUE
"PHENO_0079","TPL_016","injected_rate_pulse","TPL_016_EVENT_006","TPL_016_STATE_004",97,99,47.8234345779706,48.2126292942333,3,4,0.389194716262658,0.152675003541018,0.286431602635333,1.8760870868975,2.15826623679088,0.317218365870775,0.535858405023294,1.25039052428198,4,4,"both_sides","same_generator_run_non_event_intervals_only","ambiguous_burst_like","INJECTED_BURST_IN_HFS_BOTH_SIDES_N03","injected_support","burst_in_hfs","both_sides",3,"score_between_pre_frozen_gamma_null_guard_bands","injected_burst","exclude_primary_include_sensitivity","S0010",1,0.1,"holdout",4.78234345779706,4.82126292942333,0.0389194716262658,0.0152675003541018,0.0286431602635333,"ambiguous_sensitivity_only",FALSE
"PHENO_0080","TPL_016","injected_rate_pulse","TPL_016_EVENT_008","TPL_016_STATE_005",120,124,59.37241359567,59.8324523358008,5,6,0.46003874013085,0.0844955747836158,0.424245017079651,5.02091403207917,4.80463290136981,0.302493744620762,0.206260797980341,3.9702918962389,4,4,"both_sides","same_generator_run_non_event_intervals_only","clear_burst_like","INJECTED_BURST_IN_HFS_BOTH_SIDES_N05","injected_support","burst_in_hfs","both_sides",5,"none","injected_burst","eligible","S0010",1,0.1,"holdout",5.937241359567,5.98324523358008,0.046003874013085,0.00844955747836158,0.0424245017079651,"observable_primary_positive",TRUE
"PHENO_0116","TPL_016","null_model_burst_like_excursion","none","TPL_016_STATE_001",37,45,13.0474519516866,14.6905152695379,9,10,1.64306331785131,0.0745965514687943,0.363172395976522,4.86848773603759,1.86075255005104,1.12385426238783,0.57724817790777,4.79120991160664,4,2,"both_sides","within_HFS_state_scan_window","clear_burst_like","NULL_SCAN_BROAD_HFS","null_scan","broad_hfs","scan_both_sides",9,"none","mechanism_negative_null_excursion_audit","eligible","S0010",1,0.1,"holdout",1.30474519516866,1.46905152695379,0.164306331785131,0.00745965514687943,0.0363172395976522,"null_model_clear_excursion_secondary_audit",FALSE
"PHENO_0076","TPL_016","injected_rate_pulse","TPL_016_EVENT_001","none",5,11,3.29222396044123,4.13776968199169,7,8,0.845545721550458,0.0950287085997723,0.83304895483494,8.76628723161388,6.81381477539455,0.60727256384409,0.180303986109698,6.16270766722663,4,0,"left_only","same_generator_run_non_event_intervals_only","clear_burst_like","INJECTED_STANDALONE_BURST_LEFT_ONLY_N07","injected_support","standalone_burst","left_only",7,"none","injected_burst","eligible","S0024",4,0.4,"holdout",1.31688958417649,1.65510787279668,0.338218288620183,0.0380114834399089,0.333219581933976,"observable_primary_positive",TRUE
"PHENO_0077","TPL_016","injected_rate_pulse","TPL_016_EVENT_002","none",13,16,4.74298337980279,5.53051573866776,4,5,0.787532358864968,0.16194258713021,0.31427003206522,1.94062622830973,2.54826639139285,0.561844471949672,0.766113276102974,1.50369031133924,0,4,"right_only","same_generator_run_non_event_intervals_only","ambiguous_burst_like","INJECTED_STANDALONE_BURST_RIGHT_ONLY_N04","injected_support","standalone_burst","right_only",4,"score_between_pre_frozen_gamma_null_guard_bands","injected_burst","exclude_primary_include_sensitivity","S0024",4,0.4,"holdout",1.89719335192112,2.2122062954671,0.315012943545987,0.0647770348520841,0.125708012826088,"ambiguous_sensitivity_only",FALSE
"PHENO_0078","TPL_016","injected_rate_pulse","TPL_016_EVENT_003","none",55,58,18.3083199924717,18.8728610795553,4,5,0.564541087083608,0.141973848736124,0.335465367443619,2.36286731979156,2.91636920652101,0.188887290411449,0.457756705136925,1.96844782115398,4,4,"both_sides","same_generator_run_non_event_intervals_only","clear_burst_like","INJECTED_STANDALONE_BURST_BOTH_SIDES_N04","injected_support","standalone_burst","both_sides",4,"none","injected_burst","eligible","S0024",4,0.4,"holdout",7.32332799698866,7.5491444318221,0.225816434833443,0.0567895394944498,0.134186146977448,"observable_primary_positive",TRUE
"PHENO_0079","TPL_016","injected_rate_pulse","TPL_016_EVENT_006","TPL_016_STATE_004",97,99,47.8234345779706,48.2126292942333,3,4,0.389194716262658,0.152675003541018,0.286431602635333,1.8760870868975,2.15826623679088,0.317218365870775,0.535858405023294,1.25039052428198,4,4,"both_sides","same_generator_run_non_event_intervals_only","ambiguous_burst_like","INJECTED_BURST_IN_HFS_BOTH_SIDES_N03","injected_support","burst_in_hfs","both_sides",3,"score_between_pre_frozen_gamma_null_guard_bands","injected_burst","exclude_primary_include_sensitivity","S0024",4,0.4,"holdout",19.1293738311882,19.2850517176933,0.155677886505063,0.061070001416407,0.114572641054133,"ambiguous_sensitivity_only",FALSE
"PHENO_0080","TPL_016","injected_rate_pulse","TPL_016_EVENT_008","TPL_016_STATE_005",120,124,59.37241359567,59.8324523358008,5,6,0.46003874013085,0.0844955747836158,0.424245017079651,5.02091403207917,4.80463290136981,0.302493744620762,0.206260797980341,3.9702918962389,4,4,"both_sides","same_generator_run_non_event_intervals_only","clear_burst_like","INJECTED_BURST_IN_HFS_BOTH_SIDES_N05","injected_support","burst_in_hfs","both_sides",5,"none","injected_burst","eligible","S0024",4,0.4,"holdout",23.748965438268,23.9329809343203,0.18401549605234,0.0337982299134463,0.169698006831861,"observable_primary_positive",TRUE
"PHENO_0116","TPL_016","null_model_burst_like_excursion","none","TPL_016_STATE_001",37,45,13.0474519516866,14.6905152695379,9,10,1.64306331785131,0.0745965514687943,0.363172395976522,4.86848773603759,1.86075255005104,1.12385426238783,0.57724817790777,4.79120991160664,4,2,"both_sides","within_HFS_state_scan_window","clear_burst_like","NULL_SCAN_BROAD_HFS","null_scan","broad_hfs","scan_both_sides",9,"none","mechanism_negative_null_excursion_audit","eligible","S0024",4,0.4,"holdout",5.21898078067462,5.87620610781515,0.657225327140525,0.0298386205875177,0.145268958390609,"null_model_clear_excursion_secondary_audit",FALSE
"PHENO_0076","TPL_016","injected_rate_pulse","TPL_016_EVENT_001","none",5,11,3.29222396044123,4.13776968199169,7,8,0.845545721550458,0.0950287085997723,0.83304895483494,8.76628723161388,6.81381477539455,0.60727256384409,0.180303986109698,6.16270766722663,4,0,"left_only","same_generator_run_non_event_intervals_only","clear_burst_like","INJECTED_STANDALONE_BURST_LEFT_ONLY_N07","injected_support","standalone_burst","left_only",7,"none","injected_burst","eligible","S0060",10,1,"holdout",3.29222396044123,4.13776968199169,0.845545721550458,0.0950287085997723,0.83304895483494,"observable_primary_positive",TRUE
"PHENO_0077","TPL_016","injected_rate_pulse","TPL_016_EVENT_002","none",13,16,4.74298337980279,5.53051573866776,4,5,0.787532358864968,0.16194258713021,0.31427003206522,1.94062622830973,2.54826639139285,0.561844471949672,0.766113276102974,1.50369031133924,0,4,"right_only","same_generator_run_non_event_intervals_only","ambiguous_burst_like","INJECTED_STANDALONE_BURST_RIGHT_ONLY_N04","injected_support","standalone_burst","right_only",4,"score_between_pre_frozen_gamma_null_guard_bands","injected_burst","exclude_primary_include_sensitivity","S0060",10,1,"holdout",4.74298337980279,5.53051573866776,0.787532358864968,0.16194258713021,0.31427003206522,"ambiguous_sensitivity_only",FALSE
"PHENO_0078","TPL_016","injected_rate_pulse","TPL_016_EVENT_003","none",55,58,18.3083199924717,18.8728610795553,4,5,0.564541087083608,0.141973848736124,0.335465367443619,2.36286731979156,2.91636920652101,0.188887290411449,0.457756705136925,1.96844782115398,4,4,"both_sides","same_generator_run_non_event_intervals_only","clear_burst_like","INJECTED_STANDALONE_BURST_BOTH_SIDES_N04","injected_support","standalone_burst","both_sides",4,"none","injected_burst","eligible","S0060",10,1,"holdout",18.3083199924717,18.8728610795553,0.564541087083608,0.141973848736124,0.335465367443619,"observable_primary_positive",TRUE
"PHENO_0079","TPL_016","injected_rate_pulse","TPL_016_EVENT_006","TPL_016_STATE_004",97,99,47.8234345779706,48.2126292942333,3,4,0.389194716262658,0.152675003541018,0.286431602635333,1.8760870868975,2.15826623679088,0.317218365870775,0.535858405023294,1.25039052428198,4,4,"both_sides","same_generator_run_non_event_intervals_only","ambiguous_burst_like","INJECTED_BURST_IN_HFS_BOTH_SIDES_N03","injected_support","burst_in_hfs","both_sides",3,"score_between_pre_frozen_gamma_null_guard_bands","injected_burst","exclude_primary_include_sensitivity","S0060",10,1,"holdout",47.8234345779706,48.2126292942333,0.389194716262658,0.152675003541018,0.286431602635333,"ambiguous_sensitivity_only",FALSE
"PHENO_0080","TPL_016","injected_rate_pulse","TPL_016_EVENT_008","TPL_016_STATE_005",120,124,59.37241359567,59.8324523358008,5,6,0.46003874013085,0.0844955747836158,0.424245017079651,5.02091403207917,4.80463290136981,0.302493744620762,0.206260797980341,3.9702918962389,4,4,"both_sides","same_generator_run_non_event_intervals_only","clear_burst_like","INJECTED_BURST_IN_HFS_BOTH_SIDES_N05","injected_support","burst_in_hfs","both_sides",5,"none","injected_burst","eligible","S0060",10,1,"holdout",59.37241359567,59.8324523358008,0.46003874013085,0.0844955747836158,0.424245017079651,"observable_primary_positive",TRUE
"PHENO_0116","TPL_016","null_model_burst_like_excursion","none","TPL_016_STATE_001",37,45,13.0474519516866,14.6905152695379,9,10,1.64306331785131,0.0745965514687943,0.363172395976522,4.86848773603759,1.86075255005104,1.12385426238783,0.57724817790777,4.79120991160664,4,2,"both_sides","within_HFS_state_scan_window","clear_burst_like","NULL_SCAN_BROAD_HFS","null_scan","broad_hfs","scan_both_sides",9,"none","mechanism_negative_null_excursion_audit","eligible","S0060",10,1,"holdout",13.0474519516866,14.6905152695379,1.64306331785131,0.0745965514687943,0.363172395976522,"null_model_clear_excursion_secondary_audit",FALSE
"PHENO_0081","TPL_017","injected_rate_pulse","TPL_017_EVENT_001","none",21,25,9.65860978695383,10.2324762561631,5,6,0.573866469209247,0.121884789490969,0.497939074301678,4.08532579316284,4.89017255853316,0.308246038995882,0.2849666108169,3.51302767174496,4,0,"left_only","same_generator_run_non_event_intervals_only","clear_burst_like","INJECTED_STANDALONE_BURST_LEFT_ONLY_N05","injected_support","standalone_burst","left_only",5,"none","injected_burst","eligible","S0005",1,0.1,"holdout",0.965860978695383,1.02324762561631,0.0573866469209247,0.0121884789490969,0.0497939074301678,"observable_primary_positive",TRUE
"PHENO_0082","TPL_017","injected_rate_pulse","TPL_017_EVENT_002","none",27,31,10.8350976322101,11.4826816244213,5,6,0.647583992211213,0.145548655808184,0.750844057749804,5.15871516353494,5.57909319473714,0.29279707049647,0.201234362880858,4.06916574605968,0,4,"right_only","same_generator_run_non_event_intervals_only","clear_burst_like","INJECTED_STANDALONE_BURST_RIGHT_ONLY_N05","injected_support","standalone_burst","right_only",5,"none","injected_burst","eligible","S0005",1,0.1,"holdout",1.08350976322101,1.14826816244213,0.0647583992211213,0.0145548655808184,0.0750844057749804,"observable_primary_positive",TRUE
"PHENO_0083","TPL_017","injected_rate_pulse","TPL_017_EVENT_004","TPL_017_STATE_002",53,58,22.4180950236016,22.6735201927162,6,7,0.255425169114548,0.0378715762198476,0.247589087874235,6.53759659848748,5.36189498579181,0.345429925023907,0.172177747803573,4.9843738608239,4,4,"both_sides","same_generator_run_non_event_intervals_only","clear_burst_like","INJECTED_BURST_IN_HFS_BOTH_SIDES_N06","injected_support","burst_in_hfs","both_sides",6,"none","injected_burst","eligible","S0005",1,0.1,"holdout",2.24180950236016,2.26735201927162,0.0255425169114548,0.00378715762198476,0.0247589087874235,"observable_primary_positive",TRUE
"PHENO_0084","TPL_017","injected_rate_pulse","TPL_017_EVENT_006","none",95,102,41.2311070481509,41.9834749694271,8,9,0.752367921276271,0.0937773200645926,0.475731994060877,5.07299626107036,4.8378454433434,0.515755158613996,0.251785229319058,4.93571409760968,4,4,"both_sides","same_generator_run_non_event_intervals_only","clear_burst_like","INJECTED_STANDALONE_BURST_BOTH_SIDES_N08","injected_support","standalone_burst","both_sides",8,"none","injected_burst","eligible","S0005",1,0.1,"holdout",4.12311070481509,4.19834749694271,0.0752367921276271,0.00937773200645926,0.0475731994060877,"observable_primary_positive",TRUE
"PHENO_0085","TPL_017","injected_rate_pulse","TPL_017_EVENT_007","TPL_017_STATE_005",154,159,59.6232020322515,60.2177904740712,6,7,0.594588441819729,0.0948847515376539,0.326551827540667,3.44156276165279,3.62393341247639,0.253223687403612,0.34041338296789,3.32395486030617,4,4,"both_sides","same_generator_run_non_event_intervals_only","clear_burst_like","INJECTED_BURST_IN_HFS_BOTH_SIDES_N06","injected_support","burst_in_hfs","both_sides",6,"none","injected_burst","eligible","S0005",1,0.1,"holdout",5.96232020322515,6.02177904740712,0.0594588441819729,0.00948847515376539,0.0326551827540667,"observable_primary_positive",TRUE
"PHENO_0117","TPL_017","null_model_burst_like_excursion","none","TPL_017_STATE_004",110,117,44.5973505044689,46.3695795580535,8,9,1.77222905358459,0.223291453774384,0.345382814292659,1.54678026612535,1.66901132570235,0.257152891907995,0.764402664481747,1.33603324828802,1,4,"both_sides","within_HFS_state_scan_window","no_burst_evidence","NULL_SCAN_BROAD_HFS","null_scan","broad_hfs","scan_both_sides",8,"none","mechanism_negative_null_excursion_audit","eligible","S0005",1,0.1,"holdout",4.45973505044689,4.63695795580535,0.177222905358459,0.0223291453774384,0.0345382814292659,"null_model_no_excursion",FALSE
"PHENO_0081","TPL_017","injected_rate_pulse","TPL_017_EVENT_001","none",21,25,9.65860978695383,10.2324762561631,5,6,0.573866469209247,0.121884789490969,0.497939074301678,4.08532579316284,4.89017255853316,0.308246038995882,0.2849666108169,3.51302767174496,4,0,"left_only","same_generator_run_non_event_intervals_only","clear_burst_like","INJECTED_STANDALONE_BURST_LEFT_ONLY_N05","injected_support","standalone_burst","left_only",5,"none","injected_burst","eligible","S0042",4,0.4,"holdout",3.86344391478153,4.09299050246523,0.229546587683699,0.0487539157963875,0.199175629720671,"observable_primary_positive",TRUE
"PHENO_0082","TPL_017","injected_rate_pulse","TPL_017_EVENT_002","none",27,31,10.8350976322101,11.4826816244213,5,6,0.647583992211213,0.145548655808184,0.750844057749804,5.15871516353494,5.57909319473714,0.29279707049647,0.201234362880858,4.06916574605968,0,4,"right_only","same_generator_run_non_event_intervals_only","clear_burst_like","INJECTED_STANDALONE_BURST_RIGHT_ONLY_N05","injected_support","standalone_burst","right_only",5,"none","injected_burst","eligible","S0042",4,0.4,"holdout",4.33403905288405,4.59307264976854,0.259033596884485,0.0582194623232734,0.300337623099922,"observable_primary_positive",TRUE
"PHENO_0083","TPL_017","injected_rate_pulse","TPL_017_EVENT_004","TPL_017_STATE_002",53,58,22.4180950236016,22.6735201927162,6,7,0.255425169114548,0.0378715762198476,0.247589087874235,6.53759659848748,5.36189498579181,0.345429925023907,0.172177747803573,4.9843738608239,4,4,"both_sides","same_generator_run_non_event_intervals_only","clear_burst_like","INJECTED_BURST_IN_HFS_BOTH_SIDES_N06","injected_support","burst_in_hfs","both_sides",6,"none","injected_burst","eligible","S0042",4,0.4,"holdout",8.96723800944066,9.06940807708648,0.102170067645819,0.015148630487939,0.0990356351496939,"observable_primary_positive",TRUE
"PHENO_0084","TPL_017","injected_rate_pulse","TPL_017_EVENT_006","none",95,102,41.2311070481509,41.9834749694271,8,9,0.752367921276271,0.0937773200645926,0.475731994060877,5.07299626107036,4.8378454433434,0.515755158613996,0.251785229319058,4.93571409760968,4,4,"both_sides","same_generator_run_non_event_intervals_only","clear_burst_like","INJECTED_STANDALONE_BURST_BOTH_SIDES_N08","injected_support","standalone_burst","both_sides",8,"none","injected_burst","eligible","S0042",4,0.4,"holdout",16.4924428192603,16.7933899877709,0.300947168510509,0.037510928025837,0.190292797624351,"observable_primary_positive",TRUE
"PHENO_0085","TPL_017","injected_rate_pulse","TPL_017_EVENT_007","TPL_017_STATE_005",154,159,59.6232020322515,60.2177904740712,6,7,0.594588441819729,0.0948847515376539,0.326551827540667,3.44156276165279,3.62393341247639,0.253223687403612,0.34041338296789,3.32395486030617,4,4,"both_sides","same_generator_run_non_event_intervals_only","clear_burst_like","INJECTED_BURST_IN_HFS_BOTH_SIDES_N06","injected_support","burst_in_hfs","both_sides",6,"none","injected_burst","eligible","S0042",4,0.4,"holdout",23.8492808129006,24.0871161896285,0.237835376727892,0.0379539006150615,0.130620731016267,"observable_primary_positive",TRUE
"PHENO_0117","TPL_017","null_model_burst_like_excursion","none","TPL_017_STATE_004",110,117,44.5973505044689,46.3695795580535,8,9,1.77222905358459,0.223291453774384,0.345382814292659,1.54678026612535,1.66901132570235,0.257152891907995,0.764402664481747,1.33603324828802,1,4,"both_sides","within_HFS_state_scan_window","no_burst_evidence","NULL_SCAN_BROAD_HFS","null_scan","broad_hfs","scan_both_sides",8,"none","mechanism_negative_null_excursion_audit","eligible","S0042",4,0.4,"holdout",17.8389402017876,18.5478318232214,0.708891621433836,0.0893165815097537,0.138153125717064,"null_model_no_excursion",FALSE
"PHENO_0081","TPL_017","injected_rate_pulse","TPL_017_EVENT_001","none",21,25,9.65860978695383,10.2324762561631,5,6,0.573866469209247,0.121884789490969,0.497939074301678,4.08532579316284,4.89017255853316,0.308246038995882,0.2849666108169,3.51302767174496,4,0,"left_only","same_generator_run_non_event_intervals_only","clear_burst_like","INJECTED_STANDALONE_BURST_LEFT_ONLY_N05","injected_support","standalone_burst","left_only",5,"none","injected_burst","eligible","S0029",10,1,"holdout",9.65860978695383,10.2324762561631,0.573866469209247,0.121884789490969,0.497939074301678,"observable_primary_positive",TRUE
"PHENO_0082","TPL_017","injected_rate_pulse","TPL_017_EVENT_002","none",27,31,10.8350976322101,11.4826816244213,5,6,0.647583992211213,0.145548655808184,0.750844057749804,5.15871516353494,5.57909319473714,0.29279707049647,0.201234362880858,4.06916574605968,0,4,"right_only","same_generator_run_non_event_intervals_only","clear_burst_like","INJECTED_STANDALONE_BURST_RIGHT_ONLY_N05","injected_support","standalone_burst","right_only",5,"none","injected_burst","eligible","S0029",10,1,"holdout",10.8350976322101,11.4826816244213,0.647583992211213,0.145548655808184,0.750844057749804,"observable_primary_positive",TRUE
"PHENO_0083","TPL_017","injected_rate_pulse","TPL_017_EVENT_004","TPL_017_STATE_002",53,58,22.4180950236016,22.6735201927162,6,7,0.255425169114548,0.0378715762198476,0.247589087874235,6.53759659848748,5.36189498579181,0.345429925023907,0.172177747803573,4.9843738608239,4,4,"both_sides","same_generator_run_non_event_intervals_only","clear_burst_like","INJECTED_BURST_IN_HFS_BOTH_SIDES_N06","injected_support","burst_in_hfs","both_sides",6,"none","injected_burst","eligible","S0029",10,1,"holdout",22.4180950236016,22.6735201927162,0.255425169114548,0.0378715762198476,0.247589087874235,"observable_primary_positive",TRUE
"PHENO_0084","TPL_017","injected_rate_pulse","TPL_017_EVENT_006","none",95,102,41.2311070481509,41.9834749694271,8,9,0.752367921276271,0.0937773200645926,0.475731994060877,5.07299626107036,4.8378454433434,0.515755158613996,0.251785229319058,4.93571409760968,4,4,"both_sides","same_generator_run_non_event_intervals_only","clear_burst_like","INJECTED_STANDALONE_BURST_BOTH_SIDES_N08","injected_support","standalone_burst","both_sides",8,"none","injected_burst","eligible","S0029",10,1,"holdout",41.2311070481509,41.9834749694271,0.752367921276271,0.0937773200645926,0.475731994060877,"observable_primary_positive",TRUE
"PHENO_0085","TPL_017","injected_rate_pulse","TPL_017_EVENT_007","TPL_017_STATE_005",154,159,59.6232020322515,60.2177904740712,6,7,0.594588441819729,0.0948847515376539,0.326551827540667,3.44156276165279,3.62393341247639,0.253223687403612,0.34041338296789,3.32395486030617,4,4,"both_sides","same_generator_run_non_event_intervals_only","clear_burst_like","INJECTED_BURST_IN_HFS_BOTH_SIDES_N06","injected_support","burst_in_hfs","both_sides",6,"none","injected_burst","eligible","S0029",10,1,"holdout",59.6232020322515,60.2177904740712,0.594588441819729,0.0948847515376539,0.326551827540667,"observable_primary_positive",TRUE
"PHENO_0117","TPL_017","null_model_burst_like_excursion","none","TPL_017_STATE_004",110,117,44.5973505044689,46.3695795580535,8,9,1.77222905358459,0.223291453774384,0.345382814292659,1.54678026612535,1.66901132570235,0.257152891907995,0.764402664481747,1.33603324828802,1,4,"both_sides","within_HFS_state_scan_window","no_burst_evidence","NULL_SCAN_BROAD_HFS","null_scan","broad_hfs","scan_both_sides",8,"none","mechanism_negative_null_excursion_audit","eligible","S0029",10,1,"holdout",44.5973505044689,46.3695795580535,1.77222905358459,0.223291453774384,0.345382814292659,"null_model_no_excursion",FALSE
"PHENO_0086","TPL_018","injected_rate_pulse","TPL_018_EVENT_001","none",30,32,8.33316075661286,8.78283049639612,3,4,0.44966973978326,0.136948969119775,0.658890944630155,4.8112150742361,3.66043618731767,0.215219986802089,0.245533304539033,3.02383821895585,4,4,"both_sides","same_generator_run_non_event_intervals_only","clear_burst_like","INJECTED_STANDALONE_BURST_BOTH_SIDES_N03","injected_support","standalone_burst","both_sides",3,"none","injected_burst","eligible","S0023",1,0.1,"holdout",0.833316075661286,0.878283049639612,0.044966973978326,0.0136948969119775,0.0658890944630155,"observable_primary_positive",TRUE
"PHENO_0087","TPL_018","injected_rate_pulse","TPL_018_EVENT_003","none",51,56,25.1657234857238,25.8899108611366,6,7,0.724187375412817,0.105020644996601,0.957775563424993,9.11987889101222,8.81252316053788,0.304728735066663,0.157301215709467,5.9280611592038,3,0,"left_only","same_generator_run_non_event_intervals_only","clear_burst_like","INJECTED_STANDALONE_BURST_LEFT_ONLY_N06","injected_support","standalone_burst","left_only",6,"none","injected_burst","eligible","S0023",1,0.1,"holdout",2.51657234857238,2.58899108611366,0.0724187375412817,0.0105020644996601,0.0957775563424993,"observable_primary_positive",TRUE
"PHENO_0088","TPL_018","injected_rate_pulse","TPL_018_EVENT_004","none",58,61,26.5282916520117,27.2245911154381,4,5,0.696299463426383,0.15454623027208,0.797643304985435,5.16119547905619,4.00796567922603,0.556033674955898,0.282835552415969,3.573804051968,0,4,"right_only","same_generator_run_non_event_intervals_only","clear_burst_like","INJECTED_STANDALONE_BURST_RIGHT_ONLY_N04","injected_support","standalone_burst","right_only",4,"none","injected_burst","eligible","S0023",1,0.1,"holdout",2.65282916520117,2.72245911154381,0.0696299463426383,0.015454623027208,0.0797643304985435,"observable_primary_positive",TRUE
"PHENO_0089","TPL_018","injected_rate_pulse","TPL_018_EVENT_006","TPL_018_STATE_004",83,89,42.0302667215277,42.7059340309743,7,8,0.675667309446605,0.0963724552302354,0.274103320623253,2.84420812947451,3.10307786133439,0.260424346832761,0.410081649573817,3.02261952689524,4,4,"both_sides","same_generator_run_non_event_intervals_only","clear_burst_like","INJECTED_BURST_IN_HFS_BOTH_SIDES_N07","injected_support","burst_in_hfs","both_sides",7,"none","injected_burst","eligible","S0023",1,0.1,"holdout",4.20302667215277,4.27059340309743,0.0675667309446605,0.00963724552302354,0.0274103320623253,"observable_primary_positive",TRUE
"PHENO_0090","TPL_018","injected_rate_pulse","TPL_018_EVENT_008","TPL_018_STATE_005",126,132,58.3500515470123,58.6520008186506,7,8,0.301949271638249,0.042756590769967,0.172485228487679,4.03412024629514,4.59529983514634,0.248473114148921,0.272158835137077,4.04667402405465,4,4,"both_sides","same_generator_run_non_event_intervals_only","clear_burst_like","INJECTED_BURST_IN_HFS_BOTH_SIDES_N07","injected_support","burst_in_hfs","both_sides",7,"none","injected_burst","eligible","S0023",1,0.1,"holdout",5.83500515470123,5.86520008186506,0.0301949271638249,0.0042756590769967,0.0172485228487679,"observable_primary_positive",TRUE
"PHENO_0118","TPL_018","null_model_burst_like_excursion","none","TPL_018_STATE_001",1,3,0,0.417760037921384,3,4,0.417760037921384,0.0831062668519862,0.33666999697774,4.05107833296561,2.59140591522333,0.743064637912532,0.507575220647772,2.58685348381852,0,4,"right_only","within_HFS_state_scan_window","no_burst_evidence","NULL_SCAN_BROAD_HFS","null_scan","broad_hfs","scan_both_sides",3,"none","mechanism_negative_null_excursion_audit","eligible","S0023",1,0.1,"holdout",0,0.0417760037921384,0.0417760037921384,0.00831062668519862,0.033666999697774,"null_model_no_excursion",FALSE
"PHENO_0086","TPL_018","injected_rate_pulse","TPL_018_EVENT_001","none",30,32,8.33316075661286,8.78283049639612,3,4,0.44966973978326,0.136948969119775,0.658890944630155,4.8112150742361,3.66043618731767,0.215219986802089,0.245533304539033,3.02383821895585,4,4,"both_sides","same_generator_run_non_event_intervals_only","clear_burst_like","INJECTED_STANDALONE_BURST_BOTH_SIDES_N03","injected_support","standalone_burst","both_sides",3,"none","injected_burst","eligible","S0017",4,0.4,"holdout",3.33326430264515,3.51313219855845,0.179867895913304,0.05477958764791,0.263556377852062,"observable_primary_positive",TRUE
"PHENO_0087","TPL_018","injected_rate_pulse","TPL_018_EVENT_003","none",51,56,25.1657234857238,25.8899108611366,6,7,0.724187375412817,0.105020644996601,0.957775563424993,9.11987889101222,8.81252316053788,0.304728735066663,0.157301215709467,5.9280611592038,3,0,"left_only","same_generator_run_non_event_intervals_only","clear_burst_like","INJECTED_STANDALONE_BURST_LEFT_ONLY_N06","injected_support","standalone_burst","left_only",6,"none","injected_burst","eligible","S0017",4,0.4,"holdout",10.0662893942895,10.3559643444546,0.289674950165127,0.0420082579986405,0.383110225369997,"observable_primary_positive",TRUE
"PHENO_0088","TPL_018","injected_rate_pulse","TPL_018_EVENT_004","none",58,61,26.5282916520117,27.2245911154381,4,5,0.696299463426383,0.15454623027208,0.797643304985435,5.16119547905619,4.00796567922603,0.556033674955898,0.282835552415969,3.573804051968,0,4,"right_only","same_generator_run_non_event_intervals_only","clear_burst_like","INJECTED_STANDALONE_BURST_RIGHT_ONLY_N04","injected_support","standalone_burst","right_only",4,"none","injected_burst","eligible","S0017",4,0.4,"holdout",10.6113166608047,10.8898364461752,0.278519785370553,0.061818492108832,0.319057321994174,"observable_primary_positive",TRUE
"PHENO_0089","TPL_018","injected_rate_pulse","TPL_018_EVENT_006","TPL_018_STATE_004",83,89,42.0302667215277,42.7059340309743,7,8,0.675667309446605,0.0963724552302354,0.274103320623253,2.84420812947451,3.10307786133439,0.260424346832761,0.410081649573817,3.02261952689524,4,4,"both_sides","same_generator_run_non_event_intervals_only","clear_burst_like","INJECTED_BURST_IN_HFS_BOTH_SIDES_N07","injected_support","burst_in_hfs","both_sides",7,"none","injected_burst","eligible","S0017",4,0.4,"holdout",16.8121066886111,17.0823736123897,0.270266923778642,0.0385489820920942,0.109641328249301,"observable_primary_positive",TRUE
"PHENO_0090","TPL_018","injected_rate_pulse","TPL_018_EVENT_008","TPL_018_STATE_005",126,132,58.3500515470123,58.6520008186506,7,8,0.301949271638249,0.042756590769967,0.172485228487679,4.03412024629514,4.59529983514634,0.248473114148921,0.272158835137077,4.04667402405465,4,4,"both_sides","same_generator_run_non_event_intervals_only","clear_burst_like","INJECTED_BURST_IN_HFS_BOTH_SIDES_N07","injected_support","burst_in_hfs","both_sides",7,"none","injected_burst","eligible","S0017",4,0.4,"holdout",23.3400206188049,23.4608003274602,0.1207797086553,0.0171026363079868,0.0689940913950718,"observable_primary_positive",TRUE
"PHENO_0118","TPL_018","null_model_burst_like_excursion","none","TPL_018_STATE_001",1,3,0,0.417760037921384,3,4,0.417760037921384,0.0831062668519862,0.33666999697774,4.05107833296561,2.59140591522333,0.743064637912532,0.507575220647772,2.58685348381852,0,4,"right_only","within_HFS_state_scan_window","no_burst_evidence","NULL_SCAN_BROAD_HFS","null_scan","broad_hfs","scan_both_sides",3,"none","mechanism_negative_null_excursion_audit","eligible","S0017",4,0.4,"holdout",0,0.167104015168554,0.167104015168554,0.0332425067407945,0.134667998791096,"null_model_no_excursion",FALSE
"PHENO_0086","TPL_018","injected_rate_pulse","TPL_018_EVENT_001","none",30,32,8.33316075661286,8.78283049639612,3,4,0.44966973978326,0.136948969119775,0.658890944630155,4.8112150742361,3.66043618731767,0.215219986802089,0.245533304539033,3.02383821895585,4,4,"both_sides","same_generator_run_non_event_intervals_only","clear_burst_like","INJECTED_STANDALONE_BURST_BOTH_SIDES_N03","injected_support","standalone_burst","both_sides",3,"none","injected_burst","eligible","S0032",10,1,"holdout",8.33316075661286,8.78283049639612,0.44966973978326,0.136948969119775,0.658890944630155,"observable_primary_positive",TRUE
"PHENO_0087","TPL_018","injected_rate_pulse","TPL_018_EVENT_003","none",51,56,25.1657234857238,25.8899108611366,6,7,0.724187375412817,0.105020644996601,0.957775563424993,9.11987889101222,8.81252316053788,0.304728735066663,0.157301215709467,5.9280611592038,3,0,"left_only","same_generator_run_non_event_intervals_only","clear_burst_like","INJECTED_STANDALONE_BURST_LEFT_ONLY_N06","injected_support","standalone_burst","left_only",6,"none","injected_burst","eligible","S0032",10,1,"holdout",25.1657234857238,25.8899108611366,0.724187375412817,0.105020644996601,0.957775563424993,"observable_primary_positive",TRUE
"PHENO_0088","TPL_018","injected_rate_pulse","TPL_018_EVENT_004","none",58,61,26.5282916520117,27.2245911154381,4,5,0.696299463426383,0.15454623027208,0.797643304985435,5.16119547905619,4.00796567922603,0.556033674955898,0.282835552415969,3.573804051968,0,4,"right_only","same_generator_run_non_event_intervals_only","clear_burst_like","INJECTED_STANDALONE_BURST_RIGHT_ONLY_N04","injected_support","standalone_burst","right_only",4,"none","injected_burst","eligible","S0032",10,1,"holdout",26.5282916520117,27.2245911154381,0.696299463426383,0.15454623027208,0.797643304985435,"observable_primary_positive",TRUE
"PHENO_0089","TPL_018","injected_rate_pulse","TPL_018_EVENT_006","TPL_018_STATE_004",83,89,42.0302667215277,42.7059340309743,7,8,0.675667309446605,0.0963724552302354,0.274103320623253,2.84420812947451,3.10307786133439,0.260424346832761,0.410081649573817,3.02261952689524,4,4,"both_sides","same_generator_run_non_event_intervals_only","clear_burst_like","INJECTED_BURST_IN_HFS_BOTH_SIDES_N07","injected_support","burst_in_hfs","both_sides",7,"none","injected_burst","eligible","S0032",10,1,"holdout",42.0302667215277,42.7059340309743,0.675667309446605,0.0963724552302354,0.274103320623253,"observable_primary_positive",TRUE
"PHENO_0090","TPL_018","injected_rate_pulse","TPL_018_EVENT_008","TPL_018_STATE_005",126,132,58.3500515470123,58.6520008186506,7,8,0.301949271638249,0.042756590769967,0.172485228487679,4.03412024629514,4.59529983514634,0.248473114148921,0.272158835137077,4.04667402405465,4,4,"both_sides","same_generator_run_non_event_intervals_only","clear_burst_like","INJECTED_BURST_IN_HFS_BOTH_SIDES_N07","injected_support","burst_in_hfs","both_sides",7,"none","injected_burst","eligible","S0032",10,1,"holdout",58.3500515470123,58.6520008186506,0.301949271638249,0.042756590769967,0.172485228487679,"observable_primary_positive",TRUE
"PHENO_0118","TPL_018","null_model_burst_like_excursion","none","TPL_018_STATE_001",1,3,0,0.417760037921384,3,4,0.417760037921384,0.0831062668519862,0.33666999697774,4.05107833296561,2.59140591522333,0.743064637912532,0.507575220647772,2.58685348381852,0,4,"right_only","within_HFS_state_scan_window","no_burst_evidence","NULL_SCAN_BROAD_HFS","null_scan","broad_hfs","scan_both_sides",3,"none","mechanism_negative_null_excursion_audit","eligible","S0032",10,1,"holdout",0,0.417760037921384,0.417760037921384,0.0831062668519862,0.33666999697774,"null_model_no_excursion",FALSE
"PHENO_0091","TPL_019","injected_rate_pulse","TPL_019_EVENT_001","none",5,11,3.30682988852612,4.08106012319297,7,8,0.774230234666845,0.0860424113246916,0.694914302214814,8.07641593855929,6.7671233435592,0.465823584875992,0.173722240381084,5.95827410721204,4,4,"both_sides","same_generator_run_non_event_intervals_only","clear_burst_like","INJECTED_STANDALONE_BURST_BOTH_SIDES_N07","injected_support","standalone_burst","both_sides",7,"none","injected_burst","eligible","S0047",1,0.1,"holdout",0.330682988852612,0.408106012319297,0.0774230234666845,0.00860424113246916,0.0694914302214814,"observable_primary_positive",TRUE
"PHENO_0092","TPL_019","injected_rate_pulse","TPL_019_EVENT_002","TPL_019_STATE_002",48,52,19.6303382991043,20.0842935707338,5,6,0.453955271629535,0.0864841370604914,0.279085349769435,3.22701201925884,3.75899376238224,0.527504016996586,0.318009990725318,2.89796770588769,4,4,"both_sides","same_generator_run_non_event_intervals_only","clear_burst_like","INJECTED_BURST_IN_HFS_BOTH_SIDES_N05","injected_support","burst_in_hfs","both_sides",5,"none","injected_burst","eligible","S0047",1,0.1,"holdout",1.96303382991043,2.00842935707338,0.0453955271629535,0.00864841370604914,0.0279085349769435,"observable_primary_positive",TRUE
"PHENO_0093","TPL_019","injected_rate_pulse","TPL_019_EVENT_005","TPL_019_STATE_005",105,112,49.7707449228417,50.202866044231,8,9,0.432121121389288,0.0546082794414717,0.225085326557563,4.12181685377591,4.17173459623653,0.219824516680421,0.256789190593275,4.34098503611266,4,4,"both_sides","same_generator_run_non_event_intervals_only","clear_burst_like","INJECTED_BURST_IN_HFS_BOTH_SIDES_N08","injected_support","burst_in_hfs","both_sides",8,"none","injected_burst","eligible","S0047",1,0.1,"holdout",4.97707449228417,5.0202866044231,0.0432121121389288,0.00546082794414717,0.0225085326557563,"observable_primary_positive",TRUE
"PHENO_0094","TPL_019","injected_rate_pulse","TPL_019_EVENT_006","none",133,137,59.4175372083305,60.1390975156574,5,6,0.721560307326856,0.12457838732929,0.485007829029245,3.89319399156497,3.30514321402038,0.26104274061483,0.3298309882898,3.31209612670836,4,0,"left_only","same_generator_run_non_event_intervals_only","clear_burst_like","INJECTED_STANDALONE_BURST_LEFT_ONLY_N05","injected_support","standalone_burst","left_only",5,"none","injected_burst","eligible","S0047",1,0.1,"holdout",5.94175372083305,6.01390975156574,0.0721560307326856,0.012457838732929,0.0485007829029245,"observable_primary_positive",TRUE
"PHENO_0095","TPL_019","injected_rate_pulse","TPL_019_EVENT_007","none",139,144,60.6493116103819,61.423716810885,6,7,0.774405200503169,0.117283102723883,0.311690933503662,2.65759454060036,2.76987210871497,0.448508513558126,0.415320887413477,2.6040331433245,0,4,"right_only","same_generator_run_non_event_intervals_only","clear_burst_like","INJECTED_STANDALONE_BURST_RIGHT_ONLY_N06","injected_support","standalone_burst","right_only",6,"none","injected_burst","eligible","S0047",1,0.1,"holdout",6.06493116103819,6.1423716810885,0.0774405200503169,0.0117283102723883,0.0311690933503662,"observable_primary_positive",TRUE
"PHENO_0119","TPL_019","null_model_burst_like_excursion","none","TPL_019_STATE_001",28,32,10.550093476354,11.526329083011,5,6,0.976235606657031,0.115304867157845,0.45959046692416,3.98587222077112,2.45271391017138,0.740649853640416,0.72398337373753,3.24217057673224,4,2,"both_sides","within_HFS_state_scan_window","no_burst_evidence","NULL_SCAN_BROAD_HFS","null_scan","broad_hfs","scan_both_sides",5,"none","mechanism_negative_null_excursion_audit","eligible","S0047",1,0.1,"holdout",1.0550093476354,1.1526329083011,0.0976235606657031,0.0115304867157845,0.045959046692416,"null_model_no_excursion",FALSE
"PHENO_0091","TPL_019","injected_rate_pulse","TPL_019_EVENT_001","none",5,11,3.30682988852612,4.08106012319297,7,8,0.774230234666845,0.0860424113246916,0.694914302214814,8.07641593855929,6.7671233435592,0.465823584875992,0.173722240381084,5.95827410721204,4,4,"both_sides","same_generator_run_non_event_intervals_only","clear_burst_like","INJECTED_STANDALONE_BURST_BOTH_SIDES_N07","injected_support","standalone_burst","both_sides",7,"none","injected_burst","eligible","S0037",4,0.4,"holdout",1.32273195541045,1.63242404927719,0.309692093866738,0.0344169645298766,0.277965720885926,"observable_primary_positive",TRUE
"PHENO_0092","TPL_019","injected_rate_pulse","TPL_019_EVENT_002","TPL_019_STATE_002",48,52,19.6303382991043,20.0842935707338,5,6,0.453955271629535,0.0864841370604914,0.279085349769435,3.22701201925884,3.75899376238224,0.527504016996586,0.318009990725318,2.89796770588769,4,4,"both_sides","same_generator_run_non_event_intervals_only","clear_burst_like","INJECTED_BURST_IN_HFS_BOTH_SIDES_N05","injected_support","burst_in_hfs","both_sides",5,"none","injected_burst","eligible","S0037",4,0.4,"holdout",7.8521353196417,8.03371742829352,0.181582108651814,0.0345936548241966,0.111634139907774,"observable_primary_positive",TRUE
"PHENO_0093","TPL_019","injected_rate_pulse","TPL_019_EVENT_005","TPL_019_STATE_005",105,112,49.7707449228417,50.202866044231,8,9,0.432121121389288,0.0546082794414717,0.225085326557563,4.12181685377591,4.17173459623653,0.219824516680421,0.256789190593275,4.34098503611266,4,4,"both_sides","same_generator_run_non_event_intervals_only","clear_burst_like","INJECTED_BURST_IN_HFS_BOTH_SIDES_N08","injected_support","burst_in_hfs","both_sides",8,"none","injected_burst","eligible","S0037",4,0.4,"holdout",19.9082979691367,20.0811464176924,0.172848448555715,0.0218433117765887,0.0900341306230252,"observable_primary_positive",TRUE
"PHENO_0094","TPL_019","injected_rate_pulse","TPL_019_EVENT_006","none",133,137,59.4175372083305,60.1390975156574,5,6,0.721560307326856,0.12457838732929,0.485007829029245,3.89319399156497,3.30514321402038,0.26104274061483,0.3298309882898,3.31209612670836,4,0,"left_only","same_generator_run_non_event_intervals_only","clear_burst_like","INJECTED_STANDALONE_BURST_LEFT_ONLY_N05","injected_support","standalone_burst","left_only",5,"none","injected_burst","eligible","S0037",4,0.4,"holdout",23.7670148833322,24.0556390062629,0.288624122930742,0.049831354931716,0.194003131611698,"observable_primary_positive",TRUE
"PHENO_0095","TPL_019","injected_rate_pulse","TPL_019_EVENT_007","none",139,144,60.6493116103819,61.423716810885,6,7,0.774405200503169,0.117283102723883,0.311690933503662,2.65759454060036,2.76987210871497,0.448508513558126,0.415320887413477,2.6040331433245,0,4,"right_only","same_generator_run_non_event_intervals_only","clear_burst_like","INJECTED_STANDALONE_BURST_RIGHT_ONLY_N06","injected_support","standalone_burst","right_only",6,"none","injected_burst","eligible","S0037",4,0.4,"holdout",24.2597246441527,24.569486724354,0.309762080201267,0.0469132410895531,0.124676373401465,"observable_primary_positive",TRUE
"PHENO_0119","TPL_019","null_model_burst_like_excursion","none","TPL_019_STATE_001",28,32,10.550093476354,11.526329083011,5,6,0.976235606657031,0.115304867157845,0.45959046692416,3.98587222077112,2.45271391017138,0.740649853640416,0.72398337373753,3.24217057673224,4,2,"both_sides","within_HFS_state_scan_window","no_burst_evidence","NULL_SCAN_BROAD_HFS","null_scan","broad_hfs","scan_both_sides",5,"none","mechanism_negative_null_excursion_audit","eligible","S0037",4,0.4,"holdout",4.22003739054161,4.61053163320442,0.390494242662812,0.0461219468631381,0.183836186769664,"null_model_no_excursion",FALSE
"PHENO_0091","TPL_019","injected_rate_pulse","TPL_019_EVENT_001","none",5,11,3.30682988852612,4.08106012319297,7,8,0.774230234666845,0.0860424113246916,0.694914302214814,8.07641593855929,6.7671233435592,0.465823584875992,0.173722240381084,5.95827410721204,4,4,"both_sides","same_generator_run_non_event_intervals_only","clear_burst_like","INJECTED_STANDALONE_BURST_BOTH_SIDES_N07","injected_support","standalone_burst","both_sides",7,"none","injected_burst","eligible","S0025",10,1,"holdout",3.30682988852612,4.08106012319297,0.774230234666845,0.0860424113246916,0.694914302214814,"observable_primary_positive",TRUE
"PHENO_0092","TPL_019","injected_rate_pulse","TPL_019_EVENT_002","TPL_019_STATE_002",48,52,19.6303382991043,20.0842935707338,5,6,0.453955271629535,0.0864841370604914,0.279085349769435,3.22701201925884,3.75899376238224,0.527504016996586,0.318009990725318,2.89796770588769,4,4,"both_sides","same_generator_run_non_event_intervals_only","clear_burst_like","INJECTED_BURST_IN_HFS_BOTH_SIDES_N05","injected_support","burst_in_hfs","both_sides",5,"none","injected_burst","eligible","S0025",10,1,"holdout",19.6303382991043,20.0842935707338,0.453955271629535,0.0864841370604914,0.279085349769435,"observable_primary_positive",TRUE
"PHENO_0093","TPL_019","injected_rate_pulse","TPL_019_EVENT_005","TPL_019_STATE_005",105,112,49.7707449228417,50.202866044231,8,9,0.432121121389288,0.0546082794414717,0.225085326557563,4.12181685377591,4.17173459623653,0.219824516680421,0.256789190593275,4.34098503611266,4,4,"both_sides","same_generator_run_non_event_intervals_only","clear_burst_like","INJECTED_BURST_IN_HFS_BOTH_SIDES_N08","injected_support","burst_in_hfs","both_sides",8,"none","injected_burst","eligible","S0025",10,1,"holdout",49.7707449228417,50.202866044231,0.432121121389288,0.0546082794414717,0.225085326557563,"observable_primary_positive",TRUE
"PHENO_0094","TPL_019","injected_rate_pulse","TPL_019_EVENT_006","none",133,137,59.4175372083305,60.1390975156574,5,6,0.721560307326856,0.12457838732929,0.485007829029245,3.89319399156497,3.30514321402038,0.26104274061483,0.3298309882898,3.31209612670836,4,0,"left_only","same_generator_run_non_event_intervals_only","clear_burst_like","INJECTED_STANDALONE_BURST_LEFT_ONLY_N05","injected_support","standalone_burst","left_only",5,"none","injected_burst","eligible","S0025",10,1,"holdout",59.4175372083305,60.1390975156574,0.721560307326856,0.12457838732929,0.485007829029245,"observable_primary_positive",TRUE
"PHENO_0095","TPL_019","injected_rate_pulse","TPL_019_EVENT_007","none",139,144,60.6493116103819,61.423716810885,6,7,0.774405200503169,0.117283102723883,0.311690933503662,2.65759454060036,2.76987210871497,0.448508513558126,0.415320887413477,2.6040331433245,0,4,"right_only","same_generator_run_non_event_intervals_only","clear_burst_like","INJECTED_STANDALONE_BURST_RIGHT_ONLY_N06","injected_support","standalone_burst","right_only",6,"none","injected_burst","eligible","S0025",10,1,"holdout",60.6493116103819,61.423716810885,0.774405200503169,0.117283102723883,0.311690933503662,"observable_primary_positive",TRUE
"PHENO_0119","TPL_019","null_model_burst_like_excursion","none","TPL_019_STATE_001",28,32,10.550093476354,11.526329083011,5,6,0.976235606657031,0.115304867157845,0.45959046692416,3.98587222077112,2.45271391017138,0.740649853640416,0.72398337373753,3.24217057673224,4,2,"both_sides","within_HFS_state_scan_window","no_burst_evidence","NULL_SCAN_BROAD_HFS","null_scan","broad_hfs","scan_both_sides",5,"none","mechanism_negative_null_excursion_audit","eligible","S0025",10,1,"holdout",10.550093476354,11.526329083011,0.976235606657031,0.115304867157845,0.45959046692416,"null_model_no_excursion",FALSE
"PHENO_0096","TPL_020","injected_rate_pulse","TPL_020_EVENT_001","none",6,12,2.38229789004341,3.21530855648007,7,8,0.833010666436669,0.116230909125008,0.433871309748189,3.73283933692332,3.48249431135427,0.402581875722473,0.321817763904327,3.75658104377251,4,0,"left_only","same_generator_run_non_event_intervals_only","clear_burst_like","INJECTED_STANDALONE_BURST_LEFT_ONLY_N07","injected_support","standalone_burst","left_only",7,"none","injected_burst","eligible","S0021",1,0.1,"holdout",0.238229789004341,0.321530855648007,0.0833010666436669,0.0116230909125008,0.0433871309748189,"observable_primary_positive",TRUE
"PHENO_0097","TPL_020","injected_rate_pulse","TPL_020_EVENT_002","none",14,21,3.76008569468532,4.59959283519618,8,9,0.839507140510857,0.0887880676787567,0.352479296579025,3.96989489459696,3.76876742459485,0.435494587755272,0.39606106179143,4.18780208003059,0,4,"right_only","same_generator_run_non_event_intervals_only","clear_burst_like","INJECTED_STANDALONE_BURST_RIGHT_ONLY_N08","injected_support","standalone_burst","right_only",8,"none","injected_burst","eligible","S0021",1,0.1,"holdout",0.376008569468532,0.459959283519618,0.0839507140510857,0.00887880676787567,0.0352479296579025,"observable_primary_positive",TRUE
"PHENO_0098","TPL_020","injected_rate_pulse","TPL_020_EVENT_004","none",69,74,33.1501473283251,33.9686741080926,6,7,0.818526779767422,0.132488696391412,0.46887769266479,3.53900148039486,4.60140239861146,0.426930399372084,0.353441285500038,3.43467167399497,4,3,"both_sides","same_generator_run_non_event_intervals_only","clear_burst_like","INJECTED_STANDALONE_BURST_BOTH_SIDES_N06","injected_support","standalone_burst","both_sides",6,"none","injected_burst","eligible","S0021",1,0.1,"holdout",3.31501473283251,3.39686741080926,0.0818526779767422,0.0132488696391412,0.046887769266479,"observable_primary_positive",TRUE
"PHENO_0099","TPL_020","injected_rate_pulse","TPL_020_EVENT_006","TPL_020_STATE_004",96,101,48.9672818083865,49.3027742640986,6,7,0.335492455712086,0.0412026792221203,0.265847786226128,6.45219658636673,5.22813601285827,0.553216916942374,0.286449663163853,4.92507121783931,4,4,"both_sides","same_generator_run_non_event_intervals_only","clear_burst_like","INJECTED_BURST_IN_HFS_BOTH_SIDES_N06","injected_support","burst_in_hfs","both_sides",6,"none","injected_burst","eligible","S0021",1,0.1,"holdout",4.89672818083865,4.93027742640986,0.0335492455712086,0.00412026792221203,0.0265847786226128,"observable_primary_positive",TRUE
"PHENO_0100","TPL_020","injected_rate_pulse","TPL_020_EVENT_008","TPL_020_STATE_005",128,135,58.3793573549705,59.0325585080307,8,9,0.653201153060208,0.0875967447733828,0.297159302909947,3.3923555456166,4.03894516501759,0.214772207540122,0.310894551240878,3.78251178717256,4,4,"both_sides","same_generator_run_non_event_intervals_only","clear_burst_like","INJECTED_BURST_IN_HFS_BOTH_SIDES_N08","injected_support","burst_in_hfs","both_sides",8,"none","injected_burst","eligible","S0021",1,0.1,"holdout",5.83793573549705,5.90325585080307,0.0653201153060208,0.00875967447733828,0.0297159302909947,"observable_primary_positive",TRUE
"PHENO_0120","TPL_020","null_model_burst_like_excursion","none","TPL_020_STATE_002",46,54,25.4827250673269,27.1851219148983,9,10,1.70239684757133,0.195976554501647,0.467667452141615,2.38634388348574,2.31095135626978,0.215251826837231,0.430237754505482,2.79717695431465,3,4,"both_sides","within_HFS_state_scan_window","no_burst_evidence","NULL_SCAN_BROAD_HFS","null_scan","broad_hfs","scan_both_sides",9,"none","mechanism_negative_null_excursion_audit","eligible","S0021",1,0.1,"holdout",2.54827250673269,2.71851219148983,0.170239684757133,0.0195976554501647,0.0467667452141615,"null_model_no_excursion",FALSE
"PHENO_0096","TPL_020","injected_rate_pulse","TPL_020_EVENT_001","none",6,12,2.38229789004341,3.21530855648007,7,8,0.833010666436669,0.116230909125008,0.433871309748189,3.73283933692332,3.48249431135427,0.402581875722473,0.321817763904327,3.75658104377251,4,0,"left_only","same_generator_run_non_event_intervals_only","clear_burst_like","INJECTED_STANDALONE_BURST_LEFT_ONLY_N07","injected_support","standalone_burst","left_only",7,"none","injected_burst","eligible","S0020",4,0.4,"holdout",0.952919156017362,1.28612342259203,0.333204266574668,0.0464923636500032,0.173548523899276,"observable_primary_positive",TRUE
"PHENO_0097","TPL_020","injected_rate_pulse","TPL_020_EVENT_002","none",14,21,3.76008569468532,4.59959283519618,8,9,0.839507140510857,0.0887880676787567,0.352479296579025,3.96989489459696,3.76876742459485,0.435494587755272,0.39606106179143,4.18780208003059,0,4,"right_only","same_generator_run_non_event_intervals_only","clear_burst_like","INJECTED_STANDALONE_BURST_RIGHT_ONLY_N08","injected_support","standalone_burst","right_only",8,"none","injected_burst","eligible","S0020",4,0.4,"holdout",1.50403427787413,1.83983713407847,0.335802856204343,0.0355152270715027,0.14099171863161,"observable_primary_positive",TRUE
"PHENO_0098","TPL_020","injected_rate_pulse","TPL_020_EVENT_004","none",69,74,33.1501473283251,33.9686741080926,6,7,0.818526779767422,0.132488696391412,0.46887769266479,3.53900148039486,4.60140239861146,0.426930399372084,0.353441285500038,3.43467167399497,4,3,"both_sides","same_generator_run_non_event_intervals_only","clear_burst_like","INJECTED_STANDALONE_BURST_BOTH_SIDES_N06","injected_support","standalone_burst","both_sides",6,"none","injected_burst","eligible","S0020",4,0.4,"holdout",13.2600589313301,13.587469643237,0.327410711906969,0.0529954785565646,0.187551077065916,"observable_primary_positive",TRUE
"PHENO_0099","TPL_020","injected_rate_pulse","TPL_020_EVENT_006","TPL_020_STATE_004",96,101,48.9672818083865,49.3027742640986,6,7,0.335492455712086,0.0412026792221203,0.265847786226128,6.45219658636673,5.22813601285827,0.553216916942374,0.286449663163853,4.92507121783931,4,4,"both_sides","same_generator_run_non_event_intervals_only","clear_burst_like","INJECTED_BURST_IN_HFS_BOTH_SIDES_N06","injected_support","burst_in_hfs","both_sides",6,"none","injected_burst","eligible","S0020",4,0.4,"holdout",19.5869127233546,19.7211097056394,0.134196982284834,0.0164810716888481,0.106339114490451,"observable_primary_positive",TRUE
"PHENO_0100","TPL_020","injected_rate_pulse","TPL_020_EVENT_008","TPL_020_STATE_005",128,135,58.3793573549705,59.0325585080307,8,9,0.653201153060208,0.0875967447733828,0.297159302909947,3.3923555456166,4.03894516501759,0.214772207540122,0.310894551240878,3.78251178717256,4,4,"both_sides","same_generator_run_non_event_intervals_only","clear_burst_like","INJECTED_BURST_IN_HFS_BOTH_SIDES_N08","injected_support","burst_in_hfs","both_sides",8,"none","injected_burst","eligible","S0020",4,0.4,"holdout",23.3517429419882,23.6130234032123,0.261280461224083,0.0350386979093531,0.118863721163979,"observable_primary_positive",TRUE
"PHENO_0120","TPL_020","null_model_burst_like_excursion","none","TPL_020_STATE_002",46,54,25.4827250673269,27.1851219148983,9,10,1.70239684757133,0.195976554501647,0.467667452141615,2.38634388348574,2.31095135626978,0.215251826837231,0.430237754505482,2.79717695431465,3,4,"both_sides","within_HFS_state_scan_window","no_burst_evidence","NULL_SCAN_BROAD_HFS","null_scan","broad_hfs","scan_both_sides",9,"none","mechanism_negative_null_excursion_audit","eligible","S0020",4,0.4,"holdout",10.1930900269308,10.8740487659593,0.680958739028534,0.0783906218006589,0.187066980856646,"null_model_no_excursion",FALSE
"PHENO_0096","TPL_020","injected_rate_pulse","TPL_020_EVENT_001","none",6,12,2.38229789004341,3.21530855648007,7,8,0.833010666436669,0.116230909125008,0.433871309748189,3.73283933692332,3.48249431135427,0.402581875722473,0.321817763904327,3.75658104377251,4,0,"left_only","same_generator_run_non_event_intervals_only","clear_burst_like","INJECTED_STANDALONE_BURST_LEFT_ONLY_N07","injected_support","standalone_burst","left_only",7,"none","injected_burst","eligible","S0003",10,1,"holdout",2.38229789004341,3.21530855648007,0.833010666436669,0.116230909125008,0.433871309748189,"observable_primary_positive",TRUE
"PHENO_0097","TPL_020","injected_rate_pulse","TPL_020_EVENT_002","none",14,21,3.76008569468532,4.59959283519618,8,9,0.839507140510857,0.0887880676787567,0.352479296579025,3.96989489459696,3.76876742459485,0.435494587755272,0.39606106179143,4.18780208003059,0,4,"right_only","same_generator_run_non_event_intervals_only","clear_burst_like","INJECTED_STANDALONE_BURST_RIGHT_ONLY_N08","injected_support","standalone_burst","right_only",8,"none","injected_burst","eligible","S0003",10,1,"holdout",3.76008569468532,4.59959283519618,0.839507140510857,0.0887880676787567,0.352479296579025,"observable_primary_positive",TRUE
"PHENO_0098","TPL_020","injected_rate_pulse","TPL_020_EVENT_004","none",69,74,33.1501473283251,33.9686741080926,6,7,0.818526779767422,0.132488696391412,0.46887769266479,3.53900148039486,4.60140239861146,0.426930399372084,0.353441285500038,3.43467167399497,4,3,"both_sides","same_generator_run_non_event_intervals_only","clear_burst_like","INJECTED_STANDALONE_BURST_BOTH_SIDES_N06","injected_support","standalone_burst","both_sides",6,"none","injected_burst","eligible","S0003",10,1,"holdout",33.1501473283251,33.9686741080926,0.818526779767422,0.132488696391412,0.46887769266479,"observable_primary_positive",TRUE
"PHENO_0099","TPL_020","injected_rate_pulse","TPL_020_EVENT_006","TPL_020_STATE_004",96,101,48.9672818083865,49.3027742640986,6,7,0.335492455712086,0.0412026792221203,0.265847786226128,6.45219658636673,5.22813601285827,0.553216916942374,0.286449663163853,4.92507121783931,4,4,"both_sides","same_generator_run_non_event_intervals_only","clear_burst_like","INJECTED_BURST_IN_HFS_BOTH_SIDES_N06","injected_support","burst_in_hfs","both_sides",6,"none","injected_burst","eligible","S0003",10,1,"holdout",48.9672818083865,49.3027742640986,0.335492455712086,0.0412026792221203,0.265847786226128,"observable_primary_positive",TRUE
"PHENO_0100","TPL_020","injected_rate_pulse","TPL_020_EVENT_008","TPL_020_STATE_005",128,135,58.3793573549705,59.0325585080307,8,9,0.653201153060208,0.0875967447733828,0.297159302909947,3.3923555456166,4.03894516501759,0.214772207540122,0.310894551240878,3.78251178717256,4,4,"both_sides","same_generator_run_non_event_intervals_only","clear_burst_like","INJECTED_BURST_IN_HFS_BOTH_SIDES_N08","injected_support","burst_in_hfs","both_sides",8,"none","injected_burst","eligible","S0003",10,1,"holdout",58.3793573549705,59.0325585080307,0.653201153060208,0.0875967447733828,0.297159302909947,"observable_primary_positive",TRUE
"PHENO_0120","TPL_020","null_model_burst_like_excursion","none","TPL_020_STATE_002",46,54,25.4827250673269,27.1851219148983,9,10,1.70239684757133,0.195976554501647,0.467667452141615,2.38634388348574,2.31095135626978,0.215251826837231,0.430237754505482,2.79717695431465,3,4,"both_sides","within_HFS_state_scan_window","no_burst_evidence","NULL_SCAN_BROAD_HFS","null_scan","broad_hfs","scan_both_sides",9,"none","mechanism_negative_null_excursion_audit","eligible","S0003",10,1,"holdout",25.4827250673269,27.1851219148983,1.70239684757133,0.195976554501647,0.467667452141615,"null_model_no_excursion",FALSE
