"Template_ID","State_Envelope_ID","Run_ID","State_Label","Tonic_Subtype","Start_u","End_u","Duration_u","N_Boundary_Spikes","N_ISIs","Renewal_Family","Regularity_Regime","Mean_ISI_Parameter_u","Gamma_Shape","Refractory_u","Observed_Mean_ISI_u","CV","CV2","LV","Contains_Injected_Burst","Burst_Strength_Stratum","Tonic_Intended_Stratum","Tonic_Rate_Overlap_Stratum","HFS_Rate_Overlap_Stratum","HFS_Support_Contract_Version","Composite_HFS_Regime_ID","Boundary_Observability","Start_Boundary_Observability","End_Boundary_Observability","Start_Boundary_Contrast","End_Boundary_Contrast","Start_Hard_Cut_Reason","End_Hard_Cut_Reason","Tonic_Phenotype_Evidence_Score","Tonic_Phenotype","Eligibility_Reason","Sample_ID","Scale_Factor","B_s","Split","Start_s","End_s","Duration_s","Mean_ISI_Parameter_s","Refractory_s","Observed_Mean_ISI_s"
"TPL_001","TPL_001_STATE_001","TPL_001_RUN_001","Tonic","generic_stress",0,12.8257610398382,12.8257610398382,13,12,"shifted_gamma","generic_stress",0.963091246765107,15.3015535734594,0.02,1.06881341998652,0.234500723674635,0.30509725072384,0.0937908613231705,FALSE,"none","eligible","core","not_applicable","not_applicable","none","not_applicable","not_applicable","not_applicable",,,"none","none",0.652548383680127,"eligible","pre_frozen_timestamp_evidence_contract_met","S0015",1,0.1,"development",0,1.28257610398382,1.28257610398382,0.0963091246765107,0.002,0.106881341998652
"TPL_001","TPL_001_STATE_002","TPL_001_RUN_004","Tonic","stn_like_empirical",16.5218306627834,23.418889242705,6.89705857992156,16,15,"shifted_gamma","stn_like_empirical",0.471605431428179,49.0355913806707,0.02,0.459803905328104,0.162327408125263,0.154382292523751,0.0285546806196312,FALSE,"none","eligible","boundary","not_applicable","not_applicable","none","not_applicable","not_applicable","not_applicable",,,"none","none",0.875791398554017,"eligible","pre_frozen_timestamp_evidence_contract_met","S0015",1,0.1,"development",1.65218306627834,2.3418889242705,0.689705857992156,0.0471605431428179,0.002,0.0459803905328104
"TPL_001","TPL_001_STATE_003","TPL_001_RUN_010","Broad_HFS","none",42.0762141064265,49.6976331014678,7.62141899504136,23,22,"shifted_gamma","irregular",0.400550139686093,1.58736596780363,0.02,0.346428136138243,0.522841389835867,0.585480848421635,0.375656312143157,FALSE,"none","not_applicable","not_applicable","deep","v2.3_slow_overlap_direct_support_0.65B","none","clear_or_hard_cut","clear","clear",1.87388900193586,6.60895804943355,"none","none",,"not_applicable","not_applicable","S0015",1,0.1,"development",4.20762141064265,4.96976331014678,0.762141899504136,0.0400550139686093,0.002,0.0346428136138243
"TPL_001","TPL_001_STATE_004","TPL_001_RUN_013","Broad_HFS","none",51.8847260243601,59.0914650309211,7.20673900656092,30,29,"shifted_gamma","regular",0.279366957703605,9.38826837670058,0.02,0.248508241605549,0.457514159143588,0.427803995885316,0.236085210281045,TRUE,"weak","not_applicable","not_applicable","core","v2.3_slow_overlap_direct_support_0.65B","TPL_001_REGIME_01","clear_or_hard_cut","clear","hard_cut_canonical_pause",3.15883331124797,2.25608034469271,"none","canonical_pause",,"not_applicable","not_applicable","S0015",1,0.1,"development",5.18847260243601,5.90914650309211,0.720673900656092,0.0279366957703605,0.002,0.0248508241605549
"TPL_001","TPL_001_STATE_005","TPL_001_RUN_015","Broad_HFS","none",62.628301259953,73.7933070268073,11.1650057668544,35,34,"shifted_gamma","intermediate",0.35658081093803,3.5223484987393,0.02,0.32838252255454,0.561734907789286,0.528017581975603,0.314754863521814,TRUE,"moderate","not_applicable","not_applicable","boundary","v2.3_slow_overlap_direct_support_0.65B","TPL_001_REGIME_01","ambiguous_or_edge","hard_cut_canonical_pause","recording_edge_unobservable",0.443246625658717,,"canonical_pause","none",,"not_applicable","not_applicable","S0015",1,0.1,"development",6.2628301259953,7.37933070268073,1.11650057668544,0.035658081093803,0.002,0.032838252255454
"TPL_001","TPL_001_STATE_001","TPL_001_RUN_001","Tonic","generic_stress",0,12.8257610398382,12.8257610398382,13,12,"shifted_gamma","generic_stress",0.963091246765107,15.3015535734594,0.02,1.06881341998652,0.234500723674635,0.30509725072384,0.0937908613231705,FALSE,"none","eligible","core","not_applicable","not_applicable","none","not_applicable","not_applicable","not_applicable",,,"none","none",0.652548383680127,"eligible","pre_frozen_timestamp_evidence_contract_met","S0056",4,0.4,"development",0,5.13030441593528,5.13030441593528,0.385236498706043,0.008,0.427525367994607
"TPL_001","TPL_001_STATE_002","TPL_001_RUN_004","Tonic","stn_like_empirical",16.5218306627834,23.418889242705,6.89705857992156,16,15,"shifted_gamma","stn_like_empirical",0.471605431428179,49.0355913806707,0.02,0.459803905328104,0.162327408125263,0.154382292523751,0.0285546806196312,FALSE,"none","eligible","boundary","not_applicable","not_applicable","none","not_applicable","not_applicable","not_applicable",,,"none","none",0.875791398554017,"eligible","pre_frozen_timestamp_evidence_contract_met","S0056",4,0.4,"development",6.60873226511336,9.36755569708199,2.75882343196863,0.188642172571272,0.008,0.183921562131242
"TPL_001","TPL_001_STATE_003","TPL_001_RUN_010","Broad_HFS","none",42.0762141064265,49.6976331014678,7.62141899504136,23,22,"shifted_gamma","irregular",0.400550139686093,1.58736596780363,0.02,0.346428136138243,0.522841389835867,0.585480848421635,0.375656312143157,FALSE,"none","not_applicable","not_applicable","deep","v2.3_slow_overlap_direct_support_0.65B","none","clear_or_hard_cut","clear","clear",1.87388900193586,6.60895804943355,"none","none",,"not_applicable","not_applicable","S0056",4,0.4,"development",16.8304856425706,19.8790532405871,3.04856759801654,0.160220055874437,0.008,0.138571254455297
"TPL_001","TPL_001_STATE_004","TPL_001_RUN_013","Broad_HFS","none",51.8847260243601,59.0914650309211,7.20673900656092,30,29,"shifted_gamma","regular",0.279366957703605,9.38826837670058,0.02,0.248508241605549,0.457514159143588,0.427803995885316,0.236085210281045,TRUE,"weak","not_applicable","not_applicable","core","v2.3_slow_overlap_direct_support_0.65B","TPL_001_REGIME_01","clear_or_hard_cut","clear","hard_cut_canonical_pause",3.15883331124797,2.25608034469271,"none","canonical_pause",,"not_applicable","not_applicable","S0056",4,0.4,"development",20.7538904097441,23.6365860123684,2.88269560262437,0.111746783081442,0.008,0.0994032966422195
"TPL_001","TPL_001_STATE_005","TPL_001_RUN_015","Broad_HFS","none",62.628301259953,73.7933070268073,11.1650057668544,35,34,"shifted_gamma","intermediate",0.35658081093803,3.5223484987393,0.02,0.32838252255454,0.561734907789286,0.528017581975603,0.314754863521814,TRUE,"moderate","not_applicable","not_applicable","boundary","v2.3_slow_overlap_direct_support_0.65B","TPL_001_REGIME_01","ambiguous_or_edge","hard_cut_canonical_pause","recording_edge_unobservable",0.443246625658717,,"canonical_pause","none",,"not_applicable","not_applicable","S0056",4,0.4,"development",25.0513205039812,29.5173228107229,4.46600230674174,0.142632324375212,0.008,0.131353009021816
"TPL_001","TPL_001_STATE_001","TPL_001_RUN_001","Tonic","generic_stress",0,12.8257610398382,12.8257610398382,13,12,"shifted_gamma","generic_stress",0.963091246765107,15.3015535734594,0.02,1.06881341998652,0.234500723674635,0.30509725072384,0.0937908613231705,FALSE,"none","eligible","core","not_applicable","not_applicable","none","not_applicable","not_applicable","not_applicable",,,"none","none",0.652548383680127,"eligible","pre_frozen_timestamp_evidence_contract_met","S0007",10,1,"development",0,12.8257610398382,12.8257610398382,0.963091246765107,0.02,1.06881341998652
"TPL_001","TPL_001_STATE_002","TPL_001_RUN_004","Tonic","stn_like_empirical",16.5218306627834,23.418889242705,6.89705857992156,16,15,"shifted_gamma","stn_like_empirical",0.471605431428179,49.0355913806707,0.02,0.459803905328104,0.162327408125263,0.154382292523751,0.0285546806196312,FALSE,"none","eligible","boundary","not_applicable","not_applicable","none","not_applicable","not_applicable","not_applicable",,,"none","none",0.875791398554017,"eligible","pre_frozen_timestamp_evidence_contract_met","S0007",10,1,"development",16.5218306627834,23.418889242705,6.89705857992156,0.471605431428179,0.02,0.459803905328104
"TPL_001","TPL_001_STATE_003","TPL_001_RUN_010","Broad_HFS","none",42.0762141064265,49.6976331014678,7.62141899504136,23,22,"shifted_gamma","irregular",0.400550139686093,1.58736596780363,0.02,0.346428136138243,0.522841389835867,0.585480848421635,0.375656312143157,FALSE,"none","not_applicable","not_applicable","deep","v2.3_slow_overlap_direct_support_0.65B","none","clear_or_hard_cut","clear","clear",1.87388900193586,6.60895804943355,"none","none",,"not_applicable","not_applicable","S0007",10,1,"development",42.0762141064265,49.6976331014678,7.62141899504136,0.400550139686093,0.02,0.346428136138243
"TPL_001","TPL_001_STATE_004","TPL_001_RUN_013","Broad_HFS","none",51.8847260243601,59.0914650309211,7.20673900656092,30,29,"shifted_gamma","regular",0.279366957703605,9.38826837670058,0.02,0.248508241605549,0.457514159143588,0.427803995885316,0.236085210281045,TRUE,"weak","not_applicable","not_applicable","core","v2.3_slow_overlap_direct_support_0.65B","TPL_001_REGIME_01","clear_or_hard_cut","clear","hard_cut_canonical_pause",3.15883331124797,2.25608034469271,"none","canonical_pause",,"not_applicable","not_applicable","S0007",10,1,"development",51.8847260243601,59.0914650309211,7.20673900656092,0.279366957703605,0.02,0.248508241605549
"TPL_001","TPL_001_STATE_005","TPL_001_RUN_015","Broad_HFS","none",62.628301259953,73.7933070268073,11.1650057668544,35,34,"shifted_gamma","intermediate",0.35658081093803,3.5223484987393,0.02,0.32838252255454,0.561734907789286,0.528017581975603,0.314754863521814,TRUE,"moderate","not_applicable","not_applicable","boundary","v2.3_slow_overlap_direct_support_0.65B","TPL_001_REGIME_01","ambiguous_or_edge","hard_cut_canonical_pause","recording_edge_unobservable",0.443246625658717,,"canonical_pause","none",,"not_applicable","not_applicable","S0007",10,1,"development",62.628301259953,73.7933070268073,11.1650057668544,0.35658081093803,0.02,0.32838252255454
"TPL_002","TPL_002_STATE_001","TPL_002_RUN_001","Broad_HFS","none",0,10.4036592234531,10.4036592234531,32,31,"shifted_gamma","regular",0.320242547718808,7.33812886616215,0.02,0.335601910433972,0.304726947156944,0.296748061343357,0.102399343024436,FALSE,"none","not_applicable","not_applicable","boundary","v2.3_slow_overlap_direct_support_0.65B","none","ambiguous_or_edge","recording_edge_unobservable","ambiguous",,1.27012245694448,"none","none",,"not_applicable","not_applicable","S0030",1,0.1,"development",0,1.04036592234531,1.04036592234531,0.0320242547718808,0.002,0.0335601910433972
"TPL_002","TPL_002_STATE_002","TPL_002_RUN_004","Broad_HFS","none",17.9738281537255,25.1195003960053,7.14567224227975,34,33,"shifted_gamma","irregular",0.235331687601283,1.59456288234796,0.02,0.216535522493326,0.601891085605093,0.455684283476491,0.211535273280537,TRUE,"strong","not_applicable","not_applicable","core","v2.3_slow_overlap_direct_support_0.65B","none","clear_or_hard_cut","clear","clear",3.38949038302501,1.80559859776041,"none","none",,"not_applicable","not_applicable","S0030",1,0.1,"development",1.79738281537255,2.51195003960053,0.714567224227975,0.0235331687601283,0.002,0.0216535522493326
"TPL_002","TPL_002_STATE_003","TPL_002_RUN_006","Broad_HFS","none",26.9749938740381,40.3944281286502,13.4194342546121,34,33,"shifted_gamma","intermediate",0.399561310894787,3.86346379253082,0.02,0.406649522867033,0.445899530526386,0.532120563186904,0.324617153999546,TRUE,"weak","not_applicable","not_applicable","deep","v2.3_slow_overlap_direct_support_0.65B","none","no_evidence_at_one_or_more_boundaries","no_evidence","ambiguous",1.1195227109906,1.30329698976227,"none","none",,"not_applicable","not_applicable","S0030",1,0.1,"development",2.69749938740381,4.03944281286502,1.34194342546121,0.0399561310894787,0.002,0.0406649522867033
"TPL_002","TPL_002_STATE_004","TPL_002_RUN_008","Tonic","generic_stress",41.4266013678866,47.3130818012021,5.8864804333155,14,13,"shifted_gamma","generic_stress",0.471658308180049,27.2313225218095,0.02,0.452806187178116,0.242620255735374,0.234711939915545,0.0582353331739269,FALSE,"none","eligible","boundary","not_applicable","not_applicable","none","not_applicable","not_applicable","not_applicable",,,"none","none",0.56901465437654,"ambiguous","borderline_continuous_evidence_score","S0030",1,0.1,"development",4.14266013678866,4.73130818012021,0.58864804333155,0.0471658308180049,0.002,0.0452806187178116
"TPL_002","TPL_002_STATE_005","TPL_002_RUN_016","Tonic","stn_like_empirical",61.7157838292883,66.9755699529193,5.259786123631,13,12,"shifted_gamma","stn_like_empirical",0.43932096671313,67.1116274548694,0.02,0.438315510302583,0.0634524807700866,0.0965818322017883,0.00804075434608118,FALSE,"none","eligible","deep","not_applicable","not_applicable","none","not_applicable","not_applicable","not_applicable",,,"none","none",0.803973378981963,"eligible","pre_frozen_timestamp_evidence_contract_met","S0030",1,0.1,"development",6.17157838292883,6.69755699529193,0.5259786123631,0.043932096671313,0.002,0.0438315510302583
"TPL_002","TPL_002_STATE_001","TPL_002_RUN_001","Broad_HFS","none",0,10.4036592234531,10.4036592234531,32,31,"shifted_gamma","regular",0.320242547718808,7.33812886616215,0.02,0.335601910433972,0.304726947156944,0.296748061343357,0.102399343024436,FALSE,"none","not_applicable","not_applicable","boundary","v2.3_slow_overlap_direct_support_0.65B","none","ambiguous_or_edge","recording_edge_unobservable","ambiguous",,1.27012245694448,"none","none",,"not_applicable","not_applicable","S0006",4,0.4,"development",0,4.16146368938126,4.16146368938126,0.128097019087523,0.008,0.134240764173589
"TPL_002","TPL_002_STATE_002","TPL_002_RUN_004","Broad_HFS","none",17.9738281537255,25.1195003960053,7.14567224227975,34,33,"shifted_gamma","irregular",0.235331687601283,1.59456288234796,0.02,0.216535522493326,0.601891085605093,0.455684283476491,0.211535273280537,TRUE,"strong","not_applicable","not_applicable","core","v2.3_slow_overlap_direct_support_0.65B","none","clear_or_hard_cut","clear","clear",3.38949038302501,1.80559859776041,"none","none",,"not_applicable","not_applicable","S0006",4,0.4,"development",7.1895312614902,10.0478001584021,2.8582688969119,0.0941326750405133,0.008,0.0866142089973304
"TPL_002","TPL_002_STATE_003","TPL_002_RUN_006","Broad_HFS","none",26.9749938740381,40.3944281286502,13.4194342546121,34,33,"shifted_gamma","intermediate",0.399561310894787,3.86346379253082,0.02,0.406649522867033,0.445899530526386,0.532120563186904,0.324617153999546,TRUE,"weak","not_applicable","not_applicable","deep","v2.3_slow_overlap_direct_support_0.65B","none","no_evidence_at_one_or_more_boundaries","no_evidence","ambiguous",1.1195227109906,1.30329698976227,"none","none",,"not_applicable","not_applicable","S0006",4,0.4,"development",10.7899975496152,16.1577712514601,5.36777370184484,0.159824524357915,0.008,0.162659809146813
"TPL_002","TPL_002_STATE_004","TPL_002_RUN_008","Tonic","generic_stress",41.4266013678866,47.3130818012021,5.8864804333155,14,13,"shifted_gamma","generic_stress",0.471658308180049,27.2313225218095,0.02,0.452806187178116,0.242620255735374,0.234711939915545,0.0582353331739269,FALSE,"none","eligible","boundary","not_applicable","not_applicable","none","not_applicable","not_applicable","not_applicable",,,"none","none",0.56901465437654,"ambiguous","borderline_continuous_evidence_score","S0006",4,0.4,"development",16.5706405471546,18.9252327204809,2.3545921733262,0.18866332327202,0.008,0.181122474871246
"TPL_002","TPL_002_STATE_005","TPL_002_RUN_016","Tonic","stn_like_empirical",61.7157838292883,66.9755699529193,5.259786123631,13,12,"shifted_gamma","stn_like_empirical",0.43932096671313,67.1116274548694,0.02,0.438315510302583,0.0634524807700866,0.0965818322017883,0.00804075434608118,FALSE,"none","eligible","deep","not_applicable","not_applicable","none","not_applicable","not_applicable","not_applicable",,,"none","none",0.803973378981963,"eligible","pre_frozen_timestamp_evidence_contract_met","S0006",4,0.4,"development",24.6863135317153,26.7902279811677,2.1039144494524,0.175728386685252,0.008,0.175326204121033
"TPL_002","TPL_002_STATE_001","TPL_002_RUN_001","Broad_HFS","none",0,10.4036592234531,10.4036592234531,32,31,"shifted_gamma","regular",0.320242547718808,7.33812886616215,0.02,0.335601910433972,0.304726947156944,0.296748061343357,0.102399343024436,FALSE,"none","not_applicable","not_applicable","boundary","v2.3_slow_overlap_direct_support_0.65B","none","ambiguous_or_edge","recording_edge_unobservable","ambiguous",,1.27012245694448,"none","none",,"not_applicable","not_applicable","S0044",10,1,"development",0,10.4036592234531,10.4036592234531,0.320242547718808,0.02,0.335601910433972
"TPL_002","TPL_002_STATE_002","TPL_002_RUN_004","Broad_HFS","none",17.9738281537255,25.1195003960053,7.14567224227975,34,33,"shifted_gamma","irregular",0.235331687601283,1.59456288234796,0.02,0.216535522493326,0.601891085605093,0.455684283476491,0.211535273280537,TRUE,"strong","not_applicable","not_applicable","core","v2.3_slow_overlap_direct_support_0.65B","none","clear_or_hard_cut","clear","clear",3.38949038302501,1.80559859776041,"none","none",,"not_applicable","not_applicable","S0044",10,1,"development",17.9738281537255,25.1195003960053,7.14567224227975,0.235331687601283,0.02,0.216535522493326
"TPL_002","TPL_002_STATE_003","TPL_002_RUN_006","Broad_HFS","none",26.9749938740381,40.3944281286502,13.4194342546121,34,33,"shifted_gamma","intermediate",0.399561310894787,3.86346379253082,0.02,0.406649522867033,0.445899530526386,0.532120563186904,0.324617153999546,TRUE,"weak","not_applicable","not_applicable","deep","v2.3_slow_overlap_direct_support_0.65B","none","no_evidence_at_one_or_more_boundaries","no_evidence","ambiguous",1.1195227109906,1.30329698976227,"none","none",,"not_applicable","not_applicable","S0044",10,1,"development",26.9749938740381,40.3944281286502,13.4194342546121,0.399561310894787,0.02,0.406649522867033
"TPL_002","TPL_002_STATE_004","TPL_002_RUN_008","Tonic","generic_stress",41.4266013678866,47.3130818012021,5.8864804333155,14,13,"shifted_gamma","generic_stress",0.471658308180049,27.2313225218095,0.02,0.452806187178116,0.242620255735374,0.234711939915545,0.0582353331739269,FALSE,"none","eligible","boundary","not_applicable","not_applicable","none","not_applicable","not_applicable","not_applicable",,,"none","none",0.56901465437654,"ambiguous","borderline_continuous_evidence_score","S0044",10,1,"development",41.4266013678866,47.3130818012021,5.8864804333155,0.471658308180049,0.02,0.452806187178116
"TPL_002","TPL_002_STATE_005","TPL_002_RUN_016","Tonic","stn_like_empirical",61.7157838292883,66.9755699529193,5.259786123631,13,12,"shifted_gamma","stn_like_empirical",0.43932096671313,67.1116274548694,0.02,0.438315510302583,0.0634524807700866,0.0965818322017883,0.00804075434608118,FALSE,"none","eligible","deep","not_applicable","not_applicable","none","not_applicable","not_applicable","not_applicable",,,"none","none",0.803973378981963,"eligible","pre_frozen_timestamp_evidence_contract_met","S0044",10,1,"development",61.7157838292883,66.9755699529193,5.259786123631,0.43932096671313,0.02,0.438315510302583
"TPL_003","TPL_003_STATE_001","TPL_003_RUN_001","Broad_HFS","none",0,6.94657580329266,6.94657580329266,30,29,"shifted_gamma","irregular",0.275124340225011,1.26357237040065,0.02,0.239537096665264,0.754517475965236,0.830026835083592,0.626468881033943,TRUE,"moderate","not_applicable","not_applicable","boundary","v2.3_slow_overlap_direct_support_0.65B","TPL_003_REGIME_01","ambiguous_or_edge","recording_edge_unobservable","hard_cut_canonical_pause",,2.92642216839263,"none","canonical_pause",,"not_applicable","not_applicable","S0058",1,0.1,"development",0,0.694657580329266,0.694657580329266,0.0275124340225011,0.002,0.0239537096665264
"TPL_003","TPL_003_STATE_002","TPL_003_RUN_003","Broad_HFS","none",11.1081357124557,22.0892248882414,10.9810891757856,29,28,"shifted_gamma","regular",0.437399316867813,11.245795651339,0.02,0.392181756278059,0.456274210585051,0.380192453955345,0.163720205714525,TRUE,"strong","not_applicable","not_applicable","deep","v2.3_slow_overlap_direct_support_0.65B","TPL_003_REGIME_01","ambiguous_or_edge","hard_cut_canonical_pause","ambiguous",1.79480456873251,1.49651738250109,"canonical_pause","none",,"not_applicable","not_applicable","S0058",1,0.1,"development",1.11081357124557,2.20892248882414,1.09810891757856,0.0437399316867813,0.002,0.0392181756278059
"TPL_003","TPL_003_STATE_003","TPL_003_RUN_008","Tonic","generic_stress",31.0069631999951,36.5507865861703,5.54382338617514,14,13,"shifted_gamma","generic_stress",0.428497224799357,14.0334607986733,0.02,0.426447952782703,0.210370804312222,0.243527311885684,0.0745120039835185,FALSE,"none","eligible","deep","not_applicable","not_applicable","none","not_applicable","not_applicable","not_applicable",,,"none","none",0.606536759202621,"ambiguous","weak_local_boundary_contrast","S0058",1,0.1,"development",3.10069631999951,3.65507865861703,0.554382338617514,0.0428497224799357,0.002,0.0426447952782703
"TPL_003","TPL_003_STATE_004","TPL_003_RUN_012","Broad_HFS","none",46.4110043524382,51.718651298982,5.30764694654383,26,25,"shifted_gamma","intermediate",0.207748133763671,3.94790999777615,0.02,0.212305877861753,0.460565291666003,0.527103731551622,0.30289864599843,FALSE,"none","not_applicable","not_applicable","core","v2.3_slow_overlap_direct_support_0.65B","none","clear_or_hard_cut","clear","clear",1.71818537054895,2.12725889026559,"none","none",,"not_applicable","not_applicable","S0058",1,0.1,"development",4.64110043524382,5.1718651298982,0.530764694654383,0.0207748133763671,0.002,0.0212305877861753
"TPL_003","TPL_003_STATE_005","TPL_003_RUN_014","Tonic","stn_like_empirical",53.4151454309161,61.8381688220783,8.42302339116217,14,13,"shifted_gamma","stn_like_empirical",0.638537079719827,48.7706405669451,0.02,0.647924876243244,0.103348918161962,0.137294660697815,0.0206619338912644,FALSE,"none","eligible","core","not_applicable","not_applicable","none","not_applicable","not_applicable","not_applicable",,,"none","none",0.780371676592422,"eligible","pre_frozen_timestamp_evidence_contract_met","S0058",1,0.1,"development",5.34151454309162,6.18381688220783,0.842302339116217,0.0638537079719827,0.002,0.0647924876243244
"TPL_003","TPL_003_STATE_001","TPL_003_RUN_001","Broad_HFS","none",0,6.94657580329266,6.94657580329266,30,29,"shifted_gamma","irregular",0.275124340225011,1.26357237040065,0.02,0.239537096665264,0.754517475965236,0.830026835083592,0.626468881033943,TRUE,"moderate","not_applicable","not_applicable","boundary","v2.3_slow_overlap_direct_support_0.65B","TPL_003_REGIME_01","ambiguous_or_edge","recording_edge_unobservable","hard_cut_canonical_pause",,2.92642216839263,"none","canonical_pause",,"not_applicable","not_applicable","S0049",4,0.4,"development",0,2.77863032131707,2.77863032131707,0.110049736090004,0.008,0.0958148386661057
"TPL_003","TPL_003_STATE_002","TPL_003_RUN_003","Broad_HFS","none",11.1081357124557,22.0892248882414,10.9810891757856,29,28,"shifted_gamma","regular",0.437399316867813,11.245795651339,0.02,0.392181756278059,0.456274210585051,0.380192453955345,0.163720205714525,TRUE,"strong","not_applicable","not_applicable","deep","v2.3_slow_overlap_direct_support_0.65B","TPL_003_REGIME_01","ambiguous_or_edge","hard_cut_canonical_pause","ambiguous",1.79480456873251,1.49651738250109,"canonical_pause","none",,"not_applicable","not_applicable","S0049",4,0.4,"development",4.44325428498228,8.83568995529654,4.39243567031426,0.174959726747125,0.008,0.156872702511224
"TPL_003","TPL_003_STATE_003","TPL_003_RUN_008","Tonic","generic_stress",31.0069631999951,36.5507865861703,5.54382338617514,14,13,"shifted_gamma","generic_stress",0.428497224799357,14.0334607986733,0.02,0.426447952782703,0.210370804312222,0.243527311885684,0.0745120039835185,FALSE,"none","eligible","deep","not_applicable","not_applicable","none","not_applicable","not_applicable","not_applicable",,,"none","none",0.606536759202621,"ambiguous","weak_local_boundary_contrast","S0049",4,0.4,"development",12.4027852799981,14.6203146344681,2.21752935447006,0.171398889919743,0.008,0.170579181113081
"TPL_003","TPL_003_STATE_004","TPL_003_RUN_012","Broad_HFS","none",46.4110043524382,51.718651298982,5.30764694654383,26,25,"shifted_gamma","intermediate",0.207748133763671,3.94790999777615,0.02,0.212305877861753,0.460565291666003,0.527103731551622,0.30289864599843,FALSE,"none","not_applicable","not_applicable","core","v2.3_slow_overlap_direct_support_0.65B","none","clear_or_hard_cut","clear","clear",1.71818537054895,2.12725889026559,"none","none",,"not_applicable","not_applicable","S0049",4,0.4,"development",18.5644017409753,20.6874605195928,2.12305877861753,0.0830992535054684,0.008,0.0849223511447014
"TPL_003","TPL_003_STATE_005","TPL_003_RUN_014","Tonic","stn_like_empirical",53.4151454309161,61.8381688220783,8.42302339116217,14,13,"shifted_gamma","stn_like_empirical",0.638537079719827,48.7706405669451,0.02,0.647924876243244,0.103348918161962,0.137294660697815,0.0206619338912644,FALSE,"none","eligible","core","not_applicable","not_applicable","none","not_applicable","not_applicable","not_applicable",,,"none","none",0.780371676592422,"eligible","pre_frozen_timestamp_evidence_contract_met","S0049",4,0.4,"development",21.3660581723665,24.7352675288313,3.36920935646487,0.255414831887931,0.008,0.259169950497298
"TPL_003","TPL_003_STATE_001","TPL_003_RUN_001","Broad_HFS","none",0,6.94657580329266,6.94657580329266,30,29,"shifted_gamma","irregular",0.275124340225011,1.26357237040065,0.02,0.239537096665264,0.754517475965236,0.830026835083592,0.626468881033943,TRUE,"moderate","not_applicable","not_applicable","boundary","v2.3_slow_overlap_direct_support_0.65B","TPL_003_REGIME_01","ambiguous_or_edge","recording_edge_unobservable","hard_cut_canonical_pause",,2.92642216839263,"none","canonical_pause",,"not_applicable","not_applicable","S0040",10,1,"development",0,6.94657580329266,6.94657580329266,0.275124340225011,0.02,0.239537096665264
"TPL_003","TPL_003_STATE_002","TPL_003_RUN_003","Broad_HFS","none",11.1081357124557,22.0892248882414,10.9810891757856,29,28,"shifted_gamma","regular",0.437399316867813,11.245795651339,0.02,0.392181756278059,0.456274210585051,0.380192453955345,0.163720205714525,TRUE,"strong","not_applicable","not_applicable","deep","v2.3_slow_overlap_direct_support_0.65B","TPL_003_REGIME_01","ambiguous_or_edge","hard_cut_canonical_pause","ambiguous",1.79480456873251,1.49651738250109,"canonical_pause","none",,"not_applicable","not_applicable","S0040",10,1,"development",11.1081357124557,22.0892248882414,10.9810891757856,0.437399316867813,0.02,0.392181756278059
"TPL_003","TPL_003_STATE_003","TPL_003_RUN_008","Tonic","generic_stress",31.0069631999951,36.5507865861703,5.54382338617514,14,13,"shifted_gamma","generic_stress",0.428497224799357,14.0334607986733,0.02,0.426447952782703,0.210370804312222,0.243527311885684,0.0745120039835185,FALSE,"none","eligible","deep","not_applicable","not_applicable","none","not_applicable","not_applicable","not_applicable",,,"none","none",0.606536759202621,"ambiguous","weak_local_boundary_contrast","S0040",10,1,"development",31.0069631999951,36.5507865861703,5.54382338617514,0.428497224799357,0.02,0.426447952782703
"TPL_003","TPL_003_STATE_004","TPL_003_RUN_012","Broad_HFS","none",46.4110043524382,51.718651298982,5.30764694654383,26,25,"shifted_gamma","intermediate",0.207748133763671,3.94790999777615,0.02,0.212305877861753,0.460565291666003,0.527103731551622,0.30289864599843,FALSE,"none","not_applicable","not_applicable","core","v2.3_slow_overlap_direct_support_0.65B","none","clear_or_hard_cut","clear","clear",1.71818537054895,2.12725889026559,"none","none",,"not_applicable","not_applicable","S0040",10,1,"development",46.4110043524382,51.718651298982,5.30764694654383,0.207748133763671,0.02,0.212305877861753
"TPL_003","TPL_003_STATE_005","TPL_003_RUN_014","Tonic","stn_like_empirical",53.4151454309161,61.8381688220783,8.42302339116217,14,13,"shifted_gamma","stn_like_empirical",0.638537079719827,48.7706405669451,0.02,0.647924876243244,0.103348918161962,0.137294660697815,0.0206619338912644,FALSE,"none","eligible","core","not_applicable","not_applicable","none","not_applicable","not_applicable","not_applicable",,,"none","none",0.780371676592422,"eligible","pre_frozen_timestamp_evidence_contract_met","S0040",10,1,"development",53.4151454309161,61.8381688220783,8.42302339116217,0.638537079719827,0.02,0.647924876243244
"TPL_004","TPL_004_STATE_001","TPL_004_RUN_001","Broad_HFS","none",0,7.12657689368673,7.12657689368673,22,21,"shifted_gamma","intermediate",0.335419856961817,4.72724301926792,0.02,0.339360804461273,0.328275656042772,0.391073424350984,0.15781206836203,FALSE,"none","not_applicable","not_applicable","boundary","v2.3_slow_overlap_direct_support_0.65B","none","ambiguous_or_edge","recording_edge_unobservable","clear",,2.68753264584797,"none","none",,"not_applicable","not_applicable","S0011",1,0.1,"development",0,0.712657689368673,0.712657689368673,0.0335419856961817,0.002,0.0339360804461273
"TPL_004","TPL_004_STATE_002","TPL_004_RUN_003","Broad_HFS","none",13.3575816384346,21.7122370693582,8.35465543092362,31,30,"shifted_gamma","irregular",0.360047486769035,1.66165095618926,0.02,0.278488514364121,0.765790806631016,0.713890937888224,0.57733140170135,TRUE,"weak","not_applicable","not_applicable","deep","v2.3_slow_overlap_direct_support_0.65B","none","clear_or_hard_cut","clear","clear",4.53877035041677,4.20162859887926,"none","none",,"not_applicable","not_applicable","S0011",1,0.1,"development",1.33575816384346,2.17122370693582,0.835465543092363,0.0360047486769036,0.002,0.0278488514364121
"TPL_004","TPL_004_STATE_003","TPL_004_RUN_006","Broad_HFS","none",23.9546660520074,30.2366679777953,6.28200192578792,34,33,"shifted_gamma","regular",0.231151546351612,11.2591788684949,0.02,0.190363694720846,0.471062075613828,0.285154802491687,0.0935909867993448,TRUE,"moderate","not_applicable","not_applicable","core","v2.3_slow_overlap_direct_support_0.65B","none","clear_or_hard_cut","clear","clear",3.01052836414854,4.21919420934073,"none","none",,"not_applicable","not_applicable","S0011",1,0.1,"development",2.39546660520074,3.02366679777953,0.628200192578792,0.0231151546351612,0.002,0.0190363694720846
"TPL_004","TPL_004_STATE_004","TPL_004_RUN_011","Tonic","stn_like_empirical",40.7204859619876,46.6489883476452,5.92850238565754,13,12,"shifted_gamma","stn_like_empirical",0.462566818422638,20.0553582934663,0.02,0.494041865471461,0.21454201549924,0.227666119241962,0.063037207472283,FALSE,"none","eligible","boundary","not_applicable","not_applicable","none","not_applicable","not_applicable","not_applicable",,,"none","none",0.724134306209743,"eligible","pre_frozen_timestamp_evidence_contract_met","S0011",1,0.1,"development",4.07204859619876,4.66489883476452,0.592850238565754,0.0462566818422638,0.002,0.0494041865471461
"TPL_004","TPL_004_STATE_005","TPL_004_RUN_013","Tonic","generic_stress",50.7408192590859,60.534236553152,9.793417294066,12,11,"shifted_gamma","generic_stress",0.942873912975192,23.2528727757744,0.02,0.89031066309691,0.195238098913508,0.206233673070524,0.0368118360080713,FALSE,"none","eligible","core","not_applicable","not_applicable","none","not_applicable","not_applicable","not_applicable",,,"none","none",0.647833965669094,"ambiguous","borderline_continuous_evidence_score","S0011",1,0.1,"development",5.0740819259086,6.0534236553152,0.9793417294066,0.0942873912975192,0.002,0.089031066309691
"TPL_004","TPL_004_STATE_001","TPL_004_RUN_001","Broad_HFS","none",0,7.12657689368673,7.12657689368673,22,21,"shifted_gamma","intermediate",0.335419856961817,4.72724301926792,0.02,0.339360804461273,0.328275656042772,0.391073424350984,0.15781206836203,FALSE,"none","not_applicable","not_applicable","boundary","v2.3_slow_overlap_direct_support_0.65B","none","ambiguous_or_edge","recording_edge_unobservable","clear",,2.68753264584797,"none","none",,"not_applicable","not_applicable","S0014",4,0.4,"development",0,2.85063075747469,2.85063075747469,0.134167942784727,0.008,0.135744321784509
"TPL_004","TPL_004_STATE_002","TPL_004_RUN_003","Broad_HFS","none",13.3575816384346,21.7122370693582,8.35465543092362,31,30,"shifted_gamma","irregular",0.360047486769035,1.66165095618926,0.02,0.278488514364121,0.765790806631016,0.713890937888224,0.57733140170135,TRUE,"weak","not_applicable","not_applicable","deep","v2.3_slow_overlap_direct_support_0.65B","none","clear_or_hard_cut","clear","clear",4.53877035041677,4.20162859887926,"none","none",,"not_applicable","not_applicable","S0014",4,0.4,"development",5.34303265537384,8.68489482774329,3.34186217236945,0.144018994707614,0.008,0.111395405745648
"TPL_004","TPL_004_STATE_003","TPL_004_RUN_006","Broad_HFS","none",23.9546660520074,30.2366679777953,6.28200192578792,34,33,"shifted_gamma","regular",0.231151546351612,11.2591788684949,0.02,0.190363694720846,0.471062075613828,0.285154802491687,0.0935909867993448,TRUE,"moderate","not_applicable","not_applicable","core","v2.3_slow_overlap_direct_support_0.65B","none","clear_or_hard_cut","clear","clear",3.01052836414854,4.21919420934073,"none","none",,"not_applicable","not_applicable","S0014",4,0.4,"development",9.58186642080297,12.0946671911181,2.51280077031517,0.0924606185406446,0.008,0.0761454778883385
"TPL_004","TPL_004_STATE_004","TPL_004_RUN_011","Tonic","stn_like_empirical",40.7204859619876,46.6489883476452,5.92850238565754,13,12,"shifted_gamma","stn_like_empirical",0.462566818422638,20.0553582934663,0.02,0.494041865471461,0.21454201549924,0.227666119241962,0.063037207472283,FALSE,"none","eligible","boundary","not_applicable","not_applicable","none","not_applicable","not_applicable","not_applicable",,,"none","none",0.724134306209743,"eligible","pre_frozen_timestamp_evidence_contract_met","S0014",4,0.4,"development",16.2881943847951,18.6595953390581,2.37140095426302,0.185026727369055,0.008,0.197616746188585
"TPL_004","TPL_004_STATE_005","TPL_004_RUN_013","Tonic","generic_stress",50.7408192590859,60.534236553152,9.793417294066,12,11,"shifted_gamma","generic_stress",0.942873912975192,23.2528727757744,0.02,0.89031066309691,0.195238098913508,0.206233673070524,0.0368118360080713,FALSE,"none","eligible","core","not_applicable","not_applicable","none","not_applicable","not_applicable","not_applicable",,,"none","none",0.647833965669094,"ambiguous","borderline_continuous_evidence_score","S0014",4,0.4,"development",20.2963277036344,24.2136946212608,3.9173669176264,0.377149565190077,0.008,0.356124265238764
"TPL_004","TPL_004_STATE_001","TPL_004_RUN_001","Broad_HFS","none",0,7.12657689368673,7.12657689368673,22,21,"shifted_gamma","intermediate",0.335419856961817,4.72724301926792,0.02,0.339360804461273,0.328275656042772,0.391073424350984,0.15781206836203,FALSE,"none","not_applicable","not_applicable","boundary","v2.3_slow_overlap_direct_support_0.65B","none","ambiguous_or_edge","recording_edge_unobservable","clear",,2.68753264584797,"none","none",,"not_applicable","not_applicable","S0055",10,1,"development",0,7.12657689368673,7.12657689368673,0.335419856961817,0.02,0.339360804461273
"TPL_004","TPL_004_STATE_002","TPL_004_RUN_003","Broad_HFS","none",13.3575816384346,21.7122370693582,8.35465543092362,31,30,"shifted_gamma","irregular",0.360047486769035,1.66165095618926,0.02,0.278488514364121,0.765790806631016,0.713890937888224,0.57733140170135,TRUE,"weak","not_applicable","not_applicable","deep","v2.3_slow_overlap_direct_support_0.65B","none","clear_or_hard_cut","clear","clear",4.53877035041677,4.20162859887926,"none","none",,"not_applicable","not_applicable","S0055",10,1,"development",13.3575816384346,21.7122370693582,8.35465543092362,0.360047486769035,0.02,0.278488514364121
"TPL_004","TPL_004_STATE_003","TPL_004_RUN_006","Broad_HFS","none",23.9546660520074,30.2366679777953,6.28200192578792,34,33,"shifted_gamma","regular",0.231151546351612,11.2591788684949,0.02,0.190363694720846,0.471062075613828,0.285154802491687,0.0935909867993448,TRUE,"moderate","not_applicable","not_applicable","core","v2.3_slow_overlap_direct_support_0.65B","none","clear_or_hard_cut","clear","clear",3.01052836414854,4.21919420934073,"none","none",,"not_applicable","not_applicable","S0055",10,1,"development",23.9546660520074,30.2366679777953,6.28200192578792,0.231151546351612,0.02,0.190363694720846
"TPL_004","TPL_004_STATE_004","TPL_004_RUN_011","Tonic","stn_like_empirical",40.7204859619876,46.6489883476452,5.92850238565754,13,12,"shifted_gamma","stn_like_empirical",0.462566818422638,20.0553582934663,0.02,0.494041865471461,0.21454201549924,0.227666119241962,0.063037207472283,FALSE,"none","eligible","boundary","not_applicable","not_applicable","none","not_applicable","not_applicable","not_applicable",,,"none","none",0.724134306209743,"eligible","pre_frozen_timestamp_evidence_contract_met","S0055",10,1,"development",40.7204859619876,46.6489883476452,5.92850238565754,0.462566818422638,0.02,0.494041865471461
"TPL_004","TPL_004_STATE_005","TPL_004_RUN_013","Tonic","generic_stress",50.7408192590859,60.534236553152,9.793417294066,12,11,"shifted_gamma","generic_stress",0.942873912975192,23.2528727757744,0.02,0.89031066309691,0.195238098913508,0.206233673070524,0.0368118360080713,FALSE,"none","eligible","core","not_applicable","not_applicable","none","not_applicable","not_applicable","not_applicable",,,"none","none",0.647833965669094,"ambiguous","borderline_continuous_evidence_score","S0055",10,1,"development",50.7408192590859,60.534236553152,9.793417294066,0.942873912975192,0.02,0.89031066309691
"TPL_005","TPL_005_STATE_001","TPL_005_RUN_002","Broad_HFS","none",0.969133212284651,11.826606018276,10.8574728059913,32,31,"shifted_gamma","regular",0.378279985943809,8.75723863486201,0.02,0.350241058257785,0.442660597274426,0.401815111693808,0.203882261855588,TRUE,"moderate","not_applicable","not_applicable","boundary","v2.3_slow_overlap_direct_support_0.65B","none","no_evidence_at_one_or_more_boundaries","clear","no_evidence",3.27808692360326,1.14224015527558,"none","none",,"not_applicable","not_applicable","S0028",1,0.1,"development",0.0969133212284651,1.1826606018276,1.08574728059913,0.0378279985943809,0.002,0.0350241058257785
"TPL_005","TPL_005_STATE_002","TPL_005_RUN_006","Tonic","stn_like_empirical",17.8888622958664,25.2973659313743,7.40850363550786,17,16,"shifted_gamma","stn_like_empirical",0.460162132456899,62.556302160956,0.02,0.463031477219241,0.124725038375592,0.108975260435465,0.0156663340575923,FALSE,"none","eligible","deep","not_applicable","not_applicable","none","not_applicable","not_applicable","not_applicable",,,"none","none",0.738100263399631,"eligible","pre_frozen_timestamp_evidence_contract_met","S0028",1,0.1,"development",1.78888622958664,2.52973659313743,0.740850363550786,0.0460162132456899,0.002,0.0463031477219241
"TPL_005","TPL_005_STATE_003","TPL_005_RUN_008","Broad_HFS","none",25.8669115371878,36.3113496608783,10.4444381236905,30,29,"shifted_gamma","intermediate",0.410518903145567,4.91759365950711,0.02,0.360153038747948,0.528823457168006,0.435056463676676,0.283615098883837,TRUE,"strong","not_applicable","not_applicable","deep","v2.3_slow_overlap_direct_support_0.65B","none","no_evidence_at_one_or_more_boundaries","no_evidence","ambiguous",0.967668415850699,1.4797358364913,"none","none",,"not_applicable","not_applicable","S0028",1,0.1,"development",2.58669115371878,3.63113496608783,1.04444381236905,0.0410518903145567,0.002,0.0360153038747948
"TPL_005","TPL_005_STATE_004","TPL_005_RUN_010","Tonic","generic_stress",37.6757028514729,45.975114445808,8.29941159433513,16,15,"shifted_gamma","generic_stress",0.601819782168604,16.243082057219,0.02,0.553294106289009,0.245661257847103,0.298330432906327,0.105079446691917,FALSE,"none","eligible","boundary","not_applicable","not_applicable","none","not_applicable","not_applicable","not_applicable",,,"none","none",0.659633568428883,"eligible","pre_frozen_timestamp_evidence_contract_met","S0028",1,0.1,"development",3.76757028514729,4.5975114445808,0.829941159433513,0.0601819782168604,0.002,0.0553294106289009
"TPL_005","TPL_005_STATE_005","TPL_005_RUN_013","Broad_HFS","none",53.7825062070877,57.5162362902023,3.73373008311457,20,19,"shifted_gamma","irregular",0.183144297106192,1.14032488439698,0.02,0.196512109637609,0.671152660537487,0.828464546482495,0.673593669375427,FALSE,"none","not_applicable","not_applicable","core","v2.3_slow_overlap_direct_support_0.65B","none","ambiguous_or_edge","clear","ambiguous",2.8866679737077,1.47393968557633,"none","none",,"not_applicable","not_applicable","S0028",1,0.1,"development",5.37825062070877,5.75162362902023,0.373373008311457,0.0183144297106192,0.002,0.0196512109637609
"TPL_005","TPL_005_STATE_001","TPL_005_RUN_002","Broad_HFS","none",0.969133212284651,11.826606018276,10.8574728059913,32,31,"shifted_gamma","regular",0.378279985943809,8.75723863486201,0.02,0.350241058257785,0.442660597274426,0.401815111693808,0.203882261855588,TRUE,"moderate","not_applicable","not_applicable","boundary","v2.3_slow_overlap_direct_support_0.65B","none","no_evidence_at_one_or_more_boundaries","clear","no_evidence",3.27808692360326,1.14224015527558,"none","none",,"not_applicable","not_applicable","S0052",4,0.4,"development",0.38765328491386,4.73064240731039,4.34298912239653,0.151311994377524,0.008,0.140096423303114
"TPL_005","TPL_005_STATE_002","TPL_005_RUN_006","Tonic","stn_like_empirical",17.8888622958664,25.2973659313743,7.40850363550786,17,16,"shifted_gamma","stn_like_empirical",0.460162132456899,62.556302160956,0.02,0.463031477219241,0.124725038375592,0.108975260435465,0.0156663340575923,FALSE,"none","eligible","deep","not_applicable","not_applicable","none","not_applicable","not_applicable","not_applicable",,,"none","none",0.738100263399631,"eligible","pre_frozen_timestamp_evidence_contract_met","S0052",4,0.4,"development",7.15554491834657,10.1189463725497,2.96340145420314,0.18406485298276,0.008,0.185212590887696
"TPL_005","TPL_005_STATE_003","TPL_005_RUN_008","Broad_HFS","none",25.8669115371878,36.3113496608783,10.4444381236905,30,29,"shifted_gamma","intermediate",0.410518903145567,4.91759365950711,0.02,0.360153038747948,0.528823457168006,0.435056463676676,0.283615098883837,TRUE,"strong","not_applicable","not_applicable","deep","v2.3_slow_overlap_direct_support_0.65B","none","no_evidence_at_one_or_more_boundaries","no_evidence","ambiguous",0.967668415850699,1.4797358364913,"none","none",,"not_applicable","not_applicable","S0052",4,0.4,"development",10.3467646148751,14.5245398643513,4.1777752494762,0.164207561258227,0.008,0.144061215499179
"TPL_005","TPL_005_STATE_004","TPL_005_RUN_010","Tonic","generic_stress",37.6757028514729,45.975114445808,8.29941159433513,16,15,"shifted_gamma","generic_stress",0.601819782168604,16.243082057219,0.02,0.553294106289009,0.245661257847103,0.298330432906327,0.105079446691917,FALSE,"none","eligible","boundary","not_applicable","not_applicable","none","not_applicable","not_applicable","not_applicable",,,"none","none",0.659633568428883,"eligible","pre_frozen_timestamp_evidence_contract_met","S0052",4,0.4,"development",15.0702811405891,18.3900457783232,3.31976463773405,0.240727912867442,0.008,0.221317642515603
"TPL_005","TPL_005_STATE_005","TPL_005_RUN_013","Broad_HFS","none",53.7825062070877,57.5162362902023,3.73373008311457,20,19,"shifted_gamma","irregular",0.183144297106192,1.14032488439698,0.02,0.196512109637609,0.671152660537487,0.828464546482495,0.673593669375427,FALSE,"none","not_applicable","not_applicable","core","v2.3_slow_overlap_direct_support_0.65B","none","ambiguous_or_edge","clear","ambiguous",2.8866679737077,1.47393968557633,"none","none",,"not_applicable","not_applicable","S0052",4,0.4,"development",21.5130024828351,23.0064945160809,1.49349203324583,0.0732577188424766,0.008,0.0786048438550436
"TPL_005","TPL_005_STATE_001","TPL_005_RUN_002","Broad_HFS","none",0.969133212284651,11.826606018276,10.8574728059913,32,31,"shifted_gamma","regular",0.378279985943809,8.75723863486201,0.02,0.350241058257785,0.442660597274426,0.401815111693808,0.203882261855588,TRUE,"moderate","not_applicable","not_applicable","boundary","v2.3_slow_overlap_direct_support_0.65B","none","no_evidence_at_one_or_more_boundaries","clear","no_evidence",3.27808692360326,1.14224015527558,"none","none",,"not_applicable","not_applicable","S0009",10,1,"development",0.969133212284651,11.826606018276,10.8574728059913,0.378279985943809,0.02,0.350241058257785
"TPL_005","TPL_005_STATE_002","TPL_005_RUN_006","Tonic","stn_like_empirical",17.8888622958664,25.2973659313743,7.40850363550786,17,16,"shifted_gamma","stn_like_empirical",0.460162132456899,62.556302160956,0.02,0.463031477219241,0.124725038375592,0.108975260435465,0.0156663340575923,FALSE,"none","eligible","deep","not_applicable","not_applicable","none","not_applicable","not_applicable","not_applicable",,,"none","none",0.738100263399631,"eligible","pre_frozen_timestamp_evidence_contract_met","S0009",10,1,"development",17.8888622958664,25.2973659313743,7.40850363550786,0.460162132456899,0.02,0.463031477219241
"TPL_005","TPL_005_STATE_003","TPL_005_RUN_008","Broad_HFS","none",25.8669115371878,36.3113496608783,10.4444381236905,30,29,"shifted_gamma","intermediate",0.410518903145567,4.91759365950711,0.02,0.360153038747948,0.528823457168006,0.435056463676676,0.283615098883837,TRUE,"strong","not_applicable","not_applicable","deep","v2.3_slow_overlap_direct_support_0.65B","none","no_evidence_at_one_or_more_boundaries","no_evidence","ambiguous",0.967668415850699,1.4797358364913,"none","none",,"not_applicable","not_applicable","S0009",10,1,"development",25.8669115371878,36.3113496608783,10.4444381236905,0.410518903145567,0.02,0.360153038747948
"TPL_005","TPL_005_STATE_004","TPL_005_RUN_010","Tonic","generic_stress",37.6757028514729,45.975114445808,8.29941159433513,16,15,"shifted_gamma","generic_stress",0.601819782168604,16.243082057219,0.02,0.553294106289009,0.245661257847103,0.298330432906327,0.105079446691917,FALSE,"none","eligible","boundary","not_applicable","not_applicable","none","not_applicable","not_applicable","not_applicable",,,"none","none",0.659633568428883,"eligible","pre_frozen_timestamp_evidence_contract_met","S0009",10,1,"development",37.6757028514729,45.975114445808,8.29941159433513,0.601819782168604,0.02,0.553294106289009
"TPL_005","TPL_005_STATE_005","TPL_005_RUN_013","Broad_HFS","none",53.7825062070877,57.5162362902023,3.73373008311457,20,19,"shifted_gamma","irregular",0.183144297106192,1.14032488439698,0.02,0.196512109637609,0.671152660537487,0.828464546482495,0.673593669375427,FALSE,"none","not_applicable","not_applicable","core","v2.3_slow_overlap_direct_support_0.65B","none","ambiguous_or_edge","clear","ambiguous",2.8866679737077,1.47393968557633,"none","none",,"not_applicable","not_applicable","S0009",10,1,"development",53.7825062070877,57.5162362902023,3.73373008311457,0.183144297106192,0.02,0.196512109637609
"TPL_006","TPL_006_STATE_001","TPL_006_RUN_001","Tonic","generic_stress",0,5.5580321586223,5.5580321586223,13,12,"shifted_gamma","generic_stress",0.472204856532626,15.703656162601,0.02,0.463169346551858,0.200725245194808,0.230701763031041,0.0646966780657381,FALSE,"none","eligible","deep","not_applicable","not_applicable","none","not_applicable","not_applicable","not_applicable",,,"none","none",0.788860807063731,"eligible","pre_frozen_timestamp_evidence_contract_met","S0045",1,0.1,"holdout",0,0.55580321586223,0.55580321586223,0.0472204856532626,0.002,0.0463169346551858
"TPL_006","TPL_006_STATE_002","TPL_006_RUN_004","Tonic","stn_like_empirical",14.52925267474,23.2825333217824,8.7532806470424,17,16,"shifted_gamma","stn_like_empirical",0.548216742239892,66.3078092550859,0.02,0.54708004044015,0.127001047161768,0.18521449987701,0.0361149338884611,FALSE,"none","eligible","core","not_applicable","not_applicable","none","not_applicable","not_applicable","not_applicable",,,"none","none",0.814249189701389,"eligible","pre_frozen_timestamp_evidence_contract_met","S0045",1,0.1,"holdout",1.452925267474,2.32825333217824,0.87532806470424,0.0548216742239893,0.002,0.054708004044015
"TPL_006","TPL_006_STATE_003","TPL_006_RUN_008","Broad_HFS","none",29.491258670929,37.7981029111434,8.30684424021444,33,32,"shifted_gamma","intermediate",0.251008310168982,4.03691189596429,0.02,0.259588882506701,0.48994463192927,0.491189758071782,0.280387638679029,FALSE,"none","not_applicable","not_applicable","core","v2.3_slow_overlap_direct_support_0.65B","none","clear_or_hard_cut","clear","clear",5.36178607647922,5.02795576149881,"none","none",,"not_applicable","not_applicable","S0045",1,0.1,"holdout",2.9491258670929,3.77981029111434,0.830684424021444,0.0251008310168982,0.002,0.0259588882506701
"TPL_006","TPL_006_STATE_004","TPL_006_RUN_013","Broad_HFS","none",51.2942374260685,58.0647093863361,6.77047196026759,33,32,"shifted_gamma","irregular",0.261174746137112,1.15119806248695,0.02,0.211577248758362,1.00257938450094,0.936553272626696,0.862580021153594,TRUE,"weak","not_applicable","not_applicable","boundary","v2.3_slow_overlap_direct_support_0.65B","TPL_006_REGIME_01","clear_or_hard_cut","clear","hard_cut_canonical_pause",3.5087684319786,2.41805800696065,"none","canonical_pause",,"not_applicable","not_applicable","S0045",1,0.1,"holdout",5.12942374260685,5.80647093863361,0.677047196026759,0.0261174746137112,0.002,0.0211577248758362
"TPL_006","TPL_006_STATE_005","TPL_006_RUN_015","Broad_HFS","none",61.0622565723624,71.885149173853,10.8228926014905,33,32,"shifted_gamma","regular",0.410093127246946,6.38706322945654,0.02,0.338215393796579,0.460117448650957,0.488041025582975,0.269541848543089,TRUE,"strong","not_applicable","not_applicable","deep","v2.3_slow_overlap_direct_support_0.65B","TPL_006_REGIME_01","ambiguous_or_edge","hard_cut_canonical_pause","recording_edge_unobservable",1.2479712055874,,"canonical_pause","none",,"not_applicable","not_applicable","S0045",1,0.1,"holdout",6.10622565723624,7.1885149173853,1.08228926014905,0.0410093127246946,0.002,0.0338215393796579
"TPL_006","TPL_006_STATE_001","TPL_006_RUN_001","Tonic","generic_stress",0,5.5580321586223,5.5580321586223,13,12,"shifted_gamma","generic_stress",0.472204856532626,15.703656162601,0.02,0.463169346551858,0.200725245194808,0.230701763031041,0.0646966780657381,FALSE,"none","eligible","deep","not_applicable","not_applicable","none","not_applicable","not_applicable","not_applicable",,,"none","none",0.788860807063731,"eligible","pre_frozen_timestamp_evidence_contract_met","S0035",4,0.4,"holdout",0,2.22321286344892,2.22321286344892,0.18888194261305,0.008,0.185267738620743
"TPL_006","TPL_006_STATE_002","TPL_006_RUN_004","Tonic","stn_like_empirical",14.52925267474,23.2825333217824,8.7532806470424,17,16,"shifted_gamma","stn_like_empirical",0.548216742239892,66.3078092550859,0.02,0.54708004044015,0.127001047161768,0.18521449987701,0.0361149338884611,FALSE,"none","eligible","core","not_applicable","not_applicable","none","not_applicable","not_applicable","not_applicable",,,"none","none",0.814249189701389,"eligible","pre_frozen_timestamp_evidence_contract_met","S0035",4,0.4,"holdout",5.81170106989601,9.31301332871297,3.50131225881696,0.219286696895957,0.008,0.21883201617606
"TPL_006","TPL_006_STATE_003","TPL_006_RUN_008","Broad_HFS","none",29.491258670929,37.7981029111434,8.30684424021444,33,32,"shifted_gamma","intermediate",0.251008310168982,4.03691189596429,0.02,0.259588882506701,0.48994463192927,0.491189758071782,0.280387638679029,FALSE,"none","not_applicable","not_applicable","core","v2.3_slow_overlap_direct_support_0.65B","none","clear_or_hard_cut","clear","clear",5.36178607647922,5.02795576149881,"none","none",,"not_applicable","not_applicable","S0035",4,0.4,"holdout",11.7965034683716,15.1192411644574,3.32273769608578,0.100403324067593,0.008,0.10383555300268
"TPL_006","TPL_006_STATE_004","TPL_006_RUN_013","Broad_HFS","none",51.2942374260685,58.0647093863361,6.77047196026759,33,32,"shifted_gamma","irregular",0.261174746137112,1.15119806248695,0.02,0.211577248758362,1.00257938450094,0.936553272626696,0.862580021153594,TRUE,"weak","not_applicable","not_applicable","boundary","v2.3_slow_overlap_direct_support_0.65B","TPL_006_REGIME_01","clear_or_hard_cut","clear","hard_cut_canonical_pause",3.5087684319786,2.41805800696065,"none","canonical_pause",,"not_applicable","not_applicable","S0035",4,0.4,"holdout",20.5176949704274,23.2258837545344,2.70818878410703,0.104469898454845,0.008,0.0846308995033448
"TPL_006","TPL_006_STATE_005","TPL_006_RUN_015","Broad_HFS","none",61.0622565723624,71.885149173853,10.8228926014905,33,32,"shifted_gamma","regular",0.410093127246946,6.38706322945654,0.02,0.338215393796579,0.460117448650957,0.488041025582975,0.269541848543089,TRUE,"strong","not_applicable","not_applicable","deep","v2.3_slow_overlap_direct_support_0.65B","TPL_006_REGIME_01","ambiguous_or_edge","hard_cut_canonical_pause","recording_edge_unobservable",1.2479712055874,,"canonical_pause","none",,"not_applicable","not_applicable","S0035",4,0.4,"holdout",24.424902628945,28.7540596695412,4.32915704059621,0.164037250898778,0.008,0.135286157518632
"TPL_006","TPL_006_STATE_001","TPL_006_RUN_001","Tonic","generic_stress",0,5.5580321586223,5.5580321586223,13,12,"shifted_gamma","generic_stress",0.472204856532626,15.703656162601,0.02,0.463169346551858,0.200725245194808,0.230701763031041,0.0646966780657381,FALSE,"none","eligible","deep","not_applicable","not_applicable","none","not_applicable","not_applicable","not_applicable",,,"none","none",0.788860807063731,"eligible","pre_frozen_timestamp_evidence_contract_met","S0004",10,1,"holdout",0,5.5580321586223,5.5580321586223,0.472204856532626,0.02,0.463169346551858
"TPL_006","TPL_006_STATE_002","TPL_006_RUN_004","Tonic","stn_like_empirical",14.52925267474,23.2825333217824,8.7532806470424,17,16,"shifted_gamma","stn_like_empirical",0.548216742239892,66.3078092550859,0.02,0.54708004044015,0.127001047161768,0.18521449987701,0.0361149338884611,FALSE,"none","eligible","core","not_applicable","not_applicable","none","not_applicable","not_applicable","not_applicable",,,"none","none",0.814249189701389,"eligible","pre_frozen_timestamp_evidence_contract_met","S0004",10,1,"holdout",14.52925267474,23.2825333217824,8.7532806470424,0.548216742239892,0.02,0.54708004044015
"TPL_006","TPL_006_STATE_003","TPL_006_RUN_008","Broad_HFS","none",29.491258670929,37.7981029111434,8.30684424021444,33,32,"shifted_gamma","intermediate",0.251008310168982,4.03691189596429,0.02,0.259588882506701,0.48994463192927,0.491189758071782,0.280387638679029,FALSE,"none","not_applicable","not_applicable","core","v2.3_slow_overlap_direct_support_0.65B","none","clear_or_hard_cut","clear","clear",5.36178607647922,5.02795576149881,"none","none",,"not_applicable","not_applicable","S0004",10,1,"holdout",29.491258670929,37.7981029111434,8.30684424021444,0.251008310168982,0.02,0.259588882506701
"TPL_006","TPL_006_STATE_004","TPL_006_RUN_013","Broad_HFS","none",51.2942374260685,58.0647093863361,6.77047196026759,33,32,"shifted_gamma","irregular",0.261174746137112,1.15119806248695,0.02,0.211577248758362,1.00257938450094,0.936553272626696,0.862580021153594,TRUE,"weak","not_applicable","not_applicable","boundary","v2.3_slow_overlap_direct_support_0.65B","TPL_006_REGIME_01","clear_or_hard_cut","clear","hard_cut_canonical_pause",3.5087684319786,2.41805800696065,"none","canonical_pause",,"not_applicable","not_applicable","S0004",10,1,"holdout",51.2942374260685,58.0647093863361,6.77047196026759,0.261174746137112,0.02,0.211577248758362
"TPL_006","TPL_006_STATE_005","TPL_006_RUN_015","Broad_HFS","none",61.0622565723624,71.885149173853,10.8228926014905,33,32,"shifted_gamma","regular",0.410093127246946,6.38706322945654,0.02,0.338215393796579,0.460117448650957,0.488041025582975,0.269541848543089,TRUE,"strong","not_applicable","not_applicable","deep","v2.3_slow_overlap_direct_support_0.65B","TPL_006_REGIME_01","ambiguous_or_edge","hard_cut_canonical_pause","recording_edge_unobservable",1.2479712055874,,"canonical_pause","none",,"not_applicable","not_applicable","S0004",10,1,"holdout",61.0622565723624,71.885149173853,10.8228926014905,0.410093127246946,0.02,0.338215393796579
"TPL_007","TPL_007_STATE_001","TPL_007_RUN_001","Tonic","stn_like_empirical",0,5.40619264756919,5.40619264756919,12,11,"shifted_gamma","stn_like_empirical",0.540506728016771,48.5858643474057,0.02,0.491472058869926,0.1164957154219,0.168670140652188,0.0279578917240534,FALSE,"none","eligible","boundary","not_applicable","not_applicable","none","not_applicable","not_applicable","not_applicable",,,"none","none",0.723542356118717,"eligible","pre_frozen_timestamp_evidence_contract_met","S0059",1,0.1,"holdout",0,0.540619264756919,0.540619264756919,0.0540506728016771,0.002,0.0491472058869926
"TPL_007","TPL_007_STATE_002","TPL_007_RUN_002","Broad_HFS","none",5.40619264756919,13.5556965904297,8.14950394286054,22,21,"shifted_gamma","intermediate",0.359877390377223,4.91885793381371,0.02,0.388071616326692,0.507576517973306,0.502735939296204,0.265132395113546,TRUE,"weak","not_applicable","not_applicable","boundary","v2.3_slow_overlap_direct_support_0.65B","none","clear_or_hard_cut","clear","clear",1.70148732672041,1.911710347063,"none","none",,"not_applicable","not_applicable","S0059",1,0.1,"holdout",0.540619264756919,1.35556965904297,0.814950394286054,0.0359877390377224,0.002,0.0388071616326692
"TPL_007","TPL_007_STATE_003","TPL_007_RUN_005","Broad_HFS","none",21.0287496974147,25.9580523885842,4.92930269116955,22,21,"shifted_gamma","regular",0.21738961908035,9.20059766666964,0.02,0.234728699579502,0.370311837297031,0.424032006536124,0.18418032136969,FALSE,"none","not_applicable","not_applicable","core","v2.3_slow_overlap_direct_support_0.65B","none","clear_or_hard_cut","clear","clear",1.88399039924604,3.49413273864234,"none","none",,"not_applicable","not_applicable","S0059",1,0.1,"holdout",2.10287496974147,2.59580523885842,0.492930269116955,0.021738961908035,0.002,0.0234728699579502
"TPL_007","TPL_007_STATE_004","TPL_007_RUN_006","Tonic","generic_stress",25.9580523885842,37.4832283609329,11.5251759723486,17,16,"shifted_gamma","generic_stress",0.738278695493937,23.7661685943604,0.02,0.72032349827179,0.181216178246577,0.191038121020048,0.0422813046044531,FALSE,"none","eligible","core","not_applicable","not_applicable","none","not_applicable","not_applicable","not_applicable",,,"none","none",0.839328961147941,"eligible","pre_frozen_timestamp_evidence_contract_met","S0059",1,0.1,"holdout",2.59580523885842,3.74832283609329,1.15251759723486,0.0738278695493937,0.002,0.072032349827179
"TPL_007","TPL_007_STATE_005","TPL_007_RUN_017","Broad_HFS","none",56.164823298035,64.2233646952107,8.05854139717572,35,34,"shifted_gamma","irregular",0.336667677313089,1.25621304432862,0.02,0.237015923446345,0.617183393153649,0.538712208726695,0.353331320118623,TRUE,"moderate","not_applicable","not_applicable","deep","v2.3_slow_overlap_direct_support_0.65B","none","ambiguous_or_edge","clear","recording_edge_unobservable",2.05288785834237,,"none","none",,"not_applicable","not_applicable","S0059",1,0.1,"holdout",5.6164823298035,6.42233646952107,0.805854139717572,0.0336667677313089,0.002,0.0237015923446345
"TPL_007","TPL_007_STATE_001","TPL_007_RUN_001","Tonic","stn_like_empirical",0,5.40619264756919,5.40619264756919,12,11,"shifted_gamma","stn_like_empirical",0.540506728016771,48.5858643474057,0.02,0.491472058869926,0.1164957154219,0.168670140652188,0.0279578917240534,FALSE,"none","eligible","boundary","not_applicable","not_applicable","none","not_applicable","not_applicable","not_applicable",,,"none","none",0.723542356118717,"eligible","pre_frozen_timestamp_evidence_contract_met","S0041",4,0.4,"holdout",0,2.16247705902767,2.16247705902767,0.216202691206709,0.008,0.19658882354797
"TPL_007","TPL_007_STATE_002","TPL_007_RUN_002","Broad_HFS","none",5.40619264756919,13.5556965904297,8.14950394286054,22,21,"shifted_gamma","intermediate",0.359877390377223,4.91885793381371,0.02,0.388071616326692,0.507576517973306,0.502735939296204,0.265132395113546,TRUE,"weak","not_applicable","not_applicable","boundary","v2.3_slow_overlap_direct_support_0.65B","none","clear_or_hard_cut","clear","clear",1.70148732672041,1.911710347063,"none","none",,"not_applicable","not_applicable","S0041",4,0.4,"holdout",2.16247705902767,5.42227863617189,3.25980157714422,0.143950956150889,0.008,0.155228646530677
"TPL_007","TPL_007_STATE_003","TPL_007_RUN_005","Broad_HFS","none",21.0287496974147,25.9580523885842,4.92930269116955,22,21,"shifted_gamma","regular",0.21738961908035,9.20059766666964,0.02,0.234728699579502,0.370311837297031,0.424032006536124,0.18418032136969,FALSE,"none","not_applicable","not_applicable","core","v2.3_slow_overlap_direct_support_0.65B","none","clear_or_hard_cut","clear","clear",1.88399039924604,3.49413273864234,"none","none",,"not_applicable","not_applicable","S0041",4,0.4,"holdout",8.41149987896587,10.3832209554337,1.97172107646782,0.0869558476321399,0.008,0.0938914798318009
"TPL_007","TPL_007_STATE_004","TPL_007_RUN_006","Tonic","generic_stress",25.9580523885842,37.4832283609329,11.5251759723486,17,16,"shifted_gamma","generic_stress",0.738278695493937,23.7661685943604,0.02,0.72032349827179,0.181216178246577,0.191038121020048,0.0422813046044531,FALSE,"none","eligible","core","not_applicable","not_applicable","none","not_applicable","not_applicable","not_applicable",,,"none","none",0.839328961147941,"eligible","pre_frozen_timestamp_evidence_contract_met","S0041",4,0.4,"holdout",10.3832209554337,14.9932913443731,4.61007038893946,0.295311478197575,0.008,0.288129399308716
"TPL_007","TPL_007_STATE_005","TPL_007_RUN_017","Broad_HFS","none",56.164823298035,64.2233646952107,8.05854139717572,35,34,"shifted_gamma","irregular",0.336667677313089,1.25621304432862,0.02,0.237015923446345,0.617183393153649,0.538712208726695,0.353331320118623,TRUE,"moderate","not_applicable","not_applicable","deep","v2.3_slow_overlap_direct_support_0.65B","none","ambiguous_or_edge","clear","recording_edge_unobservable",2.05288785834237,,"none","none",,"not_applicable","not_applicable","S0041",4,0.4,"holdout",22.465929319214,25.6893458780843,3.22341655887029,0.134667070925236,0.008,0.0948063693785379
"TPL_007","TPL_007_STATE_001","TPL_007_RUN_001","Tonic","stn_like_empirical",0,5.40619264756919,5.40619264756919,12,11,"shifted_gamma","stn_like_empirical",0.540506728016771,48.5858643474057,0.02,0.491472058869926,0.1164957154219,0.168670140652188,0.0279578917240534,FALSE,"none","eligible","boundary","not_applicable","not_applicable","none","not_applicable","not_applicable","not_applicable",,,"none","none",0.723542356118717,"eligible","pre_frozen_timestamp_evidence_contract_met","S0043",10,1,"holdout",0,5.40619264756919,5.40619264756919,0.540506728016771,0.02,0.491472058869926
"TPL_007","TPL_007_STATE_002","TPL_007_RUN_002","Broad_HFS","none",5.40619264756919,13.5556965904297,8.14950394286054,22,21,"shifted_gamma","intermediate",0.359877390377223,4.91885793381371,0.02,0.388071616326692,0.507576517973306,0.502735939296204,0.265132395113546,TRUE,"weak","not_applicable","not_applicable","boundary","v2.3_slow_overlap_direct_support_0.65B","none","clear_or_hard_cut","clear","clear",1.70148732672041,1.911710347063,"none","none",,"not_applicable","not_applicable","S0043",10,1,"holdout",5.40619264756919,13.5556965904297,8.14950394286054,0.359877390377223,0.02,0.388071616326692
"TPL_007","TPL_007_STATE_003","TPL_007_RUN_005","Broad_HFS","none",21.0287496974147,25.9580523885842,4.92930269116955,22,21,"shifted_gamma","regular",0.21738961908035,9.20059766666964,0.02,0.234728699579502,0.370311837297031,0.424032006536124,0.18418032136969,FALSE,"none","not_applicable","not_applicable","core","v2.3_slow_overlap_direct_support_0.65B","none","clear_or_hard_cut","clear","clear",1.88399039924604,3.49413273864234,"none","none",,"not_applicable","not_applicable","S0043",10,1,"holdout",21.0287496974147,25.9580523885842,4.92930269116955,0.21738961908035,0.02,0.234728699579502
"TPL_007","TPL_007_STATE_004","TPL_007_RUN_006","Tonic","generic_stress",25.9580523885842,37.4832283609329,11.5251759723486,17,16,"shifted_gamma","generic_stress",0.738278695493937,23.7661685943604,0.02,0.72032349827179,0.181216178246577,0.191038121020048,0.0422813046044531,FALSE,"none","eligible","core","not_applicable","not_applicable","none","not_applicable","not_applicable","not_applicable",,,"none","none",0.839328961147941,"eligible","pre_frozen_timestamp_evidence_contract_met","S0043",10,1,"holdout",25.9580523885842,37.4832283609329,11.5251759723486,0.738278695493937,0.02,0.72032349827179
"TPL_007","TPL_007_STATE_005","TPL_007_RUN_017","Broad_HFS","none",56.164823298035,64.2233646952107,8.05854139717572,35,34,"shifted_gamma","irregular",0.336667677313089,1.25621304432862,0.02,0.237015923446345,0.617183393153649,0.538712208726695,0.353331320118623,TRUE,"moderate","not_applicable","not_applicable","deep","v2.3_slow_overlap_direct_support_0.65B","none","ambiguous_or_edge","clear","recording_edge_unobservable",2.05288785834237,,"none","none",,"not_applicable","not_applicable","S0043",10,1,"holdout",56.164823298035,64.2233646952107,8.05854139717572,0.336667677313089,0.02,0.237015923446345
"TPL_008","TPL_008_STATE_001","TPL_008_RUN_001","Tonic","stn_like_empirical",0,5.86464570698215,5.86464570698215,14,13,"shifted_gamma","stn_like_empirical",0.463158172927797,51.516428636387,0.02,0.451126592844781,0.080285693555587,0.106540870572402,0.0128623958703376,FALSE,"none","eligible","deep","not_applicable","not_applicable","none","not_applicable","not_applicable","not_applicable",,,"none","none",0.697662736123028,"eligible","pre_frozen_timestamp_evidence_contract_met","S0026",1,0.1,"holdout",0,0.586464570698215,0.586464570698215,0.0463158172927797,0.002,0.0451126592844781
"TPL_008","TPL_008_STATE_002","TPL_008_RUN_009","Broad_HFS","none",20.9928238329083,31.8905655876459,10.8977417547375,35,34,"shifted_gamma","intermediate",0.385615973863751,4.00158258541487,0.02,0.32052181631581,0.66380387656899,0.597926015861415,0.362713775354505,TRUE,"strong","not_applicable","not_applicable","deep","v2.3_slow_overlap_direct_support_0.65B","TPL_008_REGIME_01","ambiguous_or_edge","ambiguous","hard_cut_canonical_pause",1.17607434939438,1.8637988850125,"none","canonical_pause",,"not_applicable","not_applicable","S0026",1,0.1,"holdout",2.09928238329083,3.18905655876459,1.08977417547375,0.0385615973863751,0.002,0.032052181631581
"TPL_008","TPL_008_STATE_003","TPL_008_RUN_011","Broad_HFS","none",36.6662322449223,42.2299033255372,5.56367108061483,33,32,"shifted_gamma","irregular",0.198922318909317,1.18366587697528,0.02,0.173864721269213,0.933479222735528,0.87735706567233,0.784668690879551,TRUE,"moderate","not_applicable","not_applicable","core","v2.3_slow_overlap_direct_support_0.65B","TPL_008_REGIME_01","clear_or_hard_cut","hard_cut_canonical_pause","clear",2.47440955413018,11.2367947589256,"canonical_pause","none",,"not_applicable","not_applicable","S0026",1,0.1,"holdout",3.66662322449223,4.22299033255372,0.556367108061483,0.0198922318909317,0.002,0.0173864721269213
"TPL_008","TPL_008_STATE_004","TPL_008_RUN_012","Tonic","generic_stress",42.2299033255372,50.109121192116,7.87921786657883,16,15,"shifted_gamma","generic_stress",0.537143110777251,19.4097309610806,0.02,0.525281191105256,0.23540641791203,0.226870246512506,0.064624519796312,FALSE,"none","eligible","boundary","not_applicable","not_applicable","none","not_applicable","not_applicable","not_applicable",,,"none","none",0.821716134299313,"eligible","pre_frozen_timestamp_evidence_contract_met","S0026",1,0.1,"holdout",4.22299033255372,5.0109121192116,0.787921786657883,0.0537143110777251,0.002,0.0525281191105256
"TPL_008","TPL_008_STATE_005","TPL_008_RUN_014","Broad_HFS","none",55.0620748309974,64.7728878324388,9.71081300144137,30,29,"shifted_gamma","regular",0.345568977603689,7.52614120719954,0.02,0.334855620739357,0.288214245714148,0.303895969828895,0.0988603296373183,FALSE,"none","not_applicable","not_applicable","boundary","v2.3_slow_overlap_direct_support_0.65B","none","ambiguous_or_edge","clear","ambiguous",6.12555635643343,1.16335862313822,"none","none",,"not_applicable","not_applicable","S0026",1,0.1,"holdout",5.50620748309974,6.47728878324388,0.971081300144137,0.0345568977603689,0.002,0.0334855620739357
"TPL_008","TPL_008_STATE_001","TPL_008_RUN_001","Tonic","stn_like_empirical",0,5.86464570698215,5.86464570698215,14,13,"shifted_gamma","stn_like_empirical",0.463158172927797,51.516428636387,0.02,0.451126592844781,0.080285693555587,0.106540870572402,0.0128623958703376,FALSE,"none","eligible","deep","not_applicable","not_applicable","none","not_applicable","not_applicable","not_applicable",,,"none","none",0.697662736123028,"eligible","pre_frozen_timestamp_evidence_contract_met","S0001",4,0.4,"holdout",0,2.34585828279286,2.34585828279286,0.185263269171119,0.008,0.180450637137912
"TPL_008","TPL_008_STATE_002","TPL_008_RUN_009","Broad_HFS","none",20.9928238329083,31.8905655876459,10.8977417547375,35,34,"shifted_gamma","intermediate",0.385615973863751,4.00158258541487,0.02,0.32052181631581,0.66380387656899,0.597926015861415,0.362713775354505,TRUE,"strong","not_applicable","not_applicable","deep","v2.3_slow_overlap_direct_support_0.65B","TPL_008_REGIME_01","ambiguous_or_edge","ambiguous","hard_cut_canonical_pause",1.17607434939438,1.8637988850125,"none","canonical_pause",,"not_applicable","not_applicable","S0001",4,0.4,"holdout",8.39712953316334,12.7562262350584,4.35909670189502,0.1542463895455,0.008,0.128208726526324
"TPL_008","TPL_008_STATE_003","TPL_008_RUN_011","Broad_HFS","none",36.6662322449223,42.2299033255372,5.56367108061483,33,32,"shifted_gamma","irregular",0.198922318909317,1.18366587697528,0.02,0.173864721269213,0.933479222735528,0.87735706567233,0.784668690879551,TRUE,"moderate","not_applicable","not_applicable","core","v2.3_slow_overlap_direct_support_0.65B","TPL_008_REGIME_01","clear_or_hard_cut","hard_cut_canonical_pause","clear",2.47440955413018,11.2367947589256,"canonical_pause","none",,"not_applicable","not_applicable","S0001",4,0.4,"holdout",14.6664928979689,16.8919613302149,2.22546843224593,0.0795689275637269,0.008,0.0695458885076854
"TPL_008","TPL_008_STATE_004","TPL_008_RUN_012","Tonic","generic_stress",42.2299033255372,50.109121192116,7.87921786657883,16,15,"shifted_gamma","generic_stress",0.537143110777251,19.4097309610806,0.02,0.525281191105256,0.23540641791203,0.226870246512506,0.064624519796312,FALSE,"none","eligible","boundary","not_applicable","not_applicable","none","not_applicable","not_applicable","not_applicable",,,"none","none",0.821716134299313,"eligible","pre_frozen_timestamp_evidence_contract_met","S0001",4,0.4,"holdout",16.8919613302149,20.0436484768464,3.15168714663153,0.214857244310901,0.008,0.210112476442102
"TPL_008","TPL_008_STATE_005","TPL_008_RUN_014","Broad_HFS","none",55.0620748309974,64.7728878324388,9.71081300144137,30,29,"shifted_gamma","regular",0.345568977603689,7.52614120719954,0.02,0.334855620739357,0.288214245714148,0.303895969828895,0.0988603296373183,FALSE,"none","not_applicable","not_applicable","boundary","v2.3_slow_overlap_direct_support_0.65B","none","ambiguous_or_edge","clear","ambiguous",6.12555635643343,1.16335862313822,"none","none",,"not_applicable","not_applicable","S0001",4,0.4,"holdout",22.024829932399,25.9091551329755,3.88432520057655,0.138227591041476,0.008,0.133942248295743
"TPL_008","TPL_008_STATE_001","TPL_008_RUN_001","Tonic","stn_like_empirical",0,5.86464570698215,5.86464570698215,14,13,"shifted_gamma","stn_like_empirical",0.463158172927797,51.516428636387,0.02,0.451126592844781,0.080285693555587,0.106540870572402,0.0128623958703376,FALSE,"none","eligible","deep","not_applicable","not_applicable","none","not_applicable","not_applicable","not_applicable",,,"none","none",0.697662736123028,"eligible","pre_frozen_timestamp_evidence_contract_met","S0054",10,1,"holdout",0,5.86464570698215,5.86464570698215,0.463158172927797,0.02,0.451126592844781
"TPL_008","TPL_008_STATE_002","TPL_008_RUN_009","Broad_HFS","none",20.9928238329083,31.8905655876459,10.8977417547375,35,34,"shifted_gamma","intermediate",0.385615973863751,4.00158258541487,0.02,0.32052181631581,0.66380387656899,0.597926015861415,0.362713775354505,TRUE,"strong","not_applicable","not_applicable","deep","v2.3_slow_overlap_direct_support_0.65B","TPL_008_REGIME_01","ambiguous_or_edge","ambiguous","hard_cut_canonical_pause",1.17607434939438,1.8637988850125,"none","canonical_pause",,"not_applicable","not_applicable","S0054",10,1,"holdout",20.9928238329083,31.8905655876459,10.8977417547375,0.385615973863751,0.02,0.32052181631581
"TPL_008","TPL_008_STATE_003","TPL_008_RUN_011","Broad_HFS","none",36.6662322449223,42.2299033255372,5.56367108061483,33,32,"shifted_gamma","irregular",0.198922318909317,1.18366587697528,0.02,0.173864721269213,0.933479222735528,0.87735706567233,0.784668690879551,TRUE,"moderate","not_applicable","not_applicable","core","v2.3_slow_overlap_direct_support_0.65B","TPL_008_REGIME_01","clear_or_hard_cut","hard_cut_canonical_pause","clear",2.47440955413018,11.2367947589256,"canonical_pause","none",,"not_applicable","not_applicable","S0054",10,1,"holdout",36.6662322449223,42.2299033255372,5.56367108061483,0.198922318909317,0.02,0.173864721269213
"TPL_008","TPL_008_STATE_004","TPL_008_RUN_012","Tonic","generic_stress",42.2299033255372,50.109121192116,7.87921786657883,16,15,"shifted_gamma","generic_stress",0.537143110777251,19.4097309610806,0.02,0.525281191105256,0.23540641791203,0.226870246512506,0.064624519796312,FALSE,"none","eligible","boundary","not_applicable","not_applicable","none","not_applicable","not_applicable","not_applicable",,,"none","none",0.821716134299313,"eligible","pre_frozen_timestamp_evidence_contract_met","S0054",10,1,"holdout",42.2299033255372,50.109121192116,7.87921786657883,0.537143110777251,0.02,0.525281191105256
"TPL_008","TPL_008_STATE_005","TPL_008_RUN_014","Broad_HFS","none",55.0620748309974,64.7728878324388,9.71081300144137,30,29,"shifted_gamma","regular",0.345568977603689,7.52614120719954,0.02,0.334855620739357,0.288214245714148,0.303895969828895,0.0988603296373183,FALSE,"none","not_applicable","not_applicable","boundary","v2.3_slow_overlap_direct_support_0.65B","none","ambiguous_or_edge","clear","ambiguous",6.12555635643343,1.16335862313822,"none","none",,"not_applicable","not_applicable","S0054",10,1,"holdout",55.0620748309974,64.7728878324388,9.71081300144137,0.345568977603689,0.02,0.334855620739357
"TPL_009","TPL_009_STATE_001","TPL_009_RUN_003","Broad_HFS","none",3.02660225900276,11.2320099421497,8.20540768314696,33,32,"shifted_gamma","irregular",0.282983399219811,1.73295645019971,0.02,0.256418990098342,0.873722005040091,0.737308610945658,0.635286919958748,TRUE,"strong","not_applicable","not_applicable","boundary","v2.3_slow_overlap_direct_support_0.65B","none","ambiguous_or_edge","ambiguous","clear",1.23896126430193,4.00575394519644,"none","none",,"not_applicable","not_applicable","S0048",1,0.1,"holdout",0.302660225900276,1.12320099421497,0.820540768314696,0.0282983399219811,0.002,0.0256418990098342
"TPL_009","TPL_009_STATE_002","TPL_009_RUN_005","Tonic","generic_stress",12.6567710196277,17.4915102689417,4.83473924931401,14,13,"shifted_gamma","generic_stress",0.362023934135213,14.2513243281282,0.02,0.371903019178001,0.289711568540848,0.270617053914859,0.0774466813248433,FALSE,"none","eligible","deep","not_applicable","not_applicable","none","not_applicable","not_applicable","not_applicable",,,"none","none",0.653711200965512,"eligible","pre_frozen_timestamp_evidence_contract_met","S0048",1,0.1,"holdout",1.26567710196277,1.74915102689417,0.483473924931401,0.0362023934135213,0.002,0.0371903019178001
"TPL_009","TPL_009_STATE_003","TPL_009_RUN_008","Broad_HFS","none",28.8639300111601,34.8653934767584,6.00146346559835,28,27,"shifted_gamma","intermediate",0.217146503319964,4.8403916306328,0.02,0.222276424651791,0.356241005865678,0.403548456214625,0.161086519952709,FALSE,"none","not_applicable","not_applicable","core","v2.3_slow_overlap_direct_support_0.65B","none","ambiguous_or_edge","ambiguous","clear",1.23119183145969,4.58331470424335,"none","none",,"not_applicable","not_applicable","S0048",1,0.1,"holdout",2.88639300111601,3.48653934767584,0.600146346559835,0.0217146503319964,0.002,0.0222276424651791
"TPL_009","TPL_009_STATE_004","TPL_009_RUN_014","Tonic","stn_like_empirical",48.7105768690976,54.4094438049785,5.69886693588093,12,11,"shifted_gamma","stn_like_empirical",0.55820706255734,75.3892141953111,0.02,0.518078812352812,0.0873063149895096,0.106387780164606,0.0118247161381242,FALSE,"none","eligible","core","not_applicable","not_applicable","none","not_applicable","not_applicable","not_applicable",,,"none","none",0.701503970394367,"eligible","pre_frozen_timestamp_evidence_contract_met","S0048",1,0.1,"holdout",4.87105768690976,5.44094438049785,0.569886693588093,0.055820706255734,0.002,0.0518078812352812
"TPL_009","TPL_009_STATE_005","TPL_009_RUN_015","Broad_HFS","none",54.4094438049785,63.9867592784231,9.57731547344461,33,32,"shifted_gamma","regular",0.355931409662589,8.79140550876036,0.02,0.299291108545144,0.336439038479548,0.310027562840325,0.126182933747173,TRUE,"weak","not_applicable","not_applicable","deep","v2.3_slow_overlap_direct_support_0.65B","none","ambiguous_or_edge","clear","recording_edge_unobservable",1.7419746711614,,"none","none",,"not_applicable","not_applicable","S0048",1,0.1,"holdout",5.44094438049785,6.39867592784231,0.957731547344461,0.035593140966259,0.002,0.0299291108545144
"TPL_009","TPL_009_STATE_001","TPL_009_RUN_003","Broad_HFS","none",3.02660225900276,11.2320099421497,8.20540768314696,33,32,"shifted_gamma","irregular",0.282983399219811,1.73295645019971,0.02,0.256418990098342,0.873722005040091,0.737308610945658,0.635286919958748,TRUE,"strong","not_applicable","not_applicable","boundary","v2.3_slow_overlap_direct_support_0.65B","none","ambiguous_or_edge","ambiguous","clear",1.23896126430193,4.00575394519644,"none","none",,"not_applicable","not_applicable","S0039",4,0.4,"holdout",1.21064090360111,4.49280397685989,3.28216307325878,0.113193359687924,0.008,0.102567596039337
"TPL_009","TPL_009_STATE_002","TPL_009_RUN_005","Tonic","generic_stress",12.6567710196277,17.4915102689417,4.83473924931401,14,13,"shifted_gamma","generic_stress",0.362023934135213,14.2513243281282,0.02,0.371903019178001,0.289711568540848,0.270617053914859,0.0774466813248433,FALSE,"none","eligible","deep","not_applicable","not_applicable","none","not_applicable","not_applicable","not_applicable",,,"none","none",0.653711200965512,"eligible","pre_frozen_timestamp_evidence_contract_met","S0039",4,0.4,"holdout",5.06270840785108,6.99660410757668,1.9338956997256,0.144809573654085,0.008,0.1487612076712
"TPL_009","TPL_009_STATE_003","TPL_009_RUN_008","Broad_HFS","none",28.8639300111601,34.8653934767584,6.00146346559835,28,27,"shifted_gamma","intermediate",0.217146503319964,4.8403916306328,0.02,0.222276424651791,0.356241005865678,0.403548456214625,0.161086519952709,FALSE,"none","not_applicable","not_applicable","core","v2.3_slow_overlap_direct_support_0.65B","none","ambiguous_or_edge","ambiguous","clear",1.23119183145969,4.58331470424335,"none","none",,"not_applicable","not_applicable","S0039",4,0.4,"holdout",11.545572004464,13.9461573907034,2.40058538623934,0.0868586013279855,0.008,0.0889105698607164
"TPL_009","TPL_009_STATE_004","TPL_009_RUN_014","Tonic","stn_like_empirical",48.7105768690976,54.4094438049785,5.69886693588093,12,11,"shifted_gamma","stn_like_empirical",0.55820706255734,75.3892141953111,0.02,0.518078812352812,0.0873063149895096,0.106387780164606,0.0118247161381242,FALSE,"none","eligible","core","not_applicable","not_applicable","none","not_applicable","not_applicable","not_applicable",,,"none","none",0.701503970394367,"eligible","pre_frozen_timestamp_evidence_contract_met","S0039",4,0.4,"holdout",19.484230747639,21.7637775219914,2.27954677435237,0.223282825022936,0.008,0.207231524941125
"TPL_009","TPL_009_STATE_005","TPL_009_RUN_015","Broad_HFS","none",54.4094438049785,63.9867592784231,9.57731547344461,33,32,"shifted_gamma","regular",0.355931409662589,8.79140550876036,0.02,0.299291108545144,0.336439038479548,0.310027562840325,0.126182933747173,TRUE,"weak","not_applicable","not_applicable","deep","v2.3_slow_overlap_direct_support_0.65B","none","ambiguous_or_edge","clear","recording_edge_unobservable",1.7419746711614,,"none","none",,"not_applicable","not_applicable","S0039",4,0.4,"holdout",21.7637775219914,25.5947037113692,3.83092618937784,0.142372563865036,0.008,0.119716443418058
"TPL_009","TPL_009_STATE_001","TPL_009_RUN_003","Broad_HFS","none",3.02660225900276,11.2320099421497,8.20540768314696,33,32,"shifted_gamma","irregular",0.282983399219811,1.73295645019971,0.02,0.256418990098342,0.873722005040091,0.737308610945658,0.635286919958748,TRUE,"strong","not_applicable","not_applicable","boundary","v2.3_slow_overlap_direct_support_0.65B","none","ambiguous_or_edge","ambiguous","clear",1.23896126430193,4.00575394519644,"none","none",,"not_applicable","not_applicable","S0008",10,1,"holdout",3.02660225900276,11.2320099421497,8.20540768314696,0.282983399219811,0.02,0.256418990098342
"TPL_009","TPL_009_STATE_002","TPL_009_RUN_005","Tonic","generic_stress",12.6567710196277,17.4915102689417,4.83473924931401,14,13,"shifted_gamma","generic_stress",0.362023934135213,14.2513243281282,0.02,0.371903019178001,0.289711568540848,0.270617053914859,0.0774466813248433,FALSE,"none","eligible","deep","not_applicable","not_applicable","none","not_applicable","not_applicable","not_applicable",,,"none","none",0.653711200965512,"eligible","pre_frozen_timestamp_evidence_contract_met","S0008",10,1,"holdout",12.6567710196277,17.4915102689417,4.83473924931401,0.362023934135213,0.02,0.371903019178001
"TPL_009","TPL_009_STATE_003","TPL_009_RUN_008","Broad_HFS","none",28.8639300111601,34.8653934767584,6.00146346559835,28,27,"shifted_gamma","intermediate",0.217146503319964,4.8403916306328,0.02,0.222276424651791,0.356241005865678,0.403548456214625,0.161086519952709,FALSE,"none","not_applicable","not_applicable","core","v2.3_slow_overlap_direct_support_0.65B","none","ambiguous_or_edge","ambiguous","clear",1.23119183145969,4.58331470424335,"none","none",,"not_applicable","not_applicable","S0008",10,1,"holdout",28.8639300111601,34.8653934767584,6.00146346559835,0.217146503319964,0.02,0.222276424651791
"TPL_009","TPL_009_STATE_004","TPL_009_RUN_014","Tonic","stn_like_empirical",48.7105768690976,54.4094438049785,5.69886693588093,12,11,"shifted_gamma","stn_like_empirical",0.55820706255734,75.3892141953111,0.02,0.518078812352812,0.0873063149895096,0.106387780164606,0.0118247161381242,FALSE,"none","eligible","core","not_applicable","not_applicable","none","not_applicable","not_applicable","not_applicable",,,"none","none",0.701503970394367,"eligible","pre_frozen_timestamp_evidence_contract_met","S0008",10,1,"holdout",48.7105768690976,54.4094438049785,5.69886693588093,0.55820706255734,0.02,0.518078812352812
"TPL_009","TPL_009_STATE_005","TPL_009_RUN_015","Broad_HFS","none",54.4094438049785,63.9867592784231,9.57731547344461,33,32,"shifted_gamma","regular",0.355931409662589,8.79140550876036,0.02,0.299291108545144,0.336439038479548,0.310027562840325,0.126182933747173,TRUE,"weak","not_applicable","not_applicable","deep","v2.3_slow_overlap_direct_support_0.65B","none","ambiguous_or_edge","clear","recording_edge_unobservable",1.7419746711614,,"none","none",,"not_applicable","not_applicable","S0008",10,1,"holdout",54.4094438049785,63.9867592784231,9.57731547344461,0.355931409662589,0.02,0.299291108545144
"TPL_010","TPL_010_STATE_001","TPL_010_RUN_001","Tonic","stn_like_empirical",0,7.39741868813936,7.39741868813936,14,13,"shifted_gamma","stn_like_empirical",0.556330185281113,41.7528884205967,0.02,0.569032206779951,0.177603465604394,0.202725654654801,0.0425546484282638,FALSE,"none","eligible","boundary","not_applicable","not_applicable","none","not_applicable","not_applicable","not_applicable",,,"none","none",0.742389503684161,"eligible","pre_frozen_timestamp_evidence_contract_met","S0036",1,0.1,"holdout",0,0.739741868813936,0.739741868813936,0.0556330185281113,0.002,0.0569032206779951
"TPL_010","TPL_010_STATE_002","TPL_010_RUN_007","Tonic","generic_stress",19.3949659097538,30.821456093794,11.4264901840402,13,12,"shifted_gamma","generic_stress",0.882075916733593,14.043847003486,0.02,0.952207515336683,0.211476431130253,0.286330542043801,0.076233709011436,FALSE,"none","eligible","core","not_applicable","not_applicable","none","not_applicable","not_applicable","not_applicable",,,"none","none",0.723236638653144,"eligible","pre_frozen_timestamp_evidence_contract_met","S0036",1,0.1,"holdout",1.93949659097538,3.0821456093794,1.14264901840402,0.0882075916733593,0.002,0.0952207515336683
"TPL_010","TPL_010_STATE_003","TPL_010_RUN_009","Broad_HFS","none",38.3288854093163,46.4610020988699,8.13211668955358,31,30,"shifted_gamma","regular",0.288162809489295,6.89510671840981,0.02,0.271070556318453,0.334734986096346,0.389822230951889,0.161712441150346,FALSE,"none","not_applicable","not_applicable","core","v2.3_slow_overlap_direct_support_0.65B","none","ambiguous_or_edge","clear","ambiguous",8.18301466401648,1.1694678001574,"none","none",,"not_applicable","not_applicable","S0036",1,0.1,"holdout",3.83288854093163,4.64610020988699,0.813211668955358,0.0288162809489295,0.002,0.0271070556318453
"TPL_010","TPL_010_STATE_004","TPL_010_RUN_014","Broad_HFS","none",54.1666101861306,62.5549963076104,8.38838612147981,29,28,"shifted_gamma","intermediate",0.339912723610178,2.87620019530877,0.02,0.299585218624279,0.732869922403953,0.602438950716406,0.438540505641697,TRUE,"moderate","not_applicable","not_applicable","boundary","v2.3_slow_overlap_direct_support_0.65B","TPL_010_REGIME_01","ambiguous_or_edge","ambiguous","hard_cut_canonical_pause",1.5214035372494,1.85191394024601,"none","canonical_pause",,"not_applicable","not_applicable","S0036",1,0.1,"holdout",5.41666101861306,6.25549963076104,0.838838612147981,0.0339912723610178,0.002,0.0299585218624279
"TPL_010","TPL_010_STATE_005","TPL_010_RUN_016","Broad_HFS","none",66.7811515734968,75.8046840275083,9.02353245401157,35,34,"shifted_gamma","irregular",0.320928790504113,1.38070119512267,0.02,0.265398013353282,0.715413165500498,0.770353403958102,0.57155416365898,TRUE,"weak","not_applicable","not_applicable","deep","v2.3_slow_overlap_direct_support_0.65B","TPL_010_REGIME_01","ambiguous_or_edge","hard_cut_canonical_pause","recording_edge_unobservable",2.83441272141392,,"canonical_pause","none",,"not_applicable","not_applicable","S0036",1,0.1,"holdout",6.67811515734968,7.58046840275084,0.902353245401157,0.0320928790504113,0.002,0.0265398013353282
"TPL_010","TPL_010_STATE_001","TPL_010_RUN_001","Tonic","stn_like_empirical",0,7.39741868813936,7.39741868813936,14,13,"shifted_gamma","stn_like_empirical",0.556330185281113,41.7528884205967,0.02,0.569032206779951,0.177603465604394,0.202725654654801,0.0425546484282638,FALSE,"none","eligible","boundary","not_applicable","not_applicable","none","not_applicable","not_applicable","not_applicable",,,"none","none",0.742389503684161,"eligible","pre_frozen_timestamp_evidence_contract_met","S0027",4,0.4,"holdout",0,2.95896747525574,2.95896747525574,0.222532074112445,0.008,0.22761288271198
"TPL_010","TPL_010_STATE_002","TPL_010_RUN_007","Tonic","generic_stress",19.3949659097538,30.821456093794,11.4264901840402,13,12,"shifted_gamma","generic_stress",0.882075916733593,14.043847003486,0.02,0.952207515336683,0.211476431130253,0.286330542043801,0.076233709011436,FALSE,"none","eligible","core","not_applicable","not_applicable","none","not_applicable","not_applicable","not_applicable",,,"none","none",0.723236638653144,"eligible","pre_frozen_timestamp_evidence_contract_met","S0027",4,0.4,"holdout",7.75798636390153,12.3285824375176,4.57059607361608,0.352830366693437,0.008,0.380883006134673
"TPL_010","TPL_010_STATE_003","TPL_010_RUN_009","Broad_HFS","none",38.3288854093163,46.4610020988699,8.13211668955358,31,30,"shifted_gamma","regular",0.288162809489295,6.89510671840981,0.02,0.271070556318453,0.334734986096346,0.389822230951889,0.161712441150346,FALSE,"none","not_applicable","not_applicable","core","v2.3_slow_overlap_direct_support_0.65B","none","ambiguous_or_edge","clear","ambiguous",8.18301466401648,1.1694678001574,"none","none",,"not_applicable","not_applicable","S0027",4,0.4,"holdout",15.3315541637265,18.584400839548,3.25284667582143,0.115265123795718,0.008,0.108428222527381
"TPL_010","TPL_010_STATE_004","TPL_010_RUN_014","Broad_HFS","none",54.1666101861306,62.5549963076104,8.38838612147981,29,28,"shifted_gamma","intermediate",0.339912723610178,2.87620019530877,0.02,0.299585218624279,0.732869922403953,0.602438950716406,0.438540505641697,TRUE,"moderate","not_applicable","not_applicable","boundary","v2.3_slow_overlap_direct_support_0.65B","TPL_010_REGIME_01","ambiguous_or_edge","ambiguous","hard_cut_canonical_pause",1.5214035372494,1.85191394024601,"none","canonical_pause",,"not_applicable","not_applicable","S0027",4,0.4,"holdout",21.6666440744523,25.0219985230442,3.35535444859192,0.135965089444071,0.008,0.119834087449712
"TPL_010","TPL_010_STATE_005","TPL_010_RUN_016","Broad_HFS","none",66.7811515734968,75.8046840275083,9.02353245401157,35,34,"shifted_gamma","irregular",0.320928790504113,1.38070119512267,0.02,0.265398013353282,0.715413165500498,0.770353403958102,0.57155416365898,TRUE,"weak","not_applicable","not_applicable","deep","v2.3_slow_overlap_direct_support_0.65B","TPL_010_REGIME_01","ambiguous_or_edge","hard_cut_canonical_pause","recording_edge_unobservable",2.83441272141392,,"canonical_pause","none",,"not_applicable","not_applicable","S0027",4,0.4,"holdout",26.7124606293987,30.3218736110033,3.60941298160463,0.128371516201645,0.008,0.106159205341313
"TPL_010","TPL_010_STATE_001","TPL_010_RUN_001","Tonic","stn_like_empirical",0,7.39741868813936,7.39741868813936,14,13,"shifted_gamma","stn_like_empirical",0.556330185281113,41.7528884205967,0.02,0.569032206779951,0.177603465604394,0.202725654654801,0.0425546484282638,FALSE,"none","eligible","boundary","not_applicable","not_applicable","none","not_applicable","not_applicable","not_applicable",,,"none","none",0.742389503684161,"eligible","pre_frozen_timestamp_evidence_contract_met","S0002",10,1,"holdout",0,7.39741868813936,7.39741868813936,0.556330185281113,0.02,0.569032206779951
"TPL_010","TPL_010_STATE_002","TPL_010_RUN_007","Tonic","generic_stress",19.3949659097538,30.821456093794,11.4264901840402,13,12,"shifted_gamma","generic_stress",0.882075916733593,14.043847003486,0.02,0.952207515336683,0.211476431130253,0.286330542043801,0.076233709011436,FALSE,"none","eligible","core","not_applicable","not_applicable","none","not_applicable","not_applicable","not_applicable",,,"none","none",0.723236638653144,"eligible","pre_frozen_timestamp_evidence_contract_met","S0002",10,1,"holdout",19.3949659097538,30.821456093794,11.4264901840402,0.882075916733593,0.02,0.952207515336683
"TPL_010","TPL_010_STATE_003","TPL_010_RUN_009","Broad_HFS","none",38.3288854093163,46.4610020988699,8.13211668955358,31,30,"shifted_gamma","regular",0.288162809489295,6.89510671840981,0.02,0.271070556318453,0.334734986096346,0.389822230951889,0.161712441150346,FALSE,"none","not_applicable","not_applicable","core","v2.3_slow_overlap_direct_support_0.65B","none","ambiguous_or_edge","clear","ambiguous",8.18301466401648,1.1694678001574,"none","none",,"not_applicable","not_applicable","S0002",10,1,"holdout",38.3288854093163,46.4610020988699,8.13211668955358,0.288162809489295,0.02,0.271070556318453
"TPL_010","TPL_010_STATE_004","TPL_010_RUN_014","Broad_HFS","none",54.1666101861306,62.5549963076104,8.38838612147981,29,28,"shifted_gamma","intermediate",0.339912723610178,2.87620019530877,0.02,0.299585218624279,0.732869922403953,0.602438950716406,0.438540505641697,TRUE,"moderate","not_applicable","not_applicable","boundary","v2.3_slow_overlap_direct_support_0.65B","TPL_010_REGIME_01","ambiguous_or_edge","ambiguous","hard_cut_canonical_pause",1.5214035372494,1.85191394024601,"none","canonical_pause",,"not_applicable","not_applicable","S0002",10,1,"holdout",54.1666101861306,62.5549963076104,8.38838612147981,0.339912723610178,0.02,0.299585218624279
"TPL_010","TPL_010_STATE_005","TPL_010_RUN_016","Broad_HFS","none",66.7811515734968,75.8046840275083,9.02353245401157,35,34,"shifted_gamma","irregular",0.320928790504113,1.38070119512267,0.02,0.265398013353282,0.715413165500498,0.770353403958102,0.57155416365898,TRUE,"weak","not_applicable","not_applicable","deep","v2.3_slow_overlap_direct_support_0.65B","TPL_010_REGIME_01","ambiguous_or_edge","hard_cut_canonical_pause","recording_edge_unobservable",2.83441272141392,,"canonical_pause","none",,"not_applicable","not_applicable","S0002",10,1,"holdout",66.7811515734968,75.8046840275083,9.02353245401157,0.320928790504113,0.02,0.265398013353282
"TPL_011","TPL_011_STATE_001","TPL_011_RUN_003","Broad_HFS","none",4.36192658549157,12.9207335066663,8.55880692117472,34,33,"shifted_gamma","intermediate",0.321637973021716,2.5656802049838,0.02,0.259357785490143,0.706016355999618,0.564971385216651,0.359039958278326,TRUE,"moderate","not_applicable","not_applicable","deep","v2.3_slow_overlap_direct_support_0.65B","none","ambiguous_or_edge","clear","ambiguous",4.89405022105477,1.19596234253376,"none","none",,"not_applicable","not_applicable","S0050",1,0.1,"holdout",0.436192658549158,1.29207335066663,0.855880692117473,0.0321637973021716,0.002,0.0259357785490143
"TPL_011","TPL_011_STATE_002","TPL_011_RUN_005","Broad_HFS","none",13.5722013329618,21.8027871437239,8.23058581076216,35,34,"shifted_gamma","regular",0.286374970935285,7.62900504888967,0.02,0.24207605325771,0.474062597399106,0.390786334083328,0.175848060730928,TRUE,"weak","not_applicable","not_applicable","boundary","v2.3_slow_overlap_direct_support_0.65B","none","no_evidence_at_one_or_more_boundaries","ambiguous","no_evidence",1.26353097822346,1.13304183215549,"none","none",,"not_applicable","not_applicable","S0050",1,0.1,"holdout",1.35722013329618,2.18027871437239,0.823058581076216,0.0286374970935285,0.002,0.0242076053257711
"TPL_011","TPL_011_STATE_003","TPL_011_RUN_006","Tonic","stn_like_empirical",21.8027871437239,25.9496040641254,4.14681692040148,12,11,"shifted_gamma","stn_like_empirical",0.38460046004504,62.7504598535597,0.02,0.376983356400134,0.167716435355759,0.206875773710329,0.0396307595656128,FALSE,"none","eligible","deep","not_applicable","not_applicable","none","not_applicable","not_applicable","not_applicable",,,"none","none",0.67330620738144,"eligible","pre_frozen_timestamp_evidence_contract_met","S0050",1,0.1,"holdout",2.18027871437239,2.59496040641254,0.414681692040148,0.038460046004504,0.002,0.0376983356400135
"TPL_011","TPL_011_STATE_004","TPL_011_RUN_010","Broad_HFS","none",35.7984263640265,39.5377374899204,3.73931112589385,20,19,"shifted_gamma","irregular",0.225615138402209,1.77931693601422,0.02,0.196805848731255,0.672881737433915,0.739316494478658,0.608315606300337,FALSE,"none","not_applicable","not_applicable","core","v2.3_slow_overlap_direct_support_0.65B","none","clear_or_hard_cut","clear","clear",2.09838788525532,3.29929211754491,"none","none",,"not_applicable","not_applicable","S0050",1,0.1,"holdout",3.57984263640265,3.95377374899204,0.373931112589385,0.0225615138402209,0.002,0.0196805848731255
"TPL_011","TPL_011_STATE_005","TPL_011_RUN_012","Tonic","generic_stress",41.8692008228514,49.547740065319,7.67853924246761,15,14,"shifted_gamma","generic_stress",0.58763341112528,28.5901927705854,0.02,0.548467088747687,0.187810929571191,0.210371537743388,0.0514815658902324,FALSE,"none","eligible","boundary","not_applicable","not_applicable","none","not_applicable","not_applicable","not_applicable",,,"none","none",0.774295412535156,"eligible","pre_frozen_timestamp_evidence_contract_met","S0050",1,0.1,"holdout",4.18692008228514,4.9547740065319,0.767853924246761,0.058763341112528,0.002,0.0548467088747687
"TPL_011","TPL_011_STATE_001","TPL_011_RUN_003","Broad_HFS","none",4.36192658549157,12.9207335066663,8.55880692117472,34,33,"shifted_gamma","intermediate",0.321637973021716,2.5656802049838,0.02,0.259357785490143,0.706016355999618,0.564971385216651,0.359039958278326,TRUE,"moderate","not_applicable","not_applicable","deep","v2.3_slow_overlap_direct_support_0.65B","none","ambiguous_or_edge","clear","ambiguous",4.89405022105477,1.19596234253376,"none","none",,"not_applicable","not_applicable","S0034",4,0.4,"holdout",1.74477063419663,5.16829340266652,3.42352276846989,0.128655189208686,0.008,0.103743114196057
"TPL_011","TPL_011_STATE_002","TPL_011_RUN_005","Broad_HFS","none",13.5722013329618,21.8027871437239,8.23058581076216,35,34,"shifted_gamma","regular",0.286374970935285,7.62900504888967,0.02,0.24207605325771,0.474062597399106,0.390786334083328,0.175848060730928,TRUE,"weak","not_applicable","not_applicable","boundary","v2.3_slow_overlap_direct_support_0.65B","none","no_evidence_at_one_or_more_boundaries","ambiguous","no_evidence",1.26353097822346,1.13304183215549,"none","none",,"not_applicable","not_applicable","S0034",4,0.4,"holdout",5.42888053318471,8.72111485748958,3.29223432430486,0.114549988374114,0.008,0.0968304213030842
"TPL_011","TPL_011_STATE_003","TPL_011_RUN_006","Tonic","stn_like_empirical",21.8027871437239,25.9496040641254,4.14681692040148,12,11,"shifted_gamma","stn_like_empirical",0.38460046004504,62.7504598535597,0.02,0.376983356400134,0.167716435355759,0.206875773710329,0.0396307595656128,FALSE,"none","eligible","deep","not_applicable","not_applicable","none","not_applicable","not_applicable","not_applicable",,,"none","none",0.67330620738144,"eligible","pre_frozen_timestamp_evidence_contract_met","S0034",4,0.4,"holdout",8.72111485748958,10.3798416256502,1.65872676816059,0.153840184018016,0.008,0.150793342560054
"TPL_011","TPL_011_STATE_004","TPL_011_RUN_010","Broad_HFS","none",35.7984263640265,39.5377374899204,3.73931112589385,20,19,"shifted_gamma","irregular",0.225615138402209,1.77931693601422,0.02,0.196805848731255,0.672881737433915,0.739316494478658,0.608315606300337,FALSE,"none","not_applicable","not_applicable","core","v2.3_slow_overlap_direct_support_0.65B","none","clear_or_hard_cut","clear","clear",2.09838788525532,3.29929211754491,"none","none",,"not_applicable","not_applicable","S0034",4,0.4,"holdout",14.3193705456106,15.8150949959682,1.49572445035754,0.0902460553608835,0.008,0.078722339492502
"TPL_011","TPL_011_STATE_005","TPL_011_RUN_012","Tonic","generic_stress",41.8692008228514,49.547740065319,7.67853924246761,15,14,"shifted_gamma","generic_stress",0.58763341112528,28.5901927705854,0.02,0.548467088747687,0.187810929571191,0.210371537743388,0.0514815658902324,FALSE,"none","eligible","boundary","not_applicable","not_applicable","none","not_applicable","not_applicable","not_applicable",,,"none","none",0.774295412535156,"eligible","pre_frozen_timestamp_evidence_contract_met","S0034",4,0.4,"holdout",16.7476803291406,19.8190960261276,3.07141569698705,0.235053364450112,0.008,0.219386835499075
"TPL_011","TPL_011_STATE_001","TPL_011_RUN_003","Broad_HFS","none",4.36192658549157,12.9207335066663,8.55880692117472,34,33,"shifted_gamma","intermediate",0.321637973021716,2.5656802049838,0.02,0.259357785490143,0.706016355999618,0.564971385216651,0.359039958278326,TRUE,"moderate","not_applicable","not_applicable","deep","v2.3_slow_overlap_direct_support_0.65B","none","ambiguous_or_edge","clear","ambiguous",4.89405022105477,1.19596234253376,"none","none",,"not_applicable","not_applicable","S0046",10,1,"holdout",4.36192658549157,12.9207335066663,8.55880692117472,0.321637973021716,0.02,0.259357785490143
"TPL_011","TPL_011_STATE_002","TPL_011_RUN_005","Broad_HFS","none",13.5722013329618,21.8027871437239,8.23058581076216,35,34,"shifted_gamma","regular",0.286374970935285,7.62900504888967,0.02,0.24207605325771,0.474062597399106,0.390786334083328,0.175848060730928,TRUE,"weak","not_applicable","not_applicable","boundary","v2.3_slow_overlap_direct_support_0.65B","none","no_evidence_at_one_or_more_boundaries","ambiguous","no_evidence",1.26353097822346,1.13304183215549,"none","none",,"not_applicable","not_applicable","S0046",10,1,"holdout",13.5722013329618,21.8027871437239,8.23058581076216,0.286374970935285,0.02,0.24207605325771
"TPL_011","TPL_011_STATE_003","TPL_011_RUN_006","Tonic","stn_like_empirical",21.8027871437239,25.9496040641254,4.14681692040148,12,11,"shifted_gamma","stn_like_empirical",0.38460046004504,62.7504598535597,0.02,0.376983356400134,0.167716435355759,0.206875773710329,0.0396307595656128,FALSE,"none","eligible","deep","not_applicable","not_applicable","none","not_applicable","not_applicable","not_applicable",,,"none","none",0.67330620738144,"eligible","pre_frozen_timestamp_evidence_contract_met","S0046",10,1,"holdout",21.8027871437239,25.9496040641254,4.14681692040148,0.38460046004504,0.02,0.376983356400134
"TPL_011","TPL_011_STATE_004","TPL_011_RUN_010","Broad_HFS","none",35.7984263640265,39.5377374899204,3.73931112589385,20,19,"shifted_gamma","irregular",0.225615138402209,1.77931693601422,0.02,0.196805848731255,0.672881737433915,0.739316494478658,0.608315606300337,FALSE,"none","not_applicable","not_applicable","core","v2.3_slow_overlap_direct_support_0.65B","none","clear_or_hard_cut","clear","clear",2.09838788525532,3.29929211754491,"none","none",,"not_applicable","not_applicable","S0046",10,1,"holdout",35.7984263640265,39.5377374899204,3.73931112589385,0.225615138402209,0.02,0.196805848731255
"TPL_011","TPL_011_STATE_005","TPL_011_RUN_012","Tonic","generic_stress",41.8692008228514,49.547740065319,7.67853924246761,15,14,"shifted_gamma","generic_stress",0.58763341112528,28.5901927705854,0.02,0.548467088747687,0.187810929571191,0.210371537743388,0.0514815658902324,FALSE,"none","eligible","boundary","not_applicable","not_applicable","none","not_applicable","not_applicable","not_applicable",,,"none","none",0.774295412535156,"eligible","pre_frozen_timestamp_evidence_contract_met","S0046",10,1,"holdout",41.8692008228514,49.547740065319,7.67853924246761,0.58763341112528,0.02,0.548467088747687
"TPL_012","TPL_012_STATE_001","TPL_012_RUN_001","Tonic","generic_stress",0,6.1656131270975,6.1656131270975,16,15,"shifted_gamma","generic_stress",0.415482933507301,16.5705933524296,0.02,0.411040875139834,0.230557178278955,0.245999336435462,0.0775724703895411,FALSE,"none","eligible","deep","not_applicable","not_applicable","none","not_applicable","not_applicable","not_applicable",,,"none","none",0.846400653762723,"eligible","pre_frozen_timestamp_evidence_contract_met","S0016",1,0.1,"holdout",0,0.61656131270975,0.61656131270975,0.0415482933507301,0.002,0.0411040875139834
"TPL_012","TPL_012_STATE_002","TPL_012_RUN_003","Tonic","stn_like_empirical",13.3892428911925,21.8134491164158,8.42420622522338,15,14,"shifted_gamma","stn_like_empirical",0.595413795635104,70.8321822900325,0.02,0.601729016087384,0.0987934756078397,0.0773116994756775,0.00634187135938764,FALSE,"none","eligible","core","not_applicable","not_applicable","none","not_applicable","not_applicable","not_applicable",,,"none","none",0.846686332428459,"eligible","pre_frozen_timestamp_evidence_contract_met","S0016",1,0.1,"holdout",1.33892428911925,2.18134491164158,0.842420622522338,0.0595413795635104,0.002,0.0601729016087384
"TPL_012","TPL_012_STATE_003","TPL_012_RUN_006","Broad_HFS","none",25.5342958059933,33.9264098453246,8.39211403933135,21,20,"shifted_gamma","regular",0.415377482231706,11.3088943501934,0.02,0.419605701966567,0.349625551187384,0.401770357601194,0.200762392545589,FALSE,"none","not_applicable","not_applicable","deep","v2.3_slow_overlap_direct_support_0.65B","none","ambiguous_or_edge","clear","ambiguous",1.71828014240063,1.42293190584289,"none","none",,"not_applicable","not_applicable","S0016",1,0.1,"holdout",2.55342958059933,3.39264098453246,0.839211403933135,0.0415377482231706,0.002,0.0419605701966567
"TPL_012","TPL_012_STATE_004","TPL_012_RUN_012","Broad_HFS","none",49.0082444953674,56.71126076637,7.70301627100261,33,32,"shifted_gamma","intermediate",0.295985293574631,3.4564996406436,0.02,0.240719258468831,0.663911571623347,0.514716872220594,0.276916735328753,TRUE,"moderate","not_applicable","not_applicable","core","v2.3_slow_overlap_direct_support_0.65B","TPL_012_REGIME_01","no_evidence_at_one_or_more_boundaries","no_evidence","hard_cut_canonical_pause",1.0901289713995,2.06467151479192,"none","canonical_pause",,"not_applicable","not_applicable","S0016",1,0.1,"holdout",4.90082444953674,5.671126076637,0.770301627100261,0.0295985293574631,0.002,0.0240719258468832
"TPL_012","TPL_012_STATE_005","TPL_012_RUN_014","Broad_HFS","none",59.871953187065,68.416547525898,8.5445943388331,32,31,"shifted_gamma","irregular",0.309485508035868,1.63803135382477,0.02,0.275632075446229,0.712458414770259,0.593872139189966,0.371962313069559,TRUE,"strong","not_applicable","not_applicable","boundary","v2.3_slow_overlap_direct_support_0.65B","TPL_012_REGIME_01","ambiguous_or_edge","hard_cut_canonical_pause","ambiguous",0.619376806226006,1.31124119560797,"canonical_pause","none",,"not_applicable","not_applicable","S0016",1,0.1,"holdout",5.9871953187065,6.84165475258981,0.85445943388331,0.0309485508035868,0.002,0.0275632075446229
"TPL_012","TPL_012_STATE_001","TPL_012_RUN_001","Tonic","generic_stress",0,6.1656131270975,6.1656131270975,16,15,"shifted_gamma","generic_stress",0.415482933507301,16.5705933524296,0.02,0.411040875139834,0.230557178278955,0.245999336435462,0.0775724703895411,FALSE,"none","eligible","deep","not_applicable","not_applicable","none","not_applicable","not_applicable","not_applicable",,,"none","none",0.846400653762723,"eligible","pre_frozen_timestamp_evidence_contract_met","S0031",4,0.4,"holdout",0,2.466245250839,2.466245250839,0.16619317340292,0.008,0.164416350055933
"TPL_012","TPL_012_STATE_002","TPL_012_RUN_003","Tonic","stn_like_empirical",13.3892428911925,21.8134491164158,8.42420622522338,15,14,"shifted_gamma","stn_like_empirical",0.595413795635104,70.8321822900325,0.02,0.601729016087384,0.0987934756078397,0.0773116994756775,0.00634187135938764,FALSE,"none","eligible","core","not_applicable","not_applicable","none","not_applicable","not_applicable","not_applicable",,,"none","none",0.846686332428459,"eligible","pre_frozen_timestamp_evidence_contract_met","S0031",4,0.4,"holdout",5.35569715647698,8.72537964656633,3.36968249008935,0.238165518254042,0.008,0.240691606434954
"TPL_012","TPL_012_STATE_003","TPL_012_RUN_006","Broad_HFS","none",25.5342958059933,33.9264098453246,8.39211403933135,21,20,"shifted_gamma","regular",0.415377482231706,11.3088943501934,0.02,0.419605701966567,0.349625551187384,0.401770357601194,0.200762392545589,FALSE,"none","not_applicable","not_applicable","deep","v2.3_slow_overlap_direct_support_0.65B","none","ambiguous_or_edge","clear","ambiguous",1.71828014240063,1.42293190584289,"none","none",,"not_applicable","not_applicable","S0031",4,0.4,"holdout",10.2137183223973,13.5705639381298,3.35684561573254,0.166150992892683,0.008,0.167842280786627
"TPL_012","TPL_012_STATE_004","TPL_012_RUN_012","Broad_HFS","none",49.0082444953674,56.71126076637,7.70301627100261,33,32,"shifted_gamma","intermediate",0.295985293574631,3.4564996406436,0.02,0.240719258468831,0.663911571623347,0.514716872220594,0.276916735328753,TRUE,"moderate","not_applicable","not_applicable","core","v2.3_slow_overlap_direct_support_0.65B","TPL_012_REGIME_01","no_evidence_at_one_or_more_boundaries","no_evidence","hard_cut_canonical_pause",1.0901289713995,2.06467151479192,"none","canonical_pause",,"not_applicable","not_applicable","S0031",4,0.4,"holdout",19.6032977981469,22.684504306548,3.08120650840104,0.118394117429852,0.008,0.0962877033875326
"TPL_012","TPL_012_STATE_005","TPL_012_RUN_014","Broad_HFS","none",59.871953187065,68.416547525898,8.5445943388331,32,31,"shifted_gamma","irregular",0.309485508035868,1.63803135382477,0.02,0.275632075446229,0.712458414770259,0.593872139189966,0.371962313069559,TRUE,"strong","not_applicable","not_applicable","boundary","v2.3_slow_overlap_direct_support_0.65B","TPL_012_REGIME_01","ambiguous_or_edge","hard_cut_canonical_pause","ambiguous",0.619376806226006,1.31124119560797,"canonical_pause","none",,"not_applicable","not_applicable","S0031",4,0.4,"holdout",23.948781274826,27.3666190103592,3.41783773553324,0.123794203214347,0.008,0.110252830178492
"TPL_012","TPL_012_STATE_001","TPL_012_RUN_001","Tonic","generic_stress",0,6.1656131270975,6.1656131270975,16,15,"shifted_gamma","generic_stress",0.415482933507301,16.5705933524296,0.02,0.411040875139834,0.230557178278955,0.245999336435462,0.0775724703895411,FALSE,"none","eligible","deep","not_applicable","not_applicable","none","not_applicable","not_applicable","not_applicable",,,"none","none",0.846400653762723,"eligible","pre_frozen_timestamp_evidence_contract_met","S0057",10,1,"holdout",0,6.1656131270975,6.1656131270975,0.415482933507301,0.02,0.411040875139834
"TPL_012","TPL_012_STATE_002","TPL_012_RUN_003","Tonic","stn_like_empirical",13.3892428911925,21.8134491164158,8.42420622522338,15,14,"shifted_gamma","stn_like_empirical",0.595413795635104,70.8321822900325,0.02,0.601729016087384,0.0987934756078397,0.0773116994756775,0.00634187135938764,FALSE,"none","eligible","core","not_applicable","not_applicable","none","not_applicable","not_applicable","not_applicable",,,"none","none",0.846686332428459,"eligible","pre_frozen_timestamp_evidence_contract_met","S0057",10,1,"holdout",13.3892428911925,21.8134491164158,8.42420622522338,0.595413795635104,0.02,0.601729016087384
"TPL_012","TPL_012_STATE_003","TPL_012_RUN_006","Broad_HFS","none",25.5342958059933,33.9264098453246,8.39211403933135,21,20,"shifted_gamma","regular",0.415377482231706,11.3088943501934,0.02,0.419605701966567,0.349625551187384,0.401770357601194,0.200762392545589,FALSE,"none","not_applicable","not_applicable","deep","v2.3_slow_overlap_direct_support_0.65B","none","ambiguous_or_edge","clear","ambiguous",1.71828014240063,1.42293190584289,"none","none",,"not_applicable","not_applicable","S0057",10,1,"holdout",25.5342958059933,33.9264098453246,8.39211403933135,0.415377482231706,0.02,0.419605701966567
"TPL_012","TPL_012_STATE_004","TPL_012_RUN_012","Broad_HFS","none",49.0082444953674,56.71126076637,7.70301627100261,33,32,"shifted_gamma","intermediate",0.295985293574631,3.4564996406436,0.02,0.240719258468831,0.663911571623347,0.514716872220594,0.276916735328753,TRUE,"moderate","not_applicable","not_applicable","core","v2.3_slow_overlap_direct_support_0.65B","TPL_012_REGIME_01","no_evidence_at_one_or_more_boundaries","no_evidence","hard_cut_canonical_pause",1.0901289713995,2.06467151479192,"none","canonical_pause",,"not_applicable","not_applicable","S0057",10,1,"holdout",49.0082444953674,56.71126076637,7.70301627100261,0.295985293574631,0.02,0.240719258468831
"TPL_012","TPL_012_STATE_005","TPL_012_RUN_014","Broad_HFS","none",59.871953187065,68.416547525898,8.5445943388331,32,31,"shifted_gamma","irregular",0.309485508035868,1.63803135382477,0.02,0.275632075446229,0.712458414770259,0.593872139189966,0.371962313069559,TRUE,"strong","not_applicable","not_applicable","boundary","v2.3_slow_overlap_direct_support_0.65B","TPL_012_REGIME_01","ambiguous_or_edge","hard_cut_canonical_pause","ambiguous",0.619376806226006,1.31124119560797,"canonical_pause","none",,"not_applicable","not_applicable","S0057",10,1,"holdout",59.871953187065,68.416547525898,8.5445943388331,0.309485508035868,0.02,0.275632075446229
"TPL_013","TPL_013_STATE_001","TPL_013_RUN_006","Tonic","generic_stress",13.7718674896107,22.5807377222604,8.80887023264962,10,9,"shifted_gamma","generic_stress",0.838358320510015,6.16800721455365,0.02,0.978763359183292,0.347403582787679,0.297594117028053,0.095480728880605,FALSE,"none","ambiguous","core","not_applicable","not_applicable","none","not_applicable","not_applicable","not_applicable",,,"none","none",0.557129836098758,"ambiguous","short_state","S0012",1,0.1,"holdout",1.37718674896107,2.25807377222604,0.880887023264962,0.0838358320510015,0.002,0.0978763359183292
"TPL_013","TPL_013_STATE_002","TPL_013_RUN_009","Broad_HFS","none",27.7446228293889,36.4671503486452,8.7225275192563,34,33,"shifted_gamma","irregular",0.334706183169037,1.1625435421709,0.02,0.264319015735039,0.762489818975843,0.724033695850762,0.568429039161621,TRUE,"strong","not_applicable","not_applicable","deep","v2.3_slow_overlap_direct_support_0.65B","none","clear_or_hard_cut","clear","clear",2.48779614838261,2.25964508658274,"none","none",,"not_applicable","not_applicable","S0012",1,0.1,"holdout",2.77446228293889,3.64671503486452,0.87225275192563,0.0334706183169037,0.002,0.0264319015735039
"TPL_013","TPL_013_STATE_003","TPL_013_RUN_012","Broad_HFS","none",47.0882824765545,53.7967580850023,6.70847560844783,25,24,"shifted_gamma","intermediate",0.323462146809325,4.63412960353307,0.02,0.27951981701866,0.411632198305363,0.411334863041074,0.228686121198087,FALSE,"none","not_applicable","not_applicable","boundary","v2.3_slow_overlap_direct_support_0.65B","none","clear_or_hard_cut","clear","clear",4.23125770282641,2.18236217513858,"none","none",,"not_applicable","not_applicable","S0012",1,0.1,"holdout",4.70882824765545,5.37967580850023,0.670847560844783,0.0323462146809325,0.002,0.027951981701866
"TPL_013","TPL_013_STATE_004","TPL_013_RUN_014","Tonic","stn_like_empirical",55.4709510735112,59.5977124870422,4.12676141353099,11,10,"shifted_gamma","stn_like_empirical",0.416380914784968,16.7274142187089,0.02,0.4126761413531,0.167046052293019,0.23969843141147,0.0547047143551199,FALSE,"none","ambiguous","boundary","not_applicable","not_applicable","none","not_applicable","not_applicable","not_applicable",,,"none","none",0.579218058226702,"ambiguous","borderline_continuous_evidence_score","S0012",1,0.1,"holdout",5.54709510735112,5.95977124870422,0.412676141353099,0.0416380914784968,0.002,0.04126761413531
"TPL_013","TPL_013_STATE_005","TPL_013_RUN_017","Broad_HFS","none",62.6758154561449,68.4008193390988,5.72500388295391,30,29,"shifted_gamma","regular",0.214710569819435,7.53476283559576,0.02,0.19741392699841,0.441439516887338,0.359518082823201,0.166440849324308,TRUE,"moderate","not_applicable","not_applicable","core","v2.3_slow_overlap_direct_support_0.65B","none","ambiguous_or_edge","clear","recording_edge_unobservable",3.633284449662,,"none","none",,"not_applicable","not_applicable","S0012",1,0.1,"holdout",6.26758154561449,6.84008193390988,0.572500388295391,0.0214710569819435,0.002,0.019741392699841
"TPL_013","TPL_013_STATE_001","TPL_013_RUN_006","Tonic","generic_stress",13.7718674896107,22.5807377222604,8.80887023264962,10,9,"shifted_gamma","generic_stress",0.838358320510015,6.16800721455365,0.02,0.978763359183292,0.347403582787679,0.297594117028053,0.095480728880605,FALSE,"none","ambiguous","core","not_applicable","not_applicable","none","not_applicable","not_applicable","not_applicable",,,"none","none",0.557129836098758,"ambiguous","short_state","S0022",4,0.4,"holdout",5.5087469958443,9.03229508890415,3.52354809305985,0.335343328204006,0.008,0.391505343673317
"TPL_013","TPL_013_STATE_002","TPL_013_RUN_009","Broad_HFS","none",27.7446228293889,36.4671503486452,8.7225275192563,34,33,"shifted_gamma","irregular",0.334706183169037,1.1625435421709,0.02,0.264319015735039,0.762489818975843,0.724033695850762,0.568429039161621,TRUE,"strong","not_applicable","not_applicable","deep","v2.3_slow_overlap_direct_support_0.65B","none","clear_or_hard_cut","clear","clear",2.48779614838261,2.25964508658274,"none","none",,"not_applicable","not_applicable","S0022",4,0.4,"holdout",11.0978491317556,14.5868601394581,3.48901100770252,0.133882473267615,0.008,0.105727606294016
"TPL_013","TPL_013_STATE_003","TPL_013_RUN_012","Broad_HFS","none",47.0882824765545,53.7967580850023,6.70847560844783,25,24,"shifted_gamma","intermediate",0.323462146809325,4.63412960353307,0.02,0.27951981701866,0.411632198305363,0.411334863041074,0.228686121198087,FALSE,"none","not_applicable","not_applicable","boundary","v2.3_slow_overlap_direct_support_0.65B","none","clear_or_hard_cut","clear","clear",4.23125770282641,2.18236217513858,"none","none",,"not_applicable","not_applicable","S0022",4,0.4,"holdout",18.8353129906218,21.5187032340009,2.68339024337913,0.12938485872373,0.008,0.111807926807464
"TPL_013","TPL_013_STATE_004","TPL_013_RUN_014","Tonic","stn_like_empirical",55.4709510735112,59.5977124870422,4.12676141353099,11,10,"shifted_gamma","stn_like_empirical",0.416380914784968,16.7274142187089,0.02,0.4126761413531,0.167046052293019,0.23969843141147,0.0547047143551199,FALSE,"none","ambiguous","boundary","not_applicable","not_applicable","none","not_applicable","not_applicable","not_applicable",,,"none","none",0.579218058226702,"ambiguous","borderline_continuous_evidence_score","S0022",4,0.4,"holdout",22.1883804294045,23.8390849948169,1.6507045654124,0.166552365913987,0.008,0.16507045654124
"TPL_013","TPL_013_STATE_005","TPL_013_RUN_017","Broad_HFS","none",62.6758154561449,68.4008193390988,5.72500388295391,30,29,"shifted_gamma","regular",0.214710569819435,7.53476283559576,0.02,0.19741392699841,0.441439516887338,0.359518082823201,0.166440849324308,TRUE,"moderate","not_applicable","not_applicable","core","v2.3_slow_overlap_direct_support_0.65B","none","ambiguous_or_edge","clear","recording_edge_unobservable",3.633284449662,,"none","none",,"not_applicable","not_applicable","S0022",4,0.4,"holdout",25.0703261824579,27.3603277356395,2.29000155318156,0.0858842279277742,0.008,0.0789655707993642
"TPL_013","TPL_013_STATE_001","TPL_013_RUN_006","Tonic","generic_stress",13.7718674896107,22.5807377222604,8.80887023264962,10,9,"shifted_gamma","generic_stress",0.838358320510015,6.16800721455365,0.02,0.978763359183292,0.347403582787679,0.297594117028053,0.095480728880605,FALSE,"none","ambiguous","core","not_applicable","not_applicable","none","not_applicable","not_applicable","not_applicable",,,"none","none",0.557129836098758,"ambiguous","short_state","S0053",10,1,"holdout",13.7718674896107,22.5807377222604,8.80887023264962,0.838358320510015,0.02,0.978763359183292
"TPL_013","TPL_013_STATE_002","TPL_013_RUN_009","Broad_HFS","none",27.7446228293889,36.4671503486452,8.7225275192563,34,33,"shifted_gamma","irregular",0.334706183169037,1.1625435421709,0.02,0.264319015735039,0.762489818975843,0.724033695850762,0.568429039161621,TRUE,"strong","not_applicable","not_applicable","deep","v2.3_slow_overlap_direct_support_0.65B","none","clear_or_hard_cut","clear","clear",2.48779614838261,2.25964508658274,"none","none",,"not_applicable","not_applicable","S0053",10,1,"holdout",27.7446228293889,36.4671503486452,8.7225275192563,0.334706183169037,0.02,0.264319015735039
"TPL_013","TPL_013_STATE_003","TPL_013_RUN_012","Broad_HFS","none",47.0882824765545,53.7967580850023,6.70847560844783,25,24,"shifted_gamma","intermediate",0.323462146809325,4.63412960353307,0.02,0.27951981701866,0.411632198305363,0.411334863041074,0.228686121198087,FALSE,"none","not_applicable","not_applicable","boundary","v2.3_slow_overlap_direct_support_0.65B","none","clear_or_hard_cut","clear","clear",4.23125770282641,2.18236217513858,"none","none",,"not_applicable","not_applicable","S0053",10,1,"holdout",47.0882824765545,53.7967580850023,6.70847560844783,0.323462146809325,0.02,0.27951981701866
"TPL_013","TPL_013_STATE_004","TPL_013_RUN_014","Tonic","stn_like_empirical",55.4709510735112,59.5977124870422,4.12676141353099,11,10,"shifted_gamma","stn_like_empirical",0.416380914784968,16.7274142187089,0.02,0.4126761413531,0.167046052293019,0.23969843141147,0.0547047143551199,FALSE,"none","ambiguous","boundary","not_applicable","not_applicable","none","not_applicable","not_applicable","not_applicable",,,"none","none",0.579218058226702,"ambiguous","borderline_continuous_evidence_score","S0053",10,1,"holdout",55.4709510735112,59.5977124870422,4.12676141353099,0.416380914784968,0.02,0.4126761413531
"TPL_013","TPL_013_STATE_005","TPL_013_RUN_017","Broad_HFS","none",62.6758154561449,68.4008193390988,5.72500388295391,30,29,"shifted_gamma","regular",0.214710569819435,7.53476283559576,0.02,0.19741392699841,0.441439516887338,0.359518082823201,0.166440849324308,TRUE,"moderate","not_applicable","not_applicable","core","v2.3_slow_overlap_direct_support_0.65B","none","ambiguous_or_edge","clear","recording_edge_unobservable",3.633284449662,,"none","none",,"not_applicable","not_applicable","S0053",10,1,"holdout",62.6758154561449,68.4008193390988,5.72500388295391,0.214710569819435,0.02,0.19741392699841
"TPL_014","TPL_014_STATE_001","TPL_014_RUN_001","Broad_HFS","none",0,9.02642399893223,9.02642399893223,29,28,"shifted_gamma","regular",0.338428310770541,9.20886555779725,0.02,0.322372285676151,0.471699113188455,0.451023564846167,0.227549034680056,TRUE,"strong","not_applicable","not_applicable","boundary","v2.3_slow_overlap_direct_support_0.65B","TPL_014_REGIME_01","ambiguous_or_edge","recording_edge_unobservable","hard_cut_canonical_pause",,0.690921347754976,"none","canonical_pause",,"not_applicable","not_applicable","S0033",1,0.1,"holdout",0,0.902642399893223,0.902642399893223,0.0338428310770541,0.002,0.0322372285676151
"TPL_014","TPL_014_STATE_002","TPL_014_RUN_003","Broad_HFS","none",12.6628428736803,20.8515070136778,8.18866413999747,32,31,"shifted_gamma","intermediate",0.335572629719973,4.9946335724555,0.02,0.264150456128951,0.575457633966492,0.517531804864455,0.267878675923506,TRUE,"weak","not_applicable","not_applicable","deep","v2.3_slow_overlap_direct_support_0.65B","TPL_014_REGIME_01","no_evidence_at_one_or_more_boundaries","hard_cut_canonical_pause","no_evidence",1.49226068406773,1.0686988056024,"canonical_pause","none",,"not_applicable","not_applicable","S0033",1,0.1,"holdout",1.26628428736803,2.08515070136778,0.818866413999747,0.0335572629719973,0.002,0.0264150456128951
"TPL_014","TPL_014_STATE_003","TPL_014_RUN_007","Tonic","stn_like_empirical",24.5883812086897,28.2598103660787,3.67142915738897,12,11,"shifted_gamma","stn_like_empirical",0.358325887769461,8.19462982332334,0.02,0.333766287035361,0.316299295423195,0.424374104798002,0.214465659846125,FALSE,"none","ambiguous","deep","not_applicable","not_applicable","none","not_applicable","not_applicable","not_applicable",,,"none","none",0.593553101425599,"ambiguous","low_regularity_evidence","S0033",1,0.1,"holdout",2.45883812086897,2.82598103660787,0.367142915738897,0.0358325887769461,0.002,0.0333766287035361
"TPL_014","TPL_014_STATE_004","TPL_014_RUN_009","Tonic","generic_stress",32.8069936151313,39.7457452748689,6.93875165973761,13,12,"shifted_gamma","generic_stress",0.651239439626224,9.77083027502522,0.02,0.578229304978134,0.372710229147419,0.408166132530314,0.175264101893849,FALSE,"none","ambiguous","boundary","not_applicable","not_applicable","none","not_applicable","not_applicable","not_applicable",,,"none","none",0.648189651582398,"ambiguous","low_regularity_evidence","S0033",1,0.1,"holdout",3.28069936151313,3.97457452748689,0.693875165973761,0.0651239439626224,0.002,0.0578229304978134
"TPL_014","TPL_014_STATE_005","TPL_014_RUN_012","Broad_HFS","none",48.5806765172229,55.1198261786911,6.53914966146816,34,33,"shifted_gamma","irregular",0.204131981078535,0.972948268032633,0.02,0.19815605034752,1.00264380802485,0.893294397051785,0.803701315894573,FALSE,"none","not_applicable","not_applicable","core","v2.3_slow_overlap_direct_support_0.65B","none","clear_or_hard_cut","clear","clear",6.28966335898385,4.87487571813768,"none","none",,"not_applicable","not_applicable","S0033",1,0.1,"holdout",4.85806765172229,5.51198261786911,0.653914966146816,0.0204131981078535,0.002,0.019815605034752
"TPL_014","TPL_014_STATE_001","TPL_014_RUN_001","Broad_HFS","none",0,9.02642399893223,9.02642399893223,29,28,"shifted_gamma","regular",0.338428310770541,9.20886555779725,0.02,0.322372285676151,0.471699113188455,0.451023564846167,0.227549034680056,TRUE,"strong","not_applicable","not_applicable","boundary","v2.3_slow_overlap_direct_support_0.65B","TPL_014_REGIME_01","ambiguous_or_edge","recording_edge_unobservable","hard_cut_canonical_pause",,0.690921347754976,"none","canonical_pause",,"not_applicable","not_applicable","S0051",4,0.4,"holdout",0,3.61056959957289,3.61056959957289,0.135371324308217,0.008,0.12894891427046
"TPL_014","TPL_014_STATE_002","TPL_014_RUN_003","Broad_HFS","none",12.6628428736803,20.8515070136778,8.18866413999747,32,31,"shifted_gamma","intermediate",0.335572629719973,4.9946335724555,0.02,0.264150456128951,0.575457633966492,0.517531804864455,0.267878675923506,TRUE,"weak","not_applicable","not_applicable","deep","v2.3_slow_overlap_direct_support_0.65B","TPL_014_REGIME_01","no_evidence_at_one_or_more_boundaries","hard_cut_canonical_pause","no_evidence",1.49226068406773,1.0686988056024,"canonical_pause","none",,"not_applicable","not_applicable","S0051",4,0.4,"holdout",5.06513714947211,8.3406028054711,3.27546565599899,0.134229051887989,0.008,0.10566018245158
"TPL_014","TPL_014_STATE_003","TPL_014_RUN_007","Tonic","stn_like_empirical",24.5883812086897,28.2598103660787,3.67142915738897,12,11,"shifted_gamma","stn_like_empirical",0.358325887769461,8.19462982332334,0.02,0.333766287035361,0.316299295423195,0.424374104798002,0.214465659846125,FALSE,"none","ambiguous","deep","not_applicable","not_applicable","none","not_applicable","not_applicable","not_applicable",,,"none","none",0.593553101425599,"ambiguous","low_regularity_evidence","S0051",4,0.4,"holdout",9.8353524834759,11.3039241464315,1.46857166295559,0.143330355107784,0.008,0.133506514814144
"TPL_014","TPL_014_STATE_004","TPL_014_RUN_009","Tonic","generic_stress",32.8069936151313,39.7457452748689,6.93875165973761,13,12,"shifted_gamma","generic_stress",0.651239439626224,9.77083027502522,0.02,0.578229304978134,0.372710229147419,0.408166132530314,0.175264101893849,FALSE,"none","ambiguous","boundary","not_applicable","not_applicable","none","not_applicable","not_applicable","not_applicable",,,"none","none",0.648189651582398,"ambiguous","low_regularity_evidence","S0051",4,0.4,"holdout",13.1227974460525,15.8982981099476,2.77550066389504,0.26049577585049,0.008,0.231291721991254
"TPL_014","TPL_014_STATE_005","TPL_014_RUN_012","Broad_HFS","none",48.5806765172229,55.1198261786911,6.53914966146816,34,33,"shifted_gamma","irregular",0.204131981078535,0.972948268032633,0.02,0.19815605034752,1.00264380802485,0.893294397051785,0.803701315894573,FALSE,"none","not_applicable","not_applicable","core","v2.3_slow_overlap_direct_support_0.65B","none","clear_or_hard_cut","clear","clear",6.28966335898385,4.87487571813768,"none","none",,"not_applicable","not_applicable","S0051",4,0.4,"holdout",19.4322706068892,22.0479304714764,2.61565986458726,0.0816527924314141,0.008,0.079262420139008
"TPL_014","TPL_014_STATE_001","TPL_014_RUN_001","Broad_HFS","none",0,9.02642399893223,9.02642399893223,29,28,"shifted_gamma","regular",0.338428310770541,9.20886555779725,0.02,0.322372285676151,0.471699113188455,0.451023564846167,0.227549034680056,TRUE,"strong","not_applicable","not_applicable","boundary","v2.3_slow_overlap_direct_support_0.65B","TPL_014_REGIME_01","ambiguous_or_edge","recording_edge_unobservable","hard_cut_canonical_pause",,0.690921347754976,"none","canonical_pause",,"not_applicable","not_applicable","S0019",10,1,"holdout",0,9.02642399893223,9.02642399893223,0.338428310770541,0.02,0.322372285676151
"TPL_014","TPL_014_STATE_002","TPL_014_RUN_003","Broad_HFS","none",12.6628428736803,20.8515070136778,8.18866413999747,32,31,"shifted_gamma","intermediate",0.335572629719973,4.9946335724555,0.02,0.264150456128951,0.575457633966492,0.517531804864455,0.267878675923506,TRUE,"weak","not_applicable","not_applicable","deep","v2.3_slow_overlap_direct_support_0.65B","TPL_014_REGIME_01","no_evidence_at_one_or_more_boundaries","hard_cut_canonical_pause","no_evidence",1.49226068406773,1.0686988056024,"canonical_pause","none",,"not_applicable","not_applicable","S0019",10,1,"holdout",12.6628428736803,20.8515070136778,8.18866413999747,0.335572629719973,0.02,0.264150456128951
"TPL_014","TPL_014_STATE_003","TPL_014_RUN_007","Tonic","stn_like_empirical",24.5883812086897,28.2598103660787,3.67142915738897,12,11,"shifted_gamma","stn_like_empirical",0.358325887769461,8.19462982332334,0.02,0.333766287035361,0.316299295423195,0.424374104798002,0.214465659846125,FALSE,"none","ambiguous","deep","not_applicable","not_applicable","none","not_applicable","not_applicable","not_applicable",,,"none","none",0.593553101425599,"ambiguous","low_regularity_evidence","S0019",10,1,"holdout",24.5883812086897,28.2598103660787,3.67142915738897,0.358325887769461,0.02,0.333766287035361
"TPL_014","TPL_014_STATE_004","TPL_014_RUN_009","Tonic","generic_stress",32.8069936151313,39.7457452748689,6.93875165973761,13,12,"shifted_gamma","generic_stress",0.651239439626224,9.77083027502522,0.02,0.578229304978134,0.372710229147419,0.408166132530314,0.175264101893849,FALSE,"none","ambiguous","boundary","not_applicable","not_applicable","none","not_applicable","not_applicable","not_applicable",,,"none","none",0.648189651582398,"ambiguous","low_regularity_evidence","S0019",10,1,"holdout",32.8069936151313,39.7457452748689,6.93875165973761,0.651239439626224,0.02,0.578229304978134
"TPL_014","TPL_014_STATE_005","TPL_014_RUN_012","Broad_HFS","none",48.5806765172229,55.1198261786911,6.53914966146816,34,33,"shifted_gamma","irregular",0.204131981078535,0.972948268032633,0.02,0.19815605034752,1.00264380802485,0.893294397051785,0.803701315894573,FALSE,"none","not_applicable","not_applicable","core","v2.3_slow_overlap_direct_support_0.65B","none","clear_or_hard_cut","clear","clear",6.28966335898385,4.87487571813768,"none","none",,"not_applicable","not_applicable","S0019",10,1,"holdout",48.5806765172229,55.1198261786911,6.53914966146816,0.204131981078535,0.02,0.19815605034752
"TPL_015","TPL_015_STATE_001","TPL_015_RUN_001","Broad_HFS","none",0,7.18836782559477,7.18836782559477,32,31,"shifted_gamma","irregular",0.280789907071739,1.76726378691383,0.02,0.231882833083702,0.712366009986382,0.687524208163435,0.454289767689732,TRUE,"moderate","not_applicable","not_applicable","boundary","v2.3_slow_overlap_direct_support_0.65B","none","ambiguous_or_edge","recording_edge_unobservable","clear",,1.67974509013302,"none","none",,"not_applicable","not_applicable","S0013",1,0.1,"holdout",0,0.718836782559477,0.718836782559477,0.0280789907071739,0.002,0.0231882833083702
"TPL_015","TPL_015_STATE_002","TPL_015_RUN_004","Broad_HFS","none",13.8267644637414,20.1914926911103,6.36472822736881,33,32,"shifted_gamma","intermediate",0.186326708709821,2.97294446271844,0.02,0.198897757105275,0.516056331698455,0.666799984456325,0.457994305205036,FALSE,"none","not_applicable","not_applicable","core","v2.3_slow_overlap_direct_support_0.65B","none","clear_or_hard_cut","clear","clear",1.91408943218486,3.48063616307602,"none","none",,"not_applicable","not_applicable","S0013",1,0.1,"holdout",1.38267644637414,2.01914926911103,0.636472822736881,0.0186326708709821,0.002,0.0198897757105275
"TPL_015","TPL_015_STATE_003","TPL_015_RUN_006","Broad_HFS","none",20.756555865243,28.5414512653557,7.78489540011268,22,21,"shifted_gamma","regular",0.362925821058452,7.38545211357996,0.02,0.370709304767271,0.40658293024737,0.361834238245757,0.14039627584882,TRUE,"weak","not_applicable","not_applicable","deep","v2.3_slow_overlap_direct_support_0.65B","none","no_evidence_at_one_or_more_boundaries","no_evidence","clear",0.441003628990901,2.43046344014998,"none","none",,"not_applicable","not_applicable","S0013",1,0.1,"holdout",2.0756555865243,2.85414512653557,0.778489540011269,0.0362925821058452,0.002,0.0370709304767271
"TPL_015","TPL_015_STATE_004","TPL_015_RUN_008","Tonic","stn_like_empirical",30.5708469401781,37.1635766893758,6.59272974919767,12,11,"shifted_gamma","stn_like_empirical",0.595473490501754,13.3510995320976,0.02,0.599339068108878,0.20338214901808,0.172302852277036,0.0343592516321016,FALSE,"none","ambiguous","core","not_applicable","not_applicable","none","not_applicable","not_applicable","not_applicable",,,"none","none",0.651961557460102,"eligible","pre_frozen_timestamp_evidence_contract_met","S0013",1,0.1,"holdout",3.05708469401781,3.71635766893758,0.659272974919767,0.0595473490501754,0.002,0.0599339068108879
"TPL_015","TPL_015_STATE_005","TPL_015_RUN_011","Tonic","generic_stress",38.9062577284305,44.2247411249664,5.31848339653587,13,12,"shifted_gamma","generic_stress",0.410849435245618,9.24521258939058,0.02,0.443206949711322,0.372072488316301,0.443558570933743,0.22044554136932,FALSE,"none","ambiguous","deep","not_applicable","not_applicable","none","not_applicable","not_applicable","not_applicable",,,"none","none",0.601726065857295,"ambiguous","low_regularity_evidence","S0013",1,0.1,"holdout",3.89062577284305,4.42247411249664,0.531848339653587,0.0410849435245618,0.002,0.0443206949711323
"TPL_015","TPL_015_STATE_001","TPL_015_RUN_001","Broad_HFS","none",0,7.18836782559477,7.18836782559477,32,31,"shifted_gamma","irregular",0.280789907071739,1.76726378691383,0.02,0.231882833083702,0.712366009986382,0.687524208163435,0.454289767689732,TRUE,"moderate","not_applicable","not_applicable","boundary","v2.3_slow_overlap_direct_support_0.65B","none","ambiguous_or_edge","recording_edge_unobservable","clear",,1.67974509013302,"none","none",,"not_applicable","not_applicable","S0038",4,0.4,"holdout",0,2.87534713023791,2.87534713023791,0.112315962828696,0.008,0.0927531332334809
"TPL_015","TPL_015_STATE_002","TPL_015_RUN_004","Broad_HFS","none",13.8267644637414,20.1914926911103,6.36472822736881,33,32,"shifted_gamma","intermediate",0.186326708709821,2.97294446271844,0.02,0.198897757105275,0.516056331698455,0.666799984456325,0.457994305205036,FALSE,"none","not_applicable","not_applicable","core","v2.3_slow_overlap_direct_support_0.65B","none","clear_or_hard_cut","clear","clear",1.91408943218486,3.48063616307602,"none","none",,"not_applicable","not_applicable","S0038",4,0.4,"holdout",5.53070578549658,8.0765970764441,2.54589129094752,0.0745306834839284,0.008,0.0795591028421101
"TPL_015","TPL_015_STATE_003","TPL_015_RUN_006","Broad_HFS","none",20.756555865243,28.5414512653557,7.78489540011268,22,21,"shifted_gamma","regular",0.362925821058452,7.38545211357996,0.02,0.370709304767271,0.40658293024737,0.361834238245757,0.14039627584882,TRUE,"weak","not_applicable","not_applicable","deep","v2.3_slow_overlap_direct_support_0.65B","none","no_evidence_at_one_or_more_boundaries","no_evidence","clear",0.441003628990901,2.43046344014998,"none","none",,"not_applicable","not_applicable","S0038",4,0.4,"holdout",8.30262234609721,11.4165805061423,3.11395816004507,0.145170328423381,0.008,0.148283721906908
"TPL_015","TPL_015_STATE_004","TPL_015_RUN_008","Tonic","stn_like_empirical",30.5708469401781,37.1635766893758,6.59272974919767,12,11,"shifted_gamma","stn_like_empirical",0.595473490501754,13.3510995320976,0.02,0.599339068108878,0.20338214901808,0.172302852277036,0.0343592516321016,FALSE,"none","ambiguous","core","not_applicable","not_applicable","none","not_applicable","not_applicable","not_applicable",,,"none","none",0.651961557460102,"eligible","pre_frozen_timestamp_evidence_contract_met","S0038",4,0.4,"holdout",12.2283387760712,14.8654306757503,2.63709189967907,0.238189396200702,0.008,0.239735627243551
"TPL_015","TPL_015_STATE_005","TPL_015_RUN_011","Tonic","generic_stress",38.9062577284305,44.2247411249664,5.31848339653587,13,12,"shifted_gamma","generic_stress",0.410849435245618,9.24521258939058,0.02,0.443206949711322,0.372072488316301,0.443558570933743,0.22044554136932,FALSE,"none","ambiguous","deep","not_applicable","not_applicable","none","not_applicable","not_applicable","not_applicable",,,"none","none",0.601726065857295,"ambiguous","low_regularity_evidence","S0038",4,0.4,"holdout",15.5625030913722,17.6898964499865,2.12739335861435,0.164339774098247,0.008,0.177282779884529
"TPL_015","TPL_015_STATE_001","TPL_015_RUN_001","Broad_HFS","none",0,7.18836782559477,7.18836782559477,32,31,"shifted_gamma","irregular",0.280789907071739,1.76726378691383,0.02,0.231882833083702,0.712366009986382,0.687524208163435,0.454289767689732,TRUE,"moderate","not_applicable","not_applicable","boundary","v2.3_slow_overlap_direct_support_0.65B","none","ambiguous_or_edge","recording_edge_unobservable","clear",,1.67974509013302,"none","none",,"not_applicable","not_applicable","S0018",10,1,"holdout",0,7.18836782559477,7.18836782559477,0.280789907071739,0.02,0.231882833083702
"TPL_015","TPL_015_STATE_002","TPL_015_RUN_004","Broad_HFS","none",13.8267644637414,20.1914926911103,6.36472822736881,33,32,"shifted_gamma","intermediate",0.186326708709821,2.97294446271844,0.02,0.198897757105275,0.516056331698455,0.666799984456325,0.457994305205036,FALSE,"none","not_applicable","not_applicable","core","v2.3_slow_overlap_direct_support_0.65B","none","clear_or_hard_cut","clear","clear",1.91408943218486,3.48063616307602,"none","none",,"not_applicable","not_applicable","S0018",10,1,"holdout",13.8267644637414,20.1914926911103,6.36472822736881,0.186326708709821,0.02,0.198897757105275
"TPL_015","TPL_015_STATE_003","TPL_015_RUN_006","Broad_HFS","none",20.756555865243,28.5414512653557,7.78489540011268,22,21,"shifted_gamma","regular",0.362925821058452,7.38545211357996,0.02,0.370709304767271,0.40658293024737,0.361834238245757,0.14039627584882,TRUE,"weak","not_applicable","not_applicable","deep","v2.3_slow_overlap_direct_support_0.65B","none","no_evidence_at_one_or_more_boundaries","no_evidence","clear",0.441003628990901,2.43046344014998,"none","none",,"not_applicable","not_applicable","S0018",10,1,"holdout",20.756555865243,28.5414512653557,7.78489540011268,0.362925821058452,0.02,0.370709304767271
"TPL_015","TPL_015_STATE_004","TPL_015_RUN_008","Tonic","stn_like_empirical",30.5708469401781,37.1635766893758,6.59272974919767,12,11,"shifted_gamma","stn_like_empirical",0.595473490501754,13.3510995320976,0.02,0.599339068108878,0.20338214901808,0.172302852277036,0.0343592516321016,FALSE,"none","ambiguous","core","not_applicable","not_applicable","none","not_applicable","not_applicable","not_applicable",,,"none","none",0.651961557460102,"eligible","pre_frozen_timestamp_evidence_contract_met","S0018",10,1,"holdout",30.5708469401781,37.1635766893758,6.59272974919767,0.595473490501754,0.02,0.599339068108878
"TPL_015","TPL_015_STATE_005","TPL_015_RUN_011","Tonic","generic_stress",38.9062577284305,44.2247411249664,5.31848339653587,13,12,"shifted_gamma","generic_stress",0.410849435245618,9.24521258939058,0.02,0.443206949711322,0.372072488316301,0.443558570933743,0.22044554136932,FALSE,"none","ambiguous","deep","not_applicable","not_applicable","none","not_applicable","not_applicable","not_applicable",,,"none","none",0.601726065857295,"ambiguous","low_regularity_evidence","S0018",10,1,"holdout",38.9062577284305,44.2247411249664,5.31848339653587,0.410849435245618,0.02,0.443206949711322
"TPL_016","TPL_016_STATE_001","TPL_016_RUN_004","Broad_HFS","none",8.68432395708975,14.9441598111239,6.25983585403418,27,26,"shifted_gamma","irregular",0.322148885531351,1.60481300926767,0.02,0.240762917462853,0.861719229347696,1.00491548350299,0.93809187793964,FALSE,"none","not_applicable","not_applicable","deep","v2.3_slow_overlap_direct_support_0.65B","none","clear_or_hard_cut","clear","clear",2.62591365360461,7.38737139236464,"none","none",,"not_applicable","not_applicable","S0010",1,0.1,"holdout",0.868432395708975,1.49441598111239,0.625983585403418,0.0322148885531351,0.002,0.0240762917462853
"TPL_016","TPL_016_STATE_002","TPL_016_RUN_006","Tonic","generic_stress",21.5268966553794,30.7450438131164,9.21814715773697,12,11,"shifted_gamma","generic_stress",0.731704186368734,4.11667938204482,0.02,0.838013377976088,0.455637516778444,0.492890915574136,0.226759842635407,FALSE,"none","ambiguous","core","not_applicable","not_applicable","none","not_applicable","not_applicable","not_applicable",,,"none","none",0.531634289969631,"ambiguous","low_regularity_evidence","S0010",1,0.1,"holdout",2.15268966553794,3.07450438131164,0.921814715773697,0.0731704186368734,0.002,0.0838013377976088
"TPL_016","TPL_016_STATE_003","TPL_016_RUN_010","Tonic","stn_like_empirical",37.3960060481709,40.8602544174892,3.46424836931823,9,8,"shifted_gamma","stn_like_empirical",0.461020795074292,20.5222389192786,0.02,0.433031046164778,0.278428817018646,0.376022951619044,0.139524079517524,FALSE,"none","ambiguous","boundary","not_applicable","not_applicable","none","not_applicable","not_applicable","not_applicable",,,"none","none",0.574968112449837,"ambiguous","low_regularity_evidence;short_state","S0010",1,0.1,"holdout",3.73960060481709,4.08602544174892,0.346424836931823,0.0461020795074292,0.002,0.0433031046164778
"TPL_016","TPL_016_STATE_004","TPL_016_RUN_012","Broad_HFS","none",45.1536870802649,50.0952974708229,4.94161039055798,22,21,"shifted_gamma","regular",0.229724306138232,7.87122146459296,0.02,0.235314780502761,0.425464836078619,0.350197096953752,0.158732434111989,TRUE,"weak","not_applicable","not_applicable","core","v2.3_slow_overlap_direct_support_0.65B","TPL_016_REGIME_01","clear_or_hard_cut","clear","hard_cut_canonical_pause",2.99509349250268,2.49218947722835,"none","canonical_pause",,"not_applicable","not_applicable","S0010",1,0.1,"holdout",4.51536870802649,5.00952974708229,0.494161039055798,0.0229724306138232,0.002,0.0235314780502761
"TPL_016","TPL_016_STATE_005","TPL_016_RUN_014","Broad_HFS","none",54.8138106023371,64.8699245232805,10.0561139209435,31,30,"shifted_gamma","intermediate",0.361853803079575,2.55885717370547,0.02,0.335203797364782,0.616590734156833,0.728397431259059,0.545787549400472,TRUE,"strong","not_applicable","not_applicable","boundary","v2.3_slow_overlap_direct_support_0.65B","TPL_016_REGIME_01","ambiguous_or_edge","hard_cut_canonical_pause","recording_edge_unobservable",0.551146017306517,,"canonical_pause","none",,"not_applicable","not_applicable","S0010",1,0.1,"holdout",5.48138106023371,6.48699245232805,1.00561139209435,0.0361853803079575,0.002,0.0335203797364782
"TPL_016","TPL_016_STATE_001","TPL_016_RUN_004","Broad_HFS","none",8.68432395708975,14.9441598111239,6.25983585403418,27,26,"shifted_gamma","irregular",0.322148885531351,1.60481300926767,0.02,0.240762917462853,0.861719229347696,1.00491548350299,0.93809187793964,FALSE,"none","not_applicable","not_applicable","deep","v2.3_slow_overlap_direct_support_0.65B","none","clear_or_hard_cut","clear","clear",2.62591365360461,7.38737139236464,"none","none",,"not_applicable","not_applicable","S0024",4,0.4,"holdout",3.4737295828359,5.97766392444957,2.50393434161367,0.12885955421254,0.008,0.0963051669851412
"TPL_016","TPL_016_STATE_002","TPL_016_RUN_006","Tonic","generic_stress",21.5268966553794,30.7450438131164,9.21814715773697,12,11,"shifted_gamma","generic_stress",0.731704186368734,4.11667938204482,0.02,0.838013377976088,0.455637516778444,0.492890915574136,0.226759842635407,FALSE,"none","ambiguous","core","not_applicable","not_applicable","none","not_applicable","not_applicable","not_applicable",,,"none","none",0.531634289969631,"ambiguous","low_regularity_evidence","S0024",4,0.4,"holdout",8.61075866215177,12.2980175252466,3.68725886309479,0.292681674547493,0.008,0.335205351190435
"TPL_016","TPL_016_STATE_003","TPL_016_RUN_010","Tonic","stn_like_empirical",37.3960060481709,40.8602544174892,3.46424836931823,9,8,"shifted_gamma","stn_like_empirical",0.461020795074292,20.5222389192786,0.02,0.433031046164778,0.278428817018646,0.376022951619044,0.139524079517524,FALSE,"none","ambiguous","boundary","not_applicable","not_applicable","none","not_applicable","not_applicable","not_applicable",,,"none","none",0.574968112449837,"ambiguous","low_regularity_evidence;short_state","S0024",4,0.4,"holdout",14.9584024192684,16.3441017669957,1.38569934772729,0.184408318029717,0.008,0.173212418465911
"TPL_016","TPL_016_STATE_004","TPL_016_RUN_012","Broad_HFS","none",45.1536870802649,50.0952974708229,4.94161039055798,22,21,"shifted_gamma","regular",0.229724306138232,7.87122146459296,0.02,0.235314780502761,0.425464836078619,0.350197096953752,0.158732434111989,TRUE,"weak","not_applicable","not_applicable","core","v2.3_slow_overlap_direct_support_0.65B","TPL_016_REGIME_01","clear_or_hard_cut","clear","hard_cut_canonical_pause",2.99509349250268,2.49218947722835,"none","canonical_pause",,"not_applicable","not_applicable","S0024",4,0.4,"holdout",18.061474832106,20.0381189883292,1.97664415622319,0.0918897224552929,0.008,0.0941259122011045
"TPL_016","TPL_016_STATE_005","TPL_016_RUN_014","Broad_HFS","none",54.8138106023371,64.8699245232805,10.0561139209435,31,30,"shifted_gamma","intermediate",0.361853803079575,2.55885717370547,0.02,0.335203797364782,0.616590734156833,0.728397431259059,0.545787549400472,TRUE,"strong","not_applicable","not_applicable","boundary","v2.3_slow_overlap_direct_support_0.65B","TPL_016_REGIME_01","ambiguous_or_edge","hard_cut_canonical_pause","recording_edge_unobservable",0.551146017306517,,"canonical_pause","none",,"not_applicable","not_applicable","S0024",4,0.4,"holdout",21.9255242409348,25.9479698093122,4.02244556837739,0.14474152123183,0.008,0.134081518945913
"TPL_016","TPL_016_STATE_001","TPL_016_RUN_004","Broad_HFS","none",8.68432395708975,14.9441598111239,6.25983585403418,27,26,"shifted_gamma","irregular",0.322148885531351,1.60481300926767,0.02,0.240762917462853,0.861719229347696,1.00491548350299,0.93809187793964,FALSE,"none","not_applicable","not_applicable","deep","v2.3_slow_overlap_direct_support_0.65B","none","clear_or_hard_cut","clear","clear",2.62591365360461,7.38737139236464,"none","none",,"not_applicable","not_applicable","S0060",10,1,"holdout",8.68432395708975,14.9441598111239,6.25983585403418,0.322148885531351,0.02,0.240762917462853
"TPL_016","TPL_016_STATE_002","TPL_016_RUN_006","Tonic","generic_stress",21.5268966553794,30.7450438131164,9.21814715773697,12,11,"shifted_gamma","generic_stress",0.731704186368734,4.11667938204482,0.02,0.838013377976088,0.455637516778444,0.492890915574136,0.226759842635407,FALSE,"none","ambiguous","core","not_applicable","not_applicable","none","not_applicable","not_applicable","not_applicable",,,"none","none",0.531634289969631,"ambiguous","low_regularity_evidence","S0060",10,1,"holdout",21.5268966553794,30.7450438131164,9.21814715773697,0.731704186368734,0.02,0.838013377976088
"TPL_016","TPL_016_STATE_003","TPL_016_RUN_010","Tonic","stn_like_empirical",37.3960060481709,40.8602544174892,3.46424836931823,9,8,"shifted_gamma","stn_like_empirical",0.461020795074292,20.5222389192786,0.02,0.433031046164778,0.278428817018646,0.376022951619044,0.139524079517524,FALSE,"none","ambiguous","boundary","not_applicable","not_applicable","none","not_applicable","not_applicable","not_applicable",,,"none","none",0.574968112449837,"ambiguous","low_regularity_evidence;short_state","S0060",10,1,"holdout",37.3960060481709,40.8602544174892,3.46424836931823,0.461020795074292,0.02,0.433031046164778
"TPL_016","TPL_016_STATE_004","TPL_016_RUN_012","Broad_HFS","none",45.1536870802649,50.0952974708229,4.94161039055798,22,21,"shifted_gamma","regular",0.229724306138232,7.87122146459296,0.02,0.235314780502761,0.425464836078619,0.350197096953752,0.158732434111989,TRUE,"weak","not_applicable","not_applicable","core","v2.3_slow_overlap_direct_support_0.65B","TPL_016_REGIME_01","clear_or_hard_cut","clear","hard_cut_canonical_pause",2.99509349250268,2.49218947722835,"none","canonical_pause",,"not_applicable","not_applicable","S0060",10,1,"holdout",45.1536870802649,50.0952974708229,4.94161039055798,0.229724306138232,0.02,0.235314780502761
"TPL_016","TPL_016_STATE_005","TPL_016_RUN_014","Broad_HFS","none",54.8138106023371,64.8699245232805,10.0561139209435,31,30,"shifted_gamma","intermediate",0.361853803079575,2.55885717370547,0.02,0.335203797364782,0.616590734156833,0.728397431259059,0.545787549400472,TRUE,"strong","not_applicable","not_applicable","boundary","v2.3_slow_overlap_direct_support_0.65B","TPL_016_REGIME_01","ambiguous_or_edge","hard_cut_canonical_pause","recording_edge_unobservable",0.551146017306517,,"canonical_pause","none",,"not_applicable","not_applicable","S0060",10,1,"holdout",54.8138106023371,64.8699245232805,10.0561139209435,0.361853803079575,0.02,0.335203797364782
"TPL_017","TPL_017_STATE_001","TPL_017_RUN_001","Tonic","stn_like_empirical",0,5.48528480888004,5.48528480888004,13,12,"shifted_gamma","stn_like_empirical",0.478557043336332,13.6733727671672,0.02,0.45710706740667,0.282528662402592,0.311466546348766,0.0956008955392011,FALSE,"none","ambiguous","deep","not_applicable","not_applicable","none","not_applicable","not_applicable","not_applicable",,,"none","none",0.580352002878697,"ambiguous","borderline_continuous_evidence_score","S0005",1,0.1,"holdout",0,0.548528480888004,0.548528480888004,0.0478557043336332,0.002,0.045710706740667
"TPL_017","TPL_017_STATE_002","TPL_017_RUN_010","Broad_HFS","none",19.853672116387,25.8194401200363,5.96576800364938,34,33,"shifted_gamma","irregular",0.220369907906279,1.74997248498257,0.02,0.180780848595436,0.792033065594361,0.80638479966125,0.673582815881845,TRUE,"strong","not_applicable","not_applicable","core","v2.3_slow_overlap_direct_support_0.65B","none","clear_or_hard_cut","clear","clear",9.44098999620668,3.04660196656518,"none","none",,"not_applicable","not_applicable","S0005",1,0.1,"holdout",1.9853672116387,2.58194401200363,0.596576800364938,0.0220369907906279,0.002,0.0180780848595436
"TPL_017","TPL_017_STATE_003","TPL_017_RUN_012","Tonic","generic_stress",28.0724009115243,32.3314368174889,4.25903590596463,9,8,"shifted_gamma","generic_stress",0.580770488781855,6.17409352399409,0.02,0.532379488245579,0.582374906799152,0.528776704159278,0.344032823034887,FALSE,"none","ambiguous","boundary","not_applicable","not_applicable","none","not_applicable","not_applicable","not_applicable",,,"none","none",0.239773914167216,"no_evidence","low_regularity_evidence;short_state","S0005",1,0.1,"holdout",2.80724009115243,3.23314368174889,0.425903590596463,0.0580770488781855,0.002,0.053237948824558
"TPL_017","TPL_017_STATE_004","TPL_017_RUN_016","Broad_HFS","none",44.1789897613672,52.384046633537,8.20505687216978,30,29,"shifted_gamma","regular",0.314303594231606,6.47128039598465,0.02,0.282932995592062,0.41262551354256,0.4482994588257,0.237863727457268,FALSE,"none","not_applicable","not_applicable","boundary","v2.3_slow_overlap_direct_support_0.65B","none","no_evidence_at_one_or_more_boundaries","no_evidence","clear",1.14307061159814,3.72663460894498,"none","none",,"not_applicable","not_applicable","S0005",1,0.1,"holdout",4.41789897613672,5.2384046633537,0.820505687216978,0.0314303594231606,0.002,0.0282932995592062
"TPL_017","TPL_017_STATE_005","TPL_017_RUN_018","Broad_HFS","none",55.4662991980694,64.1052499106005,8.63895071253114,30,29,"shifted_gamma","intermediate",0.35716818202287,3.59796818159521,0.02,0.297894852156246,0.546716562348529,0.493865764461124,0.308110018136663,TRUE,"moderate","not_applicable","not_applicable","deep","v2.3_slow_overlap_direct_support_0.65B","none","ambiguous_or_edge","clear","recording_edge_unobservable",3.4043005479959,,"none","none",,"not_applicable","not_applicable","S0005",1,0.1,"holdout",5.54662991980694,6.41052499106006,0.863895071253114,0.035716818202287,0.002,0.0297894852156246
"TPL_017","TPL_017_STATE_001","TPL_017_RUN_001","Tonic","stn_like_empirical",0,5.48528480888004,5.48528480888004,13,12,"shifted_gamma","stn_like_empirical",0.478557043336332,13.6733727671672,0.02,0.45710706740667,0.282528662402592,0.311466546348766,0.0956008955392011,FALSE,"none","ambiguous","deep","not_applicable","not_applicable","none","not_applicable","not_applicable","not_applicable",,,"none","none",0.580352002878697,"ambiguous","borderline_continuous_evidence_score","S0042",4,0.4,"holdout",0,2.19411392355201,2.19411392355201,0.191422817334533,0.008,0.182842826962668
"TPL_017","TPL_017_STATE_002","TPL_017_RUN_010","Broad_HFS","none",19.853672116387,25.8194401200363,5.96576800364938,34,33,"shifted_gamma","irregular",0.220369907906279,1.74997248498257,0.02,0.180780848595436,0.792033065594361,0.80638479966125,0.673582815881845,TRUE,"strong","not_applicable","not_applicable","core","v2.3_slow_overlap_direct_support_0.65B","none","clear_or_hard_cut","clear","clear",9.44098999620668,3.04660196656518,"none","none",,"not_applicable","not_applicable","S0042",4,0.4,"holdout",7.94146884655479,10.3277760480145,2.38630720145975,0.0881479631625116,0.008,0.0723123394381743
"TPL_017","TPL_017_STATE_003","TPL_017_RUN_012","Tonic","generic_stress",28.0724009115243,32.3314368174889,4.25903590596463,9,8,"shifted_gamma","generic_stress",0.580770488781855,6.17409352399409,0.02,0.532379488245579,0.582374906799152,0.528776704159278,0.344032823034887,FALSE,"none","ambiguous","boundary","not_applicable","not_applicable","none","not_applicable","not_applicable","not_applicable",,,"none","none",0.239773914167216,"no_evidence","low_regularity_evidence;short_state","S0042",4,0.4,"holdout",11.2289603646097,12.9325747269956,1.70361436238585,0.232308195512742,0.008,0.212951795298232
"TPL_017","TPL_017_STATE_004","TPL_017_RUN_016","Broad_HFS","none",44.1789897613672,52.384046633537,8.20505687216978,30,29,"shifted_gamma","regular",0.314303594231606,6.47128039598465,0.02,0.282932995592062,0.41262551354256,0.4482994588257,0.237863727457268,FALSE,"none","not_applicable","not_applicable","boundary","v2.3_slow_overlap_direct_support_0.65B","none","no_evidence_at_one_or_more_boundaries","no_evidence","clear",1.14307061159814,3.72663460894498,"none","none",,"not_applicable","not_applicable","S0042",4,0.4,"holdout",17.6715959045469,20.9536186534148,3.28202274886791,0.125721437692642,0.008,0.113173198236825
"TPL_017","TPL_017_STATE_005","TPL_017_RUN_018","Broad_HFS","none",55.4662991980694,64.1052499106005,8.63895071253114,30,29,"shifted_gamma","intermediate",0.35716818202287,3.59796818159521,0.02,0.297894852156246,0.546716562348529,0.493865764461124,0.308110018136663,TRUE,"moderate","not_applicable","not_applicable","deep","v2.3_slow_overlap_direct_support_0.65B","none","ambiguous_or_edge","clear","recording_edge_unobservable",3.4043005479959,,"none","none",,"not_applicable","not_applicable","S0042",4,0.4,"holdout",22.1865196792278,25.6420999642402,3.45558028501246,0.142867272809148,0.008,0.119157940862498
"TPL_017","TPL_017_STATE_001","TPL_017_RUN_001","Tonic","stn_like_empirical",0,5.48528480888004,5.48528480888004,13,12,"shifted_gamma","stn_like_empirical",0.478557043336332,13.6733727671672,0.02,0.45710706740667,0.282528662402592,0.311466546348766,0.0956008955392011,FALSE,"none","ambiguous","deep","not_applicable","not_applicable","none","not_applicable","not_applicable","not_applicable",,,"none","none",0.580352002878697,"ambiguous","borderline_continuous_evidence_score","S0029",10,1,"holdout",0,5.48528480888004,5.48528480888004,0.478557043336332,0.02,0.45710706740667
"TPL_017","TPL_017_STATE_002","TPL_017_RUN_010","Broad_HFS","none",19.853672116387,25.8194401200363,5.96576800364938,34,33,"shifted_gamma","irregular",0.220369907906279,1.74997248498257,0.02,0.180780848595436,0.792033065594361,0.80638479966125,0.673582815881845,TRUE,"strong","not_applicable","not_applicable","core","v2.3_slow_overlap_direct_support_0.65B","none","clear_or_hard_cut","clear","clear",9.44098999620668,3.04660196656518,"none","none",,"not_applicable","not_applicable","S0029",10,1,"holdout",19.853672116387,25.8194401200363,5.96576800364938,0.220369907906279,0.02,0.180780848595436
"TPL_017","TPL_017_STATE_003","TPL_017_RUN_012","Tonic","generic_stress",28.0724009115243,32.3314368174889,4.25903590596463,9,8,"shifted_gamma","generic_stress",0.580770488781855,6.17409352399409,0.02,0.532379488245579,0.582374906799152,0.528776704159278,0.344032823034887,FALSE,"none","ambiguous","boundary","not_applicable","not_applicable","none","not_applicable","not_applicable","not_applicable",,,"none","none",0.239773914167216,"no_evidence","low_regularity_evidence;short_state","S0029",10,1,"holdout",28.0724009115243,32.3314368174889,4.25903590596463,0.580770488781855,0.02,0.532379488245579
"TPL_017","TPL_017_STATE_004","TPL_017_RUN_016","Broad_HFS","none",44.1789897613672,52.384046633537,8.20505687216978,30,29,"shifted_gamma","regular",0.314303594231606,6.47128039598465,0.02,0.282932995592062,0.41262551354256,0.4482994588257,0.237863727457268,FALSE,"none","not_applicable","not_applicable","boundary","v2.3_slow_overlap_direct_support_0.65B","none","no_evidence_at_one_or_more_boundaries","no_evidence","clear",1.14307061159814,3.72663460894498,"none","none",,"not_applicable","not_applicable","S0029",10,1,"holdout",44.1789897613672,52.384046633537,8.20505687216978,0.314303594231606,0.02,0.282932995592062
"TPL_017","TPL_017_STATE_005","TPL_017_RUN_018","Broad_HFS","none",55.4662991980694,64.1052499106005,8.63895071253114,30,29,"shifted_gamma","intermediate",0.35716818202287,3.59796818159521,0.02,0.297894852156246,0.546716562348529,0.493865764461124,0.308110018136663,TRUE,"moderate","not_applicable","not_applicable","deep","v2.3_slow_overlap_direct_support_0.65B","none","ambiguous_or_edge","clear","recording_edge_unobservable",3.4043005479959,,"none","none",,"not_applicable","not_applicable","S0029",10,1,"holdout",55.4662991980694,64.1052499106005,8.63895071253114,0.35716818202287,0.02,0.297894852156246
"TPL_018","TPL_018_STATE_001","TPL_018_RUN_001","Broad_HFS","none",0,4.89085939255675,4.89085939255675,22,21,"shifted_gamma","irregular",0.267521154833958,1.16119253884535,0.02,0.232898066312226,0.773352493836019,0.682251355674181,0.485904803873105,FALSE,"none","not_applicable","not_applicable","boundary","v2.3_slow_overlap_direct_support_0.65B","none","ambiguous_or_edge","recording_edge_unobservable","clear",,5.59781217337077,"none","none",,"not_applicable","not_applicable","S0023",1,0.1,"holdout",0,0.489085939255675,0.489085939255675,0.0267521154833958,0.002,0.0232898066312226
"TPL_018","TPL_018_STATE_002","TPL_018_RUN_003","Tonic","stn_like_empirical",11.7188525301458,16.0981807600143,4.37932822986847,9,8,"shifted_gamma","stn_like_empirical",0.577794011235237,6.22111365012825,0.02,0.547416028733559,0.278462052251773,0.282606066607266,0.105560197485553,FALSE,"none","no_evidence","core","not_applicable","not_applicable","none","not_applicable","not_applicable","not_applicable",,,"none","none",0.554771747402593,"ambiguous","short_state","S0023",1,0.1,"holdout",1.17188525301458,1.60981807600143,0.437932822986847,0.0577794011235237,0.002,0.0547416028733559
"TPL_018","TPL_018_STATE_003","TPL_018_RUN_009","Tonic","generic_stress",30.0153354673145,32.9923656335158,2.97703016620127,9,8,"shifted_gamma","generic_stress",0.389929668577388,3.38894969155081,0.02,0.372128770775158,0.727814409253785,0.511564366324081,0.282066719296592,FALSE,"none","no_evidence","deep","not_applicable","not_applicable","none","not_applicable","not_applicable","not_applicable",,,"none","none",0.411938231373667,"no_evidence","low_regularity_evidence;short_state","S0023",1,0.1,"holdout",3.00153354673145,3.29923656335158,0.297703016620127,0.0389929668577388,0.002,0.0372128770775158
"TPL_018","TPL_018_STATE_004","TPL_018_RUN_011","Broad_HFS","none",39.1281359827203,49.5680954744484,10.4399594917281,35,34,"shifted_gamma","regular",0.374345898563042,9.24773531360552,0.02,0.30705763210965,0.50301409111795,0.347068355440944,0.143888008777895,TRUE,"moderate","not_applicable","not_applicable","deep","v2.3_slow_overlap_direct_support_0.65B","TPL_018_REGIME_01","clear_or_hard_cut","clear","hard_cut_canonical_pause",5.60405739368557,0.534947757864567,"none","canonical_pause",,"not_applicable","not_applicable","S0023",1,0.1,"holdout",3.91281359827203,4.95680954744484,1.04399594917281,0.0374345898563042,0.002,0.030705763210965
"TPL_018","TPL_018_STATE_005","TPL_018_RUN_013","Broad_HFS","none",54.4974425029852,61.5862430156376,7.0888005126524,35,34,"shifted_gamma","intermediate",0.233378430884331,4.51455194107257,0.02,0.20849413272507,0.611618795806899,0.507361955441708,0.324382204579084,TRUE,"strong","not_applicable","not_applicable","core","v2.3_slow_overlap_direct_support_0.65B","TPL_018_REGIME_01","clear_or_hard_cut","hard_cut_canonical_pause","clear",2.0293519972798,3.55593961535878,"canonical_pause","none",,"not_applicable","not_applicable","S0023",1,0.1,"holdout",5.44974425029852,6.15862430156376,0.70888005126524,0.0233378430884331,0.002,0.020849413272507
"TPL_018","TPL_018_STATE_001","TPL_018_RUN_001","Broad_HFS","none",0,4.89085939255675,4.89085939255675,22,21,"shifted_gamma","irregular",0.267521154833958,1.16119253884535,0.02,0.232898066312226,0.773352493836019,0.682251355674181,0.485904803873105,FALSE,"none","not_applicable","not_applicable","boundary","v2.3_slow_overlap_direct_support_0.65B","none","ambiguous_or_edge","recording_edge_unobservable","clear",,5.59781217337077,"none","none",,"not_applicable","not_applicable","S0017",4,0.4,"holdout",0,1.9563437570227,1.9563437570227,0.107008461933583,0.008,0.0931592265248904
"TPL_018","TPL_018_STATE_002","TPL_018_RUN_003","Tonic","stn_like_empirical",11.7188525301458,16.0981807600143,4.37932822986847,9,8,"shifted_gamma","stn_like_empirical",0.577794011235237,6.22111365012825,0.02,0.547416028733559,0.278462052251773,0.282606066607266,0.105560197485553,FALSE,"none","no_evidence","core","not_applicable","not_applicable","none","not_applicable","not_applicable","not_applicable",,,"none","none",0.554771747402593,"ambiguous","short_state","S0017",4,0.4,"holdout",4.68754101205832,6.43927230400571,1.75173129194739,0.231117604494095,0.008,0.218966411493424
"TPL_018","TPL_018_STATE_003","TPL_018_RUN_009","Tonic","generic_stress",30.0153354673145,32.9923656335158,2.97703016620127,9,8,"shifted_gamma","generic_stress",0.389929668577388,3.38894969155081,0.02,0.372128770775158,0.727814409253785,0.511564366324081,0.282066719296592,FALSE,"none","no_evidence","deep","not_applicable","not_applicable","none","not_applicable","not_applicable","not_applicable",,,"none","none",0.411938231373667,"no_evidence","low_regularity_evidence;short_state","S0017",4,0.4,"holdout",12.0061341869258,13.1969462534063,1.19081206648051,0.155971867430955,0.008,0.148851508310063
"TPL_018","TPL_018_STATE_004","TPL_018_RUN_011","Broad_HFS","none",39.1281359827203,49.5680954744484,10.4399594917281,35,34,"shifted_gamma","regular",0.374345898563042,9.24773531360552,0.02,0.30705763210965,0.50301409111795,0.347068355440944,0.143888008777895,TRUE,"moderate","not_applicable","not_applicable","deep","v2.3_slow_overlap_direct_support_0.65B","TPL_018_REGIME_01","clear_or_hard_cut","clear","hard_cut_canonical_pause",5.60405739368557,0.534947757864567,"none","canonical_pause",,"not_applicable","not_applicable","S0017",4,0.4,"holdout",15.6512543930881,19.8272381897794,4.17598379669124,0.149738359425217,0.008,0.12282305284386
"TPL_018","TPL_018_STATE_005","TPL_018_RUN_013","Broad_HFS","none",54.4974425029852,61.5862430156376,7.0888005126524,35,34,"shifted_gamma","intermediate",0.233378430884331,4.51455194107257,0.02,0.20849413272507,0.611618795806899,0.507361955441708,0.324382204579084,TRUE,"strong","not_applicable","not_applicable","core","v2.3_slow_overlap_direct_support_0.65B","TPL_018_REGIME_01","clear_or_hard_cut","hard_cut_canonical_pause","clear",2.0293519972798,3.55593961535878,"canonical_pause","none",,"not_applicable","not_applicable","S0017",4,0.4,"holdout",21.7989770011941,24.634497206255,2.83552020506096,0.0933513723537326,0.008,0.0833976530900282
"TPL_018","TPL_018_STATE_001","TPL_018_RUN_001","Broad_HFS","none",0,4.89085939255675,4.89085939255675,22,21,"shifted_gamma","irregular",0.267521154833958,1.16119253884535,0.02,0.232898066312226,0.773352493836019,0.682251355674181,0.485904803873105,FALSE,"none","not_applicable","not_applicable","boundary","v2.3_slow_overlap_direct_support_0.65B","none","ambiguous_or_edge","recording_edge_unobservable","clear",,5.59781217337077,"none","none",,"not_applicable","not_applicable","S0032",10,1,"holdout",0,4.89085939255675,4.89085939255675,0.267521154833958,0.02,0.232898066312226
"TPL_018","TPL_018_STATE_002","TPL_018_RUN_003","Tonic","stn_like_empirical",11.7188525301458,16.0981807600143,4.37932822986847,9,8,"shifted_gamma","stn_like_empirical",0.577794011235237,6.22111365012825,0.02,0.547416028733559,0.278462052251773,0.282606066607266,0.105560197485553,FALSE,"none","no_evidence","core","not_applicable","not_applicable","none","not_applicable","not_applicable","not_applicable",,,"none","none",0.554771747402593,"ambiguous","short_state","S0032",10,1,"holdout",11.7188525301458,16.0981807600143,4.37932822986847,0.577794011235237,0.02,0.547416028733559
"TPL_018","TPL_018_STATE_003","TPL_018_RUN_009","Tonic","generic_stress",30.0153354673145,32.9923656335158,2.97703016620127,9,8,"shifted_gamma","generic_stress",0.389929668577388,3.38894969155081,0.02,0.372128770775158,0.727814409253785,0.511564366324081,0.282066719296592,FALSE,"none","no_evidence","deep","not_applicable","not_applicable","none","not_applicable","not_applicable","not_applicable",,,"none","none",0.411938231373667,"no_evidence","low_regularity_evidence;short_state","S0032",10,1,"holdout",30.0153354673145,32.9923656335158,2.97703016620127,0.389929668577388,0.02,0.372128770775158
"TPL_018","TPL_018_STATE_004","TPL_018_RUN_011","Broad_HFS","none",39.1281359827203,49.5680954744484,10.4399594917281,35,34,"shifted_gamma","regular",0.374345898563042,9.24773531360552,0.02,0.30705763210965,0.50301409111795,0.347068355440944,0.143888008777895,TRUE,"moderate","not_applicable","not_applicable","deep","v2.3_slow_overlap_direct_support_0.65B","TPL_018_REGIME_01","clear_or_hard_cut","clear","hard_cut_canonical_pause",5.60405739368557,0.534947757864567,"none","canonical_pause",,"not_applicable","not_applicable","S0032",10,1,"holdout",39.1281359827203,49.5680954744484,10.4399594917281,0.374345898563042,0.02,0.30705763210965
"TPL_018","TPL_018_STATE_005","TPL_018_RUN_013","Broad_HFS","none",54.4974425029852,61.5862430156376,7.0888005126524,35,34,"shifted_gamma","intermediate",0.233378430884331,4.51455194107257,0.02,0.20849413272507,0.611618795806899,0.507361955441708,0.324382204579084,TRUE,"strong","not_applicable","not_applicable","core","v2.3_slow_overlap_direct_support_0.65B","TPL_018_REGIME_01","clear_or_hard_cut","hard_cut_canonical_pause","clear",2.0293519972798,3.55593961535878,"canonical_pause","none",,"not_applicable","not_applicable","S0032",10,1,"holdout",54.4974425029852,61.5862430156376,7.0888005126524,0.233378430884331,0.02,0.20849413272507
"TPL_019","TPL_019_STATE_001","TPL_019_RUN_002","Broad_HFS","none",6.76201479958493,12.8589508346911,6.09693603510613,20,19,"shifted_gamma","irregular",0.326920297071338,1.51630984211806,0.02,0.320891370268744,0.543070347003795,0.5853422721421,0.397820704242048,FALSE,"none","not_applicable","not_applicable","deep","v2.3_slow_overlap_direct_support_0.65B","none","ambiguous_or_edge","clear","ambiguous",3.39611407136755,1.21332313429076,"none","none",,"not_applicable","not_applicable","S0047",1,0.1,"holdout",0.676201479958493,1.28589508346911,0.609693603510613,0.0326920297071338,0.002,0.0320891370268744
"TPL_019","TPL_019_STATE_002","TPL_019_RUN_006","Broad_HFS","none",16.5422970836188,23.5770267639606,7.03472968034179,27,26,"shifted_gamma","intermediate",0.298852566508576,3.11924546039663,0.02,0.270566526166992,0.698906344249975,0.652707119052595,0.449908548148348,TRUE,"weak","not_applicable","not_applicable","boundary","v2.3_slow_overlap_direct_support_0.65B","none","clear_or_hard_cut","clear","clear",7.48174133240446,3.90040130816784,"none","none",,"not_applicable","not_applicable","S0047",1,0.1,"holdout",1.65422970836188,2.35770267639606,0.703472968034179,0.0298852566508576,0.002,0.0270566526166992
"TPL_019","TPL_019_STATE_003","TPL_019_RUN_008","Tonic","generic_stress",24.4465027890067,31.8558236235419,7.40932083453519,10,9,"shifted_gamma","generic_stress",0.848504080874845,5.54933494434226,0.02,0.82325787050391,0.290545219894877,0.364412467429477,0.133683749504839,FALSE,"none","no_evidence","core","not_applicable","not_applicable","none","not_applicable","not_applicable","not_applicable",,,"none","none",0.663332710858384,"eligible","pre_frozen_timestamp_evidence_contract_met","S0047",1,0.1,"holdout",2.44465027890067,3.18558236235419,0.740932083453519,0.0848504080874845,0.002,0.082325787050391
"TPL_019","TPL_019_STATE_004","TPL_019_RUN_012","Tonic","stn_like_empirical",41.1646163823386,46.3956951664166,5.23107878407796,11,10,"shifted_gamma","stn_like_empirical",0.471824224581942,10.7559235556982,0.02,0.523107878407796,0.232206895333521,0.317331936032402,0.0963050049363773,FALSE,"none","no_evidence","boundary","not_applicable","not_applicable","none","not_applicable","not_applicable","not_applicable",,,"none","none",0.701274225169917,"eligible","pre_frozen_timestamp_evidence_contract_met","S0047",1,0.1,"holdout",4.11646163823386,4.63956951664166,0.523107878407796,0.0471824224581942,0.002,0.0523107878407796
"TPL_019","TPL_019_STATE_005","TPL_019_RUN_013","Broad_HFS","none",46.3956951664166,52.4510103734865,6.05531520706992,35,34,"shifted_gamma","regular",0.20487642724067,6.16224329872057,0.02,0.178097506090292,0.6015470586512,0.405552056311194,0.185547835530588,TRUE,"strong","not_applicable","not_applicable","core","v2.3_slow_overlap_direct_support_0.65B","none","clear_or_hard_cut","clear","clear",4.09304178901424,3.23242549083716,"none","none",,"not_applicable","not_applicable","S0047",1,0.1,"holdout",4.63956951664166,5.24510103734865,0.605531520706992,0.020487642724067,0.002,0.0178097506090292
"TPL_019","TPL_019_STATE_001","TPL_019_RUN_002","Broad_HFS","none",6.76201479958493,12.8589508346911,6.09693603510613,20,19,"shifted_gamma","irregular",0.326920297071338,1.51630984211806,0.02,0.320891370268744,0.543070347003795,0.5853422721421,0.397820704242048,FALSE,"none","not_applicable","not_applicable","deep","v2.3_slow_overlap_direct_support_0.65B","none","ambiguous_or_edge","clear","ambiguous",3.39611407136755,1.21332313429076,"none","none",,"not_applicable","not_applicable","S0037",4,0.4,"holdout",2.70480591983397,5.14358033387643,2.43877441404245,0.130768118828535,0.008,0.128356548107497
"TPL_019","TPL_019_STATE_002","TPL_019_RUN_006","Broad_HFS","none",16.5422970836188,23.5770267639606,7.03472968034179,27,26,"shifted_gamma","intermediate",0.298852566508576,3.11924546039663,0.02,0.270566526166992,0.698906344249975,0.652707119052595,0.449908548148348,TRUE,"weak","not_applicable","not_applicable","boundary","v2.3_slow_overlap_direct_support_0.65B","none","clear_or_hard_cut","clear","clear",7.48174133240446,3.90040130816784,"none","none",,"not_applicable","not_applicable","S0037",4,0.4,"holdout",6.61691883344751,9.43081070558422,2.81389187213671,0.119541026603431,0.008,0.108226610466797
"TPL_019","TPL_019_STATE_003","TPL_019_RUN_008","Tonic","generic_stress",24.4465027890067,31.8558236235419,7.40932083453519,10,9,"shifted_gamma","generic_stress",0.848504080874845,5.54933494434226,0.02,0.82325787050391,0.290545219894877,0.364412467429477,0.133683749504839,FALSE,"none","no_evidence","core","not_applicable","not_applicable","none","not_applicable","not_applicable","not_applicable",,,"none","none",0.663332710858384,"eligible","pre_frozen_timestamp_evidence_contract_met","S0037",4,0.4,"holdout",9.7786011156027,12.7423294494168,2.96372833381407,0.339401632349938,0.008,0.329303148201564
"TPL_019","TPL_019_STATE_004","TPL_019_RUN_012","Tonic","stn_like_empirical",41.1646163823386,46.3956951664166,5.23107878407796,11,10,"shifted_gamma","stn_like_empirical",0.471824224581942,10.7559235556982,0.02,0.523107878407796,0.232206895333521,0.317331936032402,0.0963050049363773,FALSE,"none","no_evidence","boundary","not_applicable","not_applicable","none","not_applicable","not_applicable","not_applicable",,,"none","none",0.701274225169917,"eligible","pre_frozen_timestamp_evidence_contract_met","S0037",4,0.4,"holdout",16.4658465529355,18.5582780665666,2.09243151363118,0.188729689832777,0.008,0.209243151363118
"TPL_019","TPL_019_STATE_005","TPL_019_RUN_013","Broad_HFS","none",46.3956951664166,52.4510103734865,6.05531520706992,35,34,"shifted_gamma","regular",0.20487642724067,6.16224329872057,0.02,0.178097506090292,0.6015470586512,0.405552056311194,0.185547835530588,TRUE,"strong","not_applicable","not_applicable","core","v2.3_slow_overlap_direct_support_0.65B","none","clear_or_hard_cut","clear","clear",4.09304178901424,3.23242549083716,"none","none",,"not_applicable","not_applicable","S0037",4,0.4,"holdout",18.5582780665666,20.9804041493946,2.42212608282797,0.0819505708962679,0.008,0.0712390024361167
"TPL_019","TPL_019_STATE_001","TPL_019_RUN_002","Broad_HFS","none",6.76201479958493,12.8589508346911,6.09693603510613,20,19,"shifted_gamma","irregular",0.326920297071338,1.51630984211806,0.02,0.320891370268744,0.543070347003795,0.5853422721421,0.397820704242048,FALSE,"none","not_applicable","not_applicable","deep","v2.3_slow_overlap_direct_support_0.65B","none","ambiguous_or_edge","clear","ambiguous",3.39611407136755,1.21332313429076,"none","none",,"not_applicable","not_applicable","S0025",10,1,"holdout",6.76201479958493,12.8589508346911,6.09693603510613,0.326920297071338,0.02,0.320891370268744
"TPL_019","TPL_019_STATE_002","TPL_019_RUN_006","Broad_HFS","none",16.5422970836188,23.5770267639606,7.03472968034179,27,26,"shifted_gamma","intermediate",0.298852566508576,3.11924546039663,0.02,0.270566526166992,0.698906344249975,0.652707119052595,0.449908548148348,TRUE,"weak","not_applicable","not_applicable","boundary","v2.3_slow_overlap_direct_support_0.65B","none","clear_or_hard_cut","clear","clear",7.48174133240446,3.90040130816784,"none","none",,"not_applicable","not_applicable","S0025",10,1,"holdout",16.5422970836188,23.5770267639606,7.03472968034179,0.298852566508576,0.02,0.270566526166992
"TPL_019","TPL_019_STATE_003","TPL_019_RUN_008","Tonic","generic_stress",24.4465027890067,31.8558236235419,7.40932083453519,10,9,"shifted_gamma","generic_stress",0.848504080874845,5.54933494434226,0.02,0.82325787050391,0.290545219894877,0.364412467429477,0.133683749504839,FALSE,"none","no_evidence","core","not_applicable","not_applicable","none","not_applicable","not_applicable","not_applicable",,,"none","none",0.663332710858384,"eligible","pre_frozen_timestamp_evidence_contract_met","S0025",10,1,"holdout",24.4465027890067,31.8558236235419,7.40932083453519,0.848504080874845,0.02,0.82325787050391
"TPL_019","TPL_019_STATE_004","TPL_019_RUN_012","Tonic","stn_like_empirical",41.1646163823386,46.3956951664166,5.23107878407796,11,10,"shifted_gamma","stn_like_empirical",0.471824224581942,10.7559235556982,0.02,0.523107878407796,0.232206895333521,0.317331936032402,0.0963050049363773,FALSE,"none","no_evidence","boundary","not_applicable","not_applicable","none","not_applicable","not_applicable","not_applicable",,,"none","none",0.701274225169917,"eligible","pre_frozen_timestamp_evidence_contract_met","S0025",10,1,"holdout",41.1646163823386,46.3956951664166,5.23107878407796,0.471824224581942,0.02,0.523107878407796
"TPL_019","TPL_019_STATE_005","TPL_019_RUN_013","Broad_HFS","none",46.3956951664166,52.4510103734865,6.05531520706992,35,34,"shifted_gamma","regular",0.20487642724067,6.16224329872057,0.02,0.178097506090292,0.6015470586512,0.405552056311194,0.185547835530588,TRUE,"strong","not_applicable","not_applicable","core","v2.3_slow_overlap_direct_support_0.65B","none","clear_or_hard_cut","clear","clear",4.09304178901424,3.23242549083716,"none","none",,"not_applicable","not_applicable","S0025",10,1,"holdout",46.3956951664166,52.4510103734865,6.05531520706992,0.20487642724067,0.02,0.178097506090292
"TPL_020","TPL_020_STATE_001","TPL_020_RUN_007","Tonic","generic_stress",10.3750415356125,17.6781668718787,7.3031253362662,9,8,"shifted_gamma","generic_stress",0.660168065316975,5.99558868212625,0.02,0.912890667033275,0.241695131190212,0.363521825855771,0.118441837720968,FALSE,"none","no_evidence","boundary","not_applicable","not_applicable","none","not_applicable","not_applicable","not_applicable",,,"none","none",0.420463206275222,"no_evidence","short_state;outside_subtype_rate_band","S0021",1,0.1,"holdout",1.03750415356125,1.76781668718787,0.73031253362662,0.0660168065316975,0.002,0.0912890667033275
"TPL_020","TPL_020_STATE_002","TPL_020_RUN_009","Broad_HFS","none",24.1631665788474,30.8250900338616,6.66192345501424,23,22,"shifted_gamma","intermediate",0.344209262086079,3.27034853119403,0.02,0.302814702500647,0.534800374095836,0.441532406295045,0.198958488819008,FALSE,"none","not_applicable","not_applicable","deep","v2.3_slow_overlap_direct_support_0.65B","none","ambiguous_or_edge","clear","ambiguous",4.76661576850778,1.42819444047035,"none","none",,"not_applicable","not_applicable","S0021",1,0.1,"holdout",2.41631665788474,3.08250900338616,0.666192345501424,0.0344209262086079,0.002,0.0302814702500647
"TPL_020","TPL_020_STATE_003","TPL_020_RUN_012","Tonic","stn_like_empirical",38.3807551797377,41.8991411378475,3.5183859581098,10,9,"shifted_gamma","stn_like_empirical",0.438320490308106,12.4251236838754,0.02,0.390931773123311,0.264308092510374,0.287975035748728,0.0915152809720249,FALSE,"none","no_evidence","deep","not_applicable","not_applicable","none","not_applicable","not_applicable","not_applicable",,,"none","none",0.59651741339209,"ambiguous","short_state","S0021",1,0.1,"holdout",3.83807551797377,4.18991411378475,0.35183859581098,0.0438320490308106,0.002,0.0390931773123311
"TPL_020","TPL_020_STATE_004","TPL_020_RUN_015","Broad_HFS","none",47.5332016204769,52.6489302934466,5.11572867296974,29,28,"shifted_gamma","irregular",0.207803815612569,1.66197307419498,0.02,0.182704595463205,0.670848630180974,0.697972804818455,0.476767067857514,TRUE,"weak","not_applicable","not_applicable","core","v2.3_slow_overlap_direct_support_0.65B","TPL_020_REGIME_01","clear_or_hard_cut","clear","hard_cut_canonical_pause",2.72309939443425,1.25670616238358,"none","canonical_pause",,"not_applicable","not_applicable","S0021",1,0.1,"holdout",4.75332016204769,5.26489302934466,0.511572867296974,0.0207803815612569,0.002,0.0182704595463205
"TPL_020","TPL_020_STATE_005","TPL_020_RUN_017","Broad_HFS","none",56.3204236311225,64.4031889213139,8.08276529019138,33,32,"shifted_gamma","regular",0.283281956017017,7.53144948603585,0.02,0.25258641531848,0.55352279685929,0.410280408549802,0.200396434253147,TRUE,"moderate","not_applicable","not_applicable","boundary","v2.3_slow_overlap_direct_support_0.65B","TPL_020_REGIME_01","ambiguous_or_edge","hard_cut_canonical_pause","recording_edge_unobservable",0.795730959179281,,"canonical_pause","none",,"not_applicable","not_applicable","S0021",1,0.1,"holdout",5.63204236311225,6.44031889213139,0.808276529019138,0.0283281956017017,0.002,0.025258641531848
"TPL_020","TPL_020_STATE_001","TPL_020_RUN_007","Tonic","generic_stress",10.3750415356125,17.6781668718787,7.3031253362662,9,8,"shifted_gamma","generic_stress",0.660168065316975,5.99558868212625,0.02,0.912890667033275,0.241695131190212,0.363521825855771,0.118441837720968,FALSE,"none","no_evidence","boundary","not_applicable","not_applicable","none","not_applicable","not_applicable","not_applicable",,,"none","none",0.420463206275222,"no_evidence","short_state;outside_subtype_rate_band","S0020",4,0.4,"holdout",4.15001661424501,7.07126674875149,2.92125013450648,0.26406722612679,0.008,0.36515626681331
"TPL_020","TPL_020_STATE_002","TPL_020_RUN_009","Broad_HFS","none",24.1631665788474,30.8250900338616,6.66192345501424,23,22,"shifted_gamma","intermediate",0.344209262086079,3.27034853119403,0.02,0.302814702500647,0.534800374095836,0.441532406295045,0.198958488819008,FALSE,"none","not_applicable","not_applicable","deep","v2.3_slow_overlap_direct_support_0.65B","none","ambiguous_or_edge","clear","ambiguous",4.76661576850778,1.42819444047035,"none","none",,"not_applicable","not_applicable","S0020",4,0.4,"holdout",9.66526663153896,12.3300360135447,2.66476938200569,0.137683704834431,0.008,0.121125881000259
"TPL_020","TPL_020_STATE_003","TPL_020_RUN_012","Tonic","stn_like_empirical",38.3807551797377,41.8991411378475,3.5183859581098,10,9,"shifted_gamma","stn_like_empirical",0.438320490308106,12.4251236838754,0.02,0.390931773123311,0.264308092510374,0.287975035748728,0.0915152809720249,FALSE,"none","no_evidence","deep","not_applicable","not_applicable","none","not_applicable","not_applicable","not_applicable",,,"none","none",0.59651741339209,"ambiguous","short_state","S0020",4,0.4,"holdout",15.3523020718951,16.759656455139,1.40735438324392,0.175328196123242,0.008,0.156372709249324
"TPL_020","TPL_020_STATE_004","TPL_020_RUN_015","Broad_HFS","none",47.5332016204769,52.6489302934466,5.11572867296974,29,28,"shifted_gamma","irregular",0.207803815612569,1.66197307419498,0.02,0.182704595463205,0.670848630180974,0.697972804818455,0.476767067857514,TRUE,"weak","not_applicable","not_applicable","core","v2.3_slow_overlap_direct_support_0.65B","TPL_020_REGIME_01","clear_or_hard_cut","clear","hard_cut_canonical_pause",2.72309939443425,1.25670616238358,"none","canonical_pause",,"not_applicable","not_applicable","S0020",4,0.4,"holdout",19.0132806481908,21.0595721173786,2.0462914691879,0.0831215262450278,0.008,0.073081838185282
"TPL_020","TPL_020_STATE_005","TPL_020_RUN_017","Broad_HFS","none",56.3204236311225,64.4031889213139,8.08276529019138,33,32,"shifted_gamma","regular",0.283281956017017,7.53144948603585,0.02,0.25258641531848,0.55352279685929,0.410280408549802,0.200396434253147,TRUE,"moderate","not_applicable","not_applicable","boundary","v2.3_slow_overlap_direct_support_0.65B","TPL_020_REGIME_01","ambiguous_or_edge","hard_cut_canonical_pause","recording_edge_unobservable",0.795730959179281,,"canonical_pause","none",,"not_applicable","not_applicable","S0020",4,0.4,"holdout",22.528169452449,25.7612755685256,3.23310611607655,0.113312782406807,0.008,0.101034566127392
"TPL_020","TPL_020_STATE_001","TPL_020_RUN_007","Tonic","generic_stress",10.3750415356125,17.6781668718787,7.3031253362662,9,8,"shifted_gamma","generic_stress",0.660168065316975,5.99558868212625,0.02,0.912890667033275,0.241695131190212,0.363521825855771,0.118441837720968,FALSE,"none","no_evidence","boundary","not_applicable","not_applicable","none","not_applicable","not_applicable","not_applicable",,,"none","none",0.420463206275222,"no_evidence","short_state;outside_subtype_rate_band","S0003",10,1,"holdout",10.3750415356125,17.6781668718787,7.3031253362662,0.660168065316975,0.02,0.912890667033275
"TPL_020","TPL_020_STATE_002","TPL_020_RUN_009","Broad_HFS","none",24.1631665788474,30.8250900338616,6.66192345501424,23,22,"shifted_gamma","intermediate",0.344209262086079,3.27034853119403,0.02,0.302814702500647,0.534800374095836,0.441532406295045,0.198958488819008,FALSE,"none","not_applicable","not_applicable","deep","v2.3_slow_overlap_direct_support_0.65B","none","ambiguous_or_edge","clear","ambiguous",4.76661576850778,1.42819444047035,"none","none",,"not_applicable","not_applicable","S0003",10,1,"holdout",24.1631665788474,30.8250900338616,6.66192345501424,0.344209262086079,0.02,0.302814702500647
"TPL_020","TPL_020_STATE_003","TPL_020_RUN_012","Tonic","stn_like_empirical",38.3807551797377,41.8991411378475,3.5183859581098,10,9,"shifted_gamma","stn_like_empirical",0.438320490308106,12.4251236838754,0.02,0.390931773123311,0.264308092510374,0.287975035748728,0.0915152809720249,FALSE,"none","no_evidence","deep","not_applicable","not_applicable","none","not_applicable","not_applicable","not_applicable",,,"none","none",0.59651741339209,"ambiguous","short_state","S0003",10,1,"holdout",38.3807551797377,41.8991411378475,3.5183859581098,0.438320490308106,0.02,0.390931773123311
"TPL_020","TPL_020_STATE_004","TPL_020_RUN_015","Broad_HFS","none",47.5332016204769,52.6489302934466,5.11572867296974,29,28,"shifted_gamma","irregular",0.207803815612569,1.66197307419498,0.02,0.182704595463205,0.670848630180974,0.697972804818455,0.476767067857514,TRUE,"weak","not_applicable","not_applicable","core","v2.3_slow_overlap_direct_support_0.65B","TPL_020_REGIME_01","clear_or_hard_cut","clear","hard_cut_canonical_pause",2.72309939443425,1.25670616238358,"none","canonical_pause",,"not_applicable","not_applicable","S0003",10,1,"holdout",47.5332016204769,52.6489302934466,5.11572867296974,0.207803815612569,0.02,0.182704595463205
"TPL_020","TPL_020_STATE_005","TPL_020_RUN_017","Broad_HFS","none",56.3204236311225,64.4031889213139,8.08276529019138,33,32,"shifted_gamma","regular",0.283281956017017,7.53144948603585,0.02,0.25258641531848,0.55352279685929,0.410280408549802,0.200396434253147,TRUE,"moderate","not_applicable","not_applicable","boundary","v2.3_slow_overlap_direct_support_0.65B","TPL_020_REGIME_01","ambiguous_or_edge","hard_cut_canonical_pause","recording_edge_unobservable",0.795730959179281,,"canonical_pause","none",,"not_applicable","not_applicable","S0003",10,1,"holdout",56.3204236311225,64.4031889213139,8.08276529019138,0.283281956017017,0.02,0.25258641531848
