"Template_ID","Event_ID","Run_ID","State_Envelope_ID","Event_Label","Pause_Subtype","Event_Context","Latent_Pulse_ID","Latent_Start_u","Latent_End_u","Latent_Duration_u","Realized_Start_u","Realized_End_u","Realized_Duration_u","Realized_Left_Spike_Index","Realized_Right_Spike_Index","N_Realized_Spikes","N_Realized_ISIs","Rate_Multiplier","Target_Mean_ISI_Contrast","Pulse_Refractory_Limited","Latent_Window_Truncated","Pulse_Strength_Stratum","Frozen_Target_Spikes","Burst_Quota_ID","Is_Four_Spike_Boundary","Observed_Left_Context_ISIs","Observed_Right_Context_ISIs","Composite_HFS_Regime_ID","Boundary_Definition","Phenotype_Evidence_ID","Phenotype_Label","Phenotype_Evidence_Score","Phenotype_Evaluation_Eligibility","Sample_ID","Scale_Factor","B_s","Split","Latent_Start_s","Latent_End_s","Latent_Duration_s","Realized_Start_s","Realized_End_s","Realized_Duration_s"
"TPL_001","TPL_001_EVENT_001","TPL_001_RUN_002","none","Pause","canonical","canonical","none",,,,12.8257610398382,15.9670527160205,3.1412916761823,13,14,2,1,,,FALSE,FALSE,"none",,"none",FALSE,0,0,"none","observed_first_to_last_pause_boundary_spike","none","not_applicable",,"not_applicable","S0015",1,0.1,"development",,,,1.28257610398382,1.59670527160205,0.31412916761823
"TPL_001","TPL_001_EVENT_002","TPL_001_RUN_005","none","Pause","complex_multi_gap","complex_multi_gap","none",,,,23.418889242705,28.6735463044755,5.25465706177056,30,32,3,2,,,FALSE,FALSE,"none",,"none",FALSE,0,0,"none","observed_first_to_last_pause_boundary_spike","none","not_applicable",,"not_applicable","S0015",1,0.1,"development",,,,2.3418889242705,2.86735463044755,0.525465706177056
"TPL_001","TPL_001_EVENT_003","TPL_001_RUN_006","none","Burst","none","standalone_burst","TPL_001_PULSE_001",31.3033173917476,32.0471790575168,0.743861665769131,31.4356865764681,32.0471790575168,0.611492481048682,37,40,4,3,3.05285792155489,2.88903102949262,FALSE,TRUE,"weak",4,"BQ_001",TRUE,5,0,"none","first_to_last_pulse_exposed_spike","PHENO_0001","clear_burst_like",2.50534783694703,"eligible","S0015",1,0.1,"development",3.13033173917476,3.20471790575168,0.0743861665769131,3.14356865764681,3.20471790575168,0.0611492481048682
"TPL_001","TPL_001_EVENT_004","TPL_001_RUN_008","none","Burst","none","standalone_burst","TPL_001_PULSE_002",32.6704756078963,33.45350662078,0.783031012883704,32.6704756078963,33.3696291170062,0.69915350910992,41,46,6,5,4.23015429372413,3.74765297677368,FALSE,TRUE,"moderate",6,"BQ_002",FALSE,0,6,"none","first_to_last_pulse_exposed_spike","PHENO_0002","clear_burst_like",3.15974359012862,"eligible","S0015",1,0.1,"development",3.26704756078963,3.345350662078,0.0783031012883704,3.26704756078963,3.33696291170062,0.069915350910992
"TPL_001","TPL_001_EVENT_005","TPL_001_RUN_009","none","Burst","none","standalone_burst","TPL_001_PULSE_003",38.8313727362422,39.7313727362422,0.900000000000006,38.8540630535119,39.6641866719618,0.810123618449907,55,61,7,6,5.58352512585138,5.00231299572624,FALSE,FALSE,"strong",7,"BQ_003",FALSE,3,3,"none","first_to_last_pulse_exposed_spike","PHENO_0003","clear_burst_like",4.79114678549348,"eligible","S0015",1,0.1,"development",3.88313727362422,3.97313727362422,0.0900000000000006,3.88540630535119,3.96641866719618,0.0810123618449907
"TPL_001","TPL_001_EVENT_006","TPL_001_RUN_013","TPL_001_STATE_004","Burst","none","burst_in_hfs","TPL_001_PULSE_004",54.4841408414889,55.1944671912156,0.710326349726692,54.4900157145063,55.1080732309628,0.618057516456517,96,102,7,6,2.76803778011067,2.45703908726573,FALSE,FALSE,"weak",7,"BQ_061",FALSE,8,15,"none","first_to_last_pulse_exposed_spike","PHENO_0004","clear_burst_like",3.23990925123614,"eligible","S0015",1,0.1,"development",5.44841408414889,5.51944671912156,0.0710326349726692,5.44900157145063,5.51080732309628,0.0618057516456517
"TPL_001","TPL_001_EVENT_007","TPL_001_RUN_014","none","Pause","canonical","canonical","none",,,,59.0914650309211,62.628301259953,3.53683622903191,117,118,2,1,,,FALSE,FALSE,"none",,"none",FALSE,0,0,"TPL_001_REGIME_01","observed_first_to_last_pause_boundary_spike","none","not_applicable",,"not_applicable","S0015",1,0.1,"development",,,,5.90914650309211,6.2628301259953,0.353683622903191
"TPL_001","TPL_001_EVENT_008","TPL_001_RUN_015","TPL_001_STATE_005","Burst","none","burst_in_hfs","TPL_001_PULSE_005",67.1097068514965,67.9736432284639,0.863936376967402,67.160719408907,67.8917296950478,0.731010286140773,129,136,8,7,3.75150175740686,3.2499472538475,FALSE,FALSE,"moderate",8,"BQ_062",FALSE,11,16,"none","first_to_last_pulse_exposed_spike","PHENO_0005","clear_burst_like",4.12289342041,"eligible","S0015",1,0.1,"development",6.71097068514965,6.79736432284639,0.0863936376967402,6.7160719408907,6.78917296950478,0.0731010286140773
"TPL_001","TPL_001_EVENT_001","TPL_001_RUN_002","none","Pause","canonical","canonical","none",,,,12.8257610398382,15.9670527160205,3.1412916761823,13,14,2,1,,,FALSE,FALSE,"none",,"none",FALSE,0,0,"none","observed_first_to_last_pause_boundary_spike","none","not_applicable",,"not_applicable","S0056",4,0.4,"development",,,,5.13030441593528,6.3868210864082,1.25651667047292
"TPL_001","TPL_001_EVENT_002","TPL_001_RUN_005","none","Pause","complex_multi_gap","complex_multi_gap","none",,,,23.418889242705,28.6735463044755,5.25465706177056,30,32,3,2,,,FALSE,FALSE,"none",,"none",FALSE,0,0,"none","observed_first_to_last_pause_boundary_spike","none","not_applicable",,"not_applicable","S0056",4,0.4,"development",,,,9.36755569708199,11.4694185217902,2.10186282470822
"TPL_001","TPL_001_EVENT_003","TPL_001_RUN_006","none","Burst","none","standalone_burst","TPL_001_PULSE_001",31.3033173917476,32.0471790575168,0.743861665769131,31.4356865764681,32.0471790575168,0.611492481048682,37,40,4,3,3.05285792155489,2.88903102949262,FALSE,TRUE,"weak",4,"BQ_001",TRUE,5,0,"none","first_to_last_pulse_exposed_spike","PHENO_0001","clear_burst_like",2.50534783694703,"eligible","S0056",4,0.4,"development",12.5213269566991,12.8188716230067,0.297544666307653,12.5742746305872,12.8188716230067,0.244596992419473
"TPL_001","TPL_001_EVENT_004","TPL_001_RUN_008","none","Burst","none","standalone_burst","TPL_001_PULSE_002",32.6704756078963,33.45350662078,0.783031012883704,32.6704756078963,33.3696291170062,0.69915350910992,41,46,6,5,4.23015429372413,3.74765297677368,FALSE,TRUE,"moderate",6,"BQ_002",FALSE,0,6,"none","first_to_last_pulse_exposed_spike","PHENO_0002","clear_burst_like",3.15974359012862,"eligible","S0056",4,0.4,"development",13.0681902431585,13.381402648312,0.313212405153482,13.0681902431585,13.3478516468025,0.279661403643968
"TPL_001","TPL_001_EVENT_005","TPL_001_RUN_009","none","Burst","none","standalone_burst","TPL_001_PULSE_003",38.8313727362422,39.7313727362422,0.900000000000006,38.8540630535119,39.6641866719618,0.810123618449907,55,61,7,6,5.58352512585138,5.00231299572624,FALSE,FALSE,"strong",7,"BQ_003",FALSE,3,3,"none","first_to_last_pulse_exposed_spike","PHENO_0003","clear_burst_like",4.79114678549348,"eligible","S0056",4,0.4,"development",15.5325490944969,15.8925490944969,0.360000000000002,15.5416252214048,15.8656746687847,0.324049447379963
"TPL_001","TPL_001_EVENT_006","TPL_001_RUN_013","TPL_001_STATE_004","Burst","none","burst_in_hfs","TPL_001_PULSE_004",54.4841408414889,55.1944671912156,0.710326349726692,54.4900157145063,55.1080732309628,0.618057516456517,96,102,7,6,2.76803778011067,2.45703908726573,FALSE,FALSE,"weak",7,"BQ_061",FALSE,8,15,"none","first_to_last_pulse_exposed_spike","PHENO_0004","clear_burst_like",3.23990925123614,"eligible","S0056",4,0.4,"development",21.7936563365956,22.0777868764862,0.284130539890677,21.7960062858025,22.0432292923851,0.247223006582607
"TPL_001","TPL_001_EVENT_007","TPL_001_RUN_014","none","Pause","canonical","canonical","none",,,,59.0914650309211,62.628301259953,3.53683622903191,117,118,2,1,,,FALSE,FALSE,"none",,"none",FALSE,0,0,"TPL_001_REGIME_01","observed_first_to_last_pause_boundary_spike","none","not_applicable",,"not_applicable","S0056",4,0.4,"development",,,,23.6365860123684,25.0513205039812,1.41473449161276
"TPL_001","TPL_001_EVENT_008","TPL_001_RUN_015","TPL_001_STATE_005","Burst","none","burst_in_hfs","TPL_001_PULSE_005",67.1097068514965,67.9736432284639,0.863936376967402,67.160719408907,67.8917296950478,0.731010286140773,129,136,8,7,3.75150175740686,3.2499472538475,FALSE,FALSE,"moderate",8,"BQ_062",FALSE,11,16,"none","first_to_last_pulse_exposed_spike","PHENO_0005","clear_burst_like",4.12289342041,"eligible","S0056",4,0.4,"development",26.8438827405986,27.1894572913856,0.345574550786961,26.8642877635628,27.1566918780191,0.292404114456309
"TPL_001","TPL_001_EVENT_001","TPL_001_RUN_002","none","Pause","canonical","canonical","none",,,,12.8257610398382,15.9670527160205,3.1412916761823,13,14,2,1,,,FALSE,FALSE,"none",,"none",FALSE,0,0,"none","observed_first_to_last_pause_boundary_spike","none","not_applicable",,"not_applicable","S0007",10,1,"development",,,,12.8257610398382,15.9670527160205,3.1412916761823
"TPL_001","TPL_001_EVENT_002","TPL_001_RUN_005","none","Pause","complex_multi_gap","complex_multi_gap","none",,,,23.418889242705,28.6735463044755,5.25465706177056,30,32,3,2,,,FALSE,FALSE,"none",,"none",FALSE,0,0,"none","observed_first_to_last_pause_boundary_spike","none","not_applicable",,"not_applicable","S0007",10,1,"development",,,,23.418889242705,28.6735463044755,5.25465706177056
"TPL_001","TPL_001_EVENT_003","TPL_001_RUN_006","none","Burst","none","standalone_burst","TPL_001_PULSE_001",31.3033173917476,32.0471790575168,0.743861665769131,31.4356865764681,32.0471790575168,0.611492481048682,37,40,4,3,3.05285792155489,2.88903102949262,FALSE,TRUE,"weak",4,"BQ_001",TRUE,5,0,"none","first_to_last_pulse_exposed_spike","PHENO_0001","clear_burst_like",2.50534783694703,"eligible","S0007",10,1,"development",31.3033173917476,32.0471790575168,0.743861665769131,31.4356865764681,32.0471790575168,0.611492481048682
"TPL_001","TPL_001_EVENT_004","TPL_001_RUN_008","none","Burst","none","standalone_burst","TPL_001_PULSE_002",32.6704756078963,33.45350662078,0.783031012883704,32.6704756078963,33.3696291170062,0.69915350910992,41,46,6,5,4.23015429372413,3.74765297677368,FALSE,TRUE,"moderate",6,"BQ_002",FALSE,0,6,"none","first_to_last_pulse_exposed_spike","PHENO_0002","clear_burst_like",3.15974359012862,"eligible","S0007",10,1,"development",32.6704756078963,33.45350662078,0.783031012883704,32.6704756078963,33.3696291170062,0.69915350910992
"TPL_001","TPL_001_EVENT_005","TPL_001_RUN_009","none","Burst","none","standalone_burst","TPL_001_PULSE_003",38.8313727362422,39.7313727362422,0.900000000000006,38.8540630535119,39.6641866719618,0.810123618449907,55,61,7,6,5.58352512585138,5.00231299572624,FALSE,FALSE,"strong",7,"BQ_003",FALSE,3,3,"none","first_to_last_pulse_exposed_spike","PHENO_0003","clear_burst_like",4.79114678549348,"eligible","S0007",10,1,"development",38.8313727362422,39.7313727362422,0.900000000000006,38.8540630535119,39.6641866719618,0.810123618449907
"TPL_001","TPL_001_EVENT_006","TPL_001_RUN_013","TPL_001_STATE_004","Burst","none","burst_in_hfs","TPL_001_PULSE_004",54.4841408414889,55.1944671912156,0.710326349726692,54.4900157145063,55.1080732309628,0.618057516456517,96,102,7,6,2.76803778011067,2.45703908726573,FALSE,FALSE,"weak",7,"BQ_061",FALSE,8,15,"none","first_to_last_pulse_exposed_spike","PHENO_0004","clear_burst_like",3.23990925123614,"eligible","S0007",10,1,"development",54.4841408414889,55.1944671912156,0.710326349726692,54.4900157145063,55.1080732309628,0.618057516456517
"TPL_001","TPL_001_EVENT_007","TPL_001_RUN_014","none","Pause","canonical","canonical","none",,,,59.0914650309211,62.628301259953,3.53683622903191,117,118,2,1,,,FALSE,FALSE,"none",,"none",FALSE,0,0,"TPL_001_REGIME_01","observed_first_to_last_pause_boundary_spike","none","not_applicable",,"not_applicable","S0007",10,1,"development",,,,59.0914650309211,62.628301259953,3.53683622903191
"TPL_001","TPL_001_EVENT_008","TPL_001_RUN_015","TPL_001_STATE_005","Burst","none","burst_in_hfs","TPL_001_PULSE_005",67.1097068514965,67.9736432284639,0.863936376967402,67.160719408907,67.8917296950478,0.731010286140773,129,136,8,7,3.75150175740686,3.2499472538475,FALSE,FALSE,"moderate",8,"BQ_062",FALSE,11,16,"none","first_to_last_pulse_exposed_spike","PHENO_0005","clear_burst_like",4.12289342041,"eligible","S0007",10,1,"development",67.1097068514965,67.9736432284639,0.863936376967402,67.160719408907,67.8917296950478,0.731010286140773
"TPL_002","TPL_002_EVENT_001","TPL_002_RUN_002","none","Burst","none","standalone_burst","TPL_002_PULSE_001",13.3834943372197,14.2834943372197,0.9,13.4857451056625,14.1767972691845,0.691052163522004,40,44,5,4,3.12650950882047,2.92428292613477,FALSE,FALSE,"weak",5,"BQ_004",FALSE,8,5,"none","first_to_last_pulse_exposed_spike","PHENO_0006","clear_burst_like",2.46989386650869,"eligible","S0030",1,0.1,"development",1.33834943372197,1.42834943372197,0.09,1.34857451056625,1.41767972691845,0.0691052163522004
"TPL_002","TPL_002_EVENT_002","TPL_002_RUN_004","TPL_002_STATE_002","Burst","none","burst_in_hfs","TPL_002_PULSE_002",19.834318699412,20.3284938264669,0.494175127054945,19.8597725891105,20.3048842182746,0.445111629164099,59,67,9,8,5.95402737383056,4.18995228921995,FALSE,FALSE,"strong",9,"BQ_064",FALSE,9,16,"none","first_to_last_pulse_exposed_spike","PHENO_0007","clear_burst_like",4.24410503695754,"eligible","S0030",1,0.1,"development",1.9834318699412,2.03284938264669,0.0494175127054945,1.98597725891105,2.03048842182746,0.0445111629164099
"TPL_002","TPL_002_EVENT_003","TPL_002_RUN_006","TPL_002_STATE_003","Burst","none","burst_in_hfs","TPL_002_PULSE_003",29.818592538757,30.356923765341,0.538331226584081,29.8793359893199,30.2298814668297,0.350545477509794,92,95,4,3,2.69418630867327,2.48357351273298,FALSE,FALSE,"weak",4,"BQ_063",TRUE,7,23,"none","first_to_last_pulse_exposed_spike","PHENO_0008","clear_burst_like",2.94060572894772,"eligible","S0030",1,0.1,"development",2.9818592538757,3.0356923765341,0.0538331226584081,2.98793359893199,3.02298814668297,0.0350545477509794
"TPL_002","TPL_002_EVENT_004","TPL_002_RUN_010","none","Burst","none","standalone_burst","TPL_002_PULSE_004",51.0841183834397,51.9804948037409,0.896376420301166,51.2165886370228,51.9804948037409,0.763906166718037,139,145,7,6,4.43279534147167,3.98704726994038,FALSE,TRUE,"moderate",7,"BQ_005",FALSE,6,0,"none","first_to_last_pulse_exposed_spike","PHENO_0009","clear_burst_like",3.02881539433559,"eligible","S0030",1,0.1,"development",5.10841183834397,5.19804948037409,0.0896376420301166,5.12165886370228,5.19804948037409,0.0763906166718037
"TPL_002","TPL_002_EVENT_005","TPL_002_RUN_012","none","Burst","none","standalone_burst","TPL_002_PULSE_005",52.6053321355872,53.4360774321352,0.830745296548002,52.6053321355872,53.4214972455881,0.816165110000888,146,153,8,7,5.53301824967422,4.71560554555617,FALSE,TRUE,"strong",8,"BQ_006",FALSE,0,4,"none","first_to_last_pulse_exposed_spike","PHENO_0010","clear_burst_like",4.73640604270683,"eligible","S0030",1,0.1,"development",5.26053321355872,5.34360774321352,0.0830745296548002,5.26053321355872,5.34214972455881,0.0816165110000888
"TPL_002","TPL_002_EVENT_006","TPL_002_RUN_014","none","Pause","canonical","canonical","none",,,,56.0505425838668,60.2724390516903,4.22189646782353,158,159,2,1,,,FALSE,FALSE,"none",,"none",FALSE,0,0,"none","observed_first_to_last_pause_boundary_spike","none","not_applicable",,"not_applicable","S0030",1,0.1,"development",,,,5.60505425838668,6.02724390516903,0.422189646782353
"TPL_002","TPL_002_EVENT_007","TPL_002_RUN_017","none","Pause","canonical","canonical","none",,,,66.9755699529193,70.1331185742627,3.15754862134345,173,174,2,1,,,FALSE,FALSE,"none",,"none",FALSE,0,0,"none","observed_first_to_last_pause_boundary_spike","none","not_applicable",,"not_applicable","S0030",1,0.1,"development",,,,6.69755699529193,7.01331185742627,0.315754862134345
"TPL_002","TPL_002_EVENT_001","TPL_002_RUN_002","none","Burst","none","standalone_burst","TPL_002_PULSE_001",13.3834943372197,14.2834943372197,0.9,13.4857451056625,14.1767972691845,0.691052163522004,40,44,5,4,3.12650950882047,2.92428292613477,FALSE,FALSE,"weak",5,"BQ_004",FALSE,8,5,"none","first_to_last_pulse_exposed_spike","PHENO_0006","clear_burst_like",2.46989386650869,"eligible","S0006",4,0.4,"development",5.3533977348879,5.7133977348879,0.36,5.39429804226499,5.67071890767379,0.276420865408802
"TPL_002","TPL_002_EVENT_002","TPL_002_RUN_004","TPL_002_STATE_002","Burst","none","burst_in_hfs","TPL_002_PULSE_002",19.834318699412,20.3284938264669,0.494175127054945,19.8597725891105,20.3048842182746,0.445111629164099,59,67,9,8,5.95402737383056,4.18995228921995,FALSE,FALSE,"strong",9,"BQ_064",FALSE,9,16,"none","first_to_last_pulse_exposed_spike","PHENO_0007","clear_burst_like",4.24410503695754,"eligible","S0006",4,0.4,"development",7.9337274797648,8.13139753058678,0.197670050821978,7.9439090356442,8.12195368730984,0.17804465166564
"TPL_002","TPL_002_EVENT_003","TPL_002_RUN_006","TPL_002_STATE_003","Burst","none","burst_in_hfs","TPL_002_PULSE_003",29.818592538757,30.356923765341,0.538331226584081,29.8793359893199,30.2298814668297,0.350545477509794,92,95,4,3,2.69418630867327,2.48357351273298,FALSE,FALSE,"weak",4,"BQ_063",TRUE,7,23,"none","first_to_last_pulse_exposed_spike","PHENO_0008","clear_burst_like",2.94060572894772,"eligible","S0006",4,0.4,"development",11.9274370155028,12.1427695061364,0.215332490633632,11.951734395728,12.0919525867319,0.140218191003918
"TPL_002","TPL_002_EVENT_004","TPL_002_RUN_010","none","Burst","none","standalone_burst","TPL_002_PULSE_004",51.0841183834397,51.9804948037409,0.896376420301166,51.2165886370228,51.9804948037409,0.763906166718037,139,145,7,6,4.43279534147167,3.98704726994038,FALSE,TRUE,"moderate",7,"BQ_005",FALSE,6,0,"none","first_to_last_pulse_exposed_spike","PHENO_0009","clear_burst_like",3.02881539433559,"eligible","S0006",4,0.4,"development",20.4336473533759,20.7921979214963,0.358550568120467,20.4866354548091,20.7921979214963,0.305562466687215
"TPL_002","TPL_002_EVENT_005","TPL_002_RUN_012","none","Burst","none","standalone_burst","TPL_002_PULSE_005",52.6053321355872,53.4360774321352,0.830745296548002,52.6053321355872,53.4214972455881,0.816165110000888,146,153,8,7,5.53301824967422,4.71560554555617,FALSE,TRUE,"strong",8,"BQ_006",FALSE,0,4,"none","first_to_last_pulse_exposed_spike","PHENO_0010","clear_burst_like",4.73640604270683,"eligible","S0006",4,0.4,"development",21.0421328542349,21.3744309728541,0.332298118619201,21.0421328542349,21.3685988982352,0.326466044000355
"TPL_002","TPL_002_EVENT_006","TPL_002_RUN_014","none","Pause","canonical","canonical","none",,,,56.0505425838668,60.2724390516903,4.22189646782353,158,159,2,1,,,FALSE,FALSE,"none",,"none",FALSE,0,0,"none","observed_first_to_last_pause_boundary_spike","none","not_applicable",,"not_applicable","S0006",4,0.4,"development",,,,22.4202170335467,24.1089756206761,1.68875858712941
"TPL_002","TPL_002_EVENT_007","TPL_002_RUN_017","none","Pause","canonical","canonical","none",,,,66.9755699529193,70.1331185742627,3.15754862134345,173,174,2,1,,,FALSE,FALSE,"none",,"none",FALSE,0,0,"none","observed_first_to_last_pause_boundary_spike","none","not_applicable",,"not_applicable","S0006",4,0.4,"development",,,,26.7902279811677,28.0532474297051,1.26301944853738
"TPL_002","TPL_002_EVENT_001","TPL_002_RUN_002","none","Burst","none","standalone_burst","TPL_002_PULSE_001",13.3834943372197,14.2834943372197,0.9,13.4857451056625,14.1767972691845,0.691052163522004,40,44,5,4,3.12650950882047,2.92428292613477,FALSE,FALSE,"weak",5,"BQ_004",FALSE,8,5,"none","first_to_last_pulse_exposed_spike","PHENO_0006","clear_burst_like",2.46989386650869,"eligible","S0044",10,1,"development",13.3834943372197,14.2834943372197,0.9,13.4857451056625,14.1767972691845,0.691052163522004
"TPL_002","TPL_002_EVENT_002","TPL_002_RUN_004","TPL_002_STATE_002","Burst","none","burst_in_hfs","TPL_002_PULSE_002",19.834318699412,20.3284938264669,0.494175127054945,19.8597725891105,20.3048842182746,0.445111629164099,59,67,9,8,5.95402737383056,4.18995228921995,FALSE,FALSE,"strong",9,"BQ_064",FALSE,9,16,"none","first_to_last_pulse_exposed_spike","PHENO_0007","clear_burst_like",4.24410503695754,"eligible","S0044",10,1,"development",19.834318699412,20.3284938264669,0.494175127054945,19.8597725891105,20.3048842182746,0.445111629164099
"TPL_002","TPL_002_EVENT_003","TPL_002_RUN_006","TPL_002_STATE_003","Burst","none","burst_in_hfs","TPL_002_PULSE_003",29.818592538757,30.356923765341,0.538331226584081,29.8793359893199,30.2298814668297,0.350545477509794,92,95,4,3,2.69418630867327,2.48357351273298,FALSE,FALSE,"weak",4,"BQ_063",TRUE,7,23,"none","first_to_last_pulse_exposed_spike","PHENO_0008","clear_burst_like",2.94060572894772,"eligible","S0044",10,1,"development",29.818592538757,30.356923765341,0.538331226584081,29.8793359893199,30.2298814668297,0.350545477509794
"TPL_002","TPL_002_EVENT_004","TPL_002_RUN_010","none","Burst","none","standalone_burst","TPL_002_PULSE_004",51.0841183834397,51.9804948037409,0.896376420301166,51.2165886370228,51.9804948037409,0.763906166718037,139,145,7,6,4.43279534147167,3.98704726994038,FALSE,TRUE,"moderate",7,"BQ_005",FALSE,6,0,"none","first_to_last_pulse_exposed_spike","PHENO_0009","clear_burst_like",3.02881539433559,"eligible","S0044",10,1,"development",51.0841183834397,51.9804948037409,0.896376420301166,51.2165886370228,51.9804948037409,0.763906166718037
"TPL_002","TPL_002_EVENT_005","TPL_002_RUN_012","none","Burst","none","standalone_burst","TPL_002_PULSE_005",52.6053321355872,53.4360774321352,0.830745296548002,52.6053321355872,53.4214972455881,0.816165110000888,146,153,8,7,5.53301824967422,4.71560554555617,FALSE,TRUE,"strong",8,"BQ_006",FALSE,0,4,"none","first_to_last_pulse_exposed_spike","PHENO_0010","clear_burst_like",4.73640604270683,"eligible","S0044",10,1,"development",52.6053321355872,53.4360774321352,0.830745296548002,52.6053321355872,53.4214972455881,0.816165110000888
"TPL_002","TPL_002_EVENT_006","TPL_002_RUN_014","none","Pause","canonical","canonical","none",,,,56.0505425838668,60.2724390516903,4.22189646782353,158,159,2,1,,,FALSE,FALSE,"none",,"none",FALSE,0,0,"none","observed_first_to_last_pause_boundary_spike","none","not_applicable",,"not_applicable","S0044",10,1,"development",,,,56.0505425838668,60.2724390516903,4.22189646782353
"TPL_002","TPL_002_EVENT_007","TPL_002_RUN_017","none","Pause","canonical","canonical","none",,,,66.9755699529193,70.1331185742627,3.15754862134345,173,174,2,1,,,FALSE,FALSE,"none",,"none",FALSE,0,0,"none","observed_first_to_last_pause_boundary_spike","none","not_applicable",,"not_applicable","S0044",10,1,"development",,,,66.9755699529193,70.1331185742627,3.15754862134345
"TPL_003","TPL_003_EVENT_001","TPL_003_RUN_001","TPL_003_STATE_001","Burst","none","burst_in_hfs","TPL_003_PULSE_001",3.28659671688418,3.52792982861967,0.241333111735493,3.32782595521548,3.48641015853187,0.158584203316394,16,19,4,3,5.10706644759219,3.93286679382436,FALSE,FALSE,"moderate",4,"BQ_065",TRUE,15,11,"none","first_to_last_pulse_exposed_spike","PHENO_0011","clear_burst_like",2.32567129037235,"eligible","S0058",1,0.1,"development",0.328659671688418,0.352792982861967,0.0241333111735493,0.332782595521548,0.348641015853187,0.0158584203316394
"TPL_003","TPL_003_EVENT_002","TPL_003_RUN_002","none","Pause","canonical","canonical","none",,,,6.94657580329266,11.1081357124557,4.16155990916304,30,31,2,1,,,FALSE,FALSE,"none",,"none",FALSE,0,0,"TPL_003_REGIME_01","observed_first_to_last_pause_boundary_spike","none","not_applicable",,"not_applicable","S0058",1,0.1,"development",,,,0.694657580329266,1.11081357124557,0.416155990916304
"TPL_003","TPL_003_EVENT_003","TPL_003_RUN_003","TPL_003_STATE_002","Burst","none","burst_in_hfs","TPL_003_PULSE_002",14.8327241295011,15.2701621544581,0.437438024957027,14.8469659551213,15.2199422399339,0.372976284812513,40,44,5,4,5.22543595150082,4.37931964697782,FALSE,FALSE,"strong",5,"BQ_066",FALSE,9,15,"none","first_to_last_pulse_exposed_spike","PHENO_0012","clear_burst_like",3.34181769553594,"eligible","S0058",1,0.1,"development",1.48327241295011,1.52701621544581,0.0437438024957027,1.48469659551213,1.52199422399339,0.0372976284812513
"TPL_003","TPL_003_EVENT_004","TPL_003_RUN_005","none","Burst","none","standalone_burst","TPL_003_PULSE_003",25.8423489953667,26.740273832582,0.897924837215342,25.8891126778028,26.740273832582,0.851161154779234,67,75,9,8,6.02458810342658,5.05530832556542,FALSE,TRUE,"strong",9,"BQ_009",FALSE,6,0,"none","first_to_last_pulse_exposed_spike","PHENO_0013","clear_burst_like",3.66697353611861,"eligible","S0058",1,0.1,"development",2.58423489953667,2.6740273832582,0.0897924837215342,2.58891126778028,2.6740273832582,0.0851161154779234
"TPL_003","TPL_003_EVENT_005","TPL_003_RUN_007","none","Burst","none","standalone_burst","TPL_003_PULSE_004",27.3552488342377,28.2367381619262,0.881489327688499,27.3552488342377,28.1481677894287,0.792918955190995,76,81,6,5,2.62892330233319,2.49414611514658,FALSE,TRUE,"weak",6,"BQ_007",FALSE,0,6,"none","first_to_last_pulse_exposed_spike","PHENO_0014","clear_burst_like",3.17677923465347,"eligible","S0058",1,0.1,"development",2.73552488342377,2.82367381619262,0.0881489327688499,2.73552488342377,2.81481677894287,0.0792918955190995
"TPL_003","TPL_003_EVENT_006","TPL_003_RUN_009","none","Pause","canonical","canonical","none",,,,36.5507865861703,39.4159699994318,2.86518341326155,100,101,2,1,,,FALSE,FALSE,"none",,"none",FALSE,0,0,"none","observed_first_to_last_pause_boundary_spike","none","not_applicable",,"not_applicable","S0058",1,0.1,"development",,,,3.65507865861703,3.94159699994318,0.286518341326155
"TPL_003","TPL_003_EVENT_007","TPL_003_RUN_011","none","Burst","none","standalone_burst","TPL_003_PULSE_005",42.7605286575223,43.6605286575223,0.900000000000006,42.8293436692223,43.6097409219434,0.780397252721045,107,114,8,7,3.75447423890182,3.43109659431502,FALSE,FALSE,"moderate",8,"BQ_008",FALSE,4,5,"none","first_to_last_pulse_exposed_spike","PHENO_0015","clear_burst_like",5.57267466278839,"eligible","S0058",1,0.1,"development",4.27605286575223,4.36605286575223,0.0900000000000006,4.28293436692223,4.36097409219434,0.0780397252721045
"TPL_003","TPL_003_EVENT_008","TPL_003_RUN_015","none","Pause","complex_multi_gap","complex_multi_gap","none",,,,61.8381688220783,67.2476680411383,5.40949921905994,160,162,3,2,,,FALSE,FALSE,"none",,"none",FALSE,0,0,"none","observed_first_to_last_pause_boundary_spike","none","not_applicable",,"not_applicable","S0058",1,0.1,"development",,,,6.18381688220783,6.72476680411383,0.540949921905994
"TPL_003","TPL_003_EVENT_001","TPL_003_RUN_001","TPL_003_STATE_001","Burst","none","burst_in_hfs","TPL_003_PULSE_001",3.28659671688418,3.52792982861967,0.241333111735493,3.32782595521548,3.48641015853187,0.158584203316394,16,19,4,3,5.10706644759219,3.93286679382436,FALSE,FALSE,"moderate",4,"BQ_065",TRUE,15,11,"none","first_to_last_pulse_exposed_spike","PHENO_0011","clear_burst_like",2.32567129037235,"eligible","S0049",4,0.4,"development",1.31463868675367,1.41117193144787,0.0965332446941972,1.33113038208619,1.39456406341275,0.0634336813265575
"TPL_003","TPL_003_EVENT_002","TPL_003_RUN_002","none","Pause","canonical","canonical","none",,,,6.94657580329266,11.1081357124557,4.16155990916304,30,31,2,1,,,FALSE,FALSE,"none",,"none",FALSE,0,0,"TPL_003_REGIME_01","observed_first_to_last_pause_boundary_spike","none","not_applicable",,"not_applicable","S0049",4,0.4,"development",,,,2.77863032131707,4.44325428498228,1.66462396366522
"TPL_003","TPL_003_EVENT_003","TPL_003_RUN_003","TPL_003_STATE_002","Burst","none","burst_in_hfs","TPL_003_PULSE_002",14.8327241295011,15.2701621544581,0.437438024957027,14.8469659551213,15.2199422399339,0.372976284812513,40,44,5,4,5.22543595150082,4.37931964697782,FALSE,FALSE,"strong",5,"BQ_066",FALSE,9,15,"none","first_to_last_pulse_exposed_spike","PHENO_0012","clear_burst_like",3.34181769553594,"eligible","S0049",4,0.4,"development",5.93308965180044,6.10806486178325,0.174975209982811,5.93878638204854,6.08797689597354,0.149190513925005
"TPL_003","TPL_003_EVENT_004","TPL_003_RUN_005","none","Burst","none","standalone_burst","TPL_003_PULSE_003",25.8423489953667,26.740273832582,0.897924837215342,25.8891126778028,26.740273832582,0.851161154779234,67,75,9,8,6.02458810342658,5.05530832556542,FALSE,TRUE,"strong",9,"BQ_009",FALSE,6,0,"none","first_to_last_pulse_exposed_spike","PHENO_0013","clear_burst_like",3.66697353611861,"eligible","S0049",4,0.4,"development",10.3369395981467,10.6961095330328,0.359169934886137,10.3556450711211,10.6961095330328,0.340464461911694
"TPL_003","TPL_003_EVENT_005","TPL_003_RUN_007","none","Burst","none","standalone_burst","TPL_003_PULSE_004",27.3552488342377,28.2367381619262,0.881489327688499,27.3552488342377,28.1481677894287,0.792918955190995,76,81,6,5,2.62892330233319,2.49414611514658,FALSE,TRUE,"weak",6,"BQ_007",FALSE,0,6,"none","first_to_last_pulse_exposed_spike","PHENO_0014","clear_burst_like",3.17677923465347,"eligible","S0049",4,0.4,"development",10.9420995336951,11.2946952647705,0.3525957310754,10.9420995336951,11.2592671157715,0.317167582076398
"TPL_003","TPL_003_EVENT_006","TPL_003_RUN_009","none","Pause","canonical","canonical","none",,,,36.5507865861703,39.4159699994318,2.86518341326155,100,101,2,1,,,FALSE,FALSE,"none",,"none",FALSE,0,0,"none","observed_first_to_last_pause_boundary_spike","none","not_applicable",,"not_applicable","S0049",4,0.4,"development",,,,14.6203146344681,15.7663879997727,1.14607336530462
"TPL_003","TPL_003_EVENT_007","TPL_003_RUN_011","none","Burst","none","standalone_burst","TPL_003_PULSE_005",42.7605286575223,43.6605286575223,0.900000000000006,42.8293436692223,43.6097409219434,0.780397252721045,107,114,8,7,3.75447423890182,3.43109659431502,FALSE,FALSE,"moderate",8,"BQ_008",FALSE,4,5,"none","first_to_last_pulse_exposed_spike","PHENO_0015","clear_burst_like",5.57267466278839,"eligible","S0049",4,0.4,"development",17.1042114630089,17.4642114630089,0.360000000000002,17.1317374676889,17.4438963687773,0.312158901088418
"TPL_003","TPL_003_EVENT_008","TPL_003_RUN_015","none","Pause","complex_multi_gap","complex_multi_gap","none",,,,61.8381688220783,67.2476680411383,5.40949921905994,160,162,3,2,,,FALSE,FALSE,"none",,"none",FALSE,0,0,"none","observed_first_to_last_pause_boundary_spike","none","not_applicable",,"not_applicable","S0049",4,0.4,"development",,,,24.7352675288313,26.8990672164553,2.16379968762398
"TPL_003","TPL_003_EVENT_001","TPL_003_RUN_001","TPL_003_STATE_001","Burst","none","burst_in_hfs","TPL_003_PULSE_001",3.28659671688418,3.52792982861967,0.241333111735493,3.32782595521548,3.48641015853187,0.158584203316394,16,19,4,3,5.10706644759219,3.93286679382436,FALSE,FALSE,"moderate",4,"BQ_065",TRUE,15,11,"none","first_to_last_pulse_exposed_spike","PHENO_0011","clear_burst_like",2.32567129037235,"eligible","S0040",10,1,"development",3.28659671688418,3.52792982861967,0.241333111735493,3.32782595521548,3.48641015853187,0.158584203316394
"TPL_003","TPL_003_EVENT_002","TPL_003_RUN_002","none","Pause","canonical","canonical","none",,,,6.94657580329266,11.1081357124557,4.16155990916304,30,31,2,1,,,FALSE,FALSE,"none",,"none",FALSE,0,0,"TPL_003_REGIME_01","observed_first_to_last_pause_boundary_spike","none","not_applicable",,"not_applicable","S0040",10,1,"development",,,,6.94657580329266,11.1081357124557,4.16155990916304
"TPL_003","TPL_003_EVENT_003","TPL_003_RUN_003","TPL_003_STATE_002","Burst","none","burst_in_hfs","TPL_003_PULSE_002",14.8327241295011,15.2701621544581,0.437438024957027,14.8469659551213,15.2199422399339,0.372976284812513,40,44,5,4,5.22543595150082,4.37931964697782,FALSE,FALSE,"strong",5,"BQ_066",FALSE,9,15,"none","first_to_last_pulse_exposed_spike","PHENO_0012","clear_burst_like",3.34181769553594,"eligible","S0040",10,1,"development",14.8327241295011,15.2701621544581,0.437438024957027,14.8469659551213,15.2199422399339,0.372976284812513
"TPL_003","TPL_003_EVENT_004","TPL_003_RUN_005","none","Burst","none","standalone_burst","TPL_003_PULSE_003",25.8423489953667,26.740273832582,0.897924837215342,25.8891126778028,26.740273832582,0.851161154779234,67,75,9,8,6.02458810342658,5.05530832556542,FALSE,TRUE,"strong",9,"BQ_009",FALSE,6,0,"none","first_to_last_pulse_exposed_spike","PHENO_0013","clear_burst_like",3.66697353611861,"eligible","S0040",10,1,"development",25.8423489953667,26.740273832582,0.897924837215342,25.8891126778028,26.740273832582,0.851161154779234
"TPL_003","TPL_003_EVENT_005","TPL_003_RUN_007","none","Burst","none","standalone_burst","TPL_003_PULSE_004",27.3552488342377,28.2367381619262,0.881489327688499,27.3552488342377,28.1481677894287,0.792918955190995,76,81,6,5,2.62892330233319,2.49414611514658,FALSE,TRUE,"weak",6,"BQ_007",FALSE,0,6,"none","first_to_last_pulse_exposed_spike","PHENO_0014","clear_burst_like",3.17677923465347,"eligible","S0040",10,1,"development",27.3552488342377,28.2367381619262,0.881489327688499,27.3552488342377,28.1481677894287,0.792918955190995
"TPL_003","TPL_003_EVENT_006","TPL_003_RUN_009","none","Pause","canonical","canonical","none",,,,36.5507865861703,39.4159699994318,2.86518341326155,100,101,2,1,,,FALSE,FALSE,"none",,"none",FALSE,0,0,"none","observed_first_to_last_pause_boundary_spike","none","not_applicable",,"not_applicable","S0040",10,1,"development",,,,36.5507865861703,39.4159699994318,2.86518341326155
"TPL_003","TPL_003_EVENT_007","TPL_003_RUN_011","none","Burst","none","standalone_burst","TPL_003_PULSE_005",42.7605286575223,43.6605286575223,0.900000000000006,42.8293436692223,43.6097409219434,0.780397252721045,107,114,8,7,3.75447423890182,3.43109659431502,FALSE,FALSE,"moderate",8,"BQ_008",FALSE,4,5,"none","first_to_last_pulse_exposed_spike","PHENO_0015","clear_burst_like",5.57267466278839,"eligible","S0040",10,1,"development",42.7605286575223,43.6605286575223,0.900000000000006,42.8293436692223,43.6097409219434,0.780397252721045
"TPL_003","TPL_003_EVENT_008","TPL_003_RUN_015","none","Pause","complex_multi_gap","complex_multi_gap","none",,,,61.8381688220783,67.2476680411383,5.40949921905994,160,162,3,2,,,FALSE,FALSE,"none",,"none",FALSE,0,0,"none","observed_first_to_last_pause_boundary_spike","none","not_applicable",,"not_applicable","S0040",10,1,"development",,,,61.8381688220783,67.2476680411383,5.40949921905994
"TPL_004","TPL_004_EVENT_001","TPL_004_RUN_002","none","Burst","none","standalone_burst","TPL_004_PULSE_001",10.1518990883636,10.8215976396355,0.669698551271964,10.3329083234382,10.8175352791057,0.484626955667505,26,29,4,3,5.57134790606227,4.97276946471538,FALSE,FALSE,"strong",4,"BQ_012",TRUE,4,3,"none","first_to_last_pulse_exposed_spike","PHENO_0016","clear_burst_like",3.26059761771992,"eligible","S0011",1,0.1,"development",1.01518990883636,1.08215976396355,0.0669698551271964,1.03329083234382,1.08175352791057,0.0484626955667505
"TPL_004","TPL_004_EVENT_002","TPL_004_RUN_003","TPL_004_STATE_002","Burst","none","burst_in_hfs","TPL_004_PULSE_002",16.9315743052858,17.8315743052858,0.899999999999999,16.9438154196507,17.7996727637816,0.855857344130914,42,49,8,7,2.50961394577032,2.31544879171997,FALSE,FALSE,"weak",8,"BQ_068",FALSE,10,13,"none","first_to_last_pulse_exposed_spike","PHENO_0017","clear_burst_like",3.38289460249632,"eligible","S0011",1,0.1,"development",1.69315743052858,1.78315743052858,0.0899999999999999,1.69438154196507,1.77996727637816,0.0855857344130914
"TPL_004","TPL_004_EVENT_003","TPL_004_RUN_006","TPL_004_STATE_003","Burst","none","burst_in_hfs","TPL_004_PULSE_003",25.7821345593912,26.5152041201054,0.733069560714188,25.8124549480423,26.4468102965579,0.634355348515616,74,82,9,8,3.75886705582876,3.03451021015644,FALSE,FALSE,"moderate",9,"BQ_067",FALSE,9,16,"none","first_to_last_pulse_exposed_spike","PHENO_0018","clear_burst_like",2.79274883044976,"eligible","S0011",1,0.1,"development",2.57821345593912,2.65152041201054,0.0733069560714188,2.58124549480423,2.64468102965579,0.0634355348515616
"TPL_004","TPL_004_EVENT_004","TPL_004_RUN_007","none","Burst","none","standalone_burst","TPL_004_PULSE_004",33.2887690927231,34.1567887628129,0.868019670089751,33.3657694147567,34.1567887628129,0.791019348056153,103,109,7,6,2.850151843477,2.66218503937125,FALSE,TRUE,"weak",7,"BQ_010",FALSE,5,0,"none","first_to_last_pulse_exposed_spike","PHENO_0019","clear_burst_like",3.33709558499918,"eligible","S0011",1,0.1,"development",3.32887690927231,3.41567887628129,0.0868019670089751,3.33657694147567,3.41567887628129,0.0791019348056153
"TPL_004","TPL_004_EVENT_005","TPL_004_RUN_009","none","Burst","none","standalone_burst","TPL_004_PULSE_005",34.6843432653093,35.5652810709354,0.880937805626104,34.6843432653093,35.5041674814939,0.819824216184536,110,118,9,8,4.45973937694367,3.92454853467643,FALSE,TRUE,"moderate",9,"BQ_011",FALSE,0,7,"none","first_to_last_pulse_exposed_spike","PHENO_0020","clear_burst_like",4.52353063719555,"eligible","S0011",1,0.1,"development",3.46843432653093,3.55652810709354,0.0880937805626104,3.46843432653093,3.55041674814939,0.0819824216184536
"TPL_004","TPL_004_EVENT_006","TPL_004_RUN_012","none","Pause","canonical","canonical","none",,,,46.6489883476452,50.7408192590859,4.09183091144077,140,141,2,1,,,FALSE,FALSE,"none",,"none",FALSE,0,0,"none","observed_first_to_last_pause_boundary_spike","none","not_applicable",,"not_applicable","S0011",1,0.1,"development",,,,4.66489883476452,5.0740819259086,0.409183091144077
"TPL_004","TPL_004_EVENT_007","TPL_004_RUN_015","none","Pause","canonical","canonical","none",,,,62.0180498014404,66.0965873439531,4.07853754251264,154,155,2,1,,,FALSE,FALSE,"none",,"none",FALSE,0,0,"none","observed_first_to_last_pause_boundary_spike","none","not_applicable",,"not_applicable","S0011",1,0.1,"development",,,,6.20180498014404,6.60965873439531,0.407853754251264
"TPL_004","TPL_004_EVENT_001","TPL_004_RUN_002","none","Burst","none","standalone_burst","TPL_004_PULSE_001",10.1518990883636,10.8215976396355,0.669698551271964,10.3329083234382,10.8175352791057,0.484626955667505,26,29,4,3,5.57134790606227,4.97276946471538,FALSE,FALSE,"strong",4,"BQ_012",TRUE,4,3,"none","first_to_last_pulse_exposed_spike","PHENO_0016","clear_burst_like",3.26059761771992,"eligible","S0014",4,0.4,"development",4.06075963534543,4.32863905585422,0.267879420508785,4.1331633293753,4.3270141116423,0.193850782267002
"TPL_004","TPL_004_EVENT_002","TPL_004_RUN_003","TPL_004_STATE_002","Burst","none","burst_in_hfs","TPL_004_PULSE_002",16.9315743052858,17.8315743052858,0.899999999999999,16.9438154196507,17.7996727637816,0.855857344130914,42,49,8,7,2.50961394577032,2.31544879171997,FALSE,FALSE,"weak",8,"BQ_068",FALSE,10,13,"none","first_to_last_pulse_exposed_spike","PHENO_0017","clear_burst_like",3.38289460249632,"eligible","S0014",4,0.4,"development",6.77262972211431,7.13262972211431,0.359999999999999,6.77752616786027,7.11986910551264,0.342342937652366
"TPL_004","TPL_004_EVENT_003","TPL_004_RUN_006","TPL_004_STATE_003","Burst","none","burst_in_hfs","TPL_004_PULSE_003",25.7821345593912,26.5152041201054,0.733069560714188,25.8124549480423,26.4468102965579,0.634355348515616,74,82,9,8,3.75886705582876,3.03451021015644,FALSE,FALSE,"moderate",9,"BQ_067",FALSE,9,16,"none","first_to_last_pulse_exposed_spike","PHENO_0018","clear_burst_like",2.79274883044976,"eligible","S0014",4,0.4,"development",10.3128538237565,10.6060816480421,0.293227824285675,10.3249819792169,10.5787241186232,0.253742139406246
"TPL_004","TPL_004_EVENT_004","TPL_004_RUN_007","none","Burst","none","standalone_burst","TPL_004_PULSE_004",33.2887690927231,34.1567887628129,0.868019670089751,33.3657694147567,34.1567887628129,0.791019348056153,103,109,7,6,2.850151843477,2.66218503937125,FALSE,TRUE,"weak",7,"BQ_010",FALSE,5,0,"none","first_to_last_pulse_exposed_spike","PHENO_0019","clear_burst_like",3.33709558499918,"eligible","S0014",4,0.4,"development",13.3155076370893,13.6627155051252,0.3472078680359,13.3463077659027,13.6627155051252,0.316407739222461
"TPL_004","TPL_004_EVENT_005","TPL_004_RUN_009","none","Burst","none","standalone_burst","TPL_004_PULSE_005",34.6843432653093,35.5652810709354,0.880937805626104,34.6843432653093,35.5041674814939,0.819824216184536,110,118,9,8,4.45973937694367,3.92454853467643,FALSE,TRUE,"moderate",9,"BQ_011",FALSE,0,7,"none","first_to_last_pulse_exposed_spike","PHENO_0020","clear_burst_like",4.52353063719555,"eligible","S0014",4,0.4,"development",13.8737373061237,14.2261124283742,0.352375122250442,13.8737373061237,14.2016669925975,0.327929686473814
"TPL_004","TPL_004_EVENT_006","TPL_004_RUN_012","none","Pause","canonical","canonical","none",,,,46.6489883476452,50.7408192590859,4.09183091144077,140,141,2,1,,,FALSE,FALSE,"none",,"none",FALSE,0,0,"none","observed_first_to_last_pause_boundary_spike","none","not_applicable",,"not_applicable","S0014",4,0.4,"development",,,,18.6595953390581,20.2963277036344,1.63673236457631
"TPL_004","TPL_004_EVENT_007","TPL_004_RUN_015","none","Pause","canonical","canonical","none",,,,62.0180498014404,66.0965873439531,4.07853754251264,154,155,2,1,,,FALSE,FALSE,"none",,"none",FALSE,0,0,"none","observed_first_to_last_pause_boundary_spike","none","not_applicable",,"not_applicable","S0014",4,0.4,"development",,,,24.8072199205762,26.4386349375812,1.63141501700506
"TPL_004","TPL_004_EVENT_001","TPL_004_RUN_002","none","Burst","none","standalone_burst","TPL_004_PULSE_001",10.1518990883636,10.8215976396355,0.669698551271964,10.3329083234382,10.8175352791057,0.484626955667505,26,29,4,3,5.57134790606227,4.97276946471538,FALSE,FALSE,"strong",4,"BQ_012",TRUE,4,3,"none","first_to_last_pulse_exposed_spike","PHENO_0016","clear_burst_like",3.26059761771992,"eligible","S0055",10,1,"development",10.1518990883636,10.8215976396355,0.669698551271964,10.3329083234382,10.8175352791057,0.484626955667505
"TPL_004","TPL_004_EVENT_002","TPL_004_RUN_003","TPL_004_STATE_002","Burst","none","burst_in_hfs","TPL_004_PULSE_002",16.9315743052858,17.8315743052858,0.899999999999999,16.9438154196507,17.7996727637816,0.855857344130914,42,49,8,7,2.50961394577032,2.31544879171997,FALSE,FALSE,"weak",8,"BQ_068",FALSE,10,13,"none","first_to_last_pulse_exposed_spike","PHENO_0017","clear_burst_like",3.38289460249632,"eligible","S0055",10,1,"development",16.9315743052858,17.8315743052858,0.899999999999999,16.9438154196507,17.7996727637816,0.855857344130914
"TPL_004","TPL_004_EVENT_003","TPL_004_RUN_006","TPL_004_STATE_003","Burst","none","burst_in_hfs","TPL_004_PULSE_003",25.7821345593912,26.5152041201054,0.733069560714188,25.8124549480423,26.4468102965579,0.634355348515616,74,82,9,8,3.75886705582876,3.03451021015644,FALSE,FALSE,"moderate",9,"BQ_067",FALSE,9,16,"none","first_to_last_pulse_exposed_spike","PHENO_0018","clear_burst_like",2.79274883044976,"eligible","S0055",10,1,"development",25.7821345593912,26.5152041201054,0.733069560714188,25.8124549480423,26.4468102965579,0.634355348515616
"TPL_004","TPL_004_EVENT_004","TPL_004_RUN_007","none","Burst","none","standalone_burst","TPL_004_PULSE_004",33.2887690927231,34.1567887628129,0.868019670089751,33.3657694147567,34.1567887628129,0.791019348056153,103,109,7,6,2.850151843477,2.66218503937125,FALSE,TRUE,"weak",7,"BQ_010",FALSE,5,0,"none","first_to_last_pulse_exposed_spike","PHENO_0019","clear_burst_like",3.33709558499918,"eligible","S0055",10,1,"development",33.2887690927231,34.1567887628129,0.868019670089751,33.3657694147567,34.1567887628129,0.791019348056153
"TPL_004","TPL_004_EVENT_005","TPL_004_RUN_009","none","Burst","none","standalone_burst","TPL_004_PULSE_005",34.6843432653093,35.5652810709354,0.880937805626104,34.6843432653093,35.5041674814939,0.819824216184536,110,118,9,8,4.45973937694367,3.92454853467643,FALSE,TRUE,"moderate",9,"BQ_011",FALSE,0,7,"none","first_to_last_pulse_exposed_spike","PHENO_0020","clear_burst_like",4.52353063719555,"eligible","S0055",10,1,"development",34.6843432653093,35.5652810709354,0.880937805626104,34.6843432653093,35.5041674814939,0.819824216184536
"TPL_004","TPL_004_EVENT_006","TPL_004_RUN_012","none","Pause","canonical","canonical","none",,,,46.6489883476452,50.7408192590859,4.09183091144077,140,141,2,1,,,FALSE,FALSE,"none",,"none",FALSE,0,0,"none","observed_first_to_last_pause_boundary_spike","none","not_applicable",,"not_applicable","S0055",10,1,"development",,,,46.6489883476452,50.7408192590859,4.09183091144077
"TPL_004","TPL_004_EVENT_007","TPL_004_RUN_015","none","Pause","canonical","canonical","none",,,,62.0180498014404,66.0965873439531,4.07853754251264,154,155,2,1,,,FALSE,FALSE,"none",,"none",FALSE,0,0,"none","observed_first_to_last_pause_boundary_spike","none","not_applicable",,"not_applicable","S0055",10,1,"development",,,,62.0180498014404,66.0965873439531,4.07853754251264
"TPL_005","TPL_005_EVENT_001","TPL_005_RUN_002","TPL_005_STATE_001","Burst","none","burst_in_hfs","TPL_005_PULSE_001",5.50557033452194,5.99584535904374,0.490275024521802,5.57410156265868,5.99483747802317,0.420735915364497,15,19,5,4,4.72359312970359,3.94662274373695,FALSE,FALSE,"moderate",5,"BQ_070",FALSE,13,14,"none","first_to_last_pulse_exposed_spike","PHENO_0021","clear_burst_like",2.84636636914539,"eligible","S0028",1,0.1,"development",0.550557033452194,0.599584535904374,0.0490275024521802,0.557410156265868,0.599483747802317,0.0420735915364497
"TPL_005","TPL_005_EVENT_002","TPL_005_RUN_004","none","Pause","canonical","canonical","none",,,,12.7846630904686,16.5909856902764,3.80632259980776,35,36,2,1,,,FALSE,FALSE,"none",,"none",FALSE,0,0,"none","observed_first_to_last_pause_boundary_spike","none","not_applicable",,"not_applicable","S0028",1,0.1,"development",,,,1.27846630904686,1.65909856902764,0.380632259980776
"TPL_005","TPL_005_EVENT_003","TPL_005_RUN_008","TPL_005_STATE_003","Burst","none","burst_in_hfs","TPL_005_PULSE_002",29.7195530607113,30.112518402361,0.392965341649735,29.7588044585466,29.9977675671335,0.23896310858688,65,68,4,3,6.07161752820964,4.86865448602475,FALSE,FALSE,"strong",4,"BQ_069",TRUE,9,17,"none","first_to_last_pulse_exposed_spike","PHENO_0022","clear_burst_like",3.30448638012202,"eligible","S0028",1,0.1,"development",2.97195530607113,3.0112518402361,0.0392965341649735,2.97588044585466,2.99977675671335,0.023896310858688
"TPL_005","TPL_005_EVENT_004","TPL_005_RUN_011","none","Pause","canonical","canonical","none",,,,45.975114445808,48.8278969198937,2.85278247408569,103,104,2,1,,,FALSE,FALSE,"none",,"none",FALSE,0,0,"none","observed_first_to_last_pause_boundary_spike","none","not_applicable",,"not_applicable","S0028",1,0.1,"development",,,,4.5975114445808,4.88278969198937,0.285278247408569
"TPL_005","TPL_005_EVENT_005","TPL_005_RUN_012","none","Burst","none","standalone_burst","TPL_005_PULSE_003",51.2519317016477,52.1519317016477,0.899999999999999,51.5807184288191,52.0506061578819,0.469887729062826,109,116,8,7,3.02165967781522,2.83811633959413,FALSE,FALSE,"weak",8,"BQ_013",FALSE,5,5,"none","first_to_last_pulse_exposed_spike","PHENO_0023","clear_burst_like",4.75991306828209,"eligible","S0028",1,0.1,"development",5.12519317016477,5.21519317016477,0.0899999999999999,5.15807184288191,5.20506061578819,0.0469887729062826
"TPL_005","TPL_005_EVENT_006","TPL_005_RUN_014","none","Burst","none","standalone_burst","TPL_005_PULSE_004",60.7115369847806,61.483233324128,0.771696339347365,60.9074744425964,61.483233324128,0.57575888153157,147,151,5,4,4.18472767672285,3.80455390829593,FALSE,TRUE,"moderate",5,"BQ_014",FALSE,7,0,"none","first_to_last_pulse_exposed_spike","PHENO_0024","clear_burst_like",2.84705690134024,"eligible","S0028",1,0.1,"development",6.07115369847806,6.1483233324128,0.0771696339347365,6.09074744425964,6.1483233324128,0.057575888153157
"TPL_005","TPL_005_EVENT_007","TPL_005_RUN_016","none","Burst","none","standalone_burst","TPL_005_PULSE_005",62.0178884262343,62.6889391920488,0.671050765814442,62.0178884262343,62.6038763268003,0.585987900565932,152,156,5,4,6.07110252091072,5.39731012401171,FALSE,TRUE,"strong",5,"BQ_015",FALSE,0,3,"none","first_to_last_pulse_exposed_spike","PHENO_0025","clear_burst_like",2.86177435254079,"eligible","S0028",1,0.1,"development",6.20178884262343,6.26889391920488,0.0671050765814442,6.20178884262343,6.26038763268003,0.0585987900565932
"TPL_005","TPL_005_EVENT_001","TPL_005_RUN_002","TPL_005_STATE_001","Burst","none","burst_in_hfs","TPL_005_PULSE_001",5.50557033452194,5.99584535904374,0.490275024521802,5.57410156265868,5.99483747802317,0.420735915364497,15,19,5,4,4.72359312970359,3.94662274373695,FALSE,FALSE,"moderate",5,"BQ_070",FALSE,13,14,"none","first_to_last_pulse_exposed_spike","PHENO_0021","clear_burst_like",2.84636636914539,"eligible","S0052",4,0.4,"development",2.20222813380877,2.3983381436175,0.196110009808721,2.22964062506347,2.39793499120927,0.168294366145799
"TPL_005","TPL_005_EVENT_002","TPL_005_RUN_004","none","Pause","canonical","canonical","none",,,,12.7846630904686,16.5909856902764,3.80632259980776,35,36,2,1,,,FALSE,FALSE,"none",,"none",FALSE,0,0,"none","observed_first_to_last_pause_boundary_spike","none","not_applicable",,"not_applicable","S0052",4,0.4,"development",,,,5.11386523618746,6.63639427611056,1.5225290399231
"TPL_005","TPL_005_EVENT_003","TPL_005_RUN_008","TPL_005_STATE_003","Burst","none","burst_in_hfs","TPL_005_PULSE_002",29.7195530607113,30.112518402361,0.392965341649735,29.7588044585466,29.9977675671335,0.23896310858688,65,68,4,3,6.07161752820964,4.86865448602475,FALSE,FALSE,"strong",4,"BQ_069",TRUE,9,17,"none","first_to_last_pulse_exposed_spike","PHENO_0022","clear_burst_like",3.30448638012202,"eligible","S0052",4,0.4,"development",11.8878212242845,12.0450073609444,0.157186136659894,11.9035217834186,11.9991070268534,0.095585243434752
"TPL_005","TPL_005_EVENT_004","TPL_005_RUN_011","none","Pause","canonical","canonical","none",,,,45.975114445808,48.8278969198937,2.85278247408569,103,104,2,1,,,FALSE,FALSE,"none",,"none",FALSE,0,0,"none","observed_first_to_last_pause_boundary_spike","none","not_applicable",,"not_applicable","S0052",4,0.4,"development",,,,18.3900457783232,19.5311587679575,1.14111298963427
"TPL_005","TPL_005_EVENT_005","TPL_005_RUN_012","none","Burst","none","standalone_burst","TPL_005_PULSE_003",51.2519317016477,52.1519317016477,0.899999999999999,51.5807184288191,52.0506061578819,0.469887729062826,109,116,8,7,3.02165967781522,2.83811633959413,FALSE,FALSE,"weak",8,"BQ_013",FALSE,5,5,"none","first_to_last_pulse_exposed_spike","PHENO_0023","clear_burst_like",4.75991306828209,"eligible","S0052",4,0.4,"development",20.5007726806591,20.8607726806591,0.359999999999999,20.6322873715276,20.8202424631528,0.18795509162513
"TPL_005","TPL_005_EVENT_006","TPL_005_RUN_014","none","Burst","none","standalone_burst","TPL_005_PULSE_004",60.7115369847806,61.483233324128,0.771696339347365,60.9074744425964,61.483233324128,0.57575888153157,147,151,5,4,4.18472767672285,3.80455390829593,FALSE,TRUE,"moderate",5,"BQ_014",FALSE,7,0,"none","first_to_last_pulse_exposed_spike","PHENO_0024","clear_burst_like",2.84705690134024,"eligible","S0052",4,0.4,"development",24.2846147939122,24.5932933296512,0.308678535738946,24.3629897770386,24.5932933296512,0.230303552612628
"TPL_005","TPL_005_EVENT_007","TPL_005_RUN_016","none","Burst","none","standalone_burst","TPL_005_PULSE_005",62.0178884262343,62.6889391920488,0.671050765814442,62.0178884262343,62.6038763268003,0.585987900565932,152,156,5,4,6.07110252091072,5.39731012401171,FALSE,TRUE,"strong",5,"BQ_015",FALSE,0,3,"none","first_to_last_pulse_exposed_spike","PHENO_0025","clear_burst_like",2.86177435254079,"eligible","S0052",4,0.4,"development",24.8071553704937,25.0755756768195,0.268420306325777,24.8071553704937,25.0415505307201,0.234395160226373
"TPL_005","TPL_005_EVENT_001","TPL_005_RUN_002","TPL_005_STATE_001","Burst","none","burst_in_hfs","TPL_005_PULSE_001",5.50557033452194,5.99584535904374,0.490275024521802,5.57410156265868,5.99483747802317,0.420735915364497,15,19,5,4,4.72359312970359,3.94662274373695,FALSE,FALSE,"moderate",5,"BQ_070",FALSE,13,14,"none","first_to_last_pulse_exposed_spike","PHENO_0021","clear_burst_like",2.84636636914539,"eligible","S0009",10,1,"development",5.50557033452194,5.99584535904374,0.490275024521802,5.57410156265868,5.99483747802317,0.420735915364497
"TPL_005","TPL_005_EVENT_002","TPL_005_RUN_004","none","Pause","canonical","canonical","none",,,,12.7846630904686,16.5909856902764,3.80632259980776,35,36,2,1,,,FALSE,FALSE,"none",,"none",FALSE,0,0,"none","observed_first_to_last_pause_boundary_spike","none","not_applicable",,"not_applicable","S0009",10,1,"development",,,,12.7846630904686,16.5909856902764,3.80632259980776
"TPL_005","TPL_005_EVENT_003","TPL_005_RUN_008","TPL_005_STATE_003","Burst","none","burst_in_hfs","TPL_005_PULSE_002",29.7195530607113,30.112518402361,0.392965341649735,29.7588044585466,29.9977675671335,0.23896310858688,65,68,4,3,6.07161752820964,4.86865448602475,FALSE,FALSE,"strong",4,"BQ_069",TRUE,9,17,"none","first_to_last_pulse_exposed_spike","PHENO_0022","clear_burst_like",3.30448638012202,"eligible","S0009",10,1,"development",29.7195530607113,30.112518402361,0.392965341649735,29.7588044585466,29.9977675671335,0.23896310858688
"TPL_005","TPL_005_EVENT_004","TPL_005_RUN_011","none","Pause","canonical","canonical","none",,,,45.975114445808,48.8278969198937,2.85278247408569,103,104,2,1,,,FALSE,FALSE,"none",,"none",FALSE,0,0,"none","observed_first_to_last_pause_boundary_spike","none","not_applicable",,"not_applicable","S0009",10,1,"development",,,,45.975114445808,48.8278969198937,2.85278247408569
"TPL_005","TPL_005_EVENT_005","TPL_005_RUN_012","none","Burst","none","standalone_burst","TPL_005_PULSE_003",51.2519317016477,52.1519317016477,0.899999999999999,51.5807184288191,52.0506061578819,0.469887729062826,109,116,8,7,3.02165967781522,2.83811633959413,FALSE,FALSE,"weak",8,"BQ_013",FALSE,5,5,"none","first_to_last_pulse_exposed_spike","PHENO_0023","clear_burst_like",4.75991306828209,"eligible","S0009",10,1,"development",51.2519317016477,52.1519317016477,0.899999999999999,51.5807184288191,52.0506061578819,0.469887729062826
"TPL_005","TPL_005_EVENT_006","TPL_005_RUN_014","none","Burst","none","standalone_burst","TPL_005_PULSE_004",60.7115369847806,61.483233324128,0.771696339347365,60.9074744425964,61.483233324128,0.57575888153157,147,151,5,4,4.18472767672285,3.80455390829593,FALSE,TRUE,"moderate",5,"BQ_014",FALSE,7,0,"none","first_to_last_pulse_exposed_spike","PHENO_0024","clear_burst_like",2.84705690134024,"eligible","S0009",10,1,"development",60.7115369847806,61.483233324128,0.771696339347365,60.9074744425964,61.483233324128,0.57575888153157
"TPL_005","TPL_005_EVENT_007","TPL_005_RUN_016","none","Burst","none","standalone_burst","TPL_005_PULSE_005",62.0178884262343,62.6889391920488,0.671050765814442,62.0178884262343,62.6038763268003,0.585987900565932,152,156,5,4,6.07110252091072,5.39731012401171,FALSE,TRUE,"strong",5,"BQ_015",FALSE,0,3,"none","first_to_last_pulse_exposed_spike","PHENO_0025","clear_burst_like",2.86177435254079,"eligible","S0009",10,1,"development",62.0178884262343,62.6889391920488,0.671050765814442,62.0178884262343,62.6038763268003,0.585987900565932
"TPL_006","TPL_006_EVENT_001","TPL_006_RUN_002","none","Pause","complex_multi_gap","complex_multi_gap","none",,,,5.5580321586223,10.8665090276392,5.30847686901689,13,16,4,3,,,FALSE,FALSE,"none",,"none",FALSE,0,0,"none","observed_first_to_last_pause_boundary_spike","none","not_applicable",,"not_applicable","S0045",1,0.1,"holdout",,,,0.55580321586223,1.08665090276392,0.530847686901689
"TPL_006","TPL_006_EVENT_002","TPL_006_RUN_005","none","Pause","canonical","canonical","none",,,,23.2825333217824,28.1958532098415,4.91331988805905,35,36,2,1,,,FALSE,FALSE,"none",,"none",FALSE,0,0,"none","observed_first_to_last_pause_boundary_spike","none","not_applicable",,"not_applicable","S0045",1,0.1,"holdout",,,,2.32825333217824,2.81958532098415,0.491331988805905
"TPL_006","TPL_006_EVENT_003","TPL_006_RUN_009","none","Burst","none","standalone_burst","TPL_006_PULSE_001",40.0566935315736,40.8391986534188,0.782505121845176,40.3176854797519,40.728263203376,0.410577723624144,74,77,4,3,3.94173840517584,3.62770071066916,FALSE,FALSE,"moderate",4,"BQ_017",TRUE,4,7,"none","first_to_last_pulse_exposed_spike","PHENO_0026","clear_burst_like",3.06000216077464,"eligible","S0045",1,0.1,"holdout",4.00566935315736,4.08391986534188,0.0782505121845176,4.03176854797519,4.0728263203376,0.0410577723624144
"TPL_006","TPL_006_EVENT_004","TPL_006_RUN_010","none","Burst","none","standalone_burst","TPL_006_PULSE_002",47.0586346584439,47.7751620021166,0.716527343672702,47.1373803481184,47.7751620021166,0.637781653998275,90,95,6,5,5.75879072490171,5.02150268270634,FALSE,TRUE,"strong",6,"BQ_018",FALSE,6,0,"none","first_to_last_pulse_exposed_spike","PHENO_0027","clear_burst_like",3.36049918889478,"eligible","S0045",1,0.1,"holdout",4.70586346584439,4.77751620021166,0.0716527343672702,4.71373803481184,4.77751620021166,0.0637781653998275
"TPL_006","TPL_006_EVENT_005","TPL_006_RUN_012","none","Burst","none","standalone_burst","TPL_006_PULSE_003",48.2836406859553,49.1807970753547,0.897156389399449,48.2836406859553,49.0945391372763,0.810898451321094,96,104,9,8,2.78198156804863,2.60012543592602,FALSE,TRUE,"weak",9,"BQ_016",FALSE,0,5,"none","first_to_last_pulse_exposed_spike","PHENO_0028","clear_burst_like",5.60867459629407,"eligible","S0045",1,0.1,"holdout",4.82836406859553,4.91807970753547,0.0897156389399449,4.82836406859553,4.90945391372763,0.0810898451321094
"TPL_006","TPL_006_EVENT_006","TPL_006_RUN_013","TPL_006_STATE_004","Burst","none","burst_in_hfs","TPL_006_PULSE_004",53.8475819399144,54.6037103230418,0.756128383127432,53.8839268701596,54.5948576776636,0.710930807504049,118,126,9,8,3.53099963486102,2.95774052087218,FALSE,FALSE,"weak",9,"BQ_071",FALSE,9,15,"none","first_to_last_pulse_exposed_spike","PHENO_0029","clear_burst_like",3.69294601835927,"eligible","S0045",1,0.1,"holdout",5.38475819399144,5.46037103230418,0.0756128383127432,5.38839268701596,5.45948576776636,0.0710930807504049
"TPL_006","TPL_006_EVENT_007","TPL_006_RUN_014","none","Pause","canonical","canonical","none",,,,58.0647093863361,61.0622565723624,2.99754718602635,141,142,2,1,,,FALSE,FALSE,"none",,"none",FALSE,0,0,"TPL_006_REGIME_01","observed_first_to_last_pause_boundary_spike","none","not_applicable",,"not_applicable","S0045",1,0.1,"holdout",,,,5.80647093863361,6.10622565723624,0.299754718602635
"TPL_006","TPL_006_EVENT_008","TPL_006_RUN_015","TPL_006_STATE_005","Burst","none","burst_in_hfs","TPL_006_PULSE_005",66.7287294965354,67.3406578349767,0.611928338441331,66.7372628779402,67.3206071714209,0.583344293480664,156,161,6,5,5.07731191672932,4.23515867057722,FALSE,FALSE,"strong",6,"BQ_072",FALSE,14,13,"none","first_to_last_pulse_exposed_spike","PHENO_0030","clear_burst_like",3.27764964232117,"eligible","S0045",1,0.1,"holdout",6.67287294965354,6.73406578349767,0.0611928338441331,6.67372628779402,6.73206071714209,0.0583344293480664
"TPL_006","TPL_006_EVENT_001","TPL_006_RUN_002","none","Pause","complex_multi_gap","complex_multi_gap","none",,,,5.5580321586223,10.8665090276392,5.30847686901689,13,16,4,3,,,FALSE,FALSE,"none",,"none",FALSE,0,0,"none","observed_first_to_last_pause_boundary_spike","none","not_applicable",,"not_applicable","S0035",4,0.4,"holdout",,,,2.22321286344892,4.34660361105567,2.12339074760675
"TPL_006","TPL_006_EVENT_002","TPL_006_RUN_005","none","Pause","canonical","canonical","none",,,,23.2825333217824,28.1958532098415,4.91331988805905,35,36,2,1,,,FALSE,FALSE,"none",,"none",FALSE,0,0,"none","observed_first_to_last_pause_boundary_spike","none","not_applicable",,"not_applicable","S0035",4,0.4,"holdout",,,,9.31301332871297,11.2783412839366,1.96532795522362
"TPL_006","TPL_006_EVENT_003","TPL_006_RUN_009","none","Burst","none","standalone_burst","TPL_006_PULSE_001",40.0566935315736,40.8391986534188,0.782505121845176,40.3176854797519,40.728263203376,0.410577723624144,74,77,4,3,3.94173840517584,3.62770071066916,FALSE,FALSE,"moderate",4,"BQ_017",TRUE,4,7,"none","first_to_last_pulse_exposed_spike","PHENO_0026","clear_burst_like",3.06000216077464,"eligible","S0035",4,0.4,"holdout",16.0226774126294,16.3356794613675,0.31300204873807,16.1270741919007,16.2913052813504,0.164231089449657
"TPL_006","TPL_006_EVENT_004","TPL_006_RUN_010","none","Burst","none","standalone_burst","TPL_006_PULSE_002",47.0586346584439,47.7751620021166,0.716527343672702,47.1373803481184,47.7751620021166,0.637781653998275,90,95,6,5,5.75879072490171,5.02150268270634,FALSE,TRUE,"strong",6,"BQ_018",FALSE,6,0,"none","first_to_last_pulse_exposed_spike","PHENO_0027","clear_burst_like",3.36049918889478,"eligible","S0035",4,0.4,"holdout",18.8234538633776,19.1100648008467,0.286610937469081,18.8549521392473,19.1100648008467,0.25511266159931
"TPL_006","TPL_006_EVENT_005","TPL_006_RUN_012","none","Burst","none","standalone_burst","TPL_006_PULSE_003",48.2836406859553,49.1807970753547,0.897156389399449,48.2836406859553,49.0945391372763,0.810898451321094,96,104,9,8,2.78198156804863,2.60012543592602,FALSE,TRUE,"weak",9,"BQ_016",FALSE,0,5,"none","first_to_last_pulse_exposed_spike","PHENO_0028","clear_burst_like",5.60867459629407,"eligible","S0035",4,0.4,"holdout",19.3134562743821,19.6723188301419,0.358862555759779,19.3134562743821,19.6378156549105,0.324359380528438
"TPL_006","TPL_006_EVENT_006","TPL_006_RUN_013","TPL_006_STATE_004","Burst","none","burst_in_hfs","TPL_006_PULSE_004",53.8475819399144,54.6037103230418,0.756128383127432,53.8839268701596,54.5948576776636,0.710930807504049,118,126,9,8,3.53099963486102,2.95774052087218,FALSE,FALSE,"weak",9,"BQ_071",FALSE,9,15,"none","first_to_last_pulse_exposed_spike","PHENO_0029","clear_burst_like",3.69294601835927,"eligible","S0035",4,0.4,"holdout",21.5390327759658,21.8414841292167,0.302451353250973,21.5535707480638,21.8379430710654,0.28437232300162
"TPL_006","TPL_006_EVENT_007","TPL_006_RUN_014","none","Pause","canonical","canonical","none",,,,58.0647093863361,61.0622565723624,2.99754718602635,141,142,2,1,,,FALSE,FALSE,"none",,"none",FALSE,0,0,"TPL_006_REGIME_01","observed_first_to_last_pause_boundary_spike","none","not_applicable",,"not_applicable","S0035",4,0.4,"holdout",,,,23.2258837545344,24.424902628945,1.19901887441054
"TPL_006","TPL_006_EVENT_008","TPL_006_RUN_015","TPL_006_STATE_005","Burst","none","burst_in_hfs","TPL_006_PULSE_005",66.7287294965354,67.3406578349767,0.611928338441331,66.7372628779402,67.3206071714209,0.583344293480664,156,161,6,5,5.07731191672932,4.23515867057722,FALSE,FALSE,"strong",6,"BQ_072",FALSE,14,13,"none","first_to_last_pulse_exposed_spike","PHENO_0030","clear_burst_like",3.27764964232117,"eligible","S0035",4,0.4,"holdout",26.6914917986142,26.9362631339907,0.244771335376532,26.6949051511761,26.9282428685684,0.233337717392266
"TPL_006","TPL_006_EVENT_001","TPL_006_RUN_002","none","Pause","complex_multi_gap","complex_multi_gap","none",,,,5.5580321586223,10.8665090276392,5.30847686901689,13,16,4,3,,,FALSE,FALSE,"none",,"none",FALSE,0,0,"none","observed_first_to_last_pause_boundary_spike","none","not_applicable",,"not_applicable","S0004",10,1,"holdout",,,,5.5580321586223,10.8665090276392,5.30847686901689
"TPL_006","TPL_006_EVENT_002","TPL_006_RUN_005","none","Pause","canonical","canonical","none",,,,23.2825333217824,28.1958532098415,4.91331988805905,35,36,2,1,,,FALSE,FALSE,"none",,"none",FALSE,0,0,"none","observed_first_to_last_pause_boundary_spike","none","not_applicable",,"not_applicable","S0004",10,1,"holdout",,,,23.2825333217824,28.1958532098415,4.91331988805905
"TPL_006","TPL_006_EVENT_003","TPL_006_RUN_009","none","Burst","none","standalone_burst","TPL_006_PULSE_001",40.0566935315736,40.8391986534188,0.782505121845176,40.3176854797519,40.728263203376,0.410577723624144,74,77,4,3,3.94173840517584,3.62770071066916,FALSE,FALSE,"moderate",4,"BQ_017",TRUE,4,7,"none","first_to_last_pulse_exposed_spike","PHENO_0026","clear_burst_like",3.06000216077464,"eligible","S0004",10,1,"holdout",40.0566935315736,40.8391986534188,0.782505121845176,40.3176854797519,40.728263203376,0.410577723624144
"TPL_006","TPL_006_EVENT_004","TPL_006_RUN_010","none","Burst","none","standalone_burst","TPL_006_PULSE_002",47.0586346584439,47.7751620021166,0.716527343672702,47.1373803481184,47.7751620021166,0.637781653998275,90,95,6,5,5.75879072490171,5.02150268270634,FALSE,TRUE,"strong",6,"BQ_018",FALSE,6,0,"none","first_to_last_pulse_exposed_spike","PHENO_0027","clear_burst_like",3.36049918889478,"eligible","S0004",10,1,"holdout",47.0586346584439,47.7751620021166,0.716527343672702,47.1373803481184,47.7751620021166,0.637781653998275
"TPL_006","TPL_006_EVENT_005","TPL_006_RUN_012","none","Burst","none","standalone_burst","TPL_006_PULSE_003",48.2836406859553,49.1807970753547,0.897156389399449,48.2836406859553,49.0945391372763,0.810898451321094,96,104,9,8,2.78198156804863,2.60012543592602,FALSE,TRUE,"weak",9,"BQ_016",FALSE,0,5,"none","first_to_last_pulse_exposed_spike","PHENO_0028","clear_burst_like",5.60867459629407,"eligible","S0004",10,1,"holdout",48.2836406859553,49.1807970753547,0.897156389399449,48.2836406859553,49.0945391372763,0.810898451321094
"TPL_006","TPL_006_EVENT_006","TPL_006_RUN_013","TPL_006_STATE_004","Burst","none","burst_in_hfs","TPL_006_PULSE_004",53.8475819399144,54.6037103230418,0.756128383127432,53.8839268701596,54.5948576776636,0.710930807504049,118,126,9,8,3.53099963486102,2.95774052087218,FALSE,FALSE,"weak",9,"BQ_071",FALSE,9,15,"none","first_to_last_pulse_exposed_spike","PHENO_0029","clear_burst_like",3.69294601835927,"eligible","S0004",10,1,"holdout",53.8475819399144,54.6037103230418,0.756128383127432,53.8839268701596,54.5948576776636,0.710930807504049
"TPL_006","TPL_006_EVENT_007","TPL_006_RUN_014","none","Pause","canonical","canonical","none",,,,58.0647093863361,61.0622565723624,2.99754718602635,141,142,2,1,,,FALSE,FALSE,"none",,"none",FALSE,0,0,"TPL_006_REGIME_01","observed_first_to_last_pause_boundary_spike","none","not_applicable",,"not_applicable","S0004",10,1,"holdout",,,,58.0647093863361,61.0622565723624,2.99754718602635
"TPL_006","TPL_006_EVENT_008","TPL_006_RUN_015","TPL_006_STATE_005","Burst","none","burst_in_hfs","TPL_006_PULSE_005",66.7287294965354,67.3406578349767,0.611928338441331,66.7372628779402,67.3206071714209,0.583344293480664,156,161,6,5,5.07731191672932,4.23515867057722,FALSE,FALSE,"strong",6,"BQ_072",FALSE,14,13,"none","first_to_last_pulse_exposed_spike","PHENO_0030","clear_burst_like",3.27764964232117,"eligible","S0004",10,1,"holdout",66.7287294965354,67.3406578349767,0.611928338441331,66.7372628779402,67.3206071714209,0.583344293480664
"TPL_007","TPL_007_EVENT_001","TPL_007_RUN_002","TPL_007_STATE_002","Burst","none","burst_in_hfs","TPL_007_PULSE_001",7.59544444261028,8.46023769071348,0.864793248103203,7.66968980117927,8.45922576015319,0.789535958973918,18,22,5,4,2.41490116388716,2.2388546474278,FALSE,FALSE,"weak",5,"BQ_073",FALSE,6,11,"none","first_to_last_pulse_exposed_spike","PHENO_0031","ambiguous_burst_like",1.79726783519069,"exclude_primary_include_sensitivity","S0059",1,0.1,"holdout",0.759544444261028,0.846023769071348,0.0864793248103203,0.766968980117927,0.845922576015319,0.0789535958973918
"TPL_007","TPL_007_EVENT_002","TPL_007_RUN_004","none","Burst","none","standalone_burst","TPL_007_PULSE_002",18.1103283209646,18.8763869420548,0.766058621090206,18.1224293106373,18.8504535566849,0.728024246047625,40,46,7,6,6.20593478313017,5.34931773145217,FALSE,FALSE,"strong",7,"BQ_021",FALSE,5,5,"none","first_to_last_pulse_exposed_spike","PHENO_0032","clear_burst_like",4.45370281695187,"eligible","S0059",1,0.1,"holdout",1.81103283209646,1.88763869420548,0.0766058621090206,1.81224293106373,1.88504535566849,0.0728024246047625
"TPL_007","TPL_007_EVENT_003","TPL_007_RUN_007","none","Pause","canonical","canonical","none",,,,37.4832283609329,41.0329856156619,3.54975725472904,88,89,2,1,,,FALSE,FALSE,"none",,"none",FALSE,0,0,"none","observed_first_to_last_pause_boundary_spike","none","not_applicable",,"not_applicable","S0059",1,0.1,"holdout",,,,3.74832283609329,4.10329856156619,0.354975725472904
"TPL_007","TPL_007_EVENT_004","TPL_007_RUN_009","none","Pause","canonical","canonical","none",,,,42.2697699920487,45.1958035959144,2.92603360386565,91,92,2,1,,,FALSE,FALSE,"none",,"none",FALSE,0,0,"none","observed_first_to_last_pause_boundary_spike","none","not_applicable",,"not_applicable","S0059",1,0.1,"holdout",,,,4.22697699920487,4.51958035959144,0.292603360386565
"TPL_007","TPL_007_EVENT_005","TPL_007_RUN_013","none","Burst","none","standalone_burst","TPL_007_PULSE_003",50.0527472977298,50.8328477990042,0.780100501274426,50.0885869353105,50.8328477990042,0.744260863693704,101,105,5,4,2.8449486259813,2.69299954846501,FALSE,TRUE,"weak",5,"BQ_019",FALSE,6,0,"none","first_to_last_pulse_exposed_spike","PHENO_0033","clear_burst_like",1.92654264586659,"eligible","S0059",1,0.1,"holdout",5.00527472977298,5.08328477990042,0.0780100501274426,5.00885869353105,5.08328477990042,0.0744260863693704
"TPL_007","TPL_007_EVENT_006","TPL_007_RUN_015","none","Burst","none","standalone_burst","TPL_007_PULSE_004",51.4776319926439,52.2107562006144,0.733124207970477,51.4776319926439,52.1103044196911,0.632672427047119,106,111,6,5,4.11059203002712,3.67473973636515,FALSE,TRUE,"moderate",6,"BQ_020",FALSE,0,6,"none","first_to_last_pulse_exposed_spike","PHENO_0034","ambiguous_burst_like",1.95203491894008,"exclude_primary_include_sensitivity","S0059",1,0.1,"holdout",5.14776319926439,5.22107562006144,0.0733124207970477,5.14776319926439,5.21103044196911,0.0632672427047119
"TPL_007","TPL_007_EVENT_007","TPL_007_RUN_017","TPL_007_STATE_005","Burst","none","burst_in_hfs","TPL_007_PULSE_005",60.2444154737803,60.7450437302782,0.50062825649799,60.2545691456225,60.7239889355755,0.469419789953037,134,139,6,5,4.04190111067091,3.42329043452628,FALSE,FALSE,"moderate",6,"BQ_074",FALSE,15,14,"none","first_to_last_pulse_exposed_spike","PHENO_0035","clear_burst_like",2.95965035822859,"eligible","S0059",1,0.1,"holdout",6.02444154737803,6.07450437302782,0.050062825649799,6.02545691456225,6.07239889355755,0.0469419789953037
"TPL_007","TPL_007_EVENT_001","TPL_007_RUN_002","TPL_007_STATE_002","Burst","none","burst_in_hfs","TPL_007_PULSE_001",7.59544444261028,8.46023769071348,0.864793248103203,7.66968980117927,8.45922576015319,0.789535958973918,18,22,5,4,2.41490116388716,2.2388546474278,FALSE,FALSE,"weak",5,"BQ_073",FALSE,6,11,"none","first_to_last_pulse_exposed_spike","PHENO_0031","ambiguous_burst_like",1.79726783519069,"exclude_primary_include_sensitivity","S0041",4,0.4,"holdout",3.03817777704411,3.38409507628539,0.345917299241281,3.06787592047171,3.38369030406128,0.315814383589567
"TPL_007","TPL_007_EVENT_002","TPL_007_RUN_004","none","Burst","none","standalone_burst","TPL_007_PULSE_002",18.1103283209646,18.8763869420548,0.766058621090206,18.1224293106373,18.8504535566849,0.728024246047625,40,46,7,6,6.20593478313017,5.34931773145217,FALSE,FALSE,"strong",7,"BQ_021",FALSE,5,5,"none","first_to_last_pulse_exposed_spike","PHENO_0032","clear_burst_like",4.45370281695187,"eligible","S0041",4,0.4,"holdout",7.24413132838585,7.55055477682193,0.306423448436082,7.24897172425491,7.54018142267396,0.29120969841905
"TPL_007","TPL_007_EVENT_003","TPL_007_RUN_007","none","Pause","canonical","canonical","none",,,,37.4832283609329,41.0329856156619,3.54975725472904,88,89,2,1,,,FALSE,FALSE,"none",,"none",FALSE,0,0,"none","observed_first_to_last_pause_boundary_spike","none","not_applicable",,"not_applicable","S0041",4,0.4,"holdout",,,,14.9932913443731,16.4131942462648,1.41990290189162
"TPL_007","TPL_007_EVENT_004","TPL_007_RUN_009","none","Pause","canonical","canonical","none",,,,42.2697699920487,45.1958035959144,2.92603360386565,91,92,2,1,,,FALSE,FALSE,"none",,"none",FALSE,0,0,"none","observed_first_to_last_pause_boundary_spike","none","not_applicable",,"not_applicable","S0041",4,0.4,"holdout",,,,16.9079079968195,18.0783214383657,1.17041344154626
"TPL_007","TPL_007_EVENT_005","TPL_007_RUN_013","none","Burst","none","standalone_burst","TPL_007_PULSE_003",50.0527472977298,50.8328477990042,0.780100501274426,50.0885869353105,50.8328477990042,0.744260863693704,101,105,5,4,2.8449486259813,2.69299954846501,FALSE,TRUE,"weak",5,"BQ_019",FALSE,6,0,"none","first_to_last_pulse_exposed_spike","PHENO_0033","clear_burst_like",1.92654264586659,"eligible","S0041",4,0.4,"holdout",20.0210989190919,20.3331391196017,0.31204020050977,20.0354347741242,20.3331391196017,0.297704345477482
"TPL_007","TPL_007_EVENT_006","TPL_007_RUN_015","none","Burst","none","standalone_burst","TPL_007_PULSE_004",51.4776319926439,52.2107562006144,0.733124207970477,51.4776319926439,52.1103044196911,0.632672427047119,106,111,6,5,4.11059203002712,3.67473973636515,FALSE,TRUE,"moderate",6,"BQ_020",FALSE,0,6,"none","first_to_last_pulse_exposed_spike","PHENO_0034","ambiguous_burst_like",1.95203491894008,"exclude_primary_include_sensitivity","S0041",4,0.4,"holdout",20.5910527970576,20.8843024802458,0.293249683188191,20.5910527970576,20.8441217678764,0.253068970818848
"TPL_007","TPL_007_EVENT_007","TPL_007_RUN_017","TPL_007_STATE_005","Burst","none","burst_in_hfs","TPL_007_PULSE_005",60.2444154737803,60.7450437302782,0.50062825649799,60.2545691456225,60.7239889355755,0.469419789953037,134,139,6,5,4.04190111067091,3.42329043452628,FALSE,FALSE,"moderate",6,"BQ_074",FALSE,15,14,"none","first_to_last_pulse_exposed_spike","PHENO_0035","clear_burst_like",2.95965035822859,"eligible","S0041",4,0.4,"holdout",24.0977661895121,24.2980174921113,0.200251302599196,24.101827658249,24.2895955742302,0.187767915981215
"TPL_007","TPL_007_EVENT_001","TPL_007_RUN_002","TPL_007_STATE_002","Burst","none","burst_in_hfs","TPL_007_PULSE_001",7.59544444261028,8.46023769071348,0.864793248103203,7.66968980117927,8.45922576015319,0.789535958973918,18,22,5,4,2.41490116388716,2.2388546474278,FALSE,FALSE,"weak",5,"BQ_073",FALSE,6,11,"none","first_to_last_pulse_exposed_spike","PHENO_0031","ambiguous_burst_like",1.79726783519069,"exclude_primary_include_sensitivity","S0043",10,1,"holdout",7.59544444261028,8.46023769071348,0.864793248103203,7.66968980117927,8.45922576015319,0.789535958973918
"TPL_007","TPL_007_EVENT_002","TPL_007_RUN_004","none","Burst","none","standalone_burst","TPL_007_PULSE_002",18.1103283209646,18.8763869420548,0.766058621090206,18.1224293106373,18.8504535566849,0.728024246047625,40,46,7,6,6.20593478313017,5.34931773145217,FALSE,FALSE,"strong",7,"BQ_021",FALSE,5,5,"none","first_to_last_pulse_exposed_spike","PHENO_0032","clear_burst_like",4.45370281695187,"eligible","S0043",10,1,"holdout",18.1103283209646,18.8763869420548,0.766058621090206,18.1224293106373,18.8504535566849,0.728024246047625
"TPL_007","TPL_007_EVENT_003","TPL_007_RUN_007","none","Pause","canonical","canonical","none",,,,37.4832283609329,41.0329856156619,3.54975725472904,88,89,2,1,,,FALSE,FALSE,"none",,"none",FALSE,0,0,"none","observed_first_to_last_pause_boundary_spike","none","not_applicable",,"not_applicable","S0043",10,1,"holdout",,,,37.4832283609329,41.0329856156619,3.54975725472904
"TPL_007","TPL_007_EVENT_004","TPL_007_RUN_009","none","Pause","canonical","canonical","none",,,,42.2697699920487,45.1958035959144,2.92603360386565,91,92,2,1,,,FALSE,FALSE,"none",,"none",FALSE,0,0,"none","observed_first_to_last_pause_boundary_spike","none","not_applicable",,"not_applicable","S0043",10,1,"holdout",,,,42.2697699920487,45.1958035959144,2.92603360386565
"TPL_007","TPL_007_EVENT_005","TPL_007_RUN_013","none","Burst","none","standalone_burst","TPL_007_PULSE_003",50.0527472977298,50.8328477990042,0.780100501274426,50.0885869353105,50.8328477990042,0.744260863693704,101,105,5,4,2.8449486259813,2.69299954846501,FALSE,TRUE,"weak",5,"BQ_019",FALSE,6,0,"none","first_to_last_pulse_exposed_spike","PHENO_0033","clear_burst_like",1.92654264586659,"eligible","S0043",10,1,"holdout",50.0527472977298,50.8328477990042,0.780100501274426,50.0885869353105,50.8328477990042,0.744260863693704
"TPL_007","TPL_007_EVENT_006","TPL_007_RUN_015","none","Burst","none","standalone_burst","TPL_007_PULSE_004",51.4776319926439,52.2107562006144,0.733124207970477,51.4776319926439,52.1103044196911,0.632672427047119,106,111,6,5,4.11059203002712,3.67473973636515,FALSE,TRUE,"moderate",6,"BQ_020",FALSE,0,6,"none","first_to_last_pulse_exposed_spike","PHENO_0034","ambiguous_burst_like",1.95203491894008,"exclude_primary_include_sensitivity","S0043",10,1,"holdout",51.4776319926439,52.2107562006144,0.733124207970477,51.4776319926439,52.1103044196911,0.632672427047119
"TPL_007","TPL_007_EVENT_007","TPL_007_RUN_017","TPL_007_STATE_005","Burst","none","burst_in_hfs","TPL_007_PULSE_005",60.2444154737803,60.7450437302782,0.50062825649799,60.2545691456225,60.7239889355755,0.469419789953037,134,139,6,5,4.04190111067091,3.42329043452628,FALSE,FALSE,"moderate",6,"BQ_074",FALSE,15,14,"none","first_to_last_pulse_exposed_spike","PHENO_0035","clear_burst_like",2.95965035822859,"eligible","S0043",10,1,"holdout",60.2444154737803,60.7450437302782,0.50062825649799,60.2545691456225,60.7239889355755,0.469419789953037
"TPL_008","TPL_008_EVENT_001","TPL_008_RUN_002","none","Pause","canonical","canonical","none",,,,5.86464570698215,10.7043284435093,4.83968273652717,14,15,2,1,,,FALSE,FALSE,"none",,"none",FALSE,0,0,"none","observed_first_to_last_pause_boundary_spike","none","not_applicable",,"not_applicable","S0026",1,0.1,"holdout",,,,0.586464570698215,1.07043284435093,0.483968273652717
"TPL_008","TPL_008_EVENT_002","TPL_008_RUN_005","none","Burst","none","standalone_burst","TPL_008_PULSE_001",16.4843773801952,17.3660092686881,0.881631888492947,16.5247640845265,17.3660092686881,0.841245184161622,27,33,7,6,3.5834849985869,3.25807621562853,FALSE,TRUE,"moderate",7,"BQ_023",FALSE,8,0,"none","first_to_last_pulse_exposed_spike","PHENO_0036","clear_burst_like",2.47139324474184,"eligible","S0026",1,0.1,"holdout",1.64843773801952,1.73660092686881,0.0881631888492947,1.65247640845265,1.73660092686881,0.0841245184161622
"TPL_008","TPL_008_EVENT_003","TPL_008_RUN_007","none","Burst","none","standalone_burst","TPL_008_PULSE_002",17.8520449058265,18.7149790229027,0.862934117076129,17.8520449058265,18.6193381859118,0.767293280085319,34,41,8,7,4.81586369207393,4.28254042402841,FALSE,TRUE,"strong",8,"BQ_024",FALSE,0,3,"none","first_to_last_pulse_exposed_spike","PHENO_0037","clear_burst_like",3.42998254016973,"eligible","S0026",1,0.1,"holdout",1.78520449058265,1.87149790229027,0.0862934117076129,1.78520449058265,1.86193381859118,0.0767293280085319
"TPL_008","TPL_008_EVENT_004","TPL_008_RUN_009","TPL_008_STATE_002","Burst","none","burst_in_hfs","TPL_008_PULSE_003",25.4730537993128,26.0594703685966,0.586416569283823,25.5058922389027,25.9820936891826,0.47620145027993,57,63,7,6,5.88827155722567,4.69734985125251,FALSE,FALSE,"strong",7,"BQ_075",FALSE,12,16,"none","first_to_last_pulse_exposed_spike","PHENO_0038","clear_burst_like",3.24105358459494,"eligible","S0026",1,0.1,"holdout",2.54730537993128,2.60594703685966,0.0586416569283824,2.55058922389027,2.59820936891826,0.047620145027993
"TPL_008","TPL_008_EVENT_005","TPL_008_RUN_010","none","Pause","canonical","canonical","none",,,,31.8905655876459,36.6662322449223,4.77566665727645,79,80,2,1,,,FALSE,FALSE,"none",,"none",FALSE,0,0,"TPL_008_REGIME_01","observed_first_to_last_pause_boundary_spike","none","not_applicable",,"not_applicable","S0026",1,0.1,"holdout",,,,3.18905655876459,3.66662322449223,0.477566665727645
"TPL_008","TPL_008_EVENT_006","TPL_008_RUN_011","TPL_008_STATE_003","Burst","none","burst_in_hfs","TPL_008_PULSE_004",40.0025803919303,40.1808212866272,0.178240894696856,40.0137137473504,40.1150593146007,0.10134556725032,94,97,4,3,5.88829286307615,3.94795938907191,FALSE,FALSE,"moderate",4,"BQ_076",TRUE,14,15,"none","first_to_last_pulse_exposed_spike","PHENO_0039","clear_burst_like",2.64339125144597,"eligible","S0026",1,0.1,"holdout",4.00025803919303,4.01808212866272,0.0178240894696856,4.00137137473504,4.01150593146007,0.010134556725032
"TPL_008","TPL_008_EVENT_007","TPL_008_RUN_013","none","Pause","complex_multi_gap","complex_multi_gap","none",,,,50.109121192116,55.0620748309974,4.95295363888145,127,129,3,2,,,FALSE,FALSE,"none",,"none",FALSE,0,0,"none","observed_first_to_last_pause_boundary_spike","none","not_applicable",,"not_applicable","S0026",1,0.1,"holdout",,,,5.0109121192116,5.50620748309974,0.495295363888145
"TPL_008","TPL_008_EVENT_008","TPL_008_RUN_015","none","Burst","none","standalone_burst","TPL_008_PULSE_005",67.0240700802535,67.9240700802535,0.899999999999991,67.1785336446966,67.8836285121172,0.705094867420584,163,168,6,5,3.11010307190148,2.90757835544646,FALSE,FALSE,"weak",6,"BQ_022",FALSE,5,3,"none","first_to_last_pulse_exposed_spike","PHENO_0040","clear_burst_like",3.68570460063652,"eligible","S0026",1,0.1,"holdout",6.70240700802535,6.79240700802535,0.0899999999999992,6.71785336446966,6.78836285121172,0.0705094867420584
"TPL_008","TPL_008_EVENT_001","TPL_008_RUN_002","none","Pause","canonical","canonical","none",,,,5.86464570698215,10.7043284435093,4.83968273652717,14,15,2,1,,,FALSE,FALSE,"none",,"none",FALSE,0,0,"none","observed_first_to_last_pause_boundary_spike","none","not_applicable",,"not_applicable","S0001",4,0.4,"holdout",,,,2.34585828279286,4.28173137740373,1.93587309461087
"TPL_008","TPL_008_EVENT_002","TPL_008_RUN_005","none","Burst","none","standalone_burst","TPL_008_PULSE_001",16.4843773801952,17.3660092686881,0.881631888492947,16.5247640845265,17.3660092686881,0.841245184161622,27,33,7,6,3.5834849985869,3.25807621562853,FALSE,TRUE,"moderate",7,"BQ_023",FALSE,8,0,"none","first_to_last_pulse_exposed_spike","PHENO_0036","clear_burst_like",2.47139324474184,"eligible","S0001",4,0.4,"holdout",6.59375095207807,6.94640370747525,0.352652755397179,6.6099056338106,6.94640370747525,0.336498073664649
"TPL_008","TPL_008_EVENT_003","TPL_008_RUN_007","none","Burst","none","standalone_burst","TPL_008_PULSE_002",17.8520449058265,18.7149790229027,0.862934117076129,17.8520449058265,18.6193381859118,0.767293280085319,34,41,8,7,4.81586369207393,4.28254042402841,FALSE,TRUE,"strong",8,"BQ_024",FALSE,0,3,"none","first_to_last_pulse_exposed_spike","PHENO_0037","clear_burst_like",3.42998254016973,"eligible","S0001",4,0.4,"holdout",7.14081796233061,7.48599160916106,0.345173646830452,7.14081796233061,7.44773527436474,0.306917312034128
"TPL_008","TPL_008_EVENT_004","TPL_008_RUN_009","TPL_008_STATE_002","Burst","none","burst_in_hfs","TPL_008_PULSE_003",25.4730537993128,26.0594703685966,0.586416569283823,25.5058922389027,25.9820936891826,0.47620145027993,57,63,7,6,5.88827155722567,4.69734985125251,FALSE,FALSE,"strong",7,"BQ_075",FALSE,12,16,"none","first_to_last_pulse_exposed_spike","PHENO_0038","clear_burst_like",3.24105358459494,"eligible","S0001",4,0.4,"holdout",10.1892215197251,10.4237881474386,0.234566627713529,10.2023568955611,10.392837475673,0.190480580111972
"TPL_008","TPL_008_EVENT_005","TPL_008_RUN_010","none","Pause","canonical","canonical","none",,,,31.8905655876459,36.6662322449223,4.77566665727645,79,80,2,1,,,FALSE,FALSE,"none",,"none",FALSE,0,0,"TPL_008_REGIME_01","observed_first_to_last_pause_boundary_spike","none","not_applicable",,"not_applicable","S0001",4,0.4,"holdout",,,,12.7562262350584,14.6664928979689,1.91026666291058
"TPL_008","TPL_008_EVENT_006","TPL_008_RUN_011","TPL_008_STATE_003","Burst","none","burst_in_hfs","TPL_008_PULSE_004",40.0025803919303,40.1808212866272,0.178240894696856,40.0137137473504,40.1150593146007,0.10134556725032,94,97,4,3,5.88829286307615,3.94795938907191,FALSE,FALSE,"moderate",4,"BQ_076",TRUE,14,15,"none","first_to_last_pulse_exposed_spike","PHENO_0039","clear_burst_like",2.64339125144597,"eligible","S0001",4,0.4,"holdout",16.0010321567721,16.0723285146509,0.0712963578787424,16.0054854989401,16.0460237258403,0.0405382269001279
"TPL_008","TPL_008_EVENT_007","TPL_008_RUN_013","none","Pause","complex_multi_gap","complex_multi_gap","none",,,,50.109121192116,55.0620748309974,4.95295363888145,127,129,3,2,,,FALSE,FALSE,"none",,"none",FALSE,0,0,"none","observed_first_to_last_pause_boundary_spike","none","not_applicable",,"not_applicable","S0001",4,0.4,"holdout",,,,20.0436484768464,22.024829932399,1.98118145555258
"TPL_008","TPL_008_EVENT_008","TPL_008_RUN_015","none","Burst","none","standalone_burst","TPL_008_PULSE_005",67.0240700802535,67.9240700802535,0.899999999999991,67.1785336446966,67.8836285121172,0.705094867420584,163,168,6,5,3.11010307190148,2.90757835544646,FALSE,FALSE,"weak",6,"BQ_022",FALSE,5,3,"none","first_to_last_pulse_exposed_spike","PHENO_0040","clear_burst_like",3.68570460063652,"eligible","S0001",4,0.4,"holdout",26.8096280321014,27.1696280321014,0.359999999999997,26.8714134578786,27.1534514048469,0.282037946968234
"TPL_008","TPL_008_EVENT_001","TPL_008_RUN_002","none","Pause","canonical","canonical","none",,,,5.86464570698215,10.7043284435093,4.83968273652717,14,15,2,1,,,FALSE,FALSE,"none",,"none",FALSE,0,0,"none","observed_first_to_last_pause_boundary_spike","none","not_applicable",,"not_applicable","S0054",10,1,"holdout",,,,5.86464570698215,10.7043284435093,4.83968273652717
"TPL_008","TPL_008_EVENT_002","TPL_008_RUN_005","none","Burst","none","standalone_burst","TPL_008_PULSE_001",16.4843773801952,17.3660092686881,0.881631888492947,16.5247640845265,17.3660092686881,0.841245184161622,27,33,7,6,3.5834849985869,3.25807621562853,FALSE,TRUE,"moderate",7,"BQ_023",FALSE,8,0,"none","first_to_last_pulse_exposed_spike","PHENO_0036","clear_burst_like",2.47139324474184,"eligible","S0054",10,1,"holdout",16.4843773801952,17.3660092686881,0.881631888492947,16.5247640845265,17.3660092686881,0.841245184161622
"TPL_008","TPL_008_EVENT_003","TPL_008_RUN_007","none","Burst","none","standalone_burst","TPL_008_PULSE_002",17.8520449058265,18.7149790229027,0.862934117076129,17.8520449058265,18.6193381859118,0.767293280085319,34,41,8,7,4.81586369207393,4.28254042402841,FALSE,TRUE,"strong",8,"BQ_024",FALSE,0,3,"none","first_to_last_pulse_exposed_spike","PHENO_0037","clear_burst_like",3.42998254016973,"eligible","S0054",10,1,"holdout",17.8520449058265,18.7149790229027,0.862934117076129,17.8520449058265,18.6193381859118,0.767293280085319
"TPL_008","TPL_008_EVENT_004","TPL_008_RUN_009","TPL_008_STATE_002","Burst","none","burst_in_hfs","TPL_008_PULSE_003",25.4730537993128,26.0594703685966,0.586416569283823,25.5058922389027,25.9820936891826,0.47620145027993,57,63,7,6,5.88827155722567,4.69734985125251,FALSE,FALSE,"strong",7,"BQ_075",FALSE,12,16,"none","first_to_last_pulse_exposed_spike","PHENO_0038","clear_burst_like",3.24105358459494,"eligible","S0054",10,1,"holdout",25.4730537993128,26.0594703685966,0.586416569283823,25.5058922389027,25.9820936891826,0.47620145027993
"TPL_008","TPL_008_EVENT_005","TPL_008_RUN_010","none","Pause","canonical","canonical","none",,,,31.8905655876459,36.6662322449223,4.77566665727645,79,80,2,1,,,FALSE,FALSE,"none",,"none",FALSE,0,0,"TPL_008_REGIME_01","observed_first_to_last_pause_boundary_spike","none","not_applicable",,"not_applicable","S0054",10,1,"holdout",,,,31.8905655876459,36.6662322449223,4.77566665727645
"TPL_008","TPL_008_EVENT_006","TPL_008_RUN_011","TPL_008_STATE_003","Burst","none","burst_in_hfs","TPL_008_PULSE_004",40.0025803919303,40.1808212866272,0.178240894696856,40.0137137473504,40.1150593146007,0.10134556725032,94,97,4,3,5.88829286307615,3.94795938907191,FALSE,FALSE,"moderate",4,"BQ_076",TRUE,14,15,"none","first_to_last_pulse_exposed_spike","PHENO_0039","clear_burst_like",2.64339125144597,"eligible","S0054",10,1,"holdout",40.0025803919303,40.1808212866272,0.178240894696856,40.0137137473504,40.1150593146007,0.10134556725032
"TPL_008","TPL_008_EVENT_007","TPL_008_RUN_013","none","Pause","complex_multi_gap","complex_multi_gap","none",,,,50.109121192116,55.0620748309974,4.95295363888145,127,129,3,2,,,FALSE,FALSE,"none",,"none",FALSE,0,0,"none","observed_first_to_last_pause_boundary_spike","none","not_applicable",,"not_applicable","S0054",10,1,"holdout",,,,50.109121192116,55.0620748309974,4.95295363888145
"TPL_008","TPL_008_EVENT_008","TPL_008_RUN_015","none","Burst","none","standalone_burst","TPL_008_PULSE_005",67.0240700802535,67.9240700802535,0.899999999999991,67.1785336446966,67.8836285121172,0.705094867420584,163,168,6,5,3.11010307190148,2.90757835544646,FALSE,FALSE,"weak",6,"BQ_022",FALSE,5,3,"none","first_to_last_pulse_exposed_spike","PHENO_0040","clear_burst_like",3.68570460063652,"eligible","S0054",10,1,"holdout",67.0240700802535,67.9240700802535,0.899999999999991,67.1785336446966,67.8836285121172,0.705094867420584
"TPL_009","TPL_009_EVENT_001","TPL_009_RUN_003","TPL_009_STATE_001","Burst","none","burst_in_hfs","TPL_009_PULSE_001",7.85773267670197,8.37925268558509,0.521520008883122,7.90291505978776,8.31900333784503,0.416088278057262,21,28,8,7,5.18522176834812,4.00158266327344,FALSE,FALSE,"strong",8,"BQ_078",FALSE,16,9,"none","first_to_last_pulse_exposed_spike","PHENO_0041","clear_burst_like",4.51906092062389,"eligible","S0048",1,0.1,"holdout",0.785773267670197,0.837925268558509,0.0521520008883122,0.790291505978776,0.831900333784503,0.0416088278057262
"TPL_009","TPL_009_EVENT_002","TPL_009_RUN_006","none","Pause","canonical","canonical","none",,,,17.4915102689417,22.4398259443587,4.94831567541696,53,54,2,1,,,FALSE,FALSE,"none",,"none",FALSE,0,0,"none","observed_first_to_last_pause_boundary_spike","none","not_applicable",,"not_applicable","S0048",1,0.1,"holdout",,,,1.74915102689417,2.24398259443587,0.494831567541696
"TPL_009","TPL_009_EVENT_003","TPL_009_RUN_007","none","Burst","none","standalone_burst","TPL_009_PULSE_002",25.7488177161321,26.6488177161321,0.900000000000002,25.8369288535356,26.6099282048484,0.772999351312798,59,66,8,7,4.04760196670467,3.61188172944821,FALSE,FALSE,"moderate",8,"BQ_026",FALSE,5,5,"none","first_to_last_pulse_exposed_spike","PHENO_0042","clear_burst_like",2.94235035041934,"eligible","S0048",1,0.1,"holdout",2.57488177161321,2.66488177161321,0.0900000000000002,2.58369288535356,2.66099282048484,0.0772999351312798
"TPL_009","TPL_009_EVENT_004","TPL_009_RUN_010","none","Burst","none","standalone_burst","TPL_009_PULSE_003",41.3353097555568,42.2308427947061,0.895533039149399,41.3576017728445,42.2308427947061,0.873241021861695,107,115,9,8,4.59869702954696,4.0253843262326,FALSE,TRUE,"strong",9,"BQ_027",FALSE,6,0,"none","first_to_last_pulse_exposed_spike","PHENO_0043","clear_burst_like",3.11336445675765,"eligible","S0048",1,0.1,"holdout",4.13353097555567,4.22308427947061,0.0895533039149399,4.13576017728445,4.22308427947061,0.0873241021861695
"TPL_009","TPL_009_EVENT_005","TPL_009_RUN_012","none","Burst","none","standalone_burst","TPL_009_PULSE_004",42.7112881857856,43.5361381924655,0.824850006679917,42.7112881857856,43.4120028229409,0.700714637155322,116,122,7,6,3.1867350493982,2.93058489244431,FALSE,TRUE,"weak",7,"BQ_025",FALSE,0,6,"none","first_to_last_pulse_exposed_spike","PHENO_0044","clear_burst_like",4.35032844273027,"eligible","S0048",1,0.1,"holdout",4.27112881857856,4.35361381924655,0.0824850006679917,4.27112881857856,4.34120028229409,0.0700714637155322
"TPL_009","TPL_009_EVENT_006","TPL_009_RUN_013","none","Pause","canonical","canonical","none",,,,45.8147767918343,48.7105768690976,2.89580007726327,128,129,2,1,,,FALSE,FALSE,"none",,"none",FALSE,0,0,"none","observed_first_to_last_pause_boundary_spike","none","not_applicable",,"not_applicable","S0048",1,0.1,"holdout",,,,4.58147767918343,4.87105768690976,0.289580007726327
"TPL_009","TPL_009_EVENT_007","TPL_009_RUN_015","TPL_009_STATE_005","Burst","none","burst_in_hfs","TPL_009_PULSE_005",56.5378125857469,57.24469467078,0.706882085033023,56.5815068722245,57.2410546013102,0.659547729085688,147,152,6,5,3.28934968498228,2.91443673092872,FALSE,FALSE,"weak",6,"BQ_077",FALSE,7,20,"none","first_to_last_pulse_exposed_spike","PHENO_0045","clear_burst_like",2.1614344663915,"eligible","S0048",1,0.1,"holdout",5.65378125857469,5.724469467078,0.0706882085033023,5.65815068722245,5.72410546013102,0.0659547729085688
"TPL_009","TPL_009_EVENT_001","TPL_009_RUN_003","TPL_009_STATE_001","Burst","none","burst_in_hfs","TPL_009_PULSE_001",7.85773267670197,8.37925268558509,0.521520008883122,7.90291505978776,8.31900333784503,0.416088278057262,21,28,8,7,5.18522176834812,4.00158266327344,FALSE,FALSE,"strong",8,"BQ_078",FALSE,16,9,"none","first_to_last_pulse_exposed_spike","PHENO_0041","clear_burst_like",4.51906092062389,"eligible","S0039",4,0.4,"holdout",3.14309307068079,3.35170107423403,0.208608003553249,3.16116602391511,3.32760133513801,0.166435311222905
"TPL_009","TPL_009_EVENT_002","TPL_009_RUN_006","none","Pause","canonical","canonical","none",,,,17.4915102689417,22.4398259443587,4.94831567541696,53,54,2,1,,,FALSE,FALSE,"none",,"none",FALSE,0,0,"none","observed_first_to_last_pause_boundary_spike","none","not_applicable",,"not_applicable","S0039",4,0.4,"holdout",,,,6.99660410757668,8.97593037774347,1.97932627016678
"TPL_009","TPL_009_EVENT_003","TPL_009_RUN_007","none","Burst","none","standalone_burst","TPL_009_PULSE_002",25.7488177161321,26.6488177161321,0.900000000000002,25.8369288535356,26.6099282048484,0.772999351312798,59,66,8,7,4.04760196670467,3.61188172944821,FALSE,FALSE,"moderate",8,"BQ_026",FALSE,5,5,"none","first_to_last_pulse_exposed_spike","PHENO_0042","clear_burst_like",2.94235035041934,"eligible","S0039",4,0.4,"holdout",10.2995270864528,10.6595270864528,0.360000000000001,10.3347715414142,10.6439712819393,0.309199740525119
"TPL_009","TPL_009_EVENT_004","TPL_009_RUN_010","none","Burst","none","standalone_burst","TPL_009_PULSE_003",41.3353097555568,42.2308427947061,0.895533039149399,41.3576017728445,42.2308427947061,0.873241021861695,107,115,9,8,4.59869702954696,4.0253843262326,FALSE,TRUE,"strong",9,"BQ_027",FALSE,6,0,"none","first_to_last_pulse_exposed_spike","PHENO_0043","clear_burst_like",3.11336445675765,"eligible","S0039",4,0.4,"holdout",16.5341239022227,16.8923371178825,0.35821321565976,16.5430407091378,16.8923371178825,0.349296408744678
"TPL_009","TPL_009_EVENT_005","TPL_009_RUN_012","none","Burst","none","standalone_burst","TPL_009_PULSE_004",42.7112881857856,43.5361381924655,0.824850006679917,42.7112881857856,43.4120028229409,0.700714637155322,116,122,7,6,3.1867350493982,2.93058489244431,FALSE,TRUE,"weak",7,"BQ_025",FALSE,0,6,"none","first_to_last_pulse_exposed_spike","PHENO_0044","clear_burst_like",4.35032844273027,"eligible","S0039",4,0.4,"holdout",17.0845152743142,17.4144552769862,0.329940002671967,17.0845152743142,17.3648011291764,0.280285854862129
"TPL_009","TPL_009_EVENT_006","TPL_009_RUN_013","none","Pause","canonical","canonical","none",,,,45.8147767918343,48.7105768690976,2.89580007726327,128,129,2,1,,,FALSE,FALSE,"none",,"none",FALSE,0,0,"none","observed_first_to_last_pause_boundary_spike","none","not_applicable",,"not_applicable","S0039",4,0.4,"holdout",,,,18.3259107167337,19.484230747639,1.15832003090531
"TPL_009","TPL_009_EVENT_007","TPL_009_RUN_015","TPL_009_STATE_005","Burst","none","burst_in_hfs","TPL_009_PULSE_005",56.5378125857469,57.24469467078,0.706882085033023,56.5815068722245,57.2410546013102,0.659547729085688,147,152,6,5,3.28934968498228,2.91443673092872,FALSE,FALSE,"weak",6,"BQ_077",FALSE,7,20,"none","first_to_last_pulse_exposed_spike","PHENO_0045","clear_burst_like",2.1614344663915,"eligible","S0039",4,0.4,"holdout",22.6151250342988,22.897877868312,0.282752834013209,22.6326027488898,22.8964218405241,0.263819091634275
"TPL_009","TPL_009_EVENT_001","TPL_009_RUN_003","TPL_009_STATE_001","Burst","none","burst_in_hfs","TPL_009_PULSE_001",7.85773267670197,8.37925268558509,0.521520008883122,7.90291505978776,8.31900333784503,0.416088278057262,21,28,8,7,5.18522176834812,4.00158266327344,FALSE,FALSE,"strong",8,"BQ_078",FALSE,16,9,"none","first_to_last_pulse_exposed_spike","PHENO_0041","clear_burst_like",4.51906092062389,"eligible","S0008",10,1,"holdout",7.85773267670197,8.37925268558509,0.521520008883122,7.90291505978776,8.31900333784503,0.416088278057262
"TPL_009","TPL_009_EVENT_002","TPL_009_RUN_006","none","Pause","canonical","canonical","none",,,,17.4915102689417,22.4398259443587,4.94831567541696,53,54,2,1,,,FALSE,FALSE,"none",,"none",FALSE,0,0,"none","observed_first_to_last_pause_boundary_spike","none","not_applicable",,"not_applicable","S0008",10,1,"holdout",,,,17.4915102689417,22.4398259443587,4.94831567541696
"TPL_009","TPL_009_EVENT_003","TPL_009_RUN_007","none","Burst","none","standalone_burst","TPL_009_PULSE_002",25.7488177161321,26.6488177161321,0.900000000000002,25.8369288535356,26.6099282048484,0.772999351312798,59,66,8,7,4.04760196670467,3.61188172944821,FALSE,FALSE,"moderate",8,"BQ_026",FALSE,5,5,"none","first_to_last_pulse_exposed_spike","PHENO_0042","clear_burst_like",2.94235035041934,"eligible","S0008",10,1,"holdout",25.7488177161321,26.6488177161321,0.900000000000002,25.8369288535356,26.6099282048484,0.772999351312798
"TPL_009","TPL_009_EVENT_004","TPL_009_RUN_010","none","Burst","none","standalone_burst","TPL_009_PULSE_003",41.3353097555568,42.2308427947061,0.895533039149399,41.3576017728445,42.2308427947061,0.873241021861695,107,115,9,8,4.59869702954696,4.0253843262326,FALSE,TRUE,"strong",9,"BQ_027",FALSE,6,0,"none","first_to_last_pulse_exposed_spike","PHENO_0043","clear_burst_like",3.11336445675765,"eligible","S0008",10,1,"holdout",41.3353097555568,42.2308427947061,0.895533039149399,41.3576017728445,42.2308427947061,0.873241021861695
"TPL_009","TPL_009_EVENT_005","TPL_009_RUN_012","none","Burst","none","standalone_burst","TPL_009_PULSE_004",42.7112881857856,43.5361381924655,0.824850006679917,42.7112881857856,43.4120028229409,0.700714637155322,116,122,7,6,3.1867350493982,2.93058489244431,FALSE,TRUE,"weak",7,"BQ_025",FALSE,0,6,"none","first_to_last_pulse_exposed_spike","PHENO_0044","clear_burst_like",4.35032844273027,"eligible","S0008",10,1,"holdout",42.7112881857856,43.5361381924655,0.824850006679917,42.7112881857856,43.4120028229409,0.700714637155322
"TPL_009","TPL_009_EVENT_006","TPL_009_RUN_013","none","Pause","canonical","canonical","none",,,,45.8147767918343,48.7105768690976,2.89580007726327,128,129,2,1,,,FALSE,FALSE,"none",,"none",FALSE,0,0,"none","observed_first_to_last_pause_boundary_spike","none","not_applicable",,"not_applicable","S0008",10,1,"holdout",,,,45.8147767918343,48.7105768690976,2.89580007726327
"TPL_009","TPL_009_EVENT_007","TPL_009_RUN_015","TPL_009_STATE_005","Burst","none","burst_in_hfs","TPL_009_PULSE_005",56.5378125857469,57.24469467078,0.706882085033023,56.5815068722245,57.2410546013102,0.659547729085688,147,152,6,5,3.28934968498228,2.91443673092872,FALSE,FALSE,"weak",6,"BQ_077",FALSE,7,20,"none","first_to_last_pulse_exposed_spike","PHENO_0045","clear_burst_like",2.1614344663915,"eligible","S0008",10,1,"holdout",56.5378125857469,57.24469467078,0.706882085033023,56.5815068722245,57.2410546013102,0.659547729085688
"TPL_010","TPL_010_EVENT_001","TPL_010_RUN_002","none","Pause","canonical","canonical","none",,,,7.39741868813936,11.5158661080938,4.11844741995446,14,15,2,1,,,FALSE,FALSE,"none",,"none",FALSE,0,0,"none","observed_first_to_last_pause_boundary_spike","none","not_applicable",,"not_applicable","S0036",1,0.1,"holdout",,,,0.739741868813936,1.15158661080938,0.411844741995446
"TPL_010","TPL_010_EVENT_002","TPL_010_RUN_004","none","Burst","none","standalone_burst","TPL_010_PULSE_001",15.0842566316549,15.6319926082639,0.547735976608928,15.1577902805039,15.6319926082639,0.474202327759997,19,22,4,3,3.16840837182805,2.98308402691036,FALSE,TRUE,"weak",4,"BQ_028",TRUE,3,0,"none","first_to_last_pulse_exposed_spike","PHENO_0046","clear_burst_like",3.02861669789332,"eligible","S0036",1,0.1,"holdout",1.50842566316549,1.56319926082639,0.0547735976608928,1.51577902805039,1.56319926082639,0.0474202327759997
"TPL_010","TPL_010_EVENT_003","TPL_010_RUN_006","none","Burst","none","standalone_burst","TPL_010_PULSE_002",16.1052845931668,16.970832760049,0.865548166882203,16.1052845931668,16.9172596760954,0.811975082928594,23,31,9,8,4.4286681406756,3.98303093761206,FALSE,TRUE,"moderate",9,"BQ_029",FALSE,0,4,"none","first_to_last_pulse_exposed_spike","PHENO_0047","clear_burst_like",5.61612298369111,"eligible","S0036",1,0.1,"holdout",1.61052845931668,1.6970832760049,0.0865548166882203,1.61052845931668,1.69172596760954,0.0811975082928594
"TPL_010","TPL_010_EVENT_004","TPL_010_RUN_008","none","Pause","complex_multi_gap","complex_multi_gap","none",,,,30.821456093794,38.3288854093163,7.50742931552231,47,50,4,3,,,FALSE,FALSE,"none",,"none",FALSE,0,0,"none","observed_first_to_last_pause_boundary_spike","none","not_applicable",,"not_applicable","S0036",1,0.1,"holdout",,,,3.0821456093794,3.83288854093163,0.750742931552231
"TPL_010","TPL_010_EVENT_005","TPL_010_RUN_010","none","Burst","none","standalone_burst","TPL_010_PULSE_003",48.9178090886524,49.5564282669566,0.638619178304211,48.9854770137106,49.448056777399,0.46257976368841,85,89,5,4,5.64658617468446,4.93241150863469,FALSE,FALSE,"strong",5,"BQ_030",FALSE,5,4,"none","first_to_last_pulse_exposed_spike","PHENO_0048","clear_burst_like",3.12969464775764,"eligible","S0036",1,0.1,"holdout",4.89178090886524,4.95564282669566,0.0638619178304211,4.89854770137106,4.9448056777399,0.046257976368841
"TPL_010","TPL_010_EVENT_006","TPL_010_RUN_014","TPL_010_STATE_004","Burst","none","burst_in_hfs","TPL_010_PULSE_004",56.5731542131843,57.2717445151457,0.69859030196146,56.6739133657238,57.1624862130772,0.488572847353353,105,111,7,6,4.25765294601599,3.57282809726894,FALSE,FALSE,"moderate",7,"BQ_079",FALSE,8,14,"none","first_to_last_pulse_exposed_spike","PHENO_0049","clear_burst_like",2.40443703590706,"eligible","S0036",1,0.1,"holdout",5.65731542131843,5.72717445151457,0.069859030196146,5.66739133657238,5.71624862130772,0.0488572847353353
"TPL_010","TPL_010_EVENT_007","TPL_010_RUN_015","none","Pause","canonical","canonical","none",,,,62.5549963076104,66.7811515734968,4.22615526588633,125,126,2,1,,,FALSE,FALSE,"none",,"none",FALSE,0,0,"TPL_010_REGIME_01","observed_first_to_last_pause_boundary_spike","none","not_applicable",,"not_applicable","S0036",1,0.1,"holdout",,,,6.25549963076104,6.67811515734968,0.422615526588633
"TPL_010","TPL_010_EVENT_008","TPL_010_RUN_016","TPL_010_STATE_005","Burst","none","burst_in_hfs","TPL_010_PULSE_005",69.4634852668315,70.2684427625779,0.804957495746464,69.5721990311662,70.2610608444757,0.688861813309472,136,142,7,6,2.8394130548082,2.54740274008363,FALSE,FALSE,"weak",7,"BQ_080",FALSE,10,18,"none","first_to_last_pulse_exposed_spike","PHENO_0050","clear_burst_like",2.7270439402631,"eligible","S0036",1,0.1,"holdout",6.94634852668315,7.02684427625779,0.0804957495746464,6.95721990311662,7.02610608444757,0.0688861813309472
"TPL_010","TPL_010_EVENT_001","TPL_010_RUN_002","none","Pause","canonical","canonical","none",,,,7.39741868813936,11.5158661080938,4.11844741995446,14,15,2,1,,,FALSE,FALSE,"none",,"none",FALSE,0,0,"none","observed_first_to_last_pause_boundary_spike","none","not_applicable",,"not_applicable","S0027",4,0.4,"holdout",,,,2.95896747525574,4.60634644323753,1.64737896798179
"TPL_010","TPL_010_EVENT_002","TPL_010_RUN_004","none","Burst","none","standalone_burst","TPL_010_PULSE_001",15.0842566316549,15.6319926082639,0.547735976608928,15.1577902805039,15.6319926082639,0.474202327759997,19,22,4,3,3.16840837182805,2.98308402691036,FALSE,TRUE,"weak",4,"BQ_028",TRUE,3,0,"none","first_to_last_pulse_exposed_spike","PHENO_0046","clear_burst_like",3.02861669789332,"eligible","S0027",4,0.4,"holdout",6.03370265266197,6.25279704330554,0.219094390643571,6.06311611220154,6.25279704330554,0.189680931103999
"TPL_010","TPL_010_EVENT_003","TPL_010_RUN_006","none","Burst","none","standalone_burst","TPL_010_PULSE_002",16.1052845931668,16.970832760049,0.865548166882203,16.1052845931668,16.9172596760954,0.811975082928594,23,31,9,8,4.4286681406756,3.98303093761206,FALSE,TRUE,"moderate",9,"BQ_029",FALSE,0,4,"none","first_to_last_pulse_exposed_spike","PHENO_0047","clear_burst_like",5.61612298369111,"eligible","S0027",4,0.4,"holdout",6.44211383726672,6.7883331040196,0.346219266752881,6.44211383726672,6.76690387043816,0.324790033171438
"TPL_010","TPL_010_EVENT_004","TPL_010_RUN_008","none","Pause","complex_multi_gap","complex_multi_gap","none",,,,30.821456093794,38.3288854093163,7.50742931552231,47,50,4,3,,,FALSE,FALSE,"none",,"none",FALSE,0,0,"none","observed_first_to_last_pause_boundary_spike","none","not_applicable",,"not_applicable","S0027",4,0.4,"holdout",,,,12.3285824375176,15.3315541637265,3.00297172620893
"TPL_010","TPL_010_EVENT_005","TPL_010_RUN_010","none","Burst","none","standalone_burst","TPL_010_PULSE_003",48.9178090886524,49.5564282669566,0.638619178304211,48.9854770137106,49.448056777399,0.46257976368841,85,89,5,4,5.64658617468446,4.93241150863469,FALSE,FALSE,"strong",5,"BQ_030",FALSE,5,4,"none","first_to_last_pulse_exposed_spike","PHENO_0048","clear_burst_like",3.12969464775764,"eligible","S0027",4,0.4,"holdout",19.567123635461,19.8225713067826,0.255447671321684,19.5941908054842,19.7792227109596,0.185031905475364
"TPL_010","TPL_010_EVENT_006","TPL_010_RUN_014","TPL_010_STATE_004","Burst","none","burst_in_hfs","TPL_010_PULSE_004",56.5731542131843,57.2717445151457,0.69859030196146,56.6739133657238,57.1624862130772,0.488572847353353,105,111,7,6,4.25765294601599,3.57282809726894,FALSE,FALSE,"moderate",7,"BQ_079",FALSE,8,14,"none","first_to_last_pulse_exposed_spike","PHENO_0049","clear_burst_like",2.40443703590706,"eligible","S0027",4,0.4,"holdout",22.6292616852737,22.9086978060583,0.279436120784584,22.6695653462895,22.8649944852309,0.195429138941341
"TPL_010","TPL_010_EVENT_007","TPL_010_RUN_015","none","Pause","canonical","canonical","none",,,,62.5549963076104,66.7811515734968,4.22615526588633,125,126,2,1,,,FALSE,FALSE,"none",,"none",FALSE,0,0,"TPL_010_REGIME_01","observed_first_to_last_pause_boundary_spike","none","not_applicable",,"not_applicable","S0027",4,0.4,"holdout",,,,25.0219985230442,26.7124606293987,1.69046210635453
"TPL_010","TPL_010_EVENT_008","TPL_010_RUN_016","TPL_010_STATE_005","Burst","none","burst_in_hfs","TPL_010_PULSE_005",69.4634852668315,70.2684427625779,0.804957495746464,69.5721990311662,70.2610608444757,0.688861813309472,136,142,7,6,2.8394130548082,2.54740274008363,FALSE,FALSE,"weak",7,"BQ_080",FALSE,10,18,"none","first_to_last_pulse_exposed_spike","PHENO_0050","clear_burst_like",2.7270439402631,"eligible","S0027",4,0.4,"holdout",27.7853941067326,28.1073771050312,0.321982998298586,27.8288796124665,28.1044243377903,0.275544725323789
"TPL_010","TPL_010_EVENT_001","TPL_010_RUN_002","none","Pause","canonical","canonical","none",,,,7.39741868813936,11.5158661080938,4.11844741995446,14,15,2,1,,,FALSE,FALSE,"none",,"none",FALSE,0,0,"none","observed_first_to_last_pause_boundary_spike","none","not_applicable",,"not_applicable","S0002",10,1,"holdout",,,,7.39741868813936,11.5158661080938,4.11844741995446
"TPL_010","TPL_010_EVENT_002","TPL_010_RUN_004","none","Burst","none","standalone_burst","TPL_010_PULSE_001",15.0842566316549,15.6319926082639,0.547735976608928,15.1577902805039,15.6319926082639,0.474202327759997,19,22,4,3,3.16840837182805,2.98308402691036,FALSE,TRUE,"weak",4,"BQ_028",TRUE,3,0,"none","first_to_last_pulse_exposed_spike","PHENO_0046","clear_burst_like",3.02861669789332,"eligible","S0002",10,1,"holdout",15.0842566316549,15.6319926082639,0.547735976608928,15.1577902805039,15.6319926082639,0.474202327759997
"TPL_010","TPL_010_EVENT_003","TPL_010_RUN_006","none","Burst","none","standalone_burst","TPL_010_PULSE_002",16.1052845931668,16.970832760049,0.865548166882203,16.1052845931668,16.9172596760954,0.811975082928594,23,31,9,8,4.4286681406756,3.98303093761206,FALSE,TRUE,"moderate",9,"BQ_029",FALSE,0,4,"none","first_to_last_pulse_exposed_spike","PHENO_0047","clear_burst_like",5.61612298369111,"eligible","S0002",10,1,"holdout",16.1052845931668,16.970832760049,0.865548166882203,16.1052845931668,16.9172596760954,0.811975082928594
"TPL_010","TPL_010_EVENT_004","TPL_010_RUN_008","none","Pause","complex_multi_gap","complex_multi_gap","none",,,,30.821456093794,38.3288854093163,7.50742931552231,47,50,4,3,,,FALSE,FALSE,"none",,"none",FALSE,0,0,"none","observed_first_to_last_pause_boundary_spike","none","not_applicable",,"not_applicable","S0002",10,1,"holdout",,,,30.821456093794,38.3288854093163,7.50742931552231
"TPL_010","TPL_010_EVENT_005","TPL_010_RUN_010","none","Burst","none","standalone_burst","TPL_010_PULSE_003",48.9178090886524,49.5564282669566,0.638619178304211,48.9854770137106,49.448056777399,0.46257976368841,85,89,5,4,5.64658617468446,4.93241150863469,FALSE,FALSE,"strong",5,"BQ_030",FALSE,5,4,"none","first_to_last_pulse_exposed_spike","PHENO_0048","clear_burst_like",3.12969464775764,"eligible","S0002",10,1,"holdout",48.9178090886524,49.5564282669566,0.638619178304211,48.9854770137106,49.448056777399,0.46257976368841
"TPL_010","TPL_010_EVENT_006","TPL_010_RUN_014","TPL_010_STATE_004","Burst","none","burst_in_hfs","TPL_010_PULSE_004",56.5731542131843,57.2717445151457,0.69859030196146,56.6739133657238,57.1624862130772,0.488572847353353,105,111,7,6,4.25765294601599,3.57282809726894,FALSE,FALSE,"moderate",7,"BQ_079",FALSE,8,14,"none","first_to_last_pulse_exposed_spike","PHENO_0049","clear_burst_like",2.40443703590706,"eligible","S0002",10,1,"holdout",56.5731542131843,57.2717445151457,0.69859030196146,56.6739133657238,57.1624862130772,0.488572847353353
"TPL_010","TPL_010_EVENT_007","TPL_010_RUN_015","none","Pause","canonical","canonical","none",,,,62.5549963076104,66.7811515734968,4.22615526588633,125,126,2,1,,,FALSE,FALSE,"none",,"none",FALSE,0,0,"TPL_010_REGIME_01","observed_first_to_last_pause_boundary_spike","none","not_applicable",,"not_applicable","S0002",10,1,"holdout",,,,62.5549963076104,66.7811515734968,4.22615526588633
"TPL_010","TPL_010_EVENT_008","TPL_010_RUN_016","TPL_010_STATE_005","Burst","none","burst_in_hfs","TPL_010_PULSE_005",69.4634852668315,70.2684427625779,0.804957495746464,69.5721990311662,70.2610608444757,0.688861813309472,136,142,7,6,2.8394130548082,2.54740274008363,FALSE,FALSE,"weak",7,"BQ_080",FALSE,10,18,"none","first_to_last_pulse_exposed_spike","PHENO_0050","clear_burst_like",2.7270439402631,"eligible","S0002",10,1,"holdout",69.4634852668315,70.2684427625779,0.804957495746464,69.5721990311662,70.2610608444757,0.688861813309472
"TPL_011","TPL_011_EVENT_001","TPL_011_RUN_001","none","Pause","canonical","canonical","none",,,,0,4.15693224179558,4.15693224179558,1,2,2,1,,,FALSE,FALSE,"none",,"none",FALSE,0,0,"none","observed_first_to_last_pause_boundary_spike","none","not_applicable",,"not_applicable","S0050",1,0.1,"holdout",,,,0,0.415693224179559,0.415693224179559
"TPL_011","TPL_011_EVENT_002","TPL_011_RUN_003","TPL_011_STATE_001","Burst","none","burst_in_hfs","TPL_011_PULSE_001",9.42782786211265,10.2446770858194,0.816849223706791,9.45617673730222,10.1659544252118,0.709777687909547,18,25,8,7,3.57581517987966,3.08215132029727,FALSE,FALSE,"moderate",8,"BQ_081",FALSE,15,11,"none","first_to_last_pulse_exposed_spike","PHENO_0051","ambiguous_burst_like",2.10034717789297,"exclude_primary_include_sensitivity","S0050",1,0.1,"holdout",0.942782786211265,1.02446770858194,0.0816849223706791,0.945617673730222,1.01659544252118,0.0709777687909547
"TPL_011","TPL_011_EVENT_003","TPL_011_RUN_005","TPL_011_STATE_002","Burst","none","burst_in_hfs","TPL_011_PULSE_002",16.4595884059163,17.2116737025284,0.752085296612115,16.4905434604477,17.1804830189633,0.689939558515551,49,56,8,7,3.00738925385351,2.63761405386031,FALSE,FALSE,"weak",8,"BQ_082",FALSE,12,15,"none","first_to_last_pulse_exposed_spike","PHENO_0052","clear_burst_like",2.5605748425947,"eligible","S0050",1,0.1,"holdout",1.64595884059163,1.72116737025284,0.0752085296612116,1.64905434604477,1.71804830189633,0.0689939558515551
"TPL_011","TPL_011_EVENT_004","TPL_011_RUN_009","none","Burst","none","standalone_burst","TPL_011_PULSE_003",31.630116769267,32.5301167692669,0.899999999999999,31.6575935697495,32.4913772293442,0.833783659594744,92,99,8,7,3.1647250644881,2.92836743500084,FALSE,FALSE,"weak",8,"BQ_031",FALSE,7,6,"none","first_to_last_pulse_exposed_spike","PHENO_0053","clear_burst_like",3.7175258317129,"eligible","S0050",1,0.1,"holdout",3.1630116769267,3.2530116769267,0.0899999999999999,3.16575935697495,3.24913772293442,0.0833783659594744
"TPL_011","TPL_011_EVENT_005","TPL_011_RUN_013","none","Pause","canonical","canonical","none",,,,49.547740065319,52.4736074759751,2.92586741065607,141,142,2,1,,,FALSE,FALSE,"none",,"none",FALSE,0,0,"none","observed_first_to_last_pause_boundary_spike","none","not_applicable",,"not_applicable","S0050",1,0.1,"holdout",,,,4.9547740065319,5.24736074759751,0.292586741065607
"TPL_011","TPL_011_EVENT_006","TPL_011_RUN_015","none","Burst","none","standalone_burst","TPL_011_PULSE_004",58.8562216039935,59.5893483037008,0.733126699707263,58.9614471748536,59.5893483037008,0.627901128847121,153,157,5,4,3.62167336841219,3.30124706192873,FALSE,TRUE,"moderate",5,"BQ_032",FALSE,8,0,"none","first_to_last_pulse_exposed_spike","PHENO_0054","clear_burst_like",2.26044387234003,"eligible","S0050",1,0.1,"holdout",5.88562216039935,5.95893483037008,0.0733126699707263,5.89614471748536,5.95893483037008,0.0627901128847121
"TPL_011","TPL_011_EVENT_007","TPL_011_RUN_017","none","Burst","none","standalone_burst","TPL_011_PULSE_005",60.1566883998812,60.6894579163219,0.532769516440652,60.1566883998812,60.6352194478596,0.478531047978393,158,163,6,5,6.21507176235693,5.25544482585974,FALSE,TRUE,"strong",6,"BQ_033",FALSE,0,3,"none","first_to_last_pulse_exposed_spike","PHENO_0055","clear_burst_like",4.28723047020066,"eligible","S0050",1,0.1,"holdout",6.01566883998813,6.06894579163219,0.0532769516440652,6.01566883998813,6.06352194478596,0.0478531047978393
"TPL_011","TPL_011_EVENT_001","TPL_011_RUN_001","none","Pause","canonical","canonical","none",,,,0,4.15693224179558,4.15693224179558,1,2,2,1,,,FALSE,FALSE,"none",,"none",FALSE,0,0,"none","observed_first_to_last_pause_boundary_spike","none","not_applicable",,"not_applicable","S0034",4,0.4,"holdout",,,,0,1.66277289671823,1.66277289671823
"TPL_011","TPL_011_EVENT_002","TPL_011_RUN_003","TPL_011_STATE_001","Burst","none","burst_in_hfs","TPL_011_PULSE_001",9.42782786211265,10.2446770858194,0.816849223706791,9.45617673730222,10.1659544252118,0.709777687909547,18,25,8,7,3.57581517987966,3.08215132029727,FALSE,FALSE,"moderate",8,"BQ_081",FALSE,15,11,"none","first_to_last_pulse_exposed_spike","PHENO_0051","ambiguous_burst_like",2.10034717789297,"exclude_primary_include_sensitivity","S0034",4,0.4,"holdout",3.77113114484506,4.09787083432778,0.326739689482717,3.78247069492089,4.06638177008471,0.283911075163819
"TPL_011","TPL_011_EVENT_003","TPL_011_RUN_005","TPL_011_STATE_002","Burst","none","burst_in_hfs","TPL_011_PULSE_002",16.4595884059163,17.2116737025284,0.752085296612115,16.4905434604477,17.1804830189633,0.689939558515551,49,56,8,7,3.00738925385351,2.63761405386031,FALSE,FALSE,"weak",8,"BQ_082",FALSE,12,15,"none","first_to_last_pulse_exposed_spike","PHENO_0052","clear_burst_like",2.5605748425947,"eligible","S0034",4,0.4,"holdout",6.5838353623665,6.88466948101135,0.300834118644846,6.59621738417908,6.8721932075853,0.27597582340622
"TPL_011","TPL_011_EVENT_004","TPL_011_RUN_009","none","Burst","none","standalone_burst","TPL_011_PULSE_003",31.630116769267,32.5301167692669,0.899999999999999,31.6575935697495,32.4913772293442,0.833783659594744,92,99,8,7,3.1647250644881,2.92836743500084,FALSE,FALSE,"weak",8,"BQ_031",FALSE,7,6,"none","first_to_last_pulse_exposed_spike","PHENO_0053","clear_burst_like",3.7175258317129,"eligible","S0034",4,0.4,"holdout",12.6520467077068,13.0120467077068,0.359999999999999,12.6630374278998,12.9965508917377,0.333513463837897
"TPL_011","TPL_011_EVENT_005","TPL_011_RUN_013","none","Pause","canonical","canonical","none",,,,49.547740065319,52.4736074759751,2.92586741065607,141,142,2,1,,,FALSE,FALSE,"none",,"none",FALSE,0,0,"none","observed_first_to_last_pause_boundary_spike","none","not_applicable",,"not_applicable","S0034",4,0.4,"holdout",,,,19.8190960261276,20.98944299039,1.17034696426243
"TPL_011","TPL_011_EVENT_006","TPL_011_RUN_015","none","Burst","none","standalone_burst","TPL_011_PULSE_004",58.8562216039935,59.5893483037008,0.733126699707263,58.9614471748536,59.5893483037008,0.627901128847121,153,157,5,4,3.62167336841219,3.30124706192873,FALSE,TRUE,"moderate",5,"BQ_032",FALSE,8,0,"none","first_to_last_pulse_exposed_spike","PHENO_0054","clear_burst_like",2.26044387234003,"eligible","S0034",4,0.4,"holdout",23.5424886415974,23.8357393214803,0.293250679882905,23.5845788699415,23.8357393214803,0.251160451538848
"TPL_011","TPL_011_EVENT_007","TPL_011_RUN_017","none","Burst","none","standalone_burst","TPL_011_PULSE_005",60.1566883998812,60.6894579163219,0.532769516440652,60.1566883998812,60.6352194478596,0.478531047978393,158,163,6,5,6.21507176235693,5.25544482585974,FALSE,TRUE,"strong",6,"BQ_033",FALSE,0,3,"none","first_to_last_pulse_exposed_spike","PHENO_0055","clear_burst_like",4.28723047020066,"eligible","S0034",4,0.4,"holdout",24.0626753599525,24.2757831665288,0.213107806576261,24.0626753599525,24.2540877791439,0.191412419191357
"TPL_011","TPL_011_EVENT_001","TPL_011_RUN_001","none","Pause","canonical","canonical","none",,,,0,4.15693224179558,4.15693224179558,1,2,2,1,,,FALSE,FALSE,"none",,"none",FALSE,0,0,"none","observed_first_to_last_pause_boundary_spike","none","not_applicable",,"not_applicable","S0046",10,1,"holdout",,,,0,4.15693224179558,4.15693224179558
"TPL_011","TPL_011_EVENT_002","TPL_011_RUN_003","TPL_011_STATE_001","Burst","none","burst_in_hfs","TPL_011_PULSE_001",9.42782786211265,10.2446770858194,0.816849223706791,9.45617673730222,10.1659544252118,0.709777687909547,18,25,8,7,3.57581517987966,3.08215132029727,FALSE,FALSE,"moderate",8,"BQ_081",FALSE,15,11,"none","first_to_last_pulse_exposed_spike","PHENO_0051","ambiguous_burst_like",2.10034717789297,"exclude_primary_include_sensitivity","S0046",10,1,"holdout",9.42782786211265,10.2446770858194,0.816849223706791,9.45617673730222,10.1659544252118,0.709777687909547
"TPL_011","TPL_011_EVENT_003","TPL_011_RUN_005","TPL_011_STATE_002","Burst","none","burst_in_hfs","TPL_011_PULSE_002",16.4595884059163,17.2116737025284,0.752085296612115,16.4905434604477,17.1804830189633,0.689939558515551,49,56,8,7,3.00738925385351,2.63761405386031,FALSE,FALSE,"weak",8,"BQ_082",FALSE,12,15,"none","first_to_last_pulse_exposed_spike","PHENO_0052","clear_burst_like",2.5605748425947,"eligible","S0046",10,1,"holdout",16.4595884059163,17.2116737025284,0.752085296612115,16.4905434604477,17.1804830189633,0.689939558515551
"TPL_011","TPL_011_EVENT_004","TPL_011_RUN_009","none","Burst","none","standalone_burst","TPL_011_PULSE_003",31.630116769267,32.5301167692669,0.899999999999999,31.6575935697495,32.4913772293442,0.833783659594744,92,99,8,7,3.1647250644881,2.92836743500084,FALSE,FALSE,"weak",8,"BQ_031",FALSE,7,6,"none","first_to_last_pulse_exposed_spike","PHENO_0053","clear_burst_like",3.7175258317129,"eligible","S0046",10,1,"holdout",31.630116769267,32.5301167692669,0.899999999999999,31.6575935697495,32.4913772293442,0.833783659594744
"TPL_011","TPL_011_EVENT_005","TPL_011_RUN_013","none","Pause","canonical","canonical","none",,,,49.547740065319,52.4736074759751,2.92586741065607,141,142,2,1,,,FALSE,FALSE,"none",,"none",FALSE,0,0,"none","observed_first_to_last_pause_boundary_spike","none","not_applicable",,"not_applicable","S0046",10,1,"holdout",,,,49.547740065319,52.4736074759751,2.92586741065607
"TPL_011","TPL_011_EVENT_006","TPL_011_RUN_015","none","Burst","none","standalone_burst","TPL_011_PULSE_004",58.8562216039935,59.5893483037008,0.733126699707263,58.9614471748536,59.5893483037008,0.627901128847121,153,157,5,4,3.62167336841219,3.30124706192873,FALSE,TRUE,"moderate",5,"BQ_032",FALSE,8,0,"none","first_to_last_pulse_exposed_spike","PHENO_0054","clear_burst_like",2.26044387234003,"eligible","S0046",10,1,"holdout",58.8562216039935,59.5893483037008,0.733126699707263,58.9614471748536,59.5893483037008,0.627901128847121
"TPL_011","TPL_011_EVENT_007","TPL_011_RUN_017","none","Burst","none","standalone_burst","TPL_011_PULSE_005",60.1566883998812,60.6894579163219,0.532769516440652,60.1566883998812,60.6352194478596,0.478531047978393,158,163,6,5,6.21507176235693,5.25544482585974,FALSE,TRUE,"strong",6,"BQ_033",FALSE,0,3,"none","first_to_last_pulse_exposed_spike","PHENO_0055","clear_burst_like",4.28723047020066,"eligible","S0046",10,1,"holdout",60.1566883998812,60.6894579163219,0.532769516440652,60.1566883998812,60.6352194478596,0.478531047978393
"TPL_012","TPL_012_EVENT_001","TPL_012_RUN_002","none","Pause","complex_multi_gap","complex_multi_gap","none",,,,6.1656131270975,13.3892428911925,7.22362976409495,16,19,4,3,,,FALSE,FALSE,"none",,"none",FALSE,0,0,"none","observed_first_to_last_pause_boundary_spike","none","not_applicable",,"not_applicable","S0016",1,0.1,"holdout",,,,0.61656131270975,1.33892428911925,0.722362976409495
"TPL_012","TPL_012_EVENT_002","TPL_012_RUN_004","none","Pause","canonical","canonical","none",,,,21.8134491164158,24.7803149057008,2.96686578928493,33,34,2,1,,,FALSE,FALSE,"none",,"none",FALSE,0,0,"none","observed_first_to_last_pause_boundary_spike","none","not_applicable",,"not_applicable","S0016",1,0.1,"holdout",,,,2.18134491164158,2.47803149057008,0.296686578928493
"TPL_012","TPL_012_EVENT_003","TPL_012_RUN_007","none","Burst","none","standalone_burst","TPL_012_PULSE_001",36.1660900686545,37.0660900686545,0.899999999999999,36.3868237889012,36.9951045137611,0.608280724859945,60,65,6,5,4.11061210130848,3.694744406268,FALSE,FALSE,"moderate",6,"BQ_035",FALSE,4,5,"none","first_to_last_pulse_exposed_spike","PHENO_0056","clear_burst_like",4.54250199075616,"eligible","S0016",1,0.1,"holdout",3.61660900686545,3.70660900686545,0.0899999999999999,3.63868237889012,3.69951045137611,0.0608280724859945
"TPL_012","TPL_012_EVENT_004","TPL_012_RUN_009","none","Burst","none","standalone_burst","TPL_012_PULSE_002",44.8666416463824,45.591152089845,0.724510443462599,44.8811108955335,45.591152089845,0.710041194311465,79,85,7,6,5.9412736175675,5.13091264583636,FALSE,TRUE,"strong",7,"BQ_036",FALSE,6,0,"none","first_to_last_pulse_exposed_spike","PHENO_0057","clear_burst_like",3.09551796753846,"eligible","S0016",1,0.1,"holdout",4.48666416463824,4.5591152089845,0.0724510443462599,4.48811108955335,4.5591152089845,0.0710041194311465
"TPL_012","TPL_012_EVENT_005","TPL_012_RUN_011","none","Burst","none","standalone_burst","TPL_012_PULSE_003",46.0771071534246,46.8640201327612,0.786912979336641,46.0771071534246,46.7360454096027,0.658938256178139,86,94,9,8,3.19389394549383,2.97791508194059,FALSE,TRUE,"weak",9,"BQ_034",FALSE,0,5,"none","first_to_last_pulse_exposed_spike","PHENO_0058","clear_burst_like",5.3717373767829,"eligible","S0016",1,0.1,"holdout",4.60771071534246,4.68640201327612,0.0786912979336641,4.60771071534246,4.67360454096027,0.0658938256178139
"TPL_012","TPL_012_EVENT_006","TPL_012_RUN_012","TPL_012_STATE_004","Burst","none","burst_in_hfs","TPL_012_PULSE_004",51.7110067378427,52.5504232891748,0.839416551332064,51.7359465590171,52.4326998800314,0.696753321014377,109,117,9,8,3.69197087280929,3.12376183900051,FALSE,FALSE,"moderate",9,"BQ_083",FALSE,10,14,"none","first_to_last_pulse_exposed_spike","PHENO_0059","clear_burst_like",2.36822266464592,"eligible","S0016",1,0.1,"holdout",5.17110067378427,5.25504232891748,0.0839416551332064,5.17359465590171,5.24326998800314,0.0696753321014377
"TPL_012","TPL_012_EVENT_007","TPL_012_RUN_013","none","Pause","canonical","canonical","none",,,,56.71126076637,59.871953187065,3.16069242069498,131,132,2,1,,,FALSE,FALSE,"none",,"none",FALSE,0,0,"TPL_012_REGIME_01","observed_first_to_last_pause_boundary_spike","none","not_applicable",,"not_applicable","S0016",1,0.1,"holdout",,,,5.671126076637,5.9871953187065,0.316069242069498
"TPL_012","TPL_012_EVENT_008","TPL_012_RUN_014","TPL_012_STATE_005","Burst","none","burst_in_hfs","TPL_012_PULSE_005",62.076301202268,62.3502930521907,0.27399184992273,62.185380485132,62.3286983964649,0.143317911332929,140,143,4,3,5.34238323282867,4.17171789507847,FALSE,FALSE,"strong",4,"BQ_084",TRUE,8,20,"none","first_to_last_pulse_exposed_spike","PHENO_0060","clear_burst_like",3.95132532863195,"eligible","S0016",1,0.1,"holdout",6.2076301202268,6.23502930521907,0.027399184992273,6.2185380485132,6.23286983964649,0.0143317911332929
"TPL_012","TPL_012_EVENT_001","TPL_012_RUN_002","none","Pause","complex_multi_gap","complex_multi_gap","none",,,,6.1656131270975,13.3892428911925,7.22362976409495,16,19,4,3,,,FALSE,FALSE,"none",,"none",FALSE,0,0,"none","observed_first_to_last_pause_boundary_spike","none","not_applicable",,"not_applicable","S0031",4,0.4,"holdout",,,,2.466245250839,5.35569715647698,2.88945190563798
"TPL_012","TPL_012_EVENT_002","TPL_012_RUN_004","none","Pause","canonical","canonical","none",,,,21.8134491164158,24.7803149057008,2.96686578928493,33,34,2,1,,,FALSE,FALSE,"none",,"none",FALSE,0,0,"none","observed_first_to_last_pause_boundary_spike","none","not_applicable",,"not_applicable","S0031",4,0.4,"holdout",,,,8.72537964656633,9.91212596228031,1.18674631571397
"TPL_012","TPL_012_EVENT_003","TPL_012_RUN_007","none","Burst","none","standalone_burst","TPL_012_PULSE_001",36.1660900686545,37.0660900686545,0.899999999999999,36.3868237889012,36.9951045137611,0.608280724859945,60,65,6,5,4.11061210130848,3.694744406268,FALSE,FALSE,"moderate",6,"BQ_035",FALSE,4,5,"none","first_to_last_pulse_exposed_spike","PHENO_0056","clear_burst_like",4.54250199075616,"eligible","S0031",4,0.4,"holdout",14.4664360274618,14.8264360274618,0.359999999999999,14.5547295155605,14.7980418055044,0.243312289943978
"TPL_012","TPL_012_EVENT_004","TPL_012_RUN_009","none","Burst","none","standalone_burst","TPL_012_PULSE_002",44.8666416463824,45.591152089845,0.724510443462599,44.8811108955335,45.591152089845,0.710041194311465,79,85,7,6,5.9412736175675,5.13091264583636,FALSE,TRUE,"strong",7,"BQ_036",FALSE,6,0,"none","first_to_last_pulse_exposed_spike","PHENO_0057","clear_burst_like",3.09551796753846,"eligible","S0031",4,0.4,"holdout",17.946656658553,18.236460835938,0.289804177385039,17.9524443582134,18.236460835938,0.284016477724586
"TPL_012","TPL_012_EVENT_005","TPL_012_RUN_011","none","Burst","none","standalone_burst","TPL_012_PULSE_003",46.0771071534246,46.8640201327612,0.786912979336641,46.0771071534246,46.7360454096027,0.658938256178139,86,94,9,8,3.19389394549383,2.97791508194059,FALSE,TRUE,"weak",9,"BQ_034",FALSE,0,5,"none","first_to_last_pulse_exposed_spike","PHENO_0058","clear_burst_like",5.3717373767829,"eligible","S0031",4,0.4,"holdout",18.4308428613698,18.7456080531045,0.314765191734657,18.4308428613698,18.6944181638411,0.263575302471256
"TPL_012","TPL_012_EVENT_006","TPL_012_RUN_012","TPL_012_STATE_004","Burst","none","burst_in_hfs","TPL_012_PULSE_004",51.7110067378427,52.5504232891748,0.839416551332064,51.7359465590171,52.4326998800314,0.696753321014377,109,117,9,8,3.69197087280929,3.12376183900051,FALSE,FALSE,"moderate",9,"BQ_083",FALSE,10,14,"none","first_to_last_pulse_exposed_spike","PHENO_0059","clear_burst_like",2.36822266464592,"eligible","S0031",4,0.4,"holdout",20.6844026951371,21.0201693156699,0.335766620532826,20.6943786236068,20.9730799520126,0.278701328405751
"TPL_012","TPL_012_EVENT_007","TPL_012_RUN_013","none","Pause","canonical","canonical","none",,,,56.71126076637,59.871953187065,3.16069242069498,131,132,2,1,,,FALSE,FALSE,"none",,"none",FALSE,0,0,"TPL_012_REGIME_01","observed_first_to_last_pause_boundary_spike","none","not_applicable",,"not_applicable","S0031",4,0.4,"holdout",,,,22.684504306548,23.948781274826,1.26427696827799
"TPL_012","TPL_012_EVENT_008","TPL_012_RUN_014","TPL_012_STATE_005","Burst","none","burst_in_hfs","TPL_012_PULSE_005",62.076301202268,62.3502930521907,0.27399184992273,62.185380485132,62.3286983964649,0.143317911332929,140,143,4,3,5.34238323282867,4.17171789507847,FALSE,FALSE,"strong",4,"BQ_084",TRUE,8,20,"none","first_to_last_pulse_exposed_spike","PHENO_0060","clear_burst_like",3.95132532863195,"eligible","S0031",4,0.4,"holdout",24.8305204809072,24.9401172208763,0.109596739969092,24.8741521940528,24.931479358586,0.0573271645331715
"TPL_012","TPL_012_EVENT_001","TPL_012_RUN_002","none","Pause","complex_multi_gap","complex_multi_gap","none",,,,6.1656131270975,13.3892428911925,7.22362976409495,16,19,4,3,,,FALSE,FALSE,"none",,"none",FALSE,0,0,"none","observed_first_to_last_pause_boundary_spike","none","not_applicable",,"not_applicable","S0057",10,1,"holdout",,,,6.1656131270975,13.3892428911925,7.22362976409495
"TPL_012","TPL_012_EVENT_002","TPL_012_RUN_004","none","Pause","canonical","canonical","none",,,,21.8134491164158,24.7803149057008,2.96686578928493,33,34,2,1,,,FALSE,FALSE,"none",,"none",FALSE,0,0,"none","observed_first_to_last_pause_boundary_spike","none","not_applicable",,"not_applicable","S0057",10,1,"holdout",,,,21.8134491164158,24.7803149057008,2.96686578928493
"TPL_012","TPL_012_EVENT_003","TPL_012_RUN_007","none","Burst","none","standalone_burst","TPL_012_PULSE_001",36.1660900686545,37.0660900686545,0.899999999999999,36.3868237889012,36.9951045137611,0.608280724859945,60,65,6,5,4.11061210130848,3.694744406268,FALSE,FALSE,"moderate",6,"BQ_035",FALSE,4,5,"none","first_to_last_pulse_exposed_spike","PHENO_0056","clear_burst_like",4.54250199075616,"eligible","S0057",10,1,"holdout",36.1660900686545,37.0660900686545,0.899999999999999,36.3868237889012,36.9951045137611,0.608280724859945
"TPL_012","TPL_012_EVENT_004","TPL_012_RUN_009","none","Burst","none","standalone_burst","TPL_012_PULSE_002",44.8666416463824,45.591152089845,0.724510443462599,44.8811108955335,45.591152089845,0.710041194311465,79,85,7,6,5.9412736175675,5.13091264583636,FALSE,TRUE,"strong",7,"BQ_036",FALSE,6,0,"none","first_to_last_pulse_exposed_spike","PHENO_0057","clear_burst_like",3.09551796753846,"eligible","S0057",10,1,"holdout",44.8666416463824,45.591152089845,0.724510443462599,44.8811108955335,45.591152089845,0.710041194311465
"TPL_012","TPL_012_EVENT_005","TPL_012_RUN_011","none","Burst","none","standalone_burst","TPL_012_PULSE_003",46.0771071534246,46.8640201327612,0.786912979336641,46.0771071534246,46.7360454096027,0.658938256178139,86,94,9,8,3.19389394549383,2.97791508194059,FALSE,TRUE,"weak",9,"BQ_034",FALSE,0,5,"none","first_to_last_pulse_exposed_spike","PHENO_0058","clear_burst_like",5.3717373767829,"eligible","S0057",10,1,"holdout",46.0771071534246,46.8640201327612,0.786912979336641,46.0771071534246,46.7360454096027,0.658938256178139
"TPL_012","TPL_012_EVENT_006","TPL_012_RUN_012","TPL_012_STATE_004","Burst","none","burst_in_hfs","TPL_012_PULSE_004",51.7110067378427,52.5504232891748,0.839416551332064,51.7359465590171,52.4326998800314,0.696753321014377,109,117,9,8,3.69197087280929,3.12376183900051,FALSE,FALSE,"moderate",9,"BQ_083",FALSE,10,14,"none","first_to_last_pulse_exposed_spike","PHENO_0059","clear_burst_like",2.36822266464592,"eligible","S0057",10,1,"holdout",51.7110067378427,52.5504232891748,0.839416551332064,51.7359465590171,52.4326998800314,0.696753321014377
"TPL_012","TPL_012_EVENT_007","TPL_012_RUN_013","none","Pause","canonical","canonical","none",,,,56.71126076637,59.871953187065,3.16069242069498,131,132,2,1,,,FALSE,FALSE,"none",,"none",FALSE,0,0,"TPL_012_REGIME_01","observed_first_to_last_pause_boundary_spike","none","not_applicable",,"not_applicable","S0057",10,1,"holdout",,,,56.71126076637,59.871953187065,3.16069242069498
"TPL_012","TPL_012_EVENT_008","TPL_012_RUN_014","TPL_012_STATE_005","Burst","none","burst_in_hfs","TPL_012_PULSE_005",62.076301202268,62.3502930521907,0.27399184992273,62.185380485132,62.3286983964649,0.143317911332929,140,143,4,3,5.34238323282867,4.17171789507847,FALSE,FALSE,"strong",4,"BQ_084",TRUE,8,20,"none","first_to_last_pulse_exposed_spike","PHENO_0060","clear_burst_like",3.95132532863195,"eligible","S0057",10,1,"holdout",62.076301202268,62.3502930521907,0.27399184992273,62.185380485132,62.3286983964649,0.143317911332929
"TPL_013","TPL_013_EVENT_001","TPL_013_RUN_001","none","Burst","none","standalone_burst","TPL_013_PULSE_001",2.50754996349569,3.28263657049905,0.775086607003351,2.53513482304245,3.28263657049905,0.747501747456592,5,9,5,4,2.82371810656114,2.65564907882363,FALSE,TRUE,"weak",5,"BQ_037",FALSE,4,0,"none","first_to_last_pulse_exposed_spike","PHENO_0061","clear_burst_like",3.18802467825774,"eligible","S0012",1,0.1,"holdout",0.250754996349569,0.328263657049905,0.0775086607003351,0.253513482304245,0.328263657049905,0.0747501747456592
"TPL_013","TPL_013_EVENT_002","TPL_013_RUN_003","none","Burst","none","standalone_burst","TPL_013_PULSE_002",3.9090146944764,4.77949807873418,0.870483384257776,3.9090146944764,4.67903480666519,0.770020112188792,10,16,7,6,4.34598919493823,3.89595348923467,FALSE,TRUE,"moderate",7,"BQ_038",FALSE,0,3,"none","first_to_last_pulse_exposed_spike","PHENO_0062","clear_burst_like",4.84958782856167,"eligible","S0012",1,0.1,"holdout",0.39090146944764,0.477949807873418,0.0870483384257776,0.39090146944764,0.467903480666519,0.0770020112188792
"TPL_013","TPL_013_EVENT_003","TPL_013_RUN_004","none","Pause","canonical","canonical","none",,,,7.122263345744,12.1022229756857,4.97995962994173,19,20,2,1,,,FALSE,FALSE,"none",,"none",FALSE,0,0,"none","observed_first_to_last_pause_boundary_spike","none","not_applicable",,"not_applicable","S0012",1,0.1,"holdout",,,,0.7122263345744,1.21022229756857,0.497995962994173
"TPL_013","TPL_013_EVENT_004","TPL_013_RUN_007","none","Pause","canonical","canonical","none",,,,22.5807377222604,26.7485475634834,4.16780984122306,32,33,2,1,,,FALSE,FALSE,"none",,"none",FALSE,0,0,"none","observed_first_to_last_pause_boundary_spike","none","not_applicable",,"not_applicable","S0012",1,0.1,"holdout",,,,2.25807377222604,2.67485475634834,0.416780984122306
"TPL_013","TPL_013_EVENT_005","TPL_013_RUN_009","TPL_013_STATE_002","Burst","none","burst_in_hfs","TPL_013_PULSE_003",30.6412794107557,31.2549228599406,0.613643449184863,30.6680035553941,31.241028432819,0.573024877424817,46,54,9,8,5.01413912332902,4.04411564359907,FALSE,FALSE,"strong",9,"BQ_086",FALSE,11,14,"none","first_to_last_pulse_exposed_spike","PHENO_0063","clear_burst_like",4.88800774860628,"eligible","S0012",1,0.1,"holdout",3.06412794107557,3.12549228599406,0.0613643449184863,3.06680035553941,3.1241028432819,0.0573024877424817
"TPL_013","TPL_013_EVENT_006","TPL_013_RUN_011","none","Burst","none","standalone_burst","TPL_013_PULSE_004",43.5011002469489,44.4011002469489,0.899999999999999,43.5894350534252,44.2687354137736,0.679300360348449,75,82,8,7,5.92214704262218,5.16470479557756,FALSE,FALSE,"strong",8,"BQ_039",FALSE,4,4,"none","first_to_last_pulse_exposed_spike","PHENO_0064","clear_burst_like",6.56595465446463,"eligible","S0012",1,0.1,"holdout",4.35011002469489,4.44011002469489,0.0899999999999999,4.35894350534252,4.42687354137736,0.0679300360348449
"TPL_013","TPL_013_EVENT_007","TPL_013_RUN_017","TPL_013_STATE_005","Burst","none","burst_in_hfs","TPL_013_PULSE_005",66.0702963272809,66.4155213105426,0.345224983261716,66.1078747757234,66.3660177767477,0.258143001024223,141,145,5,4,4.03147143760093,3.14374785381369,FALSE,FALSE,"moderate",5,"BQ_085",FALSE,16,9,"none","first_to_last_pulse_exposed_spike","PHENO_0065","clear_burst_like",2.71445654985174,"eligible","S0012",1,0.1,"holdout",6.60702963272809,6.64155213105426,0.0345224983261716,6.61078747757234,6.63660177767477,0.0258143001024223
"TPL_013","TPL_013_EVENT_001","TPL_013_RUN_001","none","Burst","none","standalone_burst","TPL_013_PULSE_001",2.50754996349569,3.28263657049905,0.775086607003351,2.53513482304245,3.28263657049905,0.747501747456592,5,9,5,4,2.82371810656114,2.65564907882363,FALSE,TRUE,"weak",5,"BQ_037",FALSE,4,0,"none","first_to_last_pulse_exposed_spike","PHENO_0061","clear_burst_like",3.18802467825774,"eligible","S0022",4,0.4,"holdout",1.00301998539828,1.31305462819962,0.31003464280134,1.01405392921698,1.31305462819962,0.299000698982637
"TPL_013","TPL_013_EVENT_002","TPL_013_RUN_003","none","Burst","none","standalone_burst","TPL_013_PULSE_002",3.9090146944764,4.77949807873418,0.870483384257776,3.9090146944764,4.67903480666519,0.770020112188792,10,16,7,6,4.34598919493823,3.89595348923467,FALSE,TRUE,"moderate",7,"BQ_038",FALSE,0,3,"none","first_to_last_pulse_exposed_spike","PHENO_0062","clear_burst_like",4.84958782856167,"eligible","S0022",4,0.4,"holdout",1.56360587779056,1.91179923149367,0.34819335370311,1.56360587779056,1.87161392266608,0.308008044875517
"TPL_013","TPL_013_EVENT_003","TPL_013_RUN_004","none","Pause","canonical","canonical","none",,,,7.122263345744,12.1022229756857,4.97995962994173,19,20,2,1,,,FALSE,FALSE,"none",,"none",FALSE,0,0,"none","observed_first_to_last_pause_boundary_spike","none","not_applicable",,"not_applicable","S0022",4,0.4,"holdout",,,,2.8489053382976,4.8408891902743,1.99198385197669
"TPL_013","TPL_013_EVENT_004","TPL_013_RUN_007","none","Pause","canonical","canonical","none",,,,22.5807377222604,26.7485475634834,4.16780984122306,32,33,2,1,,,FALSE,FALSE,"none",,"none",FALSE,0,0,"none","observed_first_to_last_pause_boundary_spike","none","not_applicable",,"not_applicable","S0022",4,0.4,"holdout",,,,9.03229508890415,10.6994190253934,1.66712393648922
"TPL_013","TPL_013_EVENT_005","TPL_013_RUN_009","TPL_013_STATE_002","Burst","none","burst_in_hfs","TPL_013_PULSE_003",30.6412794107557,31.2549228599406,0.613643449184863,30.6680035553941,31.241028432819,0.573024877424817,46,54,9,8,5.01413912332902,4.04411564359907,FALSE,FALSE,"strong",9,"BQ_086",FALSE,11,14,"none","first_to_last_pulse_exposed_spike","PHENO_0063","clear_burst_like",4.88800774860628,"eligible","S0022",4,0.4,"holdout",12.2565117643023,12.5019691439762,0.245457379673945,12.2672014221577,12.4964113731276,0.229209950969927
"TPL_013","TPL_013_EVENT_006","TPL_013_RUN_011","none","Burst","none","standalone_burst","TPL_013_PULSE_004",43.5011002469489,44.4011002469489,0.899999999999999,43.5894350534252,44.2687354137736,0.679300360348449,75,82,8,7,5.92214704262218,5.16470479557756,FALSE,FALSE,"strong",8,"BQ_039",FALSE,4,4,"none","first_to_last_pulse_exposed_spike","PHENO_0064","clear_burst_like",6.56595465446463,"eligible","S0022",4,0.4,"holdout",17.4004400987796,17.7604400987796,0.359999999999999,17.4357740213701,17.7074941655095,0.27172014413938
"TPL_013","TPL_013_EVENT_007","TPL_013_RUN_017","TPL_013_STATE_005","Burst","none","burst_in_hfs","TPL_013_PULSE_005",66.0702963272809,66.4155213105426,0.345224983261716,66.1078747757234,66.3660177767477,0.258143001024223,141,145,5,4,4.03147143760093,3.14374785381369,FALSE,FALSE,"moderate",5,"BQ_085",FALSE,16,9,"none","first_to_last_pulse_exposed_spike","PHENO_0065","clear_burst_like",2.71445654985174,"eligible","S0022",4,0.4,"holdout",26.4281185309124,26.566208524217,0.138089993304686,26.4431499102894,26.5464071106991,0.103257200409689
"TPL_013","TPL_013_EVENT_001","TPL_013_RUN_001","none","Burst","none","standalone_burst","TPL_013_PULSE_001",2.50754996349569,3.28263657049905,0.775086607003351,2.53513482304245,3.28263657049905,0.747501747456592,5,9,5,4,2.82371810656114,2.65564907882363,FALSE,TRUE,"weak",5,"BQ_037",FALSE,4,0,"none","first_to_last_pulse_exposed_spike","PHENO_0061","clear_burst_like",3.18802467825774,"eligible","S0053",10,1,"holdout",2.50754996349569,3.28263657049905,0.775086607003351,2.53513482304245,3.28263657049905,0.747501747456592
"TPL_013","TPL_013_EVENT_002","TPL_013_RUN_003","none","Burst","none","standalone_burst","TPL_013_PULSE_002",3.9090146944764,4.77949807873418,0.870483384257776,3.9090146944764,4.67903480666519,0.770020112188792,10,16,7,6,4.34598919493823,3.89595348923467,FALSE,TRUE,"moderate",7,"BQ_038",FALSE,0,3,"none","first_to_last_pulse_exposed_spike","PHENO_0062","clear_burst_like",4.84958782856167,"eligible","S0053",10,1,"holdout",3.9090146944764,4.77949807873418,0.870483384257776,3.9090146944764,4.67903480666519,0.770020112188792
"TPL_013","TPL_013_EVENT_003","TPL_013_RUN_004","none","Pause","canonical","canonical","none",,,,7.122263345744,12.1022229756857,4.97995962994173,19,20,2,1,,,FALSE,FALSE,"none",,"none",FALSE,0,0,"none","observed_first_to_last_pause_boundary_spike","none","not_applicable",,"not_applicable","S0053",10,1,"holdout",,,,7.122263345744,12.1022229756857,4.97995962994173
"TPL_013","TPL_013_EVENT_004","TPL_013_RUN_007","none","Pause","canonical","canonical","none",,,,22.5807377222604,26.7485475634834,4.16780984122306,32,33,2,1,,,FALSE,FALSE,"none",,"none",FALSE,0,0,"none","observed_first_to_last_pause_boundary_spike","none","not_applicable",,"not_applicable","S0053",10,1,"holdout",,,,22.5807377222604,26.7485475634834,4.16780984122306
"TPL_013","TPL_013_EVENT_005","TPL_013_RUN_009","TPL_013_STATE_002","Burst","none","burst_in_hfs","TPL_013_PULSE_003",30.6412794107557,31.2549228599406,0.613643449184863,30.6680035553941,31.241028432819,0.573024877424817,46,54,9,8,5.01413912332902,4.04411564359907,FALSE,FALSE,"strong",9,"BQ_086",FALSE,11,14,"none","first_to_last_pulse_exposed_spike","PHENO_0063","clear_burst_like",4.88800774860628,"eligible","S0053",10,1,"holdout",30.6412794107557,31.2549228599406,0.613643449184863,30.6680035553941,31.241028432819,0.573024877424817
"TPL_013","TPL_013_EVENT_006","TPL_013_RUN_011","none","Burst","none","standalone_burst","TPL_013_PULSE_004",43.5011002469489,44.4011002469489,0.899999999999999,43.5894350534252,44.2687354137736,0.679300360348449,75,82,8,7,5.92214704262218,5.16470479557756,FALSE,FALSE,"strong",8,"BQ_039",FALSE,4,4,"none","first_to_last_pulse_exposed_spike","PHENO_0064","clear_burst_like",6.56595465446463,"eligible","S0053",10,1,"holdout",43.5011002469489,44.4011002469489,0.899999999999999,43.5894350534252,44.2687354137736,0.679300360348449
"TPL_013","TPL_013_EVENT_007","TPL_013_RUN_017","TPL_013_STATE_005","Burst","none","burst_in_hfs","TPL_013_PULSE_005",66.0702963272809,66.4155213105426,0.345224983261716,66.1078747757234,66.3660177767477,0.258143001024223,141,145,5,4,4.03147143760093,3.14374785381369,FALSE,FALSE,"moderate",5,"BQ_085",FALSE,16,9,"none","first_to_last_pulse_exposed_spike","PHENO_0065","clear_burst_like",2.71445654985174,"eligible","S0053",10,1,"holdout",66.0702963272809,66.4155213105426,0.345224983261716,66.1078747757234,66.3660177767477,0.258143001024223
"TPL_014","TPL_014_EVENT_001","TPL_014_RUN_001","TPL_014_STATE_001","Burst","none","burst_in_hfs","TPL_014_PULSE_001",4.26600408771296,4.58326874690421,0.317264659191252,4.27167127511281,4.55366065068078,0.28198937556797,13,17,5,4,7.48735288577217,5.41235690691974,FALSE,FALSE,"strong",5,"BQ_087",FALSE,12,12,"none","first_to_last_pulse_exposed_spike","PHENO_0066","clear_burst_like",3.45292888623786,"eligible","S0033",1,0.1,"holdout",0.426600408771296,0.458326874690421,0.0317264659191253,0.427167127511281,0.455366065068078,0.028198937556797
"TPL_014","TPL_014_EVENT_002","TPL_014_RUN_002","none","Pause","canonical","canonical","none",,,,9.02642399893223,12.6628428736803,3.63641887474805,29,30,2,1,,,FALSE,FALSE,"none",,"none",FALSE,0,0,"TPL_014_REGIME_01","observed_first_to_last_pause_boundary_spike","none","not_applicable",,"not_applicable","S0033",1,0.1,"holdout",,,,0.902642399893223,1.26628428736803,0.363641887474805
"TPL_014","TPL_014_EVENT_003","TPL_014_RUN_003","TPL_014_STATE_002","Burst","none","burst_in_hfs","TPL_014_PULSE_002",15.4608886661391,16.3608886661391,0.899999999999999,15.493366583277,16.3235345250497,0.830167941772743,39,47,9,8,3.05348330866739,2.72052670363337,FALSE,FALSE,"weak",9,"BQ_088",FALSE,9,14,"none","first_to_last_pulse_exposed_spike","PHENO_0067","clear_burst_like",3.17467541140108,"eligible","S0033",1,0.1,"holdout",1.54608886661391,1.63608886661391,0.0899999999999999,1.5493366583277,1.63235345250497,0.0830167941772743
"TPL_014","TPL_014_EVENT_004","TPL_014_RUN_008","none","Pause","canonical","canonical","none",,,,28.2598103660787,32.8069936151313,4.54718324905261,77,78,2,1,,,FALSE,FALSE,"none",,"none",FALSE,0,0,"none","observed_first_to_last_pause_boundary_spike","none","not_applicable",,"not_applicable","S0033",1,0.1,"holdout",,,,2.82598103660787,3.28069936151313,0.454718324905261
"TPL_014","TPL_014_EVENT_005","TPL_014_RUN_010","none","Pause","complex_multi_gap","complex_multi_gap","none",,,,39.7457452748689,45.9960559964899,6.25031072162092,90,93,4,3,,,FALSE,FALSE,"none",,"none",FALSE,0,0,"none","observed_first_to_last_pause_boundary_spike","none","not_applicable",,"not_applicable","S0033",1,0.1,"holdout",,,,3.97457452748689,4.59960559964899,0.625031072162092
"TPL_014","TPL_014_EVENT_006","TPL_014_RUN_013","none","Burst","none","standalone_burst","TPL_014_PULSE_003",58.3240044223338,59.2240044223337,0.899999999999999,58.517278623593,59.2154182974477,0.698139673854747,135,140,6,5,3.07639142702164,2.89938840996474,FALSE,FALSE,"weak",6,"BQ_040",FALSE,6,4,"none","first_to_last_pulse_exposed_spike","PHENO_0068","clear_burst_like",3.68427011089999,"eligible","S0033",1,0.1,"holdout",5.83240044223338,5.92240044223337,0.0899999999999999,5.8517278623593,5.92154182974477,0.0698139673854747
"TPL_014","TPL_014_EVENT_007","TPL_014_RUN_014","none","Burst","none","standalone_burst","TPL_014_PULSE_004",64.8573449869765,65.71145264811,0.854107661133483,64.8746502904771,65.71145264811,0.836802357632919,147,154,8,7,3.77050309242294,3.48512835800648,FALSE,TRUE,"moderate",8,"BQ_041",FALSE,3,0,"none","first_to_last_pulse_exposed_spike","PHENO_0069","clear_burst_like",4.71530250245953,"eligible","S0033",1,0.1,"holdout",6.48573449869765,6.571145264811,0.0854107661133483,6.48746502904771,6.571145264811,0.0836802357632919
"TPL_014","TPL_014_EVENT_008","TPL_014_RUN_016","none","Burst","none","standalone_burst","TPL_014_PULSE_005",66.3311036276904,66.7974887392483,0.466385111557969,66.3311036276904,66.7970596262014,0.465955998511035,155,158,4,3,5.85723353441586,5.21503737219609,FALSE,TRUE,"strong",4,"BQ_042",TRUE,0,3,"none","first_to_last_pulse_exposed_spike","PHENO_0070","clear_burst_like",2.23091892603512,"eligible","S0033",1,0.1,"holdout",6.63311036276904,6.67974887392483,0.0466385111557969,6.63311036276904,6.67970596262014,0.0465955998511035
"TPL_014","TPL_014_EVENT_001","TPL_014_RUN_001","TPL_014_STATE_001","Burst","none","burst_in_hfs","TPL_014_PULSE_001",4.26600408771296,4.58326874690421,0.317264659191252,4.27167127511281,4.55366065068078,0.28198937556797,13,17,5,4,7.48735288577217,5.41235690691974,FALSE,FALSE,"strong",5,"BQ_087",FALSE,12,12,"none","first_to_last_pulse_exposed_spike","PHENO_0066","clear_burst_like",3.45292888623786,"eligible","S0051",4,0.4,"holdout",1.70640163508518,1.83330749876168,0.126905863676501,1.70866851004512,1.82146426027231,0.112795750227188
"TPL_014","TPL_014_EVENT_002","TPL_014_RUN_002","none","Pause","canonical","canonical","none",,,,9.02642399893223,12.6628428736803,3.63641887474805,29,30,2,1,,,FALSE,FALSE,"none",,"none",FALSE,0,0,"TPL_014_REGIME_01","observed_first_to_last_pause_boundary_spike","none","not_applicable",,"not_applicable","S0051",4,0.4,"holdout",,,,3.61056959957289,5.06513714947211,1.45456754989922
"TPL_014","TPL_014_EVENT_003","TPL_014_RUN_003","TPL_014_STATE_002","Burst","none","burst_in_hfs","TPL_014_PULSE_002",15.4608886661391,16.3608886661391,0.899999999999999,15.493366583277,16.3235345250497,0.830167941772743,39,47,9,8,3.05348330866739,2.72052670363337,FALSE,FALSE,"weak",9,"BQ_088",FALSE,9,14,"none","first_to_last_pulse_exposed_spike","PHENO_0067","clear_burst_like",3.17467541140108,"eligible","S0051",4,0.4,"holdout",6.18435546645565,6.54435546645565,0.359999999999999,6.19734663331079,6.52941381001989,0.332067176709097
"TPL_014","TPL_014_EVENT_004","TPL_014_RUN_008","none","Pause","canonical","canonical","none",,,,28.2598103660787,32.8069936151313,4.54718324905261,77,78,2,1,,,FALSE,FALSE,"none",,"none",FALSE,0,0,"none","observed_first_to_last_pause_boundary_spike","none","not_applicable",,"not_applicable","S0051",4,0.4,"holdout",,,,11.3039241464315,13.1227974460525,1.81887329962104
"TPL_014","TPL_014_EVENT_005","TPL_014_RUN_010","none","Pause","complex_multi_gap","complex_multi_gap","none",,,,39.7457452748689,45.9960559964899,6.25031072162092,90,93,4,3,,,FALSE,FALSE,"none",,"none",FALSE,0,0,"none","observed_first_to_last_pause_boundary_spike","none","not_applicable",,"not_applicable","S0051",4,0.4,"holdout",,,,15.8982981099476,18.3984223985959,2.50012428864837
"TPL_014","TPL_014_EVENT_006","TPL_014_RUN_013","none","Burst","none","standalone_burst","TPL_014_PULSE_003",58.3240044223338,59.2240044223337,0.899999999999999,58.517278623593,59.2154182974477,0.698139673854747,135,140,6,5,3.07639142702164,2.89938840996474,FALSE,FALSE,"weak",6,"BQ_040",FALSE,6,4,"none","first_to_last_pulse_exposed_spike","PHENO_0068","clear_burst_like",3.68427011089999,"eligible","S0051",4,0.4,"holdout",23.3296017689335,23.6896017689335,0.359999999999999,23.4069114494372,23.6861673189791,0.279255869541899
"TPL_014","TPL_014_EVENT_007","TPL_014_RUN_014","none","Burst","none","standalone_burst","TPL_014_PULSE_004",64.8573449869765,65.71145264811,0.854107661133483,64.8746502904771,65.71145264811,0.836802357632919,147,154,8,7,3.77050309242294,3.48512835800648,FALSE,TRUE,"moderate",8,"BQ_041",FALSE,3,0,"none","first_to_last_pulse_exposed_spike","PHENO_0069","clear_burst_like",4.71530250245953,"eligible","S0051",4,0.4,"holdout",25.9429379947906,26.284581059244,0.341643064453393,25.9498601161908,26.284581059244,0.334720943053168
"TPL_014","TPL_014_EVENT_008","TPL_014_RUN_016","none","Burst","none","standalone_burst","TPL_014_PULSE_005",66.3311036276904,66.7974887392483,0.466385111557969,66.3311036276904,66.7970596262014,0.465955998511035,155,158,4,3,5.85723353441586,5.21503737219609,FALSE,TRUE,"strong",4,"BQ_042",TRUE,0,3,"none","first_to_last_pulse_exposed_spike","PHENO_0070","clear_burst_like",2.23091892603512,"eligible","S0051",4,0.4,"holdout",26.5324414510761,26.7189954956993,0.186554044623188,26.5324414510761,26.7188238504806,0.186382399404414
"TPL_014","TPL_014_EVENT_001","TPL_014_RUN_001","TPL_014_STATE_001","Burst","none","burst_in_hfs","TPL_014_PULSE_001",4.26600408771296,4.58326874690421,0.317264659191252,4.27167127511281,4.55366065068078,0.28198937556797,13,17,5,4,7.48735288577217,5.41235690691974,FALSE,FALSE,"strong",5,"BQ_087",FALSE,12,12,"none","first_to_last_pulse_exposed_spike","PHENO_0066","clear_burst_like",3.45292888623786,"eligible","S0019",10,1,"holdout",4.26600408771296,4.58326874690421,0.317264659191252,4.27167127511281,4.55366065068078,0.28198937556797
"TPL_014","TPL_014_EVENT_002","TPL_014_RUN_002","none","Pause","canonical","canonical","none",,,,9.02642399893223,12.6628428736803,3.63641887474805,29,30,2,1,,,FALSE,FALSE,"none",,"none",FALSE,0,0,"TPL_014_REGIME_01","observed_first_to_last_pause_boundary_spike","none","not_applicable",,"not_applicable","S0019",10,1,"holdout",,,,9.02642399893223,12.6628428736803,3.63641887474805
"TPL_014","TPL_014_EVENT_003","TPL_014_RUN_003","TPL_014_STATE_002","Burst","none","burst_in_hfs","TPL_014_PULSE_002",15.4608886661391,16.3608886661391,0.899999999999999,15.493366583277,16.3235345250497,0.830167941772743,39,47,9,8,3.05348330866739,2.72052670363337,FALSE,FALSE,"weak",9,"BQ_088",FALSE,9,14,"none","first_to_last_pulse_exposed_spike","PHENO_0067","clear_burst_like",3.17467541140108,"eligible","S0019",10,1,"holdout",15.4608886661391,16.3608886661391,0.899999999999999,15.493366583277,16.3235345250497,0.830167941772743
"TPL_014","TPL_014_EVENT_004","TPL_014_RUN_008","none","Pause","canonical","canonical","none",,,,28.2598103660787,32.8069936151313,4.54718324905261,77,78,2,1,,,FALSE,FALSE,"none",,"none",FALSE,0,0,"none","observed_first_to_last_pause_boundary_spike","none","not_applicable",,"not_applicable","S0019",10,1,"holdout",,,,28.2598103660787,32.8069936151313,4.54718324905261
"TPL_014","TPL_014_EVENT_005","TPL_014_RUN_010","none","Pause","complex_multi_gap","complex_multi_gap","none",,,,39.7457452748689,45.9960559964899,6.25031072162092,90,93,4,3,,,FALSE,FALSE,"none",,"none",FALSE,0,0,"none","observed_first_to_last_pause_boundary_spike","none","not_applicable",,"not_applicable","S0019",10,1,"holdout",,,,39.7457452748689,45.9960559964899,6.25031072162092
"TPL_014","TPL_014_EVENT_006","TPL_014_RUN_013","none","Burst","none","standalone_burst","TPL_014_PULSE_003",58.3240044223338,59.2240044223337,0.899999999999999,58.517278623593,59.2154182974477,0.698139673854747,135,140,6,5,3.07639142702164,2.89938840996474,FALSE,FALSE,"weak",6,"BQ_040",FALSE,6,4,"none","first_to_last_pulse_exposed_spike","PHENO_0068","clear_burst_like",3.68427011089999,"eligible","S0019",10,1,"holdout",58.3240044223338,59.2240044223337,0.899999999999999,58.517278623593,59.2154182974477,0.698139673854747
"TPL_014","TPL_014_EVENT_007","TPL_014_RUN_014","none","Burst","none","standalone_burst","TPL_014_PULSE_004",64.8573449869765,65.71145264811,0.854107661133483,64.8746502904771,65.71145264811,0.836802357632919,147,154,8,7,3.77050309242294,3.48512835800648,FALSE,TRUE,"moderate",8,"BQ_041",FALSE,3,0,"none","first_to_last_pulse_exposed_spike","PHENO_0069","clear_burst_like",4.71530250245953,"eligible","S0019",10,1,"holdout",64.8573449869765,65.71145264811,0.854107661133483,64.8746502904771,65.71145264811,0.836802357632919
"TPL_014","TPL_014_EVENT_008","TPL_014_RUN_016","none","Burst","none","standalone_burst","TPL_014_PULSE_005",66.3311036276904,66.7974887392483,0.466385111557969,66.3311036276904,66.7970596262014,0.465955998511035,155,158,4,3,5.85723353441586,5.21503737219609,FALSE,TRUE,"strong",4,"BQ_042",TRUE,0,3,"none","first_to_last_pulse_exposed_spike","PHENO_0070","clear_burst_like",2.23091892603512,"eligible","S0019",10,1,"holdout",66.3311036276904,66.7974887392483,0.466385111557969,66.3311036276904,66.7970596262014,0.465955998511035
"TPL_015","TPL_015_EVENT_001","TPL_015_RUN_001","TPL_015_STATE_001","Burst","none","burst_in_hfs","TPL_015_PULSE_001",3.57399570607345,4.15861258612301,0.584616880049555,3.58250021272681,4.13498742654492,0.552487213818101,13,18,6,5,3.99617447599805,3.29334118054248,FALSE,FALSE,"moderate",6,"BQ_089",FALSE,12,14,"none","first_to_last_pulse_exposed_spike","PHENO_0071","no_burst_evidence",0.60285578888905,"eligible","S0013",1,0.1,"holdout",0.357399570607345,0.415861258612301,0.0584616880049555,0.358250021272682,0.413498742654492,0.0552487213818101
"TPL_015","TPL_015_EVENT_002","TPL_015_RUN_003","none","Burst","none","standalone_burst","TPL_015_PULSE_002",10.7949224323992,11.6949224323992,0.9,10.8429063614275,11.6864221200765,0.843515758649016,39,47,9,8,4.37399021695699,3.89077456993982,FALSE,FALSE,"moderate",9,"BQ_044",FALSE,6,6,"none","first_to_last_pulse_exposed_spike","PHENO_0072","clear_burst_like",3.74091486672183,"eligible","S0013",1,0.1,"holdout",1.07949224323992,1.16949224323992,0.09,1.08429063614275,1.16864221200765,0.0843515758649016
"TPL_015","TPL_015_EVENT_003","TPL_015_RUN_006","TPL_015_STATE_003","Burst","none","burst_in_hfs","TPL_015_PULSE_003",25.2521301022108,26.1115289384006,0.859398836189783,25.4247147658056,26.0275894932207,0.602874727415124,97,101,5,4,2.43953586886791,2.26023277379572,FALSE,FALSE,"weak",5,"BQ_090",FALSE,11,6,"none","first_to_last_pulse_exposed_spike","PHENO_0073","clear_burst_like",2.03504272092449,"eligible","S0013",1,0.1,"holdout",2.52521301022108,2.61115289384006,0.0859398836189783,2.54247147658056,2.60275894932207,0.0602874727415124
"TPL_015","TPL_015_EVENT_004","TPL_015_RUN_012","none","Pause","canonical","canonical","none",,,,44.2247411249664,47.8248128186438,3.60007169367746,135,136,2,1,,,FALSE,FALSE,"none",,"none",FALSE,0,0,"none","observed_first_to_last_pause_boundary_spike","none","not_applicable",,"not_applicable","S0013",1,0.1,"holdout",,,,4.42247411249664,4.78248128186438,0.360007169367746
"TPL_015","TPL_015_EVENT_005","TPL_015_RUN_014","none","Pause","canonical","canonical","none",,,,48.4300821175287,52.5054767478677,4.075394630339,138,139,2,1,,,FALSE,FALSE,"none",,"none",FALSE,0,0,"none","observed_first_to_last_pause_boundary_spike","none","not_applicable",,"not_applicable","S0013",1,0.1,"holdout",,,,4.84300821175287,5.25054767478677,0.4075394630339
"TPL_015","TPL_015_EVENT_006","TPL_015_RUN_015","none","Burst","none","standalone_burst","TPL_015_PULSE_004",55.6298266096925,56.5166468324796,0.886820222787016,55.7311985877604,56.5166468324796,0.785448244719198,145,153,9,8,6.2188965948511,5.25728624407202,FALSE,TRUE,"strong",9,"BQ_045",FALSE,6,0,"none","first_to_last_pulse_exposed_spike","PHENO_0074","clear_burst_like",4.7437963580795,"eligible","S0013",1,0.1,"holdout",5.56298266096925,5.65166468324796,0.0886820222787016,5.57311985877604,5.65166468324796,0.0785448244719198
"TPL_015","TPL_015_EVENT_007","TPL_015_RUN_017","none","Burst","none","standalone_burst","TPL_015_PULSE_005",57.0934602437265,57.9695792272281,0.87611898350152,57.0934602437265,57.8587331378105,0.765272894083928,154,160,7,6,3.20155848151231,2.97330772317946,FALSE,TRUE,"weak",7,"BQ_043",FALSE,0,8,"none","first_to_last_pulse_exposed_spike","PHENO_0075","clear_burst_like",2.98438850531585,"eligible","S0013",1,0.1,"holdout",5.70934602437266,5.79695792272281,0.087611898350152,5.70934602437266,5.78587331378105,0.0765272894083928
"TPL_015","TPL_015_EVENT_001","TPL_015_RUN_001","TPL_015_STATE_001","Burst","none","burst_in_hfs","TPL_015_PULSE_001",3.57399570607345,4.15861258612301,0.584616880049555,3.58250021272681,4.13498742654492,0.552487213818101,13,18,6,5,3.99617447599805,3.29334118054248,FALSE,FALSE,"moderate",6,"BQ_089",FALSE,12,14,"none","first_to_last_pulse_exposed_spike","PHENO_0071","no_burst_evidence",0.60285578888905,"eligible","S0038",4,0.4,"holdout",1.42959828242938,1.6634450344492,0.233846752019822,1.43300008509073,1.65399497061797,0.22099488552724
"TPL_015","TPL_015_EVENT_002","TPL_015_RUN_003","none","Burst","none","standalone_burst","TPL_015_PULSE_002",10.7949224323992,11.6949224323992,0.9,10.8429063614275,11.6864221200765,0.843515758649016,39,47,9,8,4.37399021695699,3.89077456993982,FALSE,FALSE,"moderate",9,"BQ_044",FALSE,6,6,"none","first_to_last_pulse_exposed_spike","PHENO_0072","clear_burst_like",3.74091486672183,"eligible","S0038",4,0.4,"holdout",4.31796897295968,4.67796897295968,0.36,4.337162544571,4.67456884803061,0.337406303459606
"TPL_015","TPL_015_EVENT_003","TPL_015_RUN_006","TPL_015_STATE_003","Burst","none","burst_in_hfs","TPL_015_PULSE_003",25.2521301022108,26.1115289384006,0.859398836189783,25.4247147658056,26.0275894932207,0.602874727415124,97,101,5,4,2.43953586886791,2.26023277379572,FALSE,FALSE,"weak",5,"BQ_090",FALSE,11,6,"none","first_to_last_pulse_exposed_spike","PHENO_0073","clear_burst_like",2.03504272092449,"eligible","S0038",4,0.4,"holdout",10.1008520408843,10.4446115753602,0.343759534475913,10.1698859063222,10.4110357972883,0.241149890966049
"TPL_015","TPL_015_EVENT_004","TPL_015_RUN_012","none","Pause","canonical","canonical","none",,,,44.2247411249664,47.8248128186438,3.60007169367746,135,136,2,1,,,FALSE,FALSE,"none",,"none",FALSE,0,0,"none","observed_first_to_last_pause_boundary_spike","none","not_applicable",,"not_applicable","S0038",4,0.4,"holdout",,,,17.6898964499865,19.1299251274575,1.44002867747098
"TPL_015","TPL_015_EVENT_005","TPL_015_RUN_014","none","Pause","canonical","canonical","none",,,,48.4300821175287,52.5054767478677,4.075394630339,138,139,2,1,,,FALSE,FALSE,"none",,"none",FALSE,0,0,"none","observed_first_to_last_pause_boundary_spike","none","not_applicable",,"not_applicable","S0038",4,0.4,"holdout",,,,19.3720328470115,21.0021906991471,1.6301578521356
"TPL_015","TPL_015_EVENT_006","TPL_015_RUN_015","none","Burst","none","standalone_burst","TPL_015_PULSE_004",55.6298266096925,56.5166468324796,0.886820222787016,55.7311985877604,56.5166468324796,0.785448244719198,145,153,9,8,6.2188965948511,5.25728624407202,FALSE,TRUE,"strong",9,"BQ_045",FALSE,6,0,"none","first_to_last_pulse_exposed_spike","PHENO_0074","clear_burst_like",4.7437963580795,"eligible","S0038",4,0.4,"holdout",22.251930643877,22.6066587329918,0.354728089114806,22.2924794351041,22.6066587329918,0.314179297887679
"TPL_015","TPL_015_EVENT_007","TPL_015_RUN_017","none","Burst","none","standalone_burst","TPL_015_PULSE_005",57.0934602437265,57.9695792272281,0.87611898350152,57.0934602437265,57.8587331378105,0.765272894083928,154,160,7,6,3.20155848151231,2.97330772317946,FALSE,TRUE,"weak",7,"BQ_043",FALSE,0,8,"none","first_to_last_pulse_exposed_spike","PHENO_0075","clear_burst_like",2.98438850531585,"eligible","S0038",4,0.4,"holdout",22.8373840974906,23.1878316908912,0.350447593400608,22.8373840974906,23.1434932551242,0.306109157633571
"TPL_015","TPL_015_EVENT_001","TPL_015_RUN_001","TPL_015_STATE_001","Burst","none","burst_in_hfs","TPL_015_PULSE_001",3.57399570607345,4.15861258612301,0.584616880049555,3.58250021272681,4.13498742654492,0.552487213818101,13,18,6,5,3.99617447599805,3.29334118054248,FALSE,FALSE,"moderate",6,"BQ_089",FALSE,12,14,"none","first_to_last_pulse_exposed_spike","PHENO_0071","no_burst_evidence",0.60285578888905,"eligible","S0018",10,1,"holdout",3.57399570607345,4.15861258612301,0.584616880049555,3.58250021272681,4.13498742654492,0.552487213818101
"TPL_015","TPL_015_EVENT_002","TPL_015_RUN_003","none","Burst","none","standalone_burst","TPL_015_PULSE_002",10.7949224323992,11.6949224323992,0.9,10.8429063614275,11.6864221200765,0.843515758649016,39,47,9,8,4.37399021695699,3.89077456993982,FALSE,FALSE,"moderate",9,"BQ_044",FALSE,6,6,"none","first_to_last_pulse_exposed_spike","PHENO_0072","clear_burst_like",3.74091486672183,"eligible","S0018",10,1,"holdout",10.7949224323992,11.6949224323992,0.9,10.8429063614275,11.6864221200765,0.843515758649016
"TPL_015","TPL_015_EVENT_003","TPL_015_RUN_006","TPL_015_STATE_003","Burst","none","burst_in_hfs","TPL_015_PULSE_003",25.2521301022108,26.1115289384006,0.859398836189783,25.4247147658056,26.0275894932207,0.602874727415124,97,101,5,4,2.43953586886791,2.26023277379572,FALSE,FALSE,"weak",5,"BQ_090",FALSE,11,6,"none","first_to_last_pulse_exposed_spike","PHENO_0073","clear_burst_like",2.03504272092449,"eligible","S0018",10,1,"holdout",25.2521301022108,26.1115289384006,0.859398836189783,25.4247147658056,26.0275894932207,0.602874727415124
"TPL_015","TPL_015_EVENT_004","TPL_015_RUN_012","none","Pause","canonical","canonical","none",,,,44.2247411249664,47.8248128186438,3.60007169367746,135,136,2,1,,,FALSE,FALSE,"none",,"none",FALSE,0,0,"none","observed_first_to_last_pause_boundary_spike","none","not_applicable",,"not_applicable","S0018",10,1,"holdout",,,,44.2247411249664,47.8248128186438,3.60007169367746
"TPL_015","TPL_015_EVENT_005","TPL_015_RUN_014","none","Pause","canonical","canonical","none",,,,48.4300821175287,52.5054767478677,4.075394630339,138,139,2,1,,,FALSE,FALSE,"none",,"none",FALSE,0,0,"none","observed_first_to_last_pause_boundary_spike","none","not_applicable",,"not_applicable","S0018",10,1,"holdout",,,,48.4300821175287,52.5054767478677,4.075394630339
"TPL_015","TPL_015_EVENT_006","TPL_015_RUN_015","none","Burst","none","standalone_burst","TPL_015_PULSE_004",55.6298266096925,56.5166468324796,0.886820222787016,55.7311985877604,56.5166468324796,0.785448244719198,145,153,9,8,6.2188965948511,5.25728624407202,FALSE,TRUE,"strong",9,"BQ_045",FALSE,6,0,"none","first_to_last_pulse_exposed_spike","PHENO_0074","clear_burst_like",4.7437963580795,"eligible","S0018",10,1,"holdout",55.6298266096925,56.5166468324796,0.886820222787016,55.7311985877604,56.5166468324796,0.785448244719198
"TPL_015","TPL_015_EVENT_007","TPL_015_RUN_017","none","Burst","none","standalone_burst","TPL_015_PULSE_005",57.0934602437265,57.9695792272281,0.87611898350152,57.0934602437265,57.8587331378105,0.765272894083928,154,160,7,6,3.20155848151231,2.97330772317946,FALSE,TRUE,"weak",7,"BQ_043",FALSE,0,8,"none","first_to_last_pulse_exposed_spike","PHENO_0075","clear_burst_like",2.98438850531585,"eligible","S0018",10,1,"holdout",57.0934602437265,57.9695792272281,0.87611898350152,57.0934602437265,57.8587331378105,0.765272894083928
"TPL_016","TPL_016_EVENT_001","TPL_016_RUN_001","none","Burst","none","standalone_burst","TPL_016_PULSE_001",3.25845411063638,4.13776968199169,0.879315571355316,3.29222396044123,4.13776968199169,0.845545721550458,5,12,8,7,2.66633115054329,2.50969903338701,FALSE,TRUE,"weak",8,"BQ_046",FALSE,4,0,"none","first_to_last_pulse_exposed_spike","PHENO_0076","clear_burst_like",6.16270766722663,"eligible","S0010",1,0.1,"holdout",0.325845411063638,0.413776968199169,0.0879315571355316,0.329222396044123,0.413776968199169,0.0845545721550458
"TPL_016","TPL_016_EVENT_002","TPL_016_RUN_003","none","Burst","none","standalone_burst","TPL_016_PULSE_002",4.74298337980279,5.56934508427569,0.8263617044729,4.74298337980279,5.53051573866776,0.787532358864969,13,17,5,4,4.29882160835171,3.94977994356304,FALSE,TRUE,"moderate",5,"BQ_047",FALSE,0,5,"none","first_to_last_pulse_exposed_spike","PHENO_0077","ambiguous_burst_like",1.50369031133924,"exclude_primary_include_sensitivity","S0010",1,0.1,"holdout",0.474298337980279,0.556934508427569,0.08263617044729,0.474298337980279,0.553051573866776,0.0787532358864969
"TPL_016","TPL_016_EVENT_003","TPL_016_RUN_005","none","Burst","none","standalone_burst","TPL_016_PULSE_003",18.2576869239506,18.9603167074771,0.702629783526437,18.3083199924717,18.8728610795553,0.564541087083608,55,59,5,4,4.96291517258981,4.32981372368522,FALSE,FALSE,"strong",5,"BQ_048",FALSE,7,5,"none","first_to_last_pulse_exposed_spike","PHENO_0078","clear_burst_like",1.96844782115398,"eligible","S0010",1,0.1,"holdout",1.82576869239506,1.89603167074771,0.0702629783526437,1.83083199924717,1.88728610795553,0.0564541087083608
"TPL_016","TPL_016_EVENT_004","TPL_016_RUN_007","none","Pause","complex_multi_gap","complex_multi_gap","none",,,,30.7450438131164,35.2716550384234,4.52661122530699,75,77,3,2,,,FALSE,FALSE,"none",,"none",FALSE,0,0,"none","observed_first_to_last_pause_boundary_spike","none","not_applicable",,"not_applicable","S0010",1,0.1,"holdout",,,,3.07450438131164,3.52716550384234,0.452661122530699
"TPL_016","TPL_016_EVENT_005","TPL_016_RUN_011","none","Pause","canonical","canonical","none",,,,40.8602544174892,45.1536870802649,4.29343266277574,87,88,2,1,,,FALSE,FALSE,"none",,"none",FALSE,0,0,"none","observed_first_to_last_pause_boundary_spike","none","not_applicable",,"not_applicable","S0010",1,0.1,"holdout",,,,4.08602544174892,4.51536870802649,0.429343266277574
"TPL_016","TPL_016_EVENT_006","TPL_016_RUN_012","TPL_016_STATE_004","Burst","none","burst_in_hfs","TPL_016_PULSE_004",47.8166237877548,48.2222154262748,0.405591638520036,47.8234345779706,48.2126292942333,0.389194716262665,97,100,4,3,2.5101577746556,2.2184814542532,FALSE,FALSE,"weak",4,"BQ_091",TRUE,9,9,"none","first_to_last_pulse_exposed_spike","PHENO_0079","ambiguous_burst_like",1.25039052428198,"exclude_primary_include_sensitivity","S0010",1,0.1,"holdout",4.78166237877548,4.82222154262748,0.0405591638520036,4.78234345779706,4.82126292942333,0.0389194716262665
"TPL_016","TPL_016_EVENT_007","TPL_016_RUN_013","none","Pause","canonical","canonical","none",,,,50.0952974708229,54.8138106023371,4.71851313151419,109,110,2,1,,,FALSE,FALSE,"none",,"none",FALSE,0,0,"TPL_016_REGIME_01","observed_first_to_last_pause_boundary_spike","none","not_applicable",,"not_applicable","S0010",1,0.1,"holdout",,,,5.00952974708229,5.48138106023371,0.471851313151419
"TPL_016","TPL_016_EVENT_008","TPL_016_RUN_014","TPL_016_STATE_005","Burst","none","burst_in_hfs","TPL_016_PULSE_005",59.3621066215223,59.8516901521708,0.489583530648531,59.37241359567,59.8324523358008,0.460038740130848,120,125,6,5,5.51553934245384,4.41392123920377,FALSE,FALSE,"strong",6,"BQ_092",FALSE,10,15,"none","first_to_last_pulse_exposed_spike","PHENO_0080","clear_burst_like",3.9702918962389,"eligible","S0010",1,0.1,"holdout",5.93621066215223,5.98516901521708,0.0489583530648531,5.937241359567,5.98324523358008,0.0460038740130848
"TPL_016","TPL_016_EVENT_001","TPL_016_RUN_001","none","Burst","none","standalone_burst","TPL_016_PULSE_001",3.25845411063638,4.13776968199169,0.879315571355316,3.29222396044123,4.13776968199169,0.845545721550458,5,12,8,7,2.66633115054329,2.50969903338701,FALSE,TRUE,"weak",8,"BQ_046",FALSE,4,0,"none","first_to_last_pulse_exposed_spike","PHENO_0076","clear_burst_like",6.16270766722663,"eligible","S0024",4,0.4,"holdout",1.30338164425455,1.65510787279668,0.351726228542126,1.31688958417649,1.65510787279668,0.338218288620183
"TPL_016","TPL_016_EVENT_002","TPL_016_RUN_003","none","Burst","none","standalone_burst","TPL_016_PULSE_002",4.74298337980279,5.56934508427569,0.8263617044729,4.74298337980279,5.53051573866776,0.787532358864969,13,17,5,4,4.29882160835171,3.94977994356304,FALSE,TRUE,"moderate",5,"BQ_047",FALSE,0,5,"none","first_to_last_pulse_exposed_spike","PHENO_0077","ambiguous_burst_like",1.50369031133924,"exclude_primary_include_sensitivity","S0024",4,0.4,"holdout",1.89719335192112,2.22773803371028,0.33054468178916,1.89719335192112,2.2122062954671,0.315012943545987
"TPL_016","TPL_016_EVENT_003","TPL_016_RUN_005","none","Burst","none","standalone_burst","TPL_016_PULSE_003",18.2576869239506,18.9603167074771,0.702629783526437,18.3083199924717,18.8728610795553,0.564541087083608,55,59,5,4,4.96291517258981,4.32981372368522,FALSE,FALSE,"strong",5,"BQ_048",FALSE,7,5,"none","first_to_last_pulse_exposed_spike","PHENO_0078","clear_burst_like",1.96844782115398,"eligible","S0024",4,0.4,"holdout",7.30307476958025,7.58412668299083,0.281051913410575,7.32332799698866,7.5491444318221,0.225816434833443
"TPL_016","TPL_016_EVENT_004","TPL_016_RUN_007","none","Pause","complex_multi_gap","complex_multi_gap","none",,,,30.7450438131164,35.2716550384234,4.52661122530699,75,77,3,2,,,FALSE,FALSE,"none",,"none",FALSE,0,0,"none","observed_first_to_last_pause_boundary_spike","none","not_applicable",,"not_applicable","S0024",4,0.4,"holdout",,,,12.2980175252466,14.1086620153693,1.8106444901228
"TPL_016","TPL_016_EVENT_005","TPL_016_RUN_011","none","Pause","canonical","canonical","none",,,,40.8602544174892,45.1536870802649,4.29343266277574,87,88,2,1,,,FALSE,FALSE,"none",,"none",FALSE,0,0,"none","observed_first_to_last_pause_boundary_spike","none","not_applicable",,"not_applicable","S0024",4,0.4,"holdout",,,,16.3441017669957,18.061474832106,1.7173730651103
"TPL_016","TPL_016_EVENT_006","TPL_016_RUN_012","TPL_016_STATE_004","Burst","none","burst_in_hfs","TPL_016_PULSE_004",47.8166237877548,48.2222154262748,0.405591638520036,47.8234345779706,48.2126292942333,0.389194716262665,97,100,4,3,2.5101577746556,2.2184814542532,FALSE,FALSE,"weak",4,"BQ_091",TRUE,9,9,"none","first_to_last_pulse_exposed_spike","PHENO_0079","ambiguous_burst_like",1.25039052428198,"exclude_primary_include_sensitivity","S0024",4,0.4,"holdout",19.1266495151019,19.2888861705099,0.162236655408014,19.1293738311882,19.2850517176933,0.155677886505066
"TPL_016","TPL_016_EVENT_007","TPL_016_RUN_013","none","Pause","canonical","canonical","none",,,,50.0952974708229,54.8138106023371,4.71851313151419,109,110,2,1,,,FALSE,FALSE,"none",,"none",FALSE,0,0,"TPL_016_REGIME_01","observed_first_to_last_pause_boundary_spike","none","not_applicable",,"not_applicable","S0024",4,0.4,"holdout",,,,20.0381189883292,21.9255242409348,1.88740525260568
"TPL_016","TPL_016_EVENT_008","TPL_016_RUN_014","TPL_016_STATE_005","Burst","none","burst_in_hfs","TPL_016_PULSE_005",59.3621066215223,59.8516901521708,0.489583530648531,59.37241359567,59.8324523358008,0.460038740130848,120,125,6,5,5.51553934245384,4.41392123920377,FALSE,FALSE,"strong",6,"BQ_092",FALSE,10,15,"none","first_to_last_pulse_exposed_spike","PHENO_0080","clear_burst_like",3.9702918962389,"eligible","S0024",4,0.4,"holdout",23.7448426486089,23.9406760608683,0.195833412259412,23.748965438268,23.9329809343203,0.184015496052339
"TPL_016","TPL_016_EVENT_001","TPL_016_RUN_001","none","Burst","none","standalone_burst","TPL_016_PULSE_001",3.25845411063638,4.13776968199169,0.879315571355316,3.29222396044123,4.13776968199169,0.845545721550458,5,12,8,7,2.66633115054329,2.50969903338701,FALSE,TRUE,"weak",8,"BQ_046",FALSE,4,0,"none","first_to_last_pulse_exposed_spike","PHENO_0076","clear_burst_like",6.16270766722663,"eligible","S0060",10,1,"holdout",3.25845411063638,4.13776968199169,0.879315571355316,3.29222396044123,4.13776968199169,0.845545721550458
"TPL_016","TPL_016_EVENT_002","TPL_016_RUN_003","none","Burst","none","standalone_burst","TPL_016_PULSE_002",4.74298337980279,5.56934508427569,0.8263617044729,4.74298337980279,5.53051573866776,0.787532358864969,13,17,5,4,4.29882160835171,3.94977994356304,FALSE,TRUE,"moderate",5,"BQ_047",FALSE,0,5,"none","first_to_last_pulse_exposed_spike","PHENO_0077","ambiguous_burst_like",1.50369031133924,"exclude_primary_include_sensitivity","S0060",10,1,"holdout",4.74298337980279,5.56934508427569,0.8263617044729,4.74298337980279,5.53051573866776,0.787532358864969
"TPL_016","TPL_016_EVENT_003","TPL_016_RUN_005","none","Burst","none","standalone_burst","TPL_016_PULSE_003",18.2576869239506,18.9603167074771,0.702629783526437,18.3083199924717,18.8728610795553,0.564541087083608,55,59,5,4,4.96291517258981,4.32981372368522,FALSE,FALSE,"strong",5,"BQ_048",FALSE,7,5,"none","first_to_last_pulse_exposed_spike","PHENO_0078","clear_burst_like",1.96844782115398,"eligible","S0060",10,1,"holdout",18.2576869239506,18.9603167074771,0.702629783526437,18.3083199924717,18.8728610795553,0.564541087083608
"TPL_016","TPL_016_EVENT_004","TPL_016_RUN_007","none","Pause","complex_multi_gap","complex_multi_gap","none",,,,30.7450438131164,35.2716550384234,4.52661122530699,75,77,3,2,,,FALSE,FALSE,"none",,"none",FALSE,0,0,"none","observed_first_to_last_pause_boundary_spike","none","not_applicable",,"not_applicable","S0060",10,1,"holdout",,,,30.7450438131164,35.2716550384234,4.52661122530699
"TPL_016","TPL_016_EVENT_005","TPL_016_RUN_011","none","Pause","canonical","canonical","none",,,,40.8602544174892,45.1536870802649,4.29343266277574,87,88,2,1,,,FALSE,FALSE,"none",,"none",FALSE,0,0,"none","observed_first_to_last_pause_boundary_spike","none","not_applicable",,"not_applicable","S0060",10,1,"holdout",,,,40.8602544174892,45.1536870802649,4.29343266277574
"TPL_016","TPL_016_EVENT_006","TPL_016_RUN_012","TPL_016_STATE_004","Burst","none","burst_in_hfs","TPL_016_PULSE_004",47.8166237877548,48.2222154262748,0.405591638520036,47.8234345779706,48.2126292942333,0.389194716262665,97,100,4,3,2.5101577746556,2.2184814542532,FALSE,FALSE,"weak",4,"BQ_091",TRUE,9,9,"none","first_to_last_pulse_exposed_spike","PHENO_0079","ambiguous_burst_like",1.25039052428198,"exclude_primary_include_sensitivity","S0060",10,1,"holdout",47.8166237877548,48.2222154262748,0.405591638520036,47.8234345779706,48.2126292942333,0.389194716262665
"TPL_016","TPL_016_EVENT_007","TPL_016_RUN_013","none","Pause","canonical","canonical","none",,,,50.0952974708229,54.8138106023371,4.71851313151419,109,110,2,1,,,FALSE,FALSE,"none",,"none",FALSE,0,0,"TPL_016_REGIME_01","observed_first_to_last_pause_boundary_spike","none","not_applicable",,"not_applicable","S0060",10,1,"holdout",,,,50.0952974708229,54.8138106023371,4.71851313151419
"TPL_016","TPL_016_EVENT_008","TPL_016_RUN_014","TPL_016_STATE_005","Burst","none","burst_in_hfs","TPL_016_PULSE_005",59.3621066215223,59.8516901521708,0.489583530648531,59.37241359567,59.8324523358008,0.460038740130848,120,125,6,5,5.51553934245384,4.41392123920377,FALSE,FALSE,"strong",6,"BQ_092",FALSE,10,15,"none","first_to_last_pulse_exposed_spike","PHENO_0080","clear_burst_like",3.9702918962389,"eligible","S0060",10,1,"holdout",59.3621066215223,59.8516901521708,0.489583530648531,59.37241359567,59.8324523358008,0.460038740130848
"TPL_017","TPL_017_EVENT_001","TPL_017_RUN_003","none","Burst","none","standalone_burst","TPL_017_PULSE_001",9.45470055582792,10.2324762561631,0.777775700335157,9.65860978695383,10.2324762561631,0.573866469209246,21,26,6,5,3.78104490827456,3.44369992450811,FALSE,TRUE,"moderate",6,"BQ_050",FALSE,6,0,"none","first_to_last_pulse_exposed_spike","PHENO_0081","clear_burst_like",3.51302767174496,"eligible","S0005",1,0.1,"holdout",0.945470055582792,1.02324762561631,0.0777775700335157,0.965860978695383,1.02324762561631,0.0573866469209246
"TPL_017","TPL_017_EVENT_002","TPL_017_RUN_005","none","Burst","none","standalone_burst","TPL_017_PULSE_002",10.8350976322101,11.6302624704245,0.795164838214342,10.8350976322101,11.4826816244213,0.647583992211214,27,32,6,5,4.68340530145397,4.14778810110874,FALSE,TRUE,"strong",6,"BQ_051",FALSE,0,4,"none","first_to_last_pulse_exposed_spike","PHENO_0082","clear_burst_like",4.06916574605968,"eligible","S0005",1,0.1,"holdout",1.08350976322101,1.16302624704245,0.0795164838214342,1.08350976322101,1.14826816244213,0.0647583992211214
"TPL_017","TPL_017_EVENT_003","TPL_017_RUN_006","none","Pause","canonical","canonical","none",,,,14.3730267795944,17.3440834174142,2.97105663781986,36,37,2,1,,,FALSE,FALSE,"none",,"none",FALSE,0,0,"none","observed_first_to_last_pause_boundary_spike","none","not_applicable",,"not_applicable","S0005",1,0.1,"holdout",,,,1.43730267795944,1.73440834174142,0.297105663781986
"TPL_017","TPL_017_EVENT_004","TPL_017_RUN_010","TPL_017_STATE_002","Burst","none","burst_in_hfs","TPL_017_PULSE_003",22.4111376117144,22.6943503071775,0.283212695463128,22.4180950236016,22.6735201927162,0.255425169114549,53,59,7,6,7.10021971416811,4.57007069315296,FALSE,FALSE,"strong",7,"BQ_093",FALSE,12,15,"none","first_to_last_pulse_exposed_spike","PHENO_0083","clear_burst_like",4.9843738608239,"eligible","S0005",1,0.1,"holdout",2.24111376117144,2.26943503071775,0.0283212695463128,2.24180950236016,2.26735201927162,0.0255425169114549
"TPL_017","TPL_017_EVENT_005","TPL_017_RUN_013","none","Pause","canonical","canonical","none",,,,32.3314368174889,36.4710415910942,4.13960477360524,85,86,2,1,,,FALSE,FALSE,"none",,"none",FALSE,0,0,"none","observed_first_to_last_pause_boundary_spike","none","not_applicable",,"not_applicable","S0005",1,0.1,"holdout",,,,3.23314368174889,3.64710415910942,0.413960477360524
"TPL_017","TPL_017_EVENT_006","TPL_017_RUN_015","none","Burst","none","standalone_burst","TPL_017_PULSE_004",41.1277965541121,42.0277965541121,0.899999999999999,41.2311070481509,41.9834749694271,0.752367921276274,95,103,9,8,2.52695778961725,2.38504672124982,FALSE,FALSE,"weak",9,"BQ_049",FALSE,7,6,"none","first_to_last_pulse_exposed_spike","PHENO_0084","clear_burst_like",4.93571409760968,"eligible","S0005",1,0.1,"holdout",4.11277965541121,4.20277965541121,0.0899999999999999,4.12311070481509,4.19834749694271,0.0752367921276274
"TPL_017","TPL_017_EVENT_007","TPL_017_RUN_018","TPL_017_STATE_005","Burst","none","burst_in_hfs","TPL_017_PULSE_005",59.5828930715045,60.2755544278375,0.692661356333041,59.6232020322515,60.2177904740712,0.594588441819724,154,160,7,6,3.43656509619264,3.02397947362624,FALSE,FALSE,"moderate",7,"BQ_094",FALSE,13,10,"none","first_to_last_pulse_exposed_spike","PHENO_0085","clear_burst_like",3.32395486030617,"eligible","S0005",1,0.1,"holdout",5.95828930715045,6.02755544278375,0.0692661356333041,5.96232020322515,6.02177904740712,0.0594588441819724
"TPL_017","TPL_017_EVENT_001","TPL_017_RUN_003","none","Burst","none","standalone_burst","TPL_017_PULSE_001",9.45470055582792,10.2324762561631,0.777775700335157,9.65860978695383,10.2324762561631,0.573866469209246,21,26,6,5,3.78104490827456,3.44369992450811,FALSE,TRUE,"moderate",6,"BQ_050",FALSE,6,0,"none","first_to_last_pulse_exposed_spike","PHENO_0081","clear_burst_like",3.51302767174496,"eligible","S0042",4,0.4,"holdout",3.78188022233117,4.09299050246523,0.311110280134063,3.86344391478153,4.09299050246523,0.229546587683699
"TPL_017","TPL_017_EVENT_002","TPL_017_RUN_005","none","Burst","none","standalone_burst","TPL_017_PULSE_002",10.8350976322101,11.6302624704245,0.795164838214342,10.8350976322101,11.4826816244213,0.647583992211214,27,32,6,5,4.68340530145397,4.14778810110874,FALSE,TRUE,"strong",6,"BQ_051",FALSE,0,4,"none","first_to_last_pulse_exposed_spike","PHENO_0082","clear_burst_like",4.06916574605968,"eligible","S0042",4,0.4,"holdout",4.33403905288405,4.65210498816979,0.318065935285737,4.33403905288405,4.59307264976854,0.259033596884485
"TPL_017","TPL_017_EVENT_003","TPL_017_RUN_006","none","Pause","canonical","canonical","none",,,,14.3730267795944,17.3440834174142,2.97105663781986,36,37,2,1,,,FALSE,FALSE,"none",,"none",FALSE,0,0,"none","observed_first_to_last_pause_boundary_spike","none","not_applicable",,"not_applicable","S0042",4,0.4,"holdout",,,,5.74921071183775,6.93763336696569,1.18842265512794
"TPL_017","TPL_017_EVENT_004","TPL_017_RUN_010","TPL_017_STATE_002","Burst","none","burst_in_hfs","TPL_017_PULSE_003",22.4111376117144,22.6943503071775,0.283212695463128,22.4180950236016,22.6735201927162,0.255425169114549,53,59,7,6,7.10021971416811,4.57007069315296,FALSE,FALSE,"strong",7,"BQ_093",FALSE,12,15,"none","first_to_last_pulse_exposed_spike","PHENO_0083","clear_burst_like",4.9843738608239,"eligible","S0042",4,0.4,"holdout",8.96445504468576,9.07774012287102,0.113285078185251,8.96723800944066,9.06940807708648,0.10217006764582
"TPL_017","TPL_017_EVENT_005","TPL_017_RUN_013","none","Pause","canonical","canonical","none",,,,32.3314368174889,36.4710415910942,4.13960477360524,85,86,2,1,,,FALSE,FALSE,"none",,"none",FALSE,0,0,"none","observed_first_to_last_pause_boundary_spike","none","not_applicable",,"not_applicable","S0042",4,0.4,"holdout",,,,12.9325747269956,14.5884166364377,1.6558419094421
"TPL_017","TPL_017_EVENT_006","TPL_017_RUN_015","none","Burst","none","standalone_burst","TPL_017_PULSE_004",41.1277965541121,42.0277965541121,0.899999999999999,41.2311070481509,41.9834749694271,0.752367921276274,95,103,9,8,2.52695778961725,2.38504672124982,FALSE,FALSE,"weak",9,"BQ_049",FALSE,7,6,"none","first_to_last_pulse_exposed_spike","PHENO_0084","clear_burst_like",4.93571409760968,"eligible","S0042",4,0.4,"holdout",16.4511186216448,16.8111186216448,0.359999999999999,16.4924428192603,16.7933899877709,0.30094716851051
"TPL_017","TPL_017_EVENT_007","TPL_017_RUN_018","TPL_017_STATE_005","Burst","none","burst_in_hfs","TPL_017_PULSE_005",59.5828930715045,60.2755544278375,0.692661356333041,59.6232020322515,60.2177904740712,0.594588441819724,154,160,7,6,3.43656509619264,3.02397947362624,FALSE,FALSE,"moderate",7,"BQ_094",FALSE,13,10,"none","first_to_last_pulse_exposed_spike","PHENO_0085","clear_burst_like",3.32395486030617,"eligible","S0042",4,0.4,"holdout",23.8331572286018,24.110221771135,0.277064542533216,23.8492808129006,24.0871161896285,0.23783537672789
"TPL_017","TPL_017_EVENT_001","TPL_017_RUN_003","none","Burst","none","standalone_burst","TPL_017_PULSE_001",9.45470055582792,10.2324762561631,0.777775700335157,9.65860978695383,10.2324762561631,0.573866469209246,21,26,6,5,3.78104490827456,3.44369992450811,FALSE,TRUE,"moderate",6,"BQ_050",FALSE,6,0,"none","first_to_last_pulse_exposed_spike","PHENO_0081","clear_burst_like",3.51302767174496,"eligible","S0029",10,1,"holdout",9.45470055582792,10.2324762561631,0.777775700335157,9.65860978695383,10.2324762561631,0.573866469209246
"TPL_017","TPL_017_EVENT_002","TPL_017_RUN_005","none","Burst","none","standalone_burst","TPL_017_PULSE_002",10.8350976322101,11.6302624704245,0.795164838214342,10.8350976322101,11.4826816244213,0.647583992211214,27,32,6,5,4.68340530145397,4.14778810110874,FALSE,TRUE,"strong",6,"BQ_051",FALSE,0,4,"none","first_to_last_pulse_exposed_spike","PHENO_0082","clear_burst_like",4.06916574605968,"eligible","S0029",10,1,"holdout",10.8350976322101,11.6302624704245,0.795164838214342,10.8350976322101,11.4826816244213,0.647583992211214
"TPL_017","TPL_017_EVENT_003","TPL_017_RUN_006","none","Pause","canonical","canonical","none",,,,14.3730267795944,17.3440834174142,2.97105663781986,36,37,2,1,,,FALSE,FALSE,"none",,"none",FALSE,0,0,"none","observed_first_to_last_pause_boundary_spike","none","not_applicable",,"not_applicable","S0029",10,1,"holdout",,,,14.3730267795944,17.3440834174142,2.97105663781986
"TPL_017","TPL_017_EVENT_004","TPL_017_RUN_010","TPL_017_STATE_002","Burst","none","burst_in_hfs","TPL_017_PULSE_003",22.4111376117144,22.6943503071775,0.283212695463128,22.4180950236016,22.6735201927162,0.255425169114549,53,59,7,6,7.10021971416811,4.57007069315296,FALSE,FALSE,"strong",7,"BQ_093",FALSE,12,15,"none","first_to_last_pulse_exposed_spike","PHENO_0083","clear_burst_like",4.9843738608239,"eligible","S0029",10,1,"holdout",22.4111376117144,22.6943503071775,0.283212695463128,22.4180950236016,22.6735201927162,0.255425169114549
"TPL_017","TPL_017_EVENT_005","TPL_017_RUN_013","none","Pause","canonical","canonical","none",,,,32.3314368174889,36.4710415910942,4.13960477360524,85,86,2,1,,,FALSE,FALSE,"none",,"none",FALSE,0,0,"none","observed_first_to_last_pause_boundary_spike","none","not_applicable",,"not_applicable","S0029",10,1,"holdout",,,,32.3314368174889,36.4710415910942,4.13960477360524
"TPL_017","TPL_017_EVENT_006","TPL_017_RUN_015","none","Burst","none","standalone_burst","TPL_017_PULSE_004",41.1277965541121,42.0277965541121,0.899999999999999,41.2311070481509,41.9834749694271,0.752367921276274,95,103,9,8,2.52695778961725,2.38504672124982,FALSE,FALSE,"weak",9,"BQ_049",FALSE,7,6,"none","first_to_last_pulse_exposed_spike","PHENO_0084","clear_burst_like",4.93571409760968,"eligible","S0029",10,1,"holdout",41.1277965541121,42.0277965541121,0.899999999999999,41.2311070481509,41.9834749694271,0.752367921276274
"TPL_017","TPL_017_EVENT_007","TPL_017_RUN_018","TPL_017_STATE_005","Burst","none","burst_in_hfs","TPL_017_PULSE_005",59.5828930715045,60.2755544278375,0.692661356333041,59.6232020322515,60.2177904740712,0.594588441819724,154,160,7,6,3.43656509619264,3.02397947362624,FALSE,FALSE,"moderate",7,"BQ_094",FALSE,13,10,"none","first_to_last_pulse_exposed_spike","PHENO_0085","clear_burst_like",3.32395486030617,"eligible","S0029",10,1,"holdout",59.5828930715045,60.2755544278375,0.692661356333041,59.6232020322515,60.2177904740712,0.594588441819724
"TPL_018","TPL_018_EVENT_001","TPL_018_RUN_002","none","Burst","none","standalone_burst","TPL_018_PULSE_001",8.31749279454016,8.89529691399899,0.577804119458822,8.33316075661286,8.78283049639612,0.44966973978326,30,33,4,3,3.82915339743658,3.48964203940704,FALSE,FALSE,"moderate",4,"BQ_053",TRUE,8,4,"none","first_to_last_pulse_exposed_spike","PHENO_0086","clear_burst_like",3.02383821895585,"eligible","S0023",1,0.1,"holdout",0.831749279454017,0.889529691399899,0.0577804119458822,0.833316075661286,0.878283049639612,0.044966973978326
"TPL_018","TPL_018_EVENT_002","TPL_018_RUN_004","none","Pause","canonical","canonical","none",,,,16.0981807600143,20.3389012667718,4.2407205067575,45,46,2,1,,,FALSE,FALSE,"none",,"none",FALSE,0,0,"none","observed_first_to_last_pause_boundary_spike","none","not_applicable",,"not_applicable","S0023",1,0.1,"holdout",,,,1.60981807600143,2.03389012667718,0.42407205067575
"TPL_018","TPL_018_EVENT_003","TPL_018_RUN_006","none","Burst","none","standalone_burst","TPL_018_PULSE_002",25.0940665061548,25.8899108611366,0.795844354981803,25.1657234857238,25.8899108611366,0.724187375412818,51,57,7,6,5.82985661262002,5.07888141961303,FALSE,TRUE,"strong",7,"BQ_054",FALSE,3,0,"none","first_to_last_pulse_exposed_spike","PHENO_0087","clear_burst_like",5.9280611592038,"eligible","S0023",1,0.1,"holdout",2.50940665061548,2.58899108611366,0.0795844354981803,2.51657234857238,2.58899108611366,0.0724187375412818
"TPL_018","TPL_018_EVENT_004","TPL_018_RUN_008","none","Burst","none","standalone_burst","TPL_018_PULSE_003",26.5282916520117,27.2325453614232,0.704253709411546,26.5282916520117,27.2245911154381,0.696299463426385,58,62,5,4,2.66645160563944,2.54958813842386,FALSE,TRUE,"weak",5,"BQ_052",FALSE,0,4,"none","first_to_last_pulse_exposed_spike","PHENO_0088","clear_burst_like",3.573804051968,"eligible","S0023",1,0.1,"holdout",2.65282916520117,2.72325453614232,0.0704253709411546,2.65282916520117,2.72245911154381,0.0696299463426385
"TPL_018","TPL_018_EVENT_005","TPL_018_RUN_010","none","Pause","complex_multi_gap","complex_multi_gap","none",,,,32.9923656335158,39.1281359827203,6.13577034920454,74,76,3,2,,,FALSE,FALSE,"none",,"none",FALSE,0,0,"none","observed_first_to_last_pause_boundary_spike","none","not_applicable",,"not_applicable","S0023",1,0.1,"holdout",,,,3.29923656335158,3.91281359827203,0.613577034920454
"TPL_018","TPL_018_EVENT_006","TPL_018_RUN_011","TPL_018_STATE_004","Burst","none","burst_in_hfs","TPL_018_PULSE_004",41.9490484064275,42.7612046711946,0.812156264767076,42.0302667215277,42.7059340309743,0.675667309446602,83,90,8,7,4.618119398551,3.87002907274291,FALSE,FALSE,"moderate",8,"BQ_095",FALSE,7,20,"none","first_to_last_pulse_exposed_spike","PHENO_0089","clear_burst_like",3.02261952689524,"eligible","S0023",1,0.1,"holdout",4.19490484064275,4.27612046711946,0.0812156264767076,4.20302667215277,4.27059340309743,0.0675667309446602
"TPL_018","TPL_018_EVENT_007","TPL_018_RUN_012","none","Pause","canonical","canonical","none",,,,49.5680954744484,54.4974425029852,4.92934702853672,110,111,2,1,,,FALSE,FALSE,"none",,"none",FALSE,0,0,"TPL_018_REGIME_01","observed_first_to_last_pause_boundary_spike","none","not_applicable",,"not_applicable","S0023",1,0.1,"holdout",,,,4.95680954744484,5.44974425029852,0.492934702853673
"TPL_018","TPL_018_EVENT_008","TPL_018_RUN_013","TPL_018_STATE_005","Burst","none","burst_in_hfs","TPL_018_PULSE_005",58.3429612478993,58.7269753953101,0.384014147410774,58.3500515470123,58.6520008186506,0.30194927163825,126,133,8,7,7.31705411807762,4.74715033767279,FALSE,FALSE,"strong",8,"BQ_096",FALSE,15,12,"none","first_to_last_pulse_exposed_spike","PHENO_0090","clear_burst_like",4.04667402405465,"eligible","S0023",1,0.1,"holdout",5.83429612478993,5.87269753953101,0.0384014147410774,5.83500515470123,5.86520008186506,0.030194927163825
"TPL_018","TPL_018_EVENT_001","TPL_018_RUN_002","none","Burst","none","standalone_burst","TPL_018_PULSE_001",8.31749279454016,8.89529691399899,0.577804119458822,8.33316075661286,8.78283049639612,0.44966973978326,30,33,4,3,3.82915339743658,3.48964203940704,FALSE,FALSE,"moderate",4,"BQ_053",TRUE,8,4,"none","first_to_last_pulse_exposed_spike","PHENO_0086","clear_burst_like",3.02383821895585,"eligible","S0017",4,0.4,"holdout",3.32699711781607,3.5581187655996,0.231121647783529,3.33326430264515,3.51313219855845,0.179867895913304
"TPL_018","TPL_018_EVENT_002","TPL_018_RUN_004","none","Pause","canonical","canonical","none",,,,16.0981807600143,20.3389012667718,4.2407205067575,45,46,2,1,,,FALSE,FALSE,"none",,"none",FALSE,0,0,"none","observed_first_to_last_pause_boundary_spike","none","not_applicable",,"not_applicable","S0017",4,0.4,"holdout",,,,6.43927230400571,8.13556050670871,1.696288202703
"TPL_018","TPL_018_EVENT_003","TPL_018_RUN_006","none","Burst","none","standalone_burst","TPL_018_PULSE_002",25.0940665061548,25.8899108611366,0.795844354981803,25.1657234857238,25.8899108611366,0.724187375412818,51,57,7,6,5.82985661262002,5.07888141961303,FALSE,TRUE,"strong",7,"BQ_054",FALSE,3,0,"none","first_to_last_pulse_exposed_spike","PHENO_0087","clear_burst_like",5.9280611592038,"eligible","S0017",4,0.4,"holdout",10.0376266024619,10.3559643444546,0.318337741992721,10.0662893942895,10.3559643444546,0.289674950165127
"TPL_018","TPL_018_EVENT_004","TPL_018_RUN_008","none","Burst","none","standalone_burst","TPL_018_PULSE_003",26.5282916520117,27.2325453614232,0.704253709411546,26.5282916520117,27.2245911154381,0.696299463426385,58,62,5,4,2.66645160563944,2.54958813842386,FALSE,TRUE,"weak",5,"BQ_052",FALSE,0,4,"none","first_to_last_pulse_exposed_spike","PHENO_0088","clear_burst_like",3.573804051968,"eligible","S0017",4,0.4,"holdout",10.6113166608047,10.8930181445693,0.281701483764618,10.6113166608047,10.8898364461752,0.278519785370554
"TPL_018","TPL_018_EVENT_005","TPL_018_RUN_010","none","Pause","complex_multi_gap","complex_multi_gap","none",,,,32.9923656335158,39.1281359827203,6.13577034920454,74,76,3,2,,,FALSE,FALSE,"none",,"none",FALSE,0,0,"none","observed_first_to_last_pause_boundary_spike","none","not_applicable",,"not_applicable","S0017",4,0.4,"holdout",,,,13.1969462534063,15.6512543930881,2.45430813968182
"TPL_018","TPL_018_EVENT_006","TPL_018_RUN_011","TPL_018_STATE_004","Burst","none","burst_in_hfs","TPL_018_PULSE_004",41.9490484064275,42.7612046711946,0.812156264767076,42.0302667215277,42.7059340309743,0.675667309446602,83,90,8,7,4.618119398551,3.87002907274291,FALSE,FALSE,"moderate",8,"BQ_095",FALSE,7,20,"none","first_to_last_pulse_exposed_spike","PHENO_0089","clear_burst_like",3.02261952689524,"eligible","S0017",4,0.4,"holdout",16.779619362571,17.1044818684778,0.32486250590683,16.8121066886111,17.0823736123897,0.270266923778641
"TPL_018","TPL_018_EVENT_007","TPL_018_RUN_012","none","Pause","canonical","canonical","none",,,,49.5680954744484,54.4974425029852,4.92934702853672,110,111,2,1,,,FALSE,FALSE,"none",,"none",FALSE,0,0,"TPL_018_REGIME_01","observed_first_to_last_pause_boundary_spike","none","not_applicable",,"not_applicable","S0017",4,0.4,"holdout",,,,19.8272381897794,21.7989770011941,1.97173881141469
"TPL_018","TPL_018_EVENT_008","TPL_018_RUN_013","TPL_018_STATE_005","Burst","none","burst_in_hfs","TPL_018_PULSE_005",58.3429612478993,58.7269753953101,0.384014147410774,58.3500515470123,58.6520008186506,0.30194927163825,126,133,8,7,7.31705411807762,4.74715033767279,FALSE,FALSE,"strong",8,"BQ_096",FALSE,15,12,"none","first_to_last_pulse_exposed_spike","PHENO_0090","clear_burst_like",4.04667402405465,"eligible","S0017",4,0.4,"holdout",23.3371844991597,23.490790158124,0.15360565896431,23.3400206188049,23.4608003274602,0.1207797086553
"TPL_018","TPL_018_EVENT_001","TPL_018_RUN_002","none","Burst","none","standalone_burst","TPL_018_PULSE_001",8.31749279454016,8.89529691399899,0.577804119458822,8.33316075661286,8.78283049639612,0.44966973978326,30,33,4,3,3.82915339743658,3.48964203940704,FALSE,FALSE,"moderate",4,"BQ_053",TRUE,8,4,"none","first_to_last_pulse_exposed_spike","PHENO_0086","clear_burst_like",3.02383821895585,"eligible","S0032",10,1,"holdout",8.31749279454016,8.89529691399899,0.577804119458822,8.33316075661286,8.78283049639612,0.44966973978326
"TPL_018","TPL_018_EVENT_002","TPL_018_RUN_004","none","Pause","canonical","canonical","none",,,,16.0981807600143,20.3389012667718,4.2407205067575,45,46,2,1,,,FALSE,FALSE,"none",,"none",FALSE,0,0,"none","observed_first_to_last_pause_boundary_spike","none","not_applicable",,"not_applicable","S0032",10,1,"holdout",,,,16.0981807600143,20.3389012667718,4.2407205067575
"TPL_018","TPL_018_EVENT_003","TPL_018_RUN_006","none","Burst","none","standalone_burst","TPL_018_PULSE_002",25.0940665061548,25.8899108611366,0.795844354981803,25.1657234857238,25.8899108611366,0.724187375412818,51,57,7,6,5.82985661262002,5.07888141961303,FALSE,TRUE,"strong",7,"BQ_054",FALSE,3,0,"none","first_to_last_pulse_exposed_spike","PHENO_0087","clear_burst_like",5.9280611592038,"eligible","S0032",10,1,"holdout",25.0940665061548,25.8899108611366,0.795844354981803,25.1657234857238,25.8899108611366,0.724187375412818
"TPL_018","TPL_018_EVENT_004","TPL_018_RUN_008","none","Burst","none","standalone_burst","TPL_018_PULSE_003",26.5282916520117,27.2325453614232,0.704253709411546,26.5282916520117,27.2245911154381,0.696299463426385,58,62,5,4,2.66645160563944,2.54958813842386,FALSE,TRUE,"weak",5,"BQ_052",FALSE,0,4,"none","first_to_last_pulse_exposed_spike","PHENO_0088","clear_burst_like",3.573804051968,"eligible","S0032",10,1,"holdout",26.5282916520117,27.2325453614232,0.704253709411546,26.5282916520117,27.2245911154381,0.696299463426385
"TPL_018","TPL_018_EVENT_005","TPL_018_RUN_010","none","Pause","complex_multi_gap","complex_multi_gap","none",,,,32.9923656335158,39.1281359827203,6.13577034920454,74,76,3,2,,,FALSE,FALSE,"none",,"none",FALSE,0,0,"none","observed_first_to_last_pause_boundary_spike","none","not_applicable",,"not_applicable","S0032",10,1,"holdout",,,,32.9923656335158,39.1281359827203,6.13577034920454
"TPL_018","TPL_018_EVENT_006","TPL_018_RUN_011","TPL_018_STATE_004","Burst","none","burst_in_hfs","TPL_018_PULSE_004",41.9490484064275,42.7612046711946,0.812156264767076,42.0302667215277,42.7059340309743,0.675667309446602,83,90,8,7,4.618119398551,3.87002907274291,FALSE,FALSE,"moderate",8,"BQ_095",FALSE,7,20,"none","first_to_last_pulse_exposed_spike","PHENO_0089","clear_burst_like",3.02261952689524,"eligible","S0032",10,1,"holdout",41.9490484064275,42.7612046711946,0.812156264767076,42.0302667215277,42.7059340309743,0.675667309446602
"TPL_018","TPL_018_EVENT_007","TPL_018_RUN_012","none","Pause","canonical","canonical","none",,,,49.5680954744484,54.4974425029852,4.92934702853672,110,111,2,1,,,FALSE,FALSE,"none",,"none",FALSE,0,0,"TPL_018_REGIME_01","observed_first_to_last_pause_boundary_spike","none","not_applicable",,"not_applicable","S0032",10,1,"holdout",,,,49.5680954744484,54.4974425029852,4.92934702853672
"TPL_018","TPL_018_EVENT_008","TPL_018_RUN_013","TPL_018_STATE_005","Burst","none","burst_in_hfs","TPL_018_PULSE_005",58.3429612478993,58.7269753953101,0.384014147410774,58.3500515470123,58.6520008186506,0.30194927163825,126,133,8,7,7.31705411807762,4.74715033767279,FALSE,FALSE,"strong",8,"BQ_096",FALSE,15,12,"none","first_to_last_pulse_exposed_spike","PHENO_0090","clear_burst_like",4.04667402405465,"eligible","S0032",10,1,"holdout",58.3429612478993,58.7269753953101,0.384014147410774,58.3500515470123,58.6520008186506,0.30194927163825
"TPL_019","TPL_019_EVENT_001","TPL_019_RUN_001","none","Burst","none","standalone_burst","TPL_019_PULSE_001",3.20535605624318,4.10535605624318,0.9,3.30682988852612,4.08106012319297,0.774230234666845,5,12,8,7,4.39484568507839,4.05385874933563,FALSE,FALSE,"strong",8,"BQ_057",FALSE,4,4,"none","first_to_last_pulse_exposed_spike","PHENO_0091","clear_burst_like",5.95827410721204,"eligible","S0047",1,0.1,"holdout",0.320535605624318,0.410535605624318,0.09,0.330682988852612,0.408106012319297,0.0774230234666845
"TPL_019","TPL_019_EVENT_002","TPL_019_RUN_006","TPL_019_STATE_002","Burst","none","burst_in_hfs","TPL_019_PULSE_002",19.4954205351709,20.1353123755433,0.63989184037246,19.6303382991043,20.0842935707338,0.453955271629535,48,53,6,5,2.84267726405897,2.53061045445502,FALSE,FALSE,"weak",6,"BQ_097",FALSE,9,12,"none","first_to_last_pulse_exposed_spike","PHENO_0092","clear_burst_like",2.89796770588769,"eligible","S0047",1,0.1,"holdout",1.94954205351709,2.01353123755433,0.063989184037246,1.96303382991043,2.00842935707338,0.0453955271629535
"TPL_019","TPL_019_EVENT_003","TPL_019_RUN_009","none","Pause","canonical","canonical","none",,,,31.8558236235419,36.7033585374376,4.84753491389565,76,77,2,1,,,FALSE,FALSE,"none",,"none",FALSE,0,0,"none","observed_first_to_last_pause_boundary_spike","none","not_applicable",,"not_applicable","S0047",1,0.1,"holdout",,,,3.18558236235419,3.67033585374376,0.484753491389565
"TPL_019","TPL_019_EVENT_004","TPL_019_RUN_011","none","Pause","canonical","canonical","none",,,,37.8748304889375,41.1646163823386,3.28978589340113,78,79,2,1,,,FALSE,FALSE,"none",,"none",FALSE,0,0,"none","observed_first_to_last_pause_boundary_spike","none","not_applicable",,"not_applicable","S0047",1,0.1,"holdout",,,,3.78748304889375,4.11646163823386,0.328978589340113
"TPL_019","TPL_019_EVENT_005","TPL_019_RUN_013","TPL_019_STATE_005","Burst","none","burst_in_hfs","TPL_019_PULSE_003",49.7600636453978,50.2102407221708,0.450177076773024,49.7707449228417,50.202866044231,0.432121121389294,105,113,9,8,6.52297643714016,4.23803274589591,FALSE,FALSE,"strong",9,"BQ_098",FALSE,16,10,"none","first_to_last_pulse_exposed_spike","PHENO_0093","clear_burst_like",4.34098503611266,"eligible","S0047",1,0.1,"holdout",4.97600636453978,5.02102407221708,0.0450177076773024,4.97707449228417,5.0202866044231,0.0432121121389294
"TPL_019","TPL_019_EVENT_006","TPL_019_RUN_015","none","Burst","none","standalone_burst","TPL_019_PULSE_004",59.3512939547711,60.1390975156574,0.787803560886239,59.4175372083305,60.1390975156574,0.721560307326854,133,138,6,5,2.86314748072383,2.67044229637831,FALSE,TRUE,"weak",6,"BQ_055",FALSE,7,0,"none","first_to_last_pulse_exposed_spike","PHENO_0094","clear_burst_like",3.31209612670836,"eligible","S0047",1,0.1,"holdout",5.93512939547711,6.01390975156574,0.0787803560886239,5.94175372083305,6.01390975156574,0.0721560307326854
"TPL_019","TPL_019_EVENT_007","TPL_019_RUN_017","none","Burst","none","standalone_burst","TPL_019_PULSE_005",60.6493116103819,61.4326869209567,0.783375310574883,60.6493116103819,61.423716810885,0.774405200503168,139,145,7,6,4.29211546740331,3.80976700177416,FALSE,TRUE,"moderate",7,"BQ_056",FALSE,0,7,"none","first_to_last_pulse_exposed_spike","PHENO_0095","clear_burst_like",2.6040331433245,"eligible","S0047",1,0.1,"holdout",6.06493116103819,6.14326869209567,0.0783375310574883,6.06493116103819,6.1423716810885,0.0774405200503168
"TPL_019","TPL_019_EVENT_001","TPL_019_RUN_001","none","Burst","none","standalone_burst","TPL_019_PULSE_001",3.20535605624318,4.10535605624318,0.9,3.30682988852612,4.08106012319297,0.774230234666845,5,12,8,7,4.39484568507839,4.05385874933563,FALSE,FALSE,"strong",8,"BQ_057",FALSE,4,4,"none","first_to_last_pulse_exposed_spike","PHENO_0091","clear_burst_like",5.95827410721204,"eligible","S0037",4,0.4,"holdout",1.28214242249727,1.64214242249727,0.36,1.32273195541045,1.63242404927719,0.309692093866738
"TPL_019","TPL_019_EVENT_002","TPL_019_RUN_006","TPL_019_STATE_002","Burst","none","burst_in_hfs","TPL_019_PULSE_002",19.4954205351709,20.1353123755433,0.63989184037246,19.6303382991043,20.0842935707338,0.453955271629535,48,53,6,5,2.84267726405897,2.53061045445502,FALSE,FALSE,"weak",6,"BQ_097",FALSE,9,12,"none","first_to_last_pulse_exposed_spike","PHENO_0092","clear_burst_like",2.89796770588769,"eligible","S0037",4,0.4,"holdout",7.79816821406835,8.05412495021733,0.255956736148984,7.8521353196417,8.03371742829352,0.181582108651814
"TPL_019","TPL_019_EVENT_003","TPL_019_RUN_009","none","Pause","canonical","canonical","none",,,,31.8558236235419,36.7033585374376,4.84753491389565,76,77,2,1,,,FALSE,FALSE,"none",,"none",FALSE,0,0,"none","observed_first_to_last_pause_boundary_spike","none","not_applicable",,"not_applicable","S0037",4,0.4,"holdout",,,,12.7423294494168,14.681343414975,1.93901396555826
"TPL_019","TPL_019_EVENT_004","TPL_019_RUN_011","none","Pause","canonical","canonical","none",,,,37.8748304889375,41.1646163823386,3.28978589340113,78,79,2,1,,,FALSE,FALSE,"none",,"none",FALSE,0,0,"none","observed_first_to_last_pause_boundary_spike","none","not_applicable",,"not_applicable","S0037",4,0.4,"holdout",,,,15.149932195575,16.4658465529355,1.31591435736045
"TPL_019","TPL_019_EVENT_005","TPL_019_RUN_013","TPL_019_STATE_005","Burst","none","burst_in_hfs","TPL_019_PULSE_003",49.7600636453978,50.2102407221708,0.450177076773024,49.7707449228417,50.202866044231,0.432121121389294,105,113,9,8,6.52297643714016,4.23803274589591,FALSE,FALSE,"strong",9,"BQ_098",FALSE,16,10,"none","first_to_last_pulse_exposed_spike","PHENO_0093","clear_burst_like",4.34098503611266,"eligible","S0037",4,0.4,"holdout",19.9040254581591,20.0840962888683,0.180070830709209,19.9082979691367,20.0811464176924,0.172848448555717
"TPL_019","TPL_019_EVENT_006","TPL_019_RUN_015","none","Burst","none","standalone_burst","TPL_019_PULSE_004",59.3512939547711,60.1390975156574,0.787803560886239,59.4175372083305,60.1390975156574,0.721560307326854,133,138,6,5,2.86314748072383,2.67044229637831,FALSE,TRUE,"weak",6,"BQ_055",FALSE,7,0,"none","first_to_last_pulse_exposed_spike","PHENO_0094","clear_burst_like",3.31209612670836,"eligible","S0037",4,0.4,"holdout",23.7405175819084,24.0556390062629,0.315121424354496,23.7670148833322,24.0556390062629,0.288624122930742
"TPL_019","TPL_019_EVENT_007","TPL_019_RUN_017","none","Burst","none","standalone_burst","TPL_019_PULSE_005",60.6493116103819,61.4326869209567,0.783375310574883,60.6493116103819,61.423716810885,0.774405200503168,139,145,7,6,4.29211546740331,3.80976700177416,FALSE,TRUE,"moderate",7,"BQ_056",FALSE,0,7,"none","first_to_last_pulse_exposed_spike","PHENO_0095","clear_burst_like",2.6040331433245,"eligible","S0037",4,0.4,"holdout",24.2597246441527,24.5730747683827,0.313350124229953,24.2597246441527,24.569486724354,0.309762080201267
"TPL_019","TPL_019_EVENT_001","TPL_019_RUN_001","none","Burst","none","standalone_burst","TPL_019_PULSE_001",3.20535605624318,4.10535605624318,0.9,3.30682988852612,4.08106012319297,0.774230234666845,5,12,8,7,4.39484568507839,4.05385874933563,FALSE,FALSE,"strong",8,"BQ_057",FALSE,4,4,"none","first_to_last_pulse_exposed_spike","PHENO_0091","clear_burst_like",5.95827410721204,"eligible","S0025",10,1,"holdout",3.20535605624318,4.10535605624318,0.9,3.30682988852612,4.08106012319297,0.774230234666845
"TPL_019","TPL_019_EVENT_002","TPL_019_RUN_006","TPL_019_STATE_002","Burst","none","burst_in_hfs","TPL_019_PULSE_002",19.4954205351709,20.1353123755433,0.63989184037246,19.6303382991043,20.0842935707338,0.453955271629535,48,53,6,5,2.84267726405897,2.53061045445502,FALSE,FALSE,"weak",6,"BQ_097",FALSE,9,12,"none","first_to_last_pulse_exposed_spike","PHENO_0092","clear_burst_like",2.89796770588769,"eligible","S0025",10,1,"holdout",19.4954205351709,20.1353123755433,0.63989184037246,19.6303382991043,20.0842935707338,0.453955271629535
"TPL_019","TPL_019_EVENT_003","TPL_019_RUN_009","none","Pause","canonical","canonical","none",,,,31.8558236235419,36.7033585374376,4.84753491389565,76,77,2,1,,,FALSE,FALSE,"none",,"none",FALSE,0,0,"none","observed_first_to_last_pause_boundary_spike","none","not_applicable",,"not_applicable","S0025",10,1,"holdout",,,,31.8558236235419,36.7033585374376,4.84753491389565
"TPL_019","TPL_019_EVENT_004","TPL_019_RUN_011","none","Pause","canonical","canonical","none",,,,37.8748304889375,41.1646163823386,3.28978589340113,78,79,2,1,,,FALSE,FALSE,"none",,"none",FALSE,0,0,"none","observed_first_to_last_pause_boundary_spike","none","not_applicable",,"not_applicable","S0025",10,1,"holdout",,,,37.8748304889375,41.1646163823386,3.28978589340113
"TPL_019","TPL_019_EVENT_005","TPL_019_RUN_013","TPL_019_STATE_005","Burst","none","burst_in_hfs","TPL_019_PULSE_003",49.7600636453978,50.2102407221708,0.450177076773024,49.7707449228417,50.202866044231,0.432121121389294,105,113,9,8,6.52297643714016,4.23803274589591,FALSE,FALSE,"strong",9,"BQ_098",FALSE,16,10,"none","first_to_last_pulse_exposed_spike","PHENO_0093","clear_burst_like",4.34098503611266,"eligible","S0025",10,1,"holdout",49.7600636453978,50.2102407221708,0.450177076773024,49.7707449228417,50.202866044231,0.432121121389294
"TPL_019","TPL_019_EVENT_006","TPL_019_RUN_015","none","Burst","none","standalone_burst","TPL_019_PULSE_004",59.3512939547711,60.1390975156574,0.787803560886239,59.4175372083305,60.1390975156574,0.721560307326854,133,138,6,5,2.86314748072383,2.67044229637831,FALSE,TRUE,"weak",6,"BQ_055",FALSE,7,0,"none","first_to_last_pulse_exposed_spike","PHENO_0094","clear_burst_like",3.31209612670836,"eligible","S0025",10,1,"holdout",59.3512939547711,60.1390975156574,0.787803560886239,59.4175372083305,60.1390975156574,0.721560307326854
"TPL_019","TPL_019_EVENT_007","TPL_019_RUN_017","none","Burst","none","standalone_burst","TPL_019_PULSE_005",60.6493116103819,61.4326869209567,0.783375310574883,60.6493116103819,61.423716810885,0.774405200503168,139,145,7,6,4.29211546740331,3.80976700177416,FALSE,TRUE,"moderate",7,"BQ_056",FALSE,0,7,"none","first_to_last_pulse_exposed_spike","PHENO_0095","clear_burst_like",2.6040331433245,"eligible","S0025",10,1,"holdout",60.6493116103819,61.4326869209567,0.783375310574883,60.6493116103819,61.423716810885,0.774405200503168
"TPL_020","TPL_020_EVENT_001","TPL_020_RUN_001","none","Burst","none","standalone_burst","TPL_020_PULSE_001",2.31573821261991,3.21530855648007,0.899570343860166,2.38229789004341,3.21530855648007,0.833010666436669,6,13,8,7,4.45015612314336,3.96223496389575,FALSE,TRUE,"moderate",8,"BQ_059",FALSE,5,0,"none","first_to_last_pulse_exposed_spike","PHENO_0096","clear_burst_like",3.75658104377251,"eligible","S0021",1,0.1,"holdout",0.231573821261991,0.321530855648007,0.0899570343860166,0.238229789004341,0.321530855648007,0.0833010666436669
"TPL_020","TPL_020_EVENT_002","TPL_020_RUN_003","none","Burst","none","standalone_burst","TPL_020_PULSE_002",3.76008569468532,4.63062954868512,0.870543853999803,3.76008569468532,4.59959283519618,0.839507140510857,14,22,9,8,4.99649996134574,4.33564693876542,FALSE,TRUE,"strong",9,"BQ_060",FALSE,0,6,"none","first_to_last_pulse_exposed_spike","PHENO_0097","clear_burst_like",4.18780208003059,"eligible","S0021",1,0.1,"holdout",0.376008569468532,0.463062954868512,0.0870543853999803,0.376008569468532,0.459959283519618,0.0839507140510857
"TPL_020","TPL_020_EVENT_003","TPL_020_RUN_008","none","Pause","complex_multi_gap","complex_multi_gap","none",,,,17.6781668718787,24.1631665788474,6.48499970696867,40,43,4,3,,,FALSE,FALSE,"none",,"none",FALSE,0,0,"none","observed_first_to_last_pause_boundary_spike","none","not_applicable",,"not_applicable","S0021",1,0.1,"holdout",,,,1.76781668718787,2.41631665788474,0.648499970696867
"TPL_020","TPL_020_EVENT_004","TPL_020_RUN_010","none","Burst","none","standalone_burst","TPL_020_PULSE_003",33.0952654889532,33.9952654889532,0.899999999999999,33.1501473283251,33.9686741080926,0.818526779767424,69,75,7,6,2.7825080458061,2.60769146159291,FALSE,FALSE,"weak",7,"BQ_058",FALSE,4,3,"none","first_to_last_pulse_exposed_spike","PHENO_0098","clear_burst_like",3.43467167399497,"eligible","S0021",1,0.1,"holdout",3.30952654889532,3.39952654889532,0.0899999999999999,3.31501473283251,3.39686741080926,0.0818526779767424
"TPL_020","TPL_020_EVENT_005","TPL_020_RUN_013","none","Pause","canonical","canonical","none",,,,41.8991411378475,46.831869448196,4.93272831034847,89,90,2,1,,,FALSE,FALSE,"none",,"none",FALSE,0,0,"none","observed_first_to_last_pause_boundary_spike","none","not_applicable",,"not_applicable","S0021",1,0.1,"holdout",,,,4.18991411378475,4.6831869448196,0.493272831034847
"TPL_020","TPL_020_EVENT_006","TPL_020_RUN_015","TPL_020_STATE_004","Burst","none","burst_in_hfs","TPL_020_PULSE_004",48.8918983700382,49.3502430105796,0.45834464054137,48.9672818083865,49.3027742640986,0.335492455712092,96,102,7,6,3.65288051249632,2.90990707408637,FALSE,FALSE,"weak",7,"BQ_099",FALSE,5,17,"none","first_to_last_pulse_exposed_spike","PHENO_0099","clear_burst_like",4.92507121783931,"eligible","S0021",1,0.1,"holdout",4.88918983700382,4.93502430105796,0.045834464054137,4.89672818083865,4.93027742640986,0.0335492455712092
"TPL_020","TPL_020_EVENT_007","TPL_020_RUN_016","none","Pause","canonical","canonical","none",,,,52.6489302934466,56.3204236311225,3.67149333767593,119,120,2,1,,,FALSE,FALSE,"none",,"none",FALSE,0,0,"TPL_020_REGIME_01","observed_first_to_last_pause_boundary_spike","none","not_applicable",,"not_applicable","S0021",1,0.1,"holdout",,,,5.26489302934466,5.63204236311225,0.367149333767593
"TPL_020","TPL_020_EVENT_008","TPL_020_RUN_017","TPL_020_STATE_005","Burst","none","burst_in_hfs","TPL_020_PULSE_005",58.3289257189548,59.064916248394,0.735990529439228,58.3793573549705,59.0325585080307,0.653201153060209,128,136,9,8,5.06047605104845,3.93299060314894,FALSE,FALSE,"moderate",9,"BQ_100",FALSE,8,16,"none","first_to_last_pulse_exposed_spike","PHENO_0100","clear_burst_like",3.78251178717256,"eligible","S0021",1,0.1,"holdout",5.83289257189548,5.9064916248394,0.0735990529439228,5.83793573549705,5.90325585080307,0.0653201153060209
"TPL_020","TPL_020_EVENT_001","TPL_020_RUN_001","none","Burst","none","standalone_burst","TPL_020_PULSE_001",2.31573821261991,3.21530855648007,0.899570343860166,2.38229789004341,3.21530855648007,0.833010666436669,6,13,8,7,4.45015612314336,3.96223496389575,FALSE,TRUE,"moderate",8,"BQ_059",FALSE,5,0,"none","first_to_last_pulse_exposed_spike","PHENO_0096","clear_burst_like",3.75658104377251,"eligible","S0020",4,0.4,"holdout",0.926295285047963,1.28612342259203,0.359828137544066,0.952919156017362,1.28612342259203,0.333204266574668
"TPL_020","TPL_020_EVENT_002","TPL_020_RUN_003","none","Burst","none","standalone_burst","TPL_020_PULSE_002",3.76008569468532,4.63062954868512,0.870543853999803,3.76008569468532,4.59959283519618,0.839507140510857,14,22,9,8,4.99649996134574,4.33564693876542,FALSE,TRUE,"strong",9,"BQ_060",FALSE,0,6,"none","first_to_last_pulse_exposed_spike","PHENO_0097","clear_burst_like",4.18780208003059,"eligible","S0020",4,0.4,"holdout",1.50403427787413,1.85225181947405,0.348217541599921,1.50403427787413,1.83983713407847,0.335802856204343
"TPL_020","TPL_020_EVENT_003","TPL_020_RUN_008","none","Pause","complex_multi_gap","complex_multi_gap","none",,,,17.6781668718787,24.1631665788474,6.48499970696867,40,43,4,3,,,FALSE,FALSE,"none",,"none",FALSE,0,0,"none","observed_first_to_last_pause_boundary_spike","none","not_applicable",,"not_applicable","S0020",4,0.4,"holdout",,,,7.07126674875149,9.66526663153896,2.59399988278747
"TPL_020","TPL_020_EVENT_004","TPL_020_RUN_010","none","Burst","none","standalone_burst","TPL_020_PULSE_003",33.0952654889532,33.9952654889532,0.899999999999999,33.1501473283251,33.9686741080926,0.818526779767424,69,75,7,6,2.7825080458061,2.60769146159291,FALSE,FALSE,"weak",7,"BQ_058",FALSE,4,3,"none","first_to_last_pulse_exposed_spike","PHENO_0098","clear_burst_like",3.43467167399497,"eligible","S0020",4,0.4,"holdout",13.2381061955813,13.5981061955813,0.359999999999999,13.2600589313301,13.587469643237,0.32741071190697
"TPL_020","TPL_020_EVENT_005","TPL_020_RUN_013","none","Pause","canonical","canonical","none",,,,41.8991411378475,46.831869448196,4.93272831034847,89,90,2,1,,,FALSE,FALSE,"none",,"none",FALSE,0,0,"none","observed_first_to_last_pause_boundary_spike","none","not_applicable",,"not_applicable","S0020",4,0.4,"holdout",,,,16.759656455139,18.7327477792784,1.97309132413939
"TPL_020","TPL_020_EVENT_006","TPL_020_RUN_015","TPL_020_STATE_004","Burst","none","burst_in_hfs","TPL_020_PULSE_004",48.8918983700382,49.3502430105796,0.45834464054137,48.9672818083865,49.3027742640986,0.335492455712092,96,102,7,6,3.65288051249632,2.90990707408637,FALSE,FALSE,"weak",7,"BQ_099",FALSE,5,17,"none","first_to_last_pulse_exposed_spike","PHENO_0099","clear_burst_like",4.92507121783931,"eligible","S0020",4,0.4,"holdout",19.5567593480153,19.7400972042318,0.183337856216548,19.5869127233546,19.7211097056394,0.134196982284837
"TPL_020","TPL_020_EVENT_007","TPL_020_RUN_016","none","Pause","canonical","canonical","none",,,,52.6489302934466,56.3204236311225,3.67149333767593,119,120,2,1,,,FALSE,FALSE,"none",,"none",FALSE,0,0,"TPL_020_REGIME_01","observed_first_to_last_pause_boundary_spike","none","not_applicable",,"not_applicable","S0020",4,0.4,"holdout",,,,21.0595721173786,22.528169452449,1.46859733507037
"TPL_020","TPL_020_EVENT_008","TPL_020_RUN_017","TPL_020_STATE_005","Burst","none","burst_in_hfs","TPL_020_PULSE_005",58.3289257189548,59.064916248394,0.735990529439228,58.3793573549705,59.0325585080307,0.653201153060209,128,136,9,8,5.06047605104845,3.93299060314894,FALSE,FALSE,"moderate",9,"BQ_100",FALSE,8,16,"none","first_to_last_pulse_exposed_spike","PHENO_0100","clear_burst_like",3.78251178717256,"eligible","S0020",4,0.4,"holdout",23.3315702875819,23.6259664993576,0.294396211775691,23.3517429419882,23.6130234032123,0.261280461224084
"TPL_020","TPL_020_EVENT_001","TPL_020_RUN_001","none","Burst","none","standalone_burst","TPL_020_PULSE_001",2.31573821261991,3.21530855648007,0.899570343860166,2.38229789004341,3.21530855648007,0.833010666436669,6,13,8,7,4.45015612314336,3.96223496389575,FALSE,TRUE,"moderate",8,"BQ_059",FALSE,5,0,"none","first_to_last_pulse_exposed_spike","PHENO_0096","clear_burst_like",3.75658104377251,"eligible","S0003",10,1,"holdout",2.31573821261991,3.21530855648007,0.899570343860166,2.38229789004341,3.21530855648007,0.833010666436669
"TPL_020","TPL_020_EVENT_002","TPL_020_RUN_003","none","Burst","none","standalone_burst","TPL_020_PULSE_002",3.76008569468532,4.63062954868512,0.870543853999803,3.76008569468532,4.59959283519618,0.839507140510857,14,22,9,8,4.99649996134574,4.33564693876542,FALSE,TRUE,"strong",9,"BQ_060",FALSE,0,6,"none","first_to_last_pulse_exposed_spike","PHENO_0097","clear_burst_like",4.18780208003059,"eligible","S0003",10,1,"holdout",3.76008569468532,4.63062954868512,0.870543853999803,3.76008569468532,4.59959283519618,0.839507140510857
"TPL_020","TPL_020_EVENT_003","TPL_020_RUN_008","none","Pause","complex_multi_gap","complex_multi_gap","none",,,,17.6781668718787,24.1631665788474,6.48499970696867,40,43,4,3,,,FALSE,FALSE,"none",,"none",FALSE,0,0,"none","observed_first_to_last_pause_boundary_spike","none","not_applicable",,"not_applicable","S0003",10,1,"holdout",,,,17.6781668718787,24.1631665788474,6.48499970696867
"TPL_020","TPL_020_EVENT_004","TPL_020_RUN_010","none","Burst","none","standalone_burst","TPL_020_PULSE_003",33.0952654889532,33.9952654889532,0.899999999999999,33.1501473283251,33.9686741080926,0.818526779767424,69,75,7,6,2.7825080458061,2.60769146159291,FALSE,FALSE,"weak",7,"BQ_058",FALSE,4,3,"none","first_to_last_pulse_exposed_spike","PHENO_0098","clear_burst_like",3.43467167399497,"eligible","S0003",10,1,"holdout",33.0952654889532,33.9952654889532,0.899999999999999,33.1501473283251,33.9686741080926,0.818526779767424
"TPL_020","TPL_020_EVENT_005","TPL_020_RUN_013","none","Pause","canonical","canonical","none",,,,41.8991411378475,46.831869448196,4.93272831034847,89,90,2,1,,,FALSE,FALSE,"none",,"none",FALSE,0,0,"none","observed_first_to_last_pause_boundary_spike","none","not_applicable",,"not_applicable","S0003",10,1,"holdout",,,,41.8991411378475,46.831869448196,4.93272831034847
"TPL_020","TPL_020_EVENT_006","TPL_020_RUN_015","TPL_020_STATE_004","Burst","none","burst_in_hfs","TPL_020_PULSE_004",48.8918983700382,49.3502430105796,0.45834464054137,48.9672818083865,49.3027742640986,0.335492455712092,96,102,7,6,3.65288051249632,2.90990707408637,FALSE,FALSE,"weak",7,"BQ_099",FALSE,5,17,"none","first_to_last_pulse_exposed_spike","PHENO_0099","clear_burst_like",4.92507121783931,"eligible","S0003",10,1,"holdout",48.8918983700382,49.3502430105796,0.45834464054137,48.9672818083865,49.3027742640986,0.335492455712092
"TPL_020","TPL_020_EVENT_007","TPL_020_RUN_016","none","Pause","canonical","canonical","none",,,,52.6489302934466,56.3204236311225,3.67149333767593,119,120,2,1,,,FALSE,FALSE,"none",,"none",FALSE,0,0,"TPL_020_REGIME_01","observed_first_to_last_pause_boundary_spike","none","not_applicable",,"not_applicable","S0003",10,1,"holdout",,,,52.6489302934466,56.3204236311225,3.67149333767593
"TPL_020","TPL_020_EVENT_008","TPL_020_RUN_017","TPL_020_STATE_005","Burst","none","burst_in_hfs","TPL_020_PULSE_005",58.3289257189548,59.064916248394,0.735990529439228,58.3793573549705,59.0325585080307,0.653201153060209,128,136,9,8,5.06047605104845,3.93299060314894,FALSE,FALSE,"moderate",9,"BQ_100",FALSE,8,16,"none","first_to_last_pulse_exposed_spike","PHENO_0100","clear_burst_like",3.78251178717256,"eligible","S0003",10,1,"holdout",58.3289257189548,59.064916248394,0.735990529439228,58.3793573549705,59.0325585080307,0.653201153060209
