"Template_ID","Transition_ID","Boundary_u","Left_Run_ID","Right_Run_ID","Left_Descriptor","Right_Descriptor","Direct_Target_Boundary","Transition_Type","Sample_ID","Scale_Factor","B_s","Split","Boundary_s"
"TPL_001","TPL_001_TRANS_001",12.8257610398382,"TPL_001_RUN_001","TPL_001_RUN_002","Tonic:generic_stress","Pause:canonical",TRUE,"Tonic:generic_stress -> Pause:canonical","S0015",1,0.1,"development",1.28257610398382
"TPL_001","TPL_001_TRANS_002",15.9670527160205,"TPL_001_RUN_002","TPL_001_RUN_003","Pause:canonical","Background",FALSE,"Pause:canonical -> Background","S0015",1,0.1,"development",1.59670527160205
"TPL_001","TPL_001_TRANS_003",16.5218306627834,"TPL_001_RUN_003","TPL_001_RUN_004","Background","Tonic:stn_like_empirical",FALSE,"Background -> Tonic:stn_like_empirical","S0015",1,0.1,"development",1.65218306627834
"TPL_001","TPL_001_TRANS_004",23.418889242705,"TPL_001_RUN_004","TPL_001_RUN_005","Tonic:stn_like_empirical","Pause:complex_multi_gap",TRUE,"Tonic:stn_like_empirical -> Pause:complex_multi_gap","S0015",1,0.1,"development",2.3418889242705
"TPL_001","TPL_001_TRANS_005",28.6735463044755,"TPL_001_RUN_005","TPL_001_RUN_006","Pause:complex_multi_gap","Burst",TRUE,"Pause:complex_multi_gap -> Burst","S0015",1,0.1,"development",2.86735463044755
"TPL_001","TPL_001_TRANS_006",32.0471790575168,"TPL_001_RUN_006","TPL_001_RUN_007","Burst","Contextual_Separator",TRUE,"Burst -> Contextual_Separator","S0015",1,0.1,"development",3.20471790575168
"TPL_001","TPL_001_TRANS_007",32.6704756078963,"TPL_001_RUN_007","TPL_001_RUN_008","Contextual_Separator","Burst",TRUE,"Contextual_Separator -> Burst","S0015",1,0.1,"development",3.26704756078963
"TPL_001","TPL_001_TRANS_008",36.6001193505121,"TPL_001_RUN_008","TPL_001_RUN_009","Burst","Burst",TRUE,"Burst -> Burst","S0015",1,0.1,"development",3.66001193505121
"TPL_001","TPL_001_TRANS_009",42.0762141064265,"TPL_001_RUN_009","TPL_001_RUN_010","Burst","Broad_HFS",TRUE,"Burst -> Broad_HFS","S0015",1,0.1,"development",4.20762141064265
"TPL_001","TPL_001_TRANS_010",49.6976331014678,"TPL_001_RUN_010","TPL_001_RUN_011","Broad_HFS","Background",FALSE,"Broad_HFS -> Background","S0015",1,0.1,"development",4.96976331014678
"TPL_001","TPL_001_TRANS_011",50.6430515835706,"TPL_001_RUN_011","TPL_001_RUN_012","Background","Borderline_Gap",FALSE,"Background -> Borderline_Gap","S0015",1,0.1,"development",5.06430515835707
"TPL_001","TPL_001_TRANS_012",51.8847260243601,"TPL_001_RUN_012","TPL_001_RUN_013","Borderline_Gap","Burst",TRUE,"Borderline_Gap -> Burst","S0015",1,0.1,"development",5.18847260243601
"TPL_001","TPL_001_TRANS_013",59.0914650309211,"TPL_001_RUN_013","TPL_001_RUN_014","Burst","Pause:canonical",TRUE,"Burst -> Pause:canonical","S0015",1,0.1,"development",5.90914650309211
"TPL_001","TPL_001_TRANS_014",62.628301259953,"TPL_001_RUN_014","TPL_001_RUN_015","Pause:canonical","Burst",TRUE,"Pause:canonical -> Burst","S0015",1,0.1,"development",6.2628301259953
"TPL_001","TPL_001_TRANS_001",12.8257610398382,"TPL_001_RUN_001","TPL_001_RUN_002","Tonic:generic_stress","Pause:canonical",TRUE,"Tonic:generic_stress -> Pause:canonical","S0056",4,0.4,"development",5.13030441593528
"TPL_001","TPL_001_TRANS_002",15.9670527160205,"TPL_001_RUN_002","TPL_001_RUN_003","Pause:canonical","Background",FALSE,"Pause:canonical -> Background","S0056",4,0.4,"development",6.3868210864082
"TPL_001","TPL_001_TRANS_003",16.5218306627834,"TPL_001_RUN_003","TPL_001_RUN_004","Background","Tonic:stn_like_empirical",FALSE,"Background -> Tonic:stn_like_empirical","S0056",4,0.4,"development",6.60873226511336
"TPL_001","TPL_001_TRANS_004",23.418889242705,"TPL_001_RUN_004","TPL_001_RUN_005","Tonic:stn_like_empirical","Pause:complex_multi_gap",TRUE,"Tonic:stn_like_empirical -> Pause:complex_multi_gap","S0056",4,0.4,"development",9.36755569708199
"TPL_001","TPL_001_TRANS_005",28.6735463044755,"TPL_001_RUN_005","TPL_001_RUN_006","Pause:complex_multi_gap","Burst",TRUE,"Pause:complex_multi_gap -> Burst","S0056",4,0.4,"development",11.4694185217902
"TPL_001","TPL_001_TRANS_006",32.0471790575168,"TPL_001_RUN_006","TPL_001_RUN_007","Burst","Contextual_Separator",TRUE,"Burst -> Contextual_Separator","S0056",4,0.4,"development",12.8188716230067
"TPL_001","TPL_001_TRANS_007",32.6704756078963,"TPL_001_RUN_007","TPL_001_RUN_008","Contextual_Separator","Burst",TRUE,"Contextual_Separator -> Burst","S0056",4,0.4,"development",13.0681902431585
"TPL_001","TPL_001_TRANS_008",36.6001193505121,"TPL_001_RUN_008","TPL_001_RUN_009","Burst","Burst",TRUE,"Burst -> Burst","S0056",4,0.4,"development",14.6400477402049
"TPL_001","TPL_001_TRANS_009",42.0762141064265,"TPL_001_RUN_009","TPL_001_RUN_010","Burst","Broad_HFS",TRUE,"Burst -> Broad_HFS","S0056",4,0.4,"development",16.8304856425706
"TPL_001","TPL_001_TRANS_010",49.6976331014678,"TPL_001_RUN_010","TPL_001_RUN_011","Broad_HFS","Background",FALSE,"Broad_HFS -> Background","S0056",4,0.4,"development",19.8790532405871
"TPL_001","TPL_001_TRANS_011",50.6430515835706,"TPL_001_RUN_011","TPL_001_RUN_012","Background","Borderline_Gap",FALSE,"Background -> Borderline_Gap","S0056",4,0.4,"development",20.2572206334283
"TPL_001","TPL_001_TRANS_012",51.8847260243601,"TPL_001_RUN_012","TPL_001_RUN_013","Borderline_Gap","Burst",TRUE,"Borderline_Gap -> Burst","S0056",4,0.4,"development",20.7538904097441
"TPL_001","TPL_001_TRANS_013",59.0914650309211,"TPL_001_RUN_013","TPL_001_RUN_014","Burst","Pause:canonical",TRUE,"Burst -> Pause:canonical","S0056",4,0.4,"development",23.6365860123684
"TPL_001","TPL_001_TRANS_014",62.628301259953,"TPL_001_RUN_014","TPL_001_RUN_015","Pause:canonical","Burst",TRUE,"Pause:canonical -> Burst","S0056",4,0.4,"development",25.0513205039812
"TPL_001","TPL_001_TRANS_001",12.8257610398382,"TPL_001_RUN_001","TPL_001_RUN_002","Tonic:generic_stress","Pause:canonical",TRUE,"Tonic:generic_stress -> Pause:canonical","S0007",10,1,"development",12.8257610398382
"TPL_001","TPL_001_TRANS_002",15.9670527160205,"TPL_001_RUN_002","TPL_001_RUN_003","Pause:canonical","Background",FALSE,"Pause:canonical -> Background","S0007",10,1,"development",15.9670527160205
"TPL_001","TPL_001_TRANS_003",16.5218306627834,"TPL_001_RUN_003","TPL_001_RUN_004","Background","Tonic:stn_like_empirical",FALSE,"Background -> Tonic:stn_like_empirical","S0007",10,1,"development",16.5218306627834
"TPL_001","TPL_001_TRANS_004",23.418889242705,"TPL_001_RUN_004","TPL_001_RUN_005","Tonic:stn_like_empirical","Pause:complex_multi_gap",TRUE,"Tonic:stn_like_empirical -> Pause:complex_multi_gap","S0007",10,1,"development",23.418889242705
"TPL_001","TPL_001_TRANS_005",28.6735463044755,"TPL_001_RUN_005","TPL_001_RUN_006","Pause:complex_multi_gap","Burst",TRUE,"Pause:complex_multi_gap -> Burst","S0007",10,1,"development",28.6735463044755
"TPL_001","TPL_001_TRANS_006",32.0471790575168,"TPL_001_RUN_006","TPL_001_RUN_007","Burst","Contextual_Separator",TRUE,"Burst -> Contextual_Separator","S0007",10,1,"development",32.0471790575168
"TPL_001","TPL_001_TRANS_007",32.6704756078963,"TPL_001_RUN_007","TPL_001_RUN_008","Contextual_Separator","Burst",TRUE,"Contextual_Separator -> Burst","S0007",10,1,"development",32.6704756078963
"TPL_001","TPL_001_TRANS_008",36.6001193505121,"TPL_001_RUN_008","TPL_001_RUN_009","Burst","Burst",TRUE,"Burst -> Burst","S0007",10,1,"development",36.6001193505121
"TPL_001","TPL_001_TRANS_009",42.0762141064265,"TPL_001_RUN_009","TPL_001_RUN_010","Burst","Broad_HFS",TRUE,"Burst -> Broad_HFS","S0007",10,1,"development",42.0762141064265
"TPL_001","TPL_001_TRANS_010",49.6976331014678,"TPL_001_RUN_010","TPL_001_RUN_011","Broad_HFS","Background",FALSE,"Broad_HFS -> Background","S0007",10,1,"development",49.6976331014678
"TPL_001","TPL_001_TRANS_011",50.6430515835706,"TPL_001_RUN_011","TPL_001_RUN_012","Background","Borderline_Gap",FALSE,"Background -> Borderline_Gap","S0007",10,1,"development",50.6430515835706
"TPL_001","TPL_001_TRANS_012",51.8847260243601,"TPL_001_RUN_012","TPL_001_RUN_013","Borderline_Gap","Burst",TRUE,"Borderline_Gap -> Burst","S0007",10,1,"development",51.8847260243601
"TPL_001","TPL_001_TRANS_013",59.0914650309211,"TPL_001_RUN_013","TPL_001_RUN_014","Burst","Pause:canonical",TRUE,"Burst -> Pause:canonical","S0007",10,1,"development",59.0914650309211
"TPL_001","TPL_001_TRANS_014",62.628301259953,"TPL_001_RUN_014","TPL_001_RUN_015","Pause:canonical","Burst",TRUE,"Pause:canonical -> Burst","S0007",10,1,"development",62.628301259953
"TPL_002","TPL_002_TRANS_001",10.4036592234531,"TPL_002_RUN_001","TPL_002_RUN_002","Broad_HFS","Burst",TRUE,"Broad_HFS -> Burst","S0030",1,0.1,"development",1.04036592234531
"TPL_002","TPL_002_TRANS_002",17.2561805277762,"TPL_002_RUN_002","TPL_002_RUN_003","Burst","Background",FALSE,"Burst -> Background","S0030",1,0.1,"development",1.72561805277762
"TPL_002","TPL_002_TRANS_003",17.9738281537255,"TPL_002_RUN_003","TPL_002_RUN_004","Background","Burst",FALSE,"Background -> Burst","S0030",1,0.1,"development",1.79738281537255
"TPL_002","TPL_002_TRANS_004",25.1195003960053,"TPL_002_RUN_004","TPL_002_RUN_005","Burst","Background",FALSE,"Burst -> Background","S0030",1,0.1,"development",2.51195003960053
"TPL_002","TPL_002_TRANS_005",26.9749938740381,"TPL_002_RUN_005","TPL_002_RUN_006","Background","Burst",FALSE,"Background -> Burst","S0030",1,0.1,"development",2.69749938740381
"TPL_002","TPL_002_TRANS_006",40.3944281286502,"TPL_002_RUN_006","TPL_002_RUN_007","Burst","Background",FALSE,"Burst -> Background","S0030",1,0.1,"development",4.03944281286502
"TPL_002","TPL_002_TRANS_007",41.4266013678866,"TPL_002_RUN_007","TPL_002_RUN_008","Background","Tonic:generic_stress",FALSE,"Background -> Tonic:generic_stress","S0030",1,0.1,"development",4.14266013678866
"TPL_002","TPL_002_TRANS_008",47.3130818012021,"TPL_002_RUN_008","TPL_002_RUN_009","Tonic:generic_stress","Borderline_Gap",TRUE,"Tonic:generic_stress -> Borderline_Gap","S0030",1,0.1,"development",4.73130818012021
"TPL_002","TPL_002_TRANS_009",48.6290048413365,"TPL_002_RUN_009","TPL_002_RUN_010","Borderline_Gap","Burst",TRUE,"Borderline_Gap -> Burst","S0030",1,0.1,"development",4.86290048413365
"TPL_002","TPL_002_TRANS_010",51.9804948037409,"TPL_002_RUN_010","TPL_002_RUN_011","Burst","Contextual_Separator",TRUE,"Burst -> Contextual_Separator","S0030",1,0.1,"development",5.19804948037409
"TPL_002","TPL_002_TRANS_011",52.6053321355872,"TPL_002_RUN_011","TPL_002_RUN_012","Contextual_Separator","Burst",TRUE,"Contextual_Separator -> Burst","S0030",1,0.1,"development",5.26053321355872
"TPL_002","TPL_002_TRANS_012",55.7205017430127,"TPL_002_RUN_012","TPL_002_RUN_013","Burst","Background",FALSE,"Burst -> Background","S0030",1,0.1,"development",5.57205017430127
"TPL_002","TPL_002_TRANS_013",56.0505425838668,"TPL_002_RUN_013","TPL_002_RUN_014","Background","Pause:canonical",FALSE,"Background -> Pause:canonical","S0030",1,0.1,"development",5.60505425838668
"TPL_002","TPL_002_TRANS_014",60.2724390516903,"TPL_002_RUN_014","TPL_002_RUN_015","Pause:canonical","Background",FALSE,"Pause:canonical -> Background","S0030",1,0.1,"development",6.02724390516903
"TPL_002","TPL_002_TRANS_015",61.7157838292883,"TPL_002_RUN_015","TPL_002_RUN_016","Background","Tonic:stn_like_empirical",FALSE,"Background -> Tonic:stn_like_empirical","S0030",1,0.1,"development",6.17157838292883
"TPL_002","TPL_002_TRANS_016",66.9755699529193,"TPL_002_RUN_016","TPL_002_RUN_017","Tonic:stn_like_empirical","Pause:canonical",TRUE,"Tonic:stn_like_empirical -> Pause:canonical","S0030",1,0.1,"development",6.69755699529193
"TPL_002","TPL_002_TRANS_001",10.4036592234531,"TPL_002_RUN_001","TPL_002_RUN_002","Broad_HFS","Burst",TRUE,"Broad_HFS -> Burst","S0006",4,0.4,"development",4.16146368938126
"TPL_002","TPL_002_TRANS_002",17.2561805277762,"TPL_002_RUN_002","TPL_002_RUN_003","Burst","Background",FALSE,"Burst -> Background","S0006",4,0.4,"development",6.90247221111048
"TPL_002","TPL_002_TRANS_003",17.9738281537255,"TPL_002_RUN_003","TPL_002_RUN_004","Background","Burst",FALSE,"Background -> Burst","S0006",4,0.4,"development",7.1895312614902
"TPL_002","TPL_002_TRANS_004",25.1195003960053,"TPL_002_RUN_004","TPL_002_RUN_005","Burst","Background",FALSE,"Burst -> Background","S0006",4,0.4,"development",10.0478001584021
"TPL_002","TPL_002_TRANS_005",26.9749938740381,"TPL_002_RUN_005","TPL_002_RUN_006","Background","Burst",FALSE,"Background -> Burst","S0006",4,0.4,"development",10.7899975496152
"TPL_002","TPL_002_TRANS_006",40.3944281286502,"TPL_002_RUN_006","TPL_002_RUN_007","Burst","Background",FALSE,"Burst -> Background","S0006",4,0.4,"development",16.1577712514601
"TPL_002","TPL_002_TRANS_007",41.4266013678866,"TPL_002_RUN_007","TPL_002_RUN_008","Background","Tonic:generic_stress",FALSE,"Background -> Tonic:generic_stress","S0006",4,0.4,"development",16.5706405471546
"TPL_002","TPL_002_TRANS_008",47.3130818012021,"TPL_002_RUN_008","TPL_002_RUN_009","Tonic:generic_stress","Borderline_Gap",TRUE,"Tonic:generic_stress -> Borderline_Gap","S0006",4,0.4,"development",18.9252327204809
"TPL_002","TPL_002_TRANS_009",48.6290048413365,"TPL_002_RUN_009","TPL_002_RUN_010","Borderline_Gap","Burst",TRUE,"Borderline_Gap -> Burst","S0006",4,0.4,"development",19.4516019365346
"TPL_002","TPL_002_TRANS_010",51.9804948037409,"TPL_002_RUN_010","TPL_002_RUN_011","Burst","Contextual_Separator",TRUE,"Burst -> Contextual_Separator","S0006",4,0.4,"development",20.7921979214963
"TPL_002","TPL_002_TRANS_011",52.6053321355872,"TPL_002_RUN_011","TPL_002_RUN_012","Contextual_Separator","Burst",TRUE,"Contextual_Separator -> Burst","S0006",4,0.4,"development",21.0421328542349
"TPL_002","TPL_002_TRANS_012",55.7205017430127,"TPL_002_RUN_012","TPL_002_RUN_013","Burst","Background",FALSE,"Burst -> Background","S0006",4,0.4,"development",22.2882006972051
"TPL_002","TPL_002_TRANS_013",56.0505425838668,"TPL_002_RUN_013","TPL_002_RUN_014","Background","Pause:canonical",FALSE,"Background -> Pause:canonical","S0006",4,0.4,"development",22.4202170335467
"TPL_002","TPL_002_TRANS_014",60.2724390516903,"TPL_002_RUN_014","TPL_002_RUN_015","Pause:canonical","Background",FALSE,"Pause:canonical -> Background","S0006",4,0.4,"development",24.1089756206761
"TPL_002","TPL_002_TRANS_015",61.7157838292883,"TPL_002_RUN_015","TPL_002_RUN_016","Background","Tonic:stn_like_empirical",FALSE,"Background -> Tonic:stn_like_empirical","S0006",4,0.4,"development",24.6863135317153
"TPL_002","TPL_002_TRANS_016",66.9755699529193,"TPL_002_RUN_016","TPL_002_RUN_017","Tonic:stn_like_empirical","Pause:canonical",TRUE,"Tonic:stn_like_empirical -> Pause:canonical","S0006",4,0.4,"development",26.7902279811677
"TPL_002","TPL_002_TRANS_001",10.4036592234531,"TPL_002_RUN_001","TPL_002_RUN_002","Broad_HFS","Burst",TRUE,"Broad_HFS -> Burst","S0044",10,1,"development",10.4036592234531
"TPL_002","TPL_002_TRANS_002",17.2561805277762,"TPL_002_RUN_002","TPL_002_RUN_003","Burst","Background",FALSE,"Burst -> Background","S0044",10,1,"development",17.2561805277762
"TPL_002","TPL_002_TRANS_003",17.9738281537255,"TPL_002_RUN_003","TPL_002_RUN_004","Background","Burst",FALSE,"Background -> Burst","S0044",10,1,"development",17.9738281537255
"TPL_002","TPL_002_TRANS_004",25.1195003960053,"TPL_002_RUN_004","TPL_002_RUN_005","Burst","Background",FALSE,"Burst -> Background","S0044",10,1,"development",25.1195003960053
"TPL_002","TPL_002_TRANS_005",26.9749938740381,"TPL_002_RUN_005","TPL_002_RUN_006","Background","Burst",FALSE,"Background -> Burst","S0044",10,1,"development",26.9749938740381
"TPL_002","TPL_002_TRANS_006",40.3944281286502,"TPL_002_RUN_006","TPL_002_RUN_007","Burst","Background",FALSE,"Burst -> Background","S0044",10,1,"development",40.3944281286502
"TPL_002","TPL_002_TRANS_007",41.4266013678866,"TPL_002_RUN_007","TPL_002_RUN_008","Background","Tonic:generic_stress",FALSE,"Background -> Tonic:generic_stress","S0044",10,1,"development",41.4266013678866
"TPL_002","TPL_002_TRANS_008",47.3130818012021,"TPL_002_RUN_008","TPL_002_RUN_009","Tonic:generic_stress","Borderline_Gap",TRUE,"Tonic:generic_stress -> Borderline_Gap","S0044",10,1,"development",47.3130818012021
"TPL_002","TPL_002_TRANS_009",48.6290048413365,"TPL_002_RUN_009","TPL_002_RUN_010","Borderline_Gap","Burst",TRUE,"Borderline_Gap -> Burst","S0044",10,1,"development",48.6290048413365
"TPL_002","TPL_002_TRANS_010",51.9804948037409,"TPL_002_RUN_010","TPL_002_RUN_011","Burst","Contextual_Separator",TRUE,"Burst -> Contextual_Separator","S0044",10,1,"development",51.9804948037409
"TPL_002","TPL_002_TRANS_011",52.6053321355872,"TPL_002_RUN_011","TPL_002_RUN_012","Contextual_Separator","Burst",TRUE,"Contextual_Separator -> Burst","S0044",10,1,"development",52.6053321355872
"TPL_002","TPL_002_TRANS_012",55.7205017430127,"TPL_002_RUN_012","TPL_002_RUN_013","Burst","Background",FALSE,"Burst -> Background","S0044",10,1,"development",55.7205017430127
"TPL_002","TPL_002_TRANS_013",56.0505425838668,"TPL_002_RUN_013","TPL_002_RUN_014","Background","Pause:canonical",FALSE,"Background -> Pause:canonical","S0044",10,1,"development",56.0505425838668
"TPL_002","TPL_002_TRANS_014",60.2724390516903,"TPL_002_RUN_014","TPL_002_RUN_015","Pause:canonical","Background",FALSE,"Pause:canonical -> Background","S0044",10,1,"development",60.2724390516903
"TPL_002","TPL_002_TRANS_015",61.7157838292883,"TPL_002_RUN_015","TPL_002_RUN_016","Background","Tonic:stn_like_empirical",FALSE,"Background -> Tonic:stn_like_empirical","S0044",10,1,"development",61.7157838292883
"TPL_002","TPL_002_TRANS_016",66.9755699529193,"TPL_002_RUN_016","TPL_002_RUN_017","Tonic:stn_like_empirical","Pause:canonical",TRUE,"Tonic:stn_like_empirical -> Pause:canonical","S0044",10,1,"development",66.9755699529193
"TPL_003","TPL_003_TRANS_001",6.94657580329266,"TPL_003_RUN_001","TPL_003_RUN_002","Burst","Pause:canonical",TRUE,"Burst -> Pause:canonical","S0058",1,0.1,"development",0.694657580329266
"TPL_003","TPL_003_TRANS_002",11.1081357124557,"TPL_003_RUN_002","TPL_003_RUN_003","Pause:canonical","Burst",TRUE,"Pause:canonical -> Burst","S0058",1,0.1,"development",1.11081357124557
"TPL_003","TPL_003_TRANS_003",22.0892248882414,"TPL_003_RUN_003","TPL_003_RUN_004","Burst","Background",FALSE,"Burst -> Background","S0058",1,0.1,"development",2.20892248882414
"TPL_003","TPL_003_TRANS_004",23.3598443031121,"TPL_003_RUN_004","TPL_003_RUN_005","Background","Burst",FALSE,"Background -> Burst","S0058",1,0.1,"development",2.33598443031121
"TPL_003","TPL_003_TRANS_005",26.740273832582,"TPL_003_RUN_005","TPL_003_RUN_006","Burst","Contextual_Separator",TRUE,"Burst -> Contextual_Separator","S0058",1,0.1,"development",2.6740273832582
"TPL_003","TPL_003_TRANS_006",27.3552488342377,"TPL_003_RUN_006","TPL_003_RUN_007","Contextual_Separator","Burst",TRUE,"Contextual_Separator -> Burst","S0058",1,0.1,"development",2.73552488342377
"TPL_003","TPL_003_TRANS_007",31.0069631999951,"TPL_003_RUN_007","TPL_003_RUN_008","Burst","Tonic:generic_stress",TRUE,"Burst -> Tonic:generic_stress","S0058",1,0.1,"development",3.10069631999951
"TPL_003","TPL_003_TRANS_008",36.5507865861703,"TPL_003_RUN_008","TPL_003_RUN_009","Tonic:generic_stress","Pause:canonical",TRUE,"Tonic:generic_stress -> Pause:canonical","S0058",1,0.1,"development",3.65507865861703
"TPL_003","TPL_003_TRANS_009",39.4159699994318,"TPL_003_RUN_009","TPL_003_RUN_010","Pause:canonical","Background",FALSE,"Pause:canonical -> Background","S0058",1,0.1,"development",3.94159699994318
"TPL_003","TPL_003_TRANS_010",40.3707100906012,"TPL_003_RUN_010","TPL_003_RUN_011","Background","Burst",FALSE,"Background -> Burst","S0058",1,0.1,"development",4.03707100906012
"TPL_003","TPL_003_TRANS_011",46.4110043524382,"TPL_003_RUN_011","TPL_003_RUN_012","Burst","Broad_HFS",TRUE,"Burst -> Broad_HFS","S0058",1,0.1,"development",4.64110043524382
"TPL_003","TPL_003_TRANS_012",51.718651298982,"TPL_003_RUN_012","TPL_003_RUN_013","Broad_HFS","Background",FALSE,"Broad_HFS -> Background","S0058",1,0.1,"development",5.1718651298982
"TPL_003","TPL_003_TRANS_013",53.4151454309161,"TPL_003_RUN_013","TPL_003_RUN_014","Background","Tonic:stn_like_empirical",FALSE,"Background -> Tonic:stn_like_empirical","S0058",1,0.1,"development",5.34151454309162
"TPL_003","TPL_003_TRANS_014",61.8381688220783,"TPL_003_RUN_014","TPL_003_RUN_015","Tonic:stn_like_empirical","Pause:complex_multi_gap",TRUE,"Tonic:stn_like_empirical -> Pause:complex_multi_gap","S0058",1,0.1,"development",6.18381688220783
"TPL_003","TPL_003_TRANS_015",67.2476680411383,"TPL_003_RUN_015","TPL_003_RUN_016","Pause:complex_multi_gap","Background",FALSE,"Pause:complex_multi_gap -> Background","S0058",1,0.1,"development",6.72476680411383
"TPL_003","TPL_003_TRANS_016",67.9460023974566,"TPL_003_RUN_016","TPL_003_RUN_017","Background","Borderline_Gap",FALSE,"Background -> Borderline_Gap","S0058",1,0.1,"development",6.79460023974566
"TPL_003","TPL_003_TRANS_001",6.94657580329266,"TPL_003_RUN_001","TPL_003_RUN_002","Burst","Pause:canonical",TRUE,"Burst -> Pause:canonical","S0049",4,0.4,"development",2.77863032131707
"TPL_003","TPL_003_TRANS_002",11.1081357124557,"TPL_003_RUN_002","TPL_003_RUN_003","Pause:canonical","Burst",TRUE,"Pause:canonical -> Burst","S0049",4,0.4,"development",4.44325428498228
"TPL_003","TPL_003_TRANS_003",22.0892248882414,"TPL_003_RUN_003","TPL_003_RUN_004","Burst","Background",FALSE,"Burst -> Background","S0049",4,0.4,"development",8.83568995529654
"TPL_003","TPL_003_TRANS_004",23.3598443031121,"TPL_003_RUN_004","TPL_003_RUN_005","Background","Burst",FALSE,"Background -> Burst","S0049",4,0.4,"development",9.34393772124483
"TPL_003","TPL_003_TRANS_005",26.740273832582,"TPL_003_RUN_005","TPL_003_RUN_006","Burst","Contextual_Separator",TRUE,"Burst -> Contextual_Separator","S0049",4,0.4,"development",10.6961095330328
"TPL_003","TPL_003_TRANS_006",27.3552488342377,"TPL_003_RUN_006","TPL_003_RUN_007","Contextual_Separator","Burst",TRUE,"Contextual_Separator -> Burst","S0049",4,0.4,"development",10.9420995336951
"TPL_003","TPL_003_TRANS_007",31.0069631999951,"TPL_003_RUN_007","TPL_003_RUN_008","Burst","Tonic:generic_stress",TRUE,"Burst -> Tonic:generic_stress","S0049",4,0.4,"development",12.4027852799981
"TPL_003","TPL_003_TRANS_008",36.5507865861703,"TPL_003_RUN_008","TPL_003_RUN_009","Tonic:generic_stress","Pause:canonical",TRUE,"Tonic:generic_stress -> Pause:canonical","S0049",4,0.4,"development",14.6203146344681
"TPL_003","TPL_003_TRANS_009",39.4159699994318,"TPL_003_RUN_009","TPL_003_RUN_010","Pause:canonical","Background",FALSE,"Pause:canonical -> Background","S0049",4,0.4,"development",15.7663879997727
"TPL_003","TPL_003_TRANS_010",40.3707100906012,"TPL_003_RUN_010","TPL_003_RUN_011","Background","Burst",FALSE,"Background -> Burst","S0049",4,0.4,"development",16.1482840362405
"TPL_003","TPL_003_TRANS_011",46.4110043524382,"TPL_003_RUN_011","TPL_003_RUN_012","Burst","Broad_HFS",TRUE,"Burst -> Broad_HFS","S0049",4,0.4,"development",18.5644017409753
"TPL_003","TPL_003_TRANS_012",51.718651298982,"TPL_003_RUN_012","TPL_003_RUN_013","Broad_HFS","Background",FALSE,"Broad_HFS -> Background","S0049",4,0.4,"development",20.6874605195928
"TPL_003","TPL_003_TRANS_013",53.4151454309161,"TPL_003_RUN_013","TPL_003_RUN_014","Background","Tonic:stn_like_empirical",FALSE,"Background -> Tonic:stn_like_empirical","S0049",4,0.4,"development",21.3660581723665
"TPL_003","TPL_003_TRANS_014",61.8381688220783,"TPL_003_RUN_014","TPL_003_RUN_015","Tonic:stn_like_empirical","Pause:complex_multi_gap",TRUE,"Tonic:stn_like_empirical -> Pause:complex_multi_gap","S0049",4,0.4,"development",24.7352675288313
"TPL_003","TPL_003_TRANS_015",67.2476680411383,"TPL_003_RUN_015","TPL_003_RUN_016","Pause:complex_multi_gap","Background",FALSE,"Pause:complex_multi_gap -> Background","S0049",4,0.4,"development",26.8990672164553
"TPL_003","TPL_003_TRANS_016",67.9460023974566,"TPL_003_RUN_016","TPL_003_RUN_017","Background","Borderline_Gap",FALSE,"Background -> Borderline_Gap","S0049",4,0.4,"development",27.1784009589826
"TPL_003","TPL_003_TRANS_001",6.94657580329266,"TPL_003_RUN_001","TPL_003_RUN_002","Burst","Pause:canonical",TRUE,"Burst -> Pause:canonical","S0040",10,1,"development",6.94657580329266
"TPL_003","TPL_003_TRANS_002",11.1081357124557,"TPL_003_RUN_002","TPL_003_RUN_003","Pause:canonical","Burst",TRUE,"Pause:canonical -> Burst","S0040",10,1,"development",11.1081357124557
"TPL_003","TPL_003_TRANS_003",22.0892248882414,"TPL_003_RUN_003","TPL_003_RUN_004","Burst","Background",FALSE,"Burst -> Background","S0040",10,1,"development",22.0892248882414
"TPL_003","TPL_003_TRANS_004",23.3598443031121,"TPL_003_RUN_004","TPL_003_RUN_005","Background","Burst",FALSE,"Background -> Burst","S0040",10,1,"development",23.3598443031121
"TPL_003","TPL_003_TRANS_005",26.740273832582,"TPL_003_RUN_005","TPL_003_RUN_006","Burst","Contextual_Separator",TRUE,"Burst -> Contextual_Separator","S0040",10,1,"development",26.740273832582
"TPL_003","TPL_003_TRANS_006",27.3552488342377,"TPL_003_RUN_006","TPL_003_RUN_007","Contextual_Separator","Burst",TRUE,"Contextual_Separator -> Burst","S0040",10,1,"development",27.3552488342377
"TPL_003","TPL_003_TRANS_007",31.0069631999951,"TPL_003_RUN_007","TPL_003_RUN_008","Burst","Tonic:generic_stress",TRUE,"Burst -> Tonic:generic_stress","S0040",10,1,"development",31.0069631999951
"TPL_003","TPL_003_TRANS_008",36.5507865861703,"TPL_003_RUN_008","TPL_003_RUN_009","Tonic:generic_stress","Pause:canonical",TRUE,"Tonic:generic_stress -> Pause:canonical","S0040",10,1,"development",36.5507865861703
"TPL_003","TPL_003_TRANS_009",39.4159699994318,"TPL_003_RUN_009","TPL_003_RUN_010","Pause:canonical","Background",FALSE,"Pause:canonical -> Background","S0040",10,1,"development",39.4159699994318
"TPL_003","TPL_003_TRANS_010",40.3707100906012,"TPL_003_RUN_010","TPL_003_RUN_011","Background","Burst",FALSE,"Background -> Burst","S0040",10,1,"development",40.3707100906012
"TPL_003","TPL_003_TRANS_011",46.4110043524382,"TPL_003_RUN_011","TPL_003_RUN_012","Burst","Broad_HFS",TRUE,"Burst -> Broad_HFS","S0040",10,1,"development",46.4110043524382
"TPL_003","TPL_003_TRANS_012",51.718651298982,"TPL_003_RUN_012","TPL_003_RUN_013","Broad_HFS","Background",FALSE,"Broad_HFS -> Background","S0040",10,1,"development",51.718651298982
"TPL_003","TPL_003_TRANS_013",53.4151454309161,"TPL_003_RUN_013","TPL_003_RUN_014","Background","Tonic:stn_like_empirical",FALSE,"Background -> Tonic:stn_like_empirical","S0040",10,1,"development",53.4151454309161
"TPL_003","TPL_003_TRANS_014",61.8381688220783,"TPL_003_RUN_014","TPL_003_RUN_015","Tonic:stn_like_empirical","Pause:complex_multi_gap",TRUE,"Tonic:stn_like_empirical -> Pause:complex_multi_gap","S0040",10,1,"development",61.8381688220783
"TPL_003","TPL_003_TRANS_015",67.2476680411383,"TPL_003_RUN_015","TPL_003_RUN_016","Pause:complex_multi_gap","Background",FALSE,"Pause:complex_multi_gap -> Background","S0040",10,1,"development",67.2476680411383
"TPL_003","TPL_003_TRANS_016",67.9460023974566,"TPL_003_RUN_016","TPL_003_RUN_017","Background","Borderline_Gap",FALSE,"Background -> Borderline_Gap","S0040",10,1,"development",67.9460023974566
"TPL_004","TPL_004_TRANS_001",7.12657689368673,"TPL_004_RUN_001","TPL_004_RUN_002","Broad_HFS","Burst",TRUE,"Broad_HFS -> Burst","S0011",1,0.1,"development",0.712657689368673
"TPL_004","TPL_004_TRANS_002",13.3575816384346,"TPL_004_RUN_002","TPL_004_RUN_003","Burst","Burst",TRUE,"Burst -> Burst","S0011",1,0.1,"development",1.33575816384346
"TPL_004","TPL_004_TRANS_003",21.7122370693582,"TPL_004_RUN_003","TPL_004_RUN_004","Burst","Borderline_Gap",TRUE,"Burst -> Borderline_Gap","S0011",1,0.1,"development",2.17122370693582
"TPL_004","TPL_004_TRANS_004",22.6448389862181,"TPL_004_RUN_004","TPL_004_RUN_005","Borderline_Gap","Background",FALSE,"Borderline_Gap -> Background","S0011",1,0.1,"development",2.26448389862181
"TPL_004","TPL_004_TRANS_005",23.9546660520074,"TPL_004_RUN_005","TPL_004_RUN_006","Background","Burst",FALSE,"Background -> Burst","S0011",1,0.1,"development",2.39546660520074
"TPL_004","TPL_004_TRANS_006",30.2366679777953,"TPL_004_RUN_006","TPL_004_RUN_007","Burst","Burst",TRUE,"Burst -> Burst","S0011",1,0.1,"development",3.02366679777953
"TPL_004","TPL_004_TRANS_007",34.1567887628129,"TPL_004_RUN_007","TPL_004_RUN_008","Burst","Contextual_Separator",TRUE,"Burst -> Contextual_Separator","S0011",1,0.1,"development",3.41567887628129
"TPL_004","TPL_004_TRANS_008",34.6843432653093,"TPL_004_RUN_008","TPL_004_RUN_009","Contextual_Separator","Burst",TRUE,"Contextual_Separator -> Burst","S0011",1,0.1,"development",3.46843432653093
"TPL_004","TPL_004_TRANS_009",38.1739523445741,"TPL_004_RUN_009","TPL_004_RUN_010","Burst","Background",FALSE,"Burst -> Background","S0011",1,0.1,"development",3.81739523445741
"TPL_004","TPL_004_TRANS_010",40.7204859619876,"TPL_004_RUN_010","TPL_004_RUN_011","Background","Tonic:stn_like_empirical",FALSE,"Background -> Tonic:stn_like_empirical","S0011",1,0.1,"development",4.07204859619876
"TPL_004","TPL_004_TRANS_011",46.6489883476452,"TPL_004_RUN_011","TPL_004_RUN_012","Tonic:stn_like_empirical","Pause:canonical",TRUE,"Tonic:stn_like_empirical -> Pause:canonical","S0011",1,0.1,"development",4.66489883476452
"TPL_004","TPL_004_TRANS_012",50.7408192590859,"TPL_004_RUN_012","TPL_004_RUN_013","Pause:canonical","Tonic:generic_stress",TRUE,"Pause:canonical -> Tonic:generic_stress","S0011",1,0.1,"development",5.0740819259086
"TPL_004","TPL_004_TRANS_013",60.534236553152,"TPL_004_RUN_013","TPL_004_RUN_014","Tonic:generic_stress","Background",FALSE,"Tonic:generic_stress -> Background","S0011",1,0.1,"development",6.0534236553152
"TPL_004","TPL_004_TRANS_014",62.0180498014404,"TPL_004_RUN_014","TPL_004_RUN_015","Background","Pause:canonical",FALSE,"Background -> Pause:canonical","S0011",1,0.1,"development",6.20180498014404
"TPL_004","TPL_004_TRANS_001",7.12657689368673,"TPL_004_RUN_001","TPL_004_RUN_002","Broad_HFS","Burst",TRUE,"Broad_HFS -> Burst","S0014",4,0.4,"development",2.85063075747469
"TPL_004","TPL_004_TRANS_002",13.3575816384346,"TPL_004_RUN_002","TPL_004_RUN_003","Burst","Burst",TRUE,"Burst -> Burst","S0014",4,0.4,"development",5.34303265537384
"TPL_004","TPL_004_TRANS_003",21.7122370693582,"TPL_004_RUN_003","TPL_004_RUN_004","Burst","Borderline_Gap",TRUE,"Burst -> Borderline_Gap","S0014",4,0.4,"development",8.68489482774329
"TPL_004","TPL_004_TRANS_004",22.6448389862181,"TPL_004_RUN_004","TPL_004_RUN_005","Borderline_Gap","Background",FALSE,"Borderline_Gap -> Background","S0014",4,0.4,"development",9.05793559448724
"TPL_004","TPL_004_TRANS_005",23.9546660520074,"TPL_004_RUN_005","TPL_004_RUN_006","Background","Burst",FALSE,"Background -> Burst","S0014",4,0.4,"development",9.58186642080297
"TPL_004","TPL_004_TRANS_006",30.2366679777953,"TPL_004_RUN_006","TPL_004_RUN_007","Burst","Burst",TRUE,"Burst -> Burst","S0014",4,0.4,"development",12.0946671911181
"TPL_004","TPL_004_TRANS_007",34.1567887628129,"TPL_004_RUN_007","TPL_004_RUN_008","Burst","Contextual_Separator",TRUE,"Burst -> Contextual_Separator","S0014",4,0.4,"development",13.6627155051252
"TPL_004","TPL_004_TRANS_008",34.6843432653093,"TPL_004_RUN_008","TPL_004_RUN_009","Contextual_Separator","Burst",TRUE,"Contextual_Separator -> Burst","S0014",4,0.4,"development",13.8737373061237
"TPL_004","TPL_004_TRANS_009",38.1739523445741,"TPL_004_RUN_009","TPL_004_RUN_010","Burst","Background",FALSE,"Burst -> Background","S0014",4,0.4,"development",15.2695809378296
"TPL_004","TPL_004_TRANS_010",40.7204859619876,"TPL_004_RUN_010","TPL_004_RUN_011","Background","Tonic:stn_like_empirical",FALSE,"Background -> Tonic:stn_like_empirical","S0014",4,0.4,"development",16.2881943847951
"TPL_004","TPL_004_TRANS_011",46.6489883476452,"TPL_004_RUN_011","TPL_004_RUN_012","Tonic:stn_like_empirical","Pause:canonical",TRUE,"Tonic:stn_like_empirical -> Pause:canonical","S0014",4,0.4,"development",18.6595953390581
"TPL_004","TPL_004_TRANS_012",50.7408192590859,"TPL_004_RUN_012","TPL_004_RUN_013","Pause:canonical","Tonic:generic_stress",TRUE,"Pause:canonical -> Tonic:generic_stress","S0014",4,0.4,"development",20.2963277036344
"TPL_004","TPL_004_TRANS_013",60.534236553152,"TPL_004_RUN_013","TPL_004_RUN_014","Tonic:generic_stress","Background",FALSE,"Tonic:generic_stress -> Background","S0014",4,0.4,"development",24.2136946212608
"TPL_004","TPL_004_TRANS_014",62.0180498014404,"TPL_004_RUN_014","TPL_004_RUN_015","Background","Pause:canonical",FALSE,"Background -> Pause:canonical","S0014",4,0.4,"development",24.8072199205762
"TPL_004","TPL_004_TRANS_001",7.12657689368673,"TPL_004_RUN_001","TPL_004_RUN_002","Broad_HFS","Burst",TRUE,"Broad_HFS -> Burst","S0055",10,1,"development",7.12657689368673
"TPL_004","TPL_004_TRANS_002",13.3575816384346,"TPL_004_RUN_002","TPL_004_RUN_003","Burst","Burst",TRUE,"Burst -> Burst","S0055",10,1,"development",13.3575816384346
"TPL_004","TPL_004_TRANS_003",21.7122370693582,"TPL_004_RUN_003","TPL_004_RUN_004","Burst","Borderline_Gap",TRUE,"Burst -> Borderline_Gap","S0055",10,1,"development",21.7122370693582
"TPL_004","TPL_004_TRANS_004",22.6448389862181,"TPL_004_RUN_004","TPL_004_RUN_005","Borderline_Gap","Background",FALSE,"Borderline_Gap -> Background","S0055",10,1,"development",22.6448389862181
"TPL_004","TPL_004_TRANS_005",23.9546660520074,"TPL_004_RUN_005","TPL_004_RUN_006","Background","Burst",FALSE,"Background -> Burst","S0055",10,1,"development",23.9546660520074
"TPL_004","TPL_004_TRANS_006",30.2366679777953,"TPL_004_RUN_006","TPL_004_RUN_007","Burst","Burst",TRUE,"Burst -> Burst","S0055",10,1,"development",30.2366679777953
"TPL_004","TPL_004_TRANS_007",34.1567887628129,"TPL_004_RUN_007","TPL_004_RUN_008","Burst","Contextual_Separator",TRUE,"Burst -> Contextual_Separator","S0055",10,1,"development",34.1567887628129
"TPL_004","TPL_004_TRANS_008",34.6843432653093,"TPL_004_RUN_008","TPL_004_RUN_009","Contextual_Separator","Burst",TRUE,"Contextual_Separator -> Burst","S0055",10,1,"development",34.6843432653093
"TPL_004","TPL_004_TRANS_009",38.1739523445741,"TPL_004_RUN_009","TPL_004_RUN_010","Burst","Background",FALSE,"Burst -> Background","S0055",10,1,"development",38.1739523445741
"TPL_004","TPL_004_TRANS_010",40.7204859619876,"TPL_004_RUN_010","TPL_004_RUN_011","Background","Tonic:stn_like_empirical",FALSE,"Background -> Tonic:stn_like_empirical","S0055",10,1,"development",40.7204859619876
"TPL_004","TPL_004_TRANS_011",46.6489883476452,"TPL_004_RUN_011","TPL_004_RUN_012","Tonic:stn_like_empirical","Pause:canonical",TRUE,"Tonic:stn_like_empirical -> Pause:canonical","S0055",10,1,"development",46.6489883476452
"TPL_004","TPL_004_TRANS_012",50.7408192590859,"TPL_004_RUN_012","TPL_004_RUN_013","Pause:canonical","Tonic:generic_stress",TRUE,"Pause:canonical -> Tonic:generic_stress","S0055",10,1,"development",50.7408192590859
"TPL_004","TPL_004_TRANS_013",60.534236553152,"TPL_004_RUN_013","TPL_004_RUN_014","Tonic:generic_stress","Background",FALSE,"Tonic:generic_stress -> Background","S0055",10,1,"development",60.534236553152
"TPL_004","TPL_004_TRANS_014",62.0180498014404,"TPL_004_RUN_014","TPL_004_RUN_015","Background","Pause:canonical",FALSE,"Background -> Pause:canonical","S0055",10,1,"development",62.0180498014404
"TPL_005","TPL_005_TRANS_001",0.969133212284651,"TPL_005_RUN_001","TPL_005_RUN_002","Borderline_Gap","Burst",TRUE,"Borderline_Gap -> Burst","S0028",1,0.1,"development",0.0969133212284651
"TPL_005","TPL_005_TRANS_002",11.826606018276,"TPL_005_RUN_002","TPL_005_RUN_003","Burst","Background",FALSE,"Burst -> Background","S0028",1,0.1,"development",1.1826606018276
"TPL_005","TPL_005_TRANS_003",12.7846630904686,"TPL_005_RUN_003","TPL_005_RUN_004","Background","Pause:canonical",FALSE,"Background -> Pause:canonical","S0028",1,0.1,"development",1.27846630904686
"TPL_005","TPL_005_TRANS_004",16.5909856902764,"TPL_005_RUN_004","TPL_005_RUN_005","Pause:canonical","Background",FALSE,"Pause:canonical -> Background","S0028",1,0.1,"development",1.65909856902764
"TPL_005","TPL_005_TRANS_005",17.8888622958664,"TPL_005_RUN_005","TPL_005_RUN_006","Background","Tonic:stn_like_empirical",FALSE,"Background -> Tonic:stn_like_empirical","S0028",1,0.1,"development",1.78888622958664
"TPL_005","TPL_005_TRANS_006",25.2973659313743,"TPL_005_RUN_006","TPL_005_RUN_007","Tonic:stn_like_empirical","Background",FALSE,"Tonic:stn_like_empirical -> Background","S0028",1,0.1,"development",2.52973659313743
"TPL_005","TPL_005_TRANS_007",25.8669115371878,"TPL_005_RUN_007","TPL_005_RUN_008","Background","Burst",FALSE,"Background -> Burst","S0028",1,0.1,"development",2.58669115371878
"TPL_005","TPL_005_TRANS_008",36.3113496608783,"TPL_005_RUN_008","TPL_005_RUN_009","Burst","Background",FALSE,"Burst -> Background","S0028",1,0.1,"development",3.63113496608783
"TPL_005","TPL_005_TRANS_009",37.6757028514729,"TPL_005_RUN_009","TPL_005_RUN_010","Background","Tonic:generic_stress",FALSE,"Background -> Tonic:generic_stress","S0028",1,0.1,"development",3.76757028514729
"TPL_005","TPL_005_TRANS_010",45.975114445808,"TPL_005_RUN_010","TPL_005_RUN_011","Tonic:generic_stress","Pause:canonical",TRUE,"Tonic:generic_stress -> Pause:canonical","S0028",1,0.1,"development",4.5975114445808
"TPL_005","TPL_005_TRANS_011",48.8278969198937,"TPL_005_RUN_011","TPL_005_RUN_012","Pause:canonical","Burst",TRUE,"Pause:canonical -> Burst","S0028",1,0.1,"development",4.88278969198937
"TPL_005","TPL_005_TRANS_012",53.7825062070877,"TPL_005_RUN_012","TPL_005_RUN_013","Burst","Broad_HFS",TRUE,"Burst -> Broad_HFS","S0028",1,0.1,"development",5.37825062070877
"TPL_005","TPL_005_TRANS_013",57.5162362902023,"TPL_005_RUN_013","TPL_005_RUN_014","Broad_HFS","Burst",TRUE,"Broad_HFS -> Burst","S0028",1,0.1,"development",5.75162362902023
"TPL_005","TPL_005_TRANS_014",61.483233324128,"TPL_005_RUN_014","TPL_005_RUN_015","Burst","Contextual_Separator",TRUE,"Burst -> Contextual_Separator","S0028",1,0.1,"development",6.1483233324128
"TPL_005","TPL_005_TRANS_015",62.0178884262343,"TPL_005_RUN_015","TPL_005_RUN_016","Contextual_Separator","Burst",TRUE,"Contextual_Separator -> Burst","S0028",1,0.1,"development",6.20178884262343
"TPL_005","TPL_005_TRANS_001",0.969133212284651,"TPL_005_RUN_001","TPL_005_RUN_002","Borderline_Gap","Burst",TRUE,"Borderline_Gap -> Burst","S0052",4,0.4,"development",0.38765328491386
"TPL_005","TPL_005_TRANS_002",11.826606018276,"TPL_005_RUN_002","TPL_005_RUN_003","Burst","Background",FALSE,"Burst -> Background","S0052",4,0.4,"development",4.73064240731039
"TPL_005","TPL_005_TRANS_003",12.7846630904686,"TPL_005_RUN_003","TPL_005_RUN_004","Background","Pause:canonical",FALSE,"Background -> Pause:canonical","S0052",4,0.4,"development",5.11386523618746
"TPL_005","TPL_005_TRANS_004",16.5909856902764,"TPL_005_RUN_004","TPL_005_RUN_005","Pause:canonical","Background",FALSE,"Pause:canonical -> Background","S0052",4,0.4,"development",6.63639427611056
"TPL_005","TPL_005_TRANS_005",17.8888622958664,"TPL_005_RUN_005","TPL_005_RUN_006","Background","Tonic:stn_like_empirical",FALSE,"Background -> Tonic:stn_like_empirical","S0052",4,0.4,"development",7.15554491834657
"TPL_005","TPL_005_TRANS_006",25.2973659313743,"TPL_005_RUN_006","TPL_005_RUN_007","Tonic:stn_like_empirical","Background",FALSE,"Tonic:stn_like_empirical -> Background","S0052",4,0.4,"development",10.1189463725497
"TPL_005","TPL_005_TRANS_007",25.8669115371878,"TPL_005_RUN_007","TPL_005_RUN_008","Background","Burst",FALSE,"Background -> Burst","S0052",4,0.4,"development",10.3467646148751
"TPL_005","TPL_005_TRANS_008",36.3113496608783,"TPL_005_RUN_008","TPL_005_RUN_009","Burst","Background",FALSE,"Burst -> Background","S0052",4,0.4,"development",14.5245398643513
"TPL_005","TPL_005_TRANS_009",37.6757028514729,"TPL_005_RUN_009","TPL_005_RUN_010","Background","Tonic:generic_stress",FALSE,"Background -> Tonic:generic_stress","S0052",4,0.4,"development",15.0702811405891
"TPL_005","TPL_005_TRANS_010",45.975114445808,"TPL_005_RUN_010","TPL_005_RUN_011","Tonic:generic_stress","Pause:canonical",TRUE,"Tonic:generic_stress -> Pause:canonical","S0052",4,0.4,"development",18.3900457783232
"TPL_005","TPL_005_TRANS_011",48.8278969198937,"TPL_005_RUN_011","TPL_005_RUN_012","Pause:canonical","Burst",TRUE,"Pause:canonical -> Burst","S0052",4,0.4,"development",19.5311587679575
"TPL_005","TPL_005_TRANS_012",53.7825062070877,"TPL_005_RUN_012","TPL_005_RUN_013","Burst","Broad_HFS",TRUE,"Burst -> Broad_HFS","S0052",4,0.4,"development",21.5130024828351
"TPL_005","TPL_005_TRANS_013",57.5162362902023,"TPL_005_RUN_013","TPL_005_RUN_014","Broad_HFS","Burst",TRUE,"Broad_HFS -> Burst","S0052",4,0.4,"development",23.0064945160809
"TPL_005","TPL_005_TRANS_014",61.483233324128,"TPL_005_RUN_014","TPL_005_RUN_015","Burst","Contextual_Separator",TRUE,"Burst -> Contextual_Separator","S0052",4,0.4,"development",24.5932933296512
"TPL_005","TPL_005_TRANS_015",62.0178884262343,"TPL_005_RUN_015","TPL_005_RUN_016","Contextual_Separator","Burst",TRUE,"Contextual_Separator -> Burst","S0052",4,0.4,"development",24.8071553704937
"TPL_005","TPL_005_TRANS_001",0.969133212284651,"TPL_005_RUN_001","TPL_005_RUN_002","Borderline_Gap","Burst",TRUE,"Borderline_Gap -> Burst","S0009",10,1,"development",0.969133212284651
"TPL_005","TPL_005_TRANS_002",11.826606018276,"TPL_005_RUN_002","TPL_005_RUN_003","Burst","Background",FALSE,"Burst -> Background","S0009",10,1,"development",11.826606018276
"TPL_005","TPL_005_TRANS_003",12.7846630904686,"TPL_005_RUN_003","TPL_005_RUN_004","Background","Pause:canonical",FALSE,"Background -> Pause:canonical","S0009",10,1,"development",12.7846630904686
"TPL_005","TPL_005_TRANS_004",16.5909856902764,"TPL_005_RUN_004","TPL_005_RUN_005","Pause:canonical","Background",FALSE,"Pause:canonical -> Background","S0009",10,1,"development",16.5909856902764
"TPL_005","TPL_005_TRANS_005",17.8888622958664,"TPL_005_RUN_005","TPL_005_RUN_006","Background","Tonic:stn_like_empirical",FALSE,"Background -> Tonic:stn_like_empirical","S0009",10,1,"development",17.8888622958664
"TPL_005","TPL_005_TRANS_006",25.2973659313743,"TPL_005_RUN_006","TPL_005_RUN_007","Tonic:stn_like_empirical","Background",FALSE,"Tonic:stn_like_empirical -> Background","S0009",10,1,"development",25.2973659313743
"TPL_005","TPL_005_TRANS_007",25.8669115371878,"TPL_005_RUN_007","TPL_005_RUN_008","Background","Burst",FALSE,"Background -> Burst","S0009",10,1,"development",25.8669115371878
"TPL_005","TPL_005_TRANS_008",36.3113496608783,"TPL_005_RUN_008","TPL_005_RUN_009","Burst","Background",FALSE,"Burst -> Background","S0009",10,1,"development",36.3113496608783
"TPL_005","TPL_005_TRANS_009",37.6757028514729,"TPL_005_RUN_009","TPL_005_RUN_010","Background","Tonic:generic_stress",FALSE,"Background -> Tonic:generic_stress","S0009",10,1,"development",37.6757028514729
"TPL_005","TPL_005_TRANS_010",45.975114445808,"TPL_005_RUN_010","TPL_005_RUN_011","Tonic:generic_stress","Pause:canonical",TRUE,"Tonic:generic_stress -> Pause:canonical","S0009",10,1,"development",45.975114445808
"TPL_005","TPL_005_TRANS_011",48.8278969198937,"TPL_005_RUN_011","TPL_005_RUN_012","Pause:canonical","Burst",TRUE,"Pause:canonical -> Burst","S0009",10,1,"development",48.8278969198937
"TPL_005","TPL_005_TRANS_012",53.7825062070877,"TPL_005_RUN_012","TPL_005_RUN_013","Burst","Broad_HFS",TRUE,"Burst -> Broad_HFS","S0009",10,1,"development",53.7825062070877
"TPL_005","TPL_005_TRANS_013",57.5162362902023,"TPL_005_RUN_013","TPL_005_RUN_014","Broad_HFS","Burst",TRUE,"Broad_HFS -> Burst","S0009",10,1,"development",57.5162362902023
"TPL_005","TPL_005_TRANS_014",61.483233324128,"TPL_005_RUN_014","TPL_005_RUN_015","Burst","Contextual_Separator",TRUE,"Burst -> Contextual_Separator","S0009",10,1,"development",61.483233324128
"TPL_005","TPL_005_TRANS_015",62.0178884262343,"TPL_005_RUN_015","TPL_005_RUN_016","Contextual_Separator","Burst",TRUE,"Contextual_Separator -> Burst","S0009",10,1,"development",62.0178884262343
"TPL_006","TPL_006_TRANS_001",5.5580321586223,"TPL_006_RUN_001","TPL_006_RUN_002","Tonic:generic_stress","Pause:complex_multi_gap",TRUE,"Tonic:generic_stress -> Pause:complex_multi_gap","S0045",1,0.1,"holdout",0.55580321586223
"TPL_006","TPL_006_TRANS_002",10.8665090276392,"TPL_006_RUN_002","TPL_006_RUN_003","Pause:complex_multi_gap","Background",FALSE,"Pause:complex_multi_gap -> Background","S0045",1,0.1,"holdout",1.08665090276392
"TPL_006","TPL_006_TRANS_003",14.52925267474,"TPL_006_RUN_003","TPL_006_RUN_004","Background","Tonic:stn_like_empirical",FALSE,"Background -> Tonic:stn_like_empirical","S0045",1,0.1,"holdout",1.452925267474
"TPL_006","TPL_006_TRANS_004",23.2825333217824,"TPL_006_RUN_004","TPL_006_RUN_005","Tonic:stn_like_empirical","Pause:canonical",TRUE,"Tonic:stn_like_empirical -> Pause:canonical","S0045",1,0.1,"holdout",2.32825333217824
"TPL_006","TPL_006_TRANS_005",28.1958532098415,"TPL_006_RUN_005","TPL_006_RUN_006","Pause:canonical","Borderline_Gap",TRUE,"Pause:canonical -> Borderline_Gap","S0045",1,0.1,"holdout",2.81958532098415
"TPL_006","TPL_006_TRANS_006",29.31878867607,"TPL_006_RUN_006","TPL_006_RUN_007","Borderline_Gap","Background",FALSE,"Borderline_Gap -> Background","S0045",1,0.1,"holdout",2.931878867607
"TPL_006","TPL_006_TRANS_007",29.491258670929,"TPL_006_RUN_007","TPL_006_RUN_008","Background","Broad_HFS",FALSE,"Background -> Broad_HFS","S0045",1,0.1,"holdout",2.9491258670929
"TPL_006","TPL_006_TRANS_008",37.7981029111434,"TPL_006_RUN_008","TPL_006_RUN_009","Broad_HFS","Burst",TRUE,"Broad_HFS -> Burst","S0045",1,0.1,"holdout",3.77981029111434
"TPL_006","TPL_006_TRANS_009",44.0458391593836,"TPL_006_RUN_009","TPL_006_RUN_010","Burst","Burst",TRUE,"Burst -> Burst","S0045",1,0.1,"holdout",4.40458391593836
"TPL_006","TPL_006_TRANS_010",47.7751620021166,"TPL_006_RUN_010","TPL_006_RUN_011","Burst","Contextual_Separator",TRUE,"Burst -> Contextual_Separator","S0045",1,0.1,"holdout",4.77751620021166
"TPL_006","TPL_006_TRANS_011",48.2836406859553,"TPL_006_RUN_011","TPL_006_RUN_012","Contextual_Separator","Burst",TRUE,"Contextual_Separator -> Burst","S0045",1,0.1,"holdout",4.82836406859553
"TPL_006","TPL_006_TRANS_012",51.2942374260685,"TPL_006_RUN_012","TPL_006_RUN_013","Burst","Burst",TRUE,"Burst -> Burst","S0045",1,0.1,"holdout",5.12942374260685
"TPL_006","TPL_006_TRANS_013",58.0647093863361,"TPL_006_RUN_013","TPL_006_RUN_014","Burst","Pause:canonical",TRUE,"Burst -> Pause:canonical","S0045",1,0.1,"holdout",5.80647093863361
"TPL_006","TPL_006_TRANS_014",61.0622565723624,"TPL_006_RUN_014","TPL_006_RUN_015","Pause:canonical","Burst",TRUE,"Pause:canonical -> Burst","S0045",1,0.1,"holdout",6.10622565723624
"TPL_006","TPL_006_TRANS_001",5.5580321586223,"TPL_006_RUN_001","TPL_006_RUN_002","Tonic:generic_stress","Pause:complex_multi_gap",TRUE,"Tonic:generic_stress -> Pause:complex_multi_gap","S0035",4,0.4,"holdout",2.22321286344892
"TPL_006","TPL_006_TRANS_002",10.8665090276392,"TPL_006_RUN_002","TPL_006_RUN_003","Pause:complex_multi_gap","Background",FALSE,"Pause:complex_multi_gap -> Background","S0035",4,0.4,"holdout",4.34660361105567
"TPL_006","TPL_006_TRANS_003",14.52925267474,"TPL_006_RUN_003","TPL_006_RUN_004","Background","Tonic:stn_like_empirical",FALSE,"Background -> Tonic:stn_like_empirical","S0035",4,0.4,"holdout",5.81170106989601
"TPL_006","TPL_006_TRANS_004",23.2825333217824,"TPL_006_RUN_004","TPL_006_RUN_005","Tonic:stn_like_empirical","Pause:canonical",TRUE,"Tonic:stn_like_empirical -> Pause:canonical","S0035",4,0.4,"holdout",9.31301332871297
"TPL_006","TPL_006_TRANS_005",28.1958532098415,"TPL_006_RUN_005","TPL_006_RUN_006","Pause:canonical","Borderline_Gap",TRUE,"Pause:canonical -> Borderline_Gap","S0035",4,0.4,"holdout",11.2783412839366
"TPL_006","TPL_006_TRANS_006",29.31878867607,"TPL_006_RUN_006","TPL_006_RUN_007","Borderline_Gap","Background",FALSE,"Borderline_Gap -> Background","S0035",4,0.4,"holdout",11.727515470428
"TPL_006","TPL_006_TRANS_007",29.491258670929,"TPL_006_RUN_007","TPL_006_RUN_008","Background","Broad_HFS",FALSE,"Background -> Broad_HFS","S0035",4,0.4,"holdout",11.7965034683716
"TPL_006","TPL_006_TRANS_008",37.7981029111434,"TPL_006_RUN_008","TPL_006_RUN_009","Broad_HFS","Burst",TRUE,"Broad_HFS -> Burst","S0035",4,0.4,"holdout",15.1192411644574
"TPL_006","TPL_006_TRANS_009",44.0458391593836,"TPL_006_RUN_009","TPL_006_RUN_010","Burst","Burst",TRUE,"Burst -> Burst","S0035",4,0.4,"holdout",17.6183356637535
"TPL_006","TPL_006_TRANS_010",47.7751620021166,"TPL_006_RUN_010","TPL_006_RUN_011","Burst","Contextual_Separator",TRUE,"Burst -> Contextual_Separator","S0035",4,0.4,"holdout",19.1100648008467
"TPL_006","TPL_006_TRANS_011",48.2836406859553,"TPL_006_RUN_011","TPL_006_RUN_012","Contextual_Separator","Burst",TRUE,"Contextual_Separator -> Burst","S0035",4,0.4,"holdout",19.3134562743821
"TPL_006","TPL_006_TRANS_012",51.2942374260685,"TPL_006_RUN_012","TPL_006_RUN_013","Burst","Burst",TRUE,"Burst -> Burst","S0035",4,0.4,"holdout",20.5176949704274
"TPL_006","TPL_006_TRANS_013",58.0647093863361,"TPL_006_RUN_013","TPL_006_RUN_014","Burst","Pause:canonical",TRUE,"Burst -> Pause:canonical","S0035",4,0.4,"holdout",23.2258837545344
"TPL_006","TPL_006_TRANS_014",61.0622565723624,"TPL_006_RUN_014","TPL_006_RUN_015","Pause:canonical","Burst",TRUE,"Pause:canonical -> Burst","S0035",4,0.4,"holdout",24.424902628945
"TPL_006","TPL_006_TRANS_001",5.5580321586223,"TPL_006_RUN_001","TPL_006_RUN_002","Tonic:generic_stress","Pause:complex_multi_gap",TRUE,"Tonic:generic_stress -> Pause:complex_multi_gap","S0004",10,1,"holdout",5.5580321586223
"TPL_006","TPL_006_TRANS_002",10.8665090276392,"TPL_006_RUN_002","TPL_006_RUN_003","Pause:complex_multi_gap","Background",FALSE,"Pause:complex_multi_gap -> Background","S0004",10,1,"holdout",10.8665090276392
"TPL_006","TPL_006_TRANS_003",14.52925267474,"TPL_006_RUN_003","TPL_006_RUN_004","Background","Tonic:stn_like_empirical",FALSE,"Background -> Tonic:stn_like_empirical","S0004",10,1,"holdout",14.52925267474
"TPL_006","TPL_006_TRANS_004",23.2825333217824,"TPL_006_RUN_004","TPL_006_RUN_005","Tonic:stn_like_empirical","Pause:canonical",TRUE,"Tonic:stn_like_empirical -> Pause:canonical","S0004",10,1,"holdout",23.2825333217824
"TPL_006","TPL_006_TRANS_005",28.1958532098415,"TPL_006_RUN_005","TPL_006_RUN_006","Pause:canonical","Borderline_Gap",TRUE,"Pause:canonical -> Borderline_Gap","S0004",10,1,"holdout",28.1958532098415
"TPL_006","TPL_006_TRANS_006",29.31878867607,"TPL_006_RUN_006","TPL_006_RUN_007","Borderline_Gap","Background",FALSE,"Borderline_Gap -> Background","S0004",10,1,"holdout",29.31878867607
"TPL_006","TPL_006_TRANS_007",29.491258670929,"TPL_006_RUN_007","TPL_006_RUN_008","Background","Broad_HFS",FALSE,"Background -> Broad_HFS","S0004",10,1,"holdout",29.491258670929
"TPL_006","TPL_006_TRANS_008",37.7981029111434,"TPL_006_RUN_008","TPL_006_RUN_009","Broad_HFS","Burst",TRUE,"Broad_HFS -> Burst","S0004",10,1,"holdout",37.7981029111434
"TPL_006","TPL_006_TRANS_009",44.0458391593836,"TPL_006_RUN_009","TPL_006_RUN_010","Burst","Burst",TRUE,"Burst -> Burst","S0004",10,1,"holdout",44.0458391593836
"TPL_006","TPL_006_TRANS_010",47.7751620021166,"TPL_006_RUN_010","TPL_006_RUN_011","Burst","Contextual_Separator",TRUE,"Burst -> Contextual_Separator","S0004",10,1,"holdout",47.7751620021166
"TPL_006","TPL_006_TRANS_011",48.2836406859553,"TPL_006_RUN_011","TPL_006_RUN_012","Contextual_Separator","Burst",TRUE,"Contextual_Separator -> Burst","S0004",10,1,"holdout",48.2836406859553
"TPL_006","TPL_006_TRANS_012",51.2942374260685,"TPL_006_RUN_012","TPL_006_RUN_013","Burst","Burst",TRUE,"Burst -> Burst","S0004",10,1,"holdout",51.2942374260685
"TPL_006","TPL_006_TRANS_013",58.0647093863361,"TPL_006_RUN_013","TPL_006_RUN_014","Burst","Pause:canonical",TRUE,"Burst -> Pause:canonical","S0004",10,1,"holdout",58.0647093863361
"TPL_006","TPL_006_TRANS_014",61.0622565723624,"TPL_006_RUN_014","TPL_006_RUN_015","Pause:canonical","Burst",TRUE,"Pause:canonical -> Burst","S0004",10,1,"holdout",61.0622565723624
"TPL_007","TPL_007_TRANS_001",5.40619264756919,"TPL_007_RUN_001","TPL_007_RUN_002","Tonic:stn_like_empirical","Burst",TRUE,"Tonic:stn_like_empirical -> Burst","S0059",1,0.1,"holdout",0.540619264756919
"TPL_007","TPL_007_TRANS_002",13.5556965904297,"TPL_007_RUN_002","TPL_007_RUN_003","Burst","Background",FALSE,"Burst -> Background","S0059",1,0.1,"holdout",1.35556965904297
"TPL_007","TPL_007_TRANS_003",14.7306013083238,"TPL_007_RUN_003","TPL_007_RUN_004","Background","Burst",FALSE,"Background -> Burst","S0059",1,0.1,"holdout",1.47306013083238
"TPL_007","TPL_007_TRANS_004",21.0287496974147,"TPL_007_RUN_004","TPL_007_RUN_005","Burst","Broad_HFS",TRUE,"Burst -> Broad_HFS","S0059",1,0.1,"holdout",2.10287496974147
"TPL_007","TPL_007_TRANS_005",25.9580523885842,"TPL_007_RUN_005","TPL_007_RUN_006","Broad_HFS","Tonic:generic_stress",TRUE,"Broad_HFS -> Tonic:generic_stress","S0059",1,0.1,"holdout",2.59580523885842
"TPL_007","TPL_007_TRANS_006",37.4832283609329,"TPL_007_RUN_006","TPL_007_RUN_007","Tonic:generic_stress","Pause:canonical",TRUE,"Tonic:generic_stress -> Pause:canonical","S0059",1,0.1,"holdout",3.74832283609329
"TPL_007","TPL_007_TRANS_007",41.0329856156619,"TPL_007_RUN_007","TPL_007_RUN_008","Pause:canonical","Background",FALSE,"Pause:canonical -> Background","S0059",1,0.1,"holdout",4.10329856156619
"TPL_007","TPL_007_TRANS_008",42.2697699920487,"TPL_007_RUN_008","TPL_007_RUN_009","Background","Pause:canonical",FALSE,"Background -> Pause:canonical","S0059",1,0.1,"holdout",4.22697699920487
"TPL_007","TPL_007_TRANS_009",45.1958035959144,"TPL_007_RUN_009","TPL_007_RUN_010","Pause:canonical","Background",FALSE,"Pause:canonical -> Background","S0059",1,0.1,"holdout",4.51958035959144
"TPL_007","TPL_007_TRANS_010",45.670092780288,"TPL_007_RUN_010","TPL_007_RUN_011","Background","Borderline_Gap",FALSE,"Background -> Borderline_Gap","S0059",1,0.1,"holdout",4.5670092780288
"TPL_007","TPL_007_TRANS_011",46.8288088844187,"TPL_007_RUN_011","TPL_007_RUN_012","Borderline_Gap","Background",FALSE,"Borderline_Gap -> Background","S0059",1,0.1,"holdout",4.68288088844187
"TPL_007","TPL_007_TRANS_012",47.2776384181114,"TPL_007_RUN_012","TPL_007_RUN_013","Background","Burst",FALSE,"Background -> Burst","S0059",1,0.1,"holdout",4.72776384181114
"TPL_007","TPL_007_TRANS_013",50.8328477990042,"TPL_007_RUN_013","TPL_007_RUN_014","Burst","Contextual_Separator",TRUE,"Burst -> Contextual_Separator","S0059",1,0.1,"holdout",5.08328477990042
"TPL_007","TPL_007_TRANS_014",51.4776319926439,"TPL_007_RUN_014","TPL_007_RUN_015","Contextual_Separator","Burst",TRUE,"Contextual_Separator -> Burst","S0059",1,0.1,"holdout",5.14776319926439
"TPL_007","TPL_007_TRANS_015",54.7234096139229,"TPL_007_RUN_015","TPL_007_RUN_016","Burst","Background",FALSE,"Burst -> Background","S0059",1,0.1,"holdout",5.47234096139229
"TPL_007","TPL_007_TRANS_016",56.164823298035,"TPL_007_RUN_016","TPL_007_RUN_017","Background","Burst",FALSE,"Background -> Burst","S0059",1,0.1,"holdout",5.6164823298035
"TPL_007","TPL_007_TRANS_001",5.40619264756919,"TPL_007_RUN_001","TPL_007_RUN_002","Tonic:stn_like_empirical","Burst",TRUE,"Tonic:stn_like_empirical -> Burst","S0041",4,0.4,"holdout",2.16247705902767
"TPL_007","TPL_007_TRANS_002",13.5556965904297,"TPL_007_RUN_002","TPL_007_RUN_003","Burst","Background",FALSE,"Burst -> Background","S0041",4,0.4,"holdout",5.42227863617189
"TPL_007","TPL_007_TRANS_003",14.7306013083238,"TPL_007_RUN_003","TPL_007_RUN_004","Background","Burst",FALSE,"Background -> Burst","S0041",4,0.4,"holdout",5.89224052332953
"TPL_007","TPL_007_TRANS_004",21.0287496974147,"TPL_007_RUN_004","TPL_007_RUN_005","Burst","Broad_HFS",TRUE,"Burst -> Broad_HFS","S0041",4,0.4,"holdout",8.41149987896587
"TPL_007","TPL_007_TRANS_005",25.9580523885842,"TPL_007_RUN_005","TPL_007_RUN_006","Broad_HFS","Tonic:generic_stress",TRUE,"Broad_HFS -> Tonic:generic_stress","S0041",4,0.4,"holdout",10.3832209554337
"TPL_007","TPL_007_TRANS_006",37.4832283609329,"TPL_007_RUN_006","TPL_007_RUN_007","Tonic:generic_stress","Pause:canonical",TRUE,"Tonic:generic_stress -> Pause:canonical","S0041",4,0.4,"holdout",14.9932913443731
"TPL_007","TPL_007_TRANS_007",41.0329856156619,"TPL_007_RUN_007","TPL_007_RUN_008","Pause:canonical","Background",FALSE,"Pause:canonical -> Background","S0041",4,0.4,"holdout",16.4131942462648
"TPL_007","TPL_007_TRANS_008",42.2697699920487,"TPL_007_RUN_008","TPL_007_RUN_009","Background","Pause:canonical",FALSE,"Background -> Pause:canonical","S0041",4,0.4,"holdout",16.9079079968195
"TPL_007","TPL_007_TRANS_009",45.1958035959144,"TPL_007_RUN_009","TPL_007_RUN_010","Pause:canonical","Background",FALSE,"Pause:canonical -> Background","S0041",4,0.4,"holdout",18.0783214383657
"TPL_007","TPL_007_TRANS_010",45.670092780288,"TPL_007_RUN_010","TPL_007_RUN_011","Background","Borderline_Gap",FALSE,"Background -> Borderline_Gap","S0041",4,0.4,"holdout",18.2680371121152
"TPL_007","TPL_007_TRANS_011",46.8288088844187,"TPL_007_RUN_011","TPL_007_RUN_012","Borderline_Gap","Background",FALSE,"Borderline_Gap -> Background","S0041",4,0.4,"holdout",18.7315235537675
"TPL_007","TPL_007_TRANS_012",47.2776384181114,"TPL_007_RUN_012","TPL_007_RUN_013","Background","Burst",FALSE,"Background -> Burst","S0041",4,0.4,"holdout",18.9110553672446
"TPL_007","TPL_007_TRANS_013",50.8328477990042,"TPL_007_RUN_013","TPL_007_RUN_014","Burst","Contextual_Separator",TRUE,"Burst -> Contextual_Separator","S0041",4,0.4,"holdout",20.3331391196017
"TPL_007","TPL_007_TRANS_014",51.4776319926439,"TPL_007_RUN_014","TPL_007_RUN_015","Contextual_Separator","Burst",TRUE,"Contextual_Separator -> Burst","S0041",4,0.4,"holdout",20.5910527970576
"TPL_007","TPL_007_TRANS_015",54.7234096139229,"TPL_007_RUN_015","TPL_007_RUN_016","Burst","Background",FALSE,"Burst -> Background","S0041",4,0.4,"holdout",21.8893638455692
"TPL_007","TPL_007_TRANS_016",56.164823298035,"TPL_007_RUN_016","TPL_007_RUN_017","Background","Burst",FALSE,"Background -> Burst","S0041",4,0.4,"holdout",22.465929319214
"TPL_007","TPL_007_TRANS_001",5.40619264756919,"TPL_007_RUN_001","TPL_007_RUN_002","Tonic:stn_like_empirical","Burst",TRUE,"Tonic:stn_like_empirical -> Burst","S0043",10,1,"holdout",5.40619264756919
"TPL_007","TPL_007_TRANS_002",13.5556965904297,"TPL_007_RUN_002","TPL_007_RUN_003","Burst","Background",FALSE,"Burst -> Background","S0043",10,1,"holdout",13.5556965904297
"TPL_007","TPL_007_TRANS_003",14.7306013083238,"TPL_007_RUN_003","TPL_007_RUN_004","Background","Burst",FALSE,"Background -> Burst","S0043",10,1,"holdout",14.7306013083238
"TPL_007","TPL_007_TRANS_004",21.0287496974147,"TPL_007_RUN_004","TPL_007_RUN_005","Burst","Broad_HFS",TRUE,"Burst -> Broad_HFS","S0043",10,1,"holdout",21.0287496974147
"TPL_007","TPL_007_TRANS_005",25.9580523885842,"TPL_007_RUN_005","TPL_007_RUN_006","Broad_HFS","Tonic:generic_stress",TRUE,"Broad_HFS -> Tonic:generic_stress","S0043",10,1,"holdout",25.9580523885842
"TPL_007","TPL_007_TRANS_006",37.4832283609329,"TPL_007_RUN_006","TPL_007_RUN_007","Tonic:generic_stress","Pause:canonical",TRUE,"Tonic:generic_stress -> Pause:canonical","S0043",10,1,"holdout",37.4832283609329
"TPL_007","TPL_007_TRANS_007",41.0329856156619,"TPL_007_RUN_007","TPL_007_RUN_008","Pause:canonical","Background",FALSE,"Pause:canonical -> Background","S0043",10,1,"holdout",41.0329856156619
"TPL_007","TPL_007_TRANS_008",42.2697699920487,"TPL_007_RUN_008","TPL_007_RUN_009","Background","Pause:canonical",FALSE,"Background -> Pause:canonical","S0043",10,1,"holdout",42.2697699920487
"TPL_007","TPL_007_TRANS_009",45.1958035959144,"TPL_007_RUN_009","TPL_007_RUN_010","Pause:canonical","Background",FALSE,"Pause:canonical -> Background","S0043",10,1,"holdout",45.1958035959144
"TPL_007","TPL_007_TRANS_010",45.670092780288,"TPL_007_RUN_010","TPL_007_RUN_011","Background","Borderline_Gap",FALSE,"Background -> Borderline_Gap","S0043",10,1,"holdout",45.670092780288
"TPL_007","TPL_007_TRANS_011",46.8288088844187,"TPL_007_RUN_011","TPL_007_RUN_012","Borderline_Gap","Background",FALSE,"Borderline_Gap -> Background","S0043",10,1,"holdout",46.8288088844187
"TPL_007","TPL_007_TRANS_012",47.2776384181114,"TPL_007_RUN_012","TPL_007_RUN_013","Background","Burst",FALSE,"Background -> Burst","S0043",10,1,"holdout",47.2776384181114
"TPL_007","TPL_007_TRANS_013",50.8328477990042,"TPL_007_RUN_013","TPL_007_RUN_014","Burst","Contextual_Separator",TRUE,"Burst -> Contextual_Separator","S0043",10,1,"holdout",50.8328477990042
"TPL_007","TPL_007_TRANS_014",51.4776319926439,"TPL_007_RUN_014","TPL_007_RUN_015","Contextual_Separator","Burst",TRUE,"Contextual_Separator -> Burst","S0043",10,1,"holdout",51.4776319926439
"TPL_007","TPL_007_TRANS_015",54.7234096139229,"TPL_007_RUN_015","TPL_007_RUN_016","Burst","Background",FALSE,"Burst -> Background","S0043",10,1,"holdout",54.7234096139229
"TPL_007","TPL_007_TRANS_016",56.164823298035,"TPL_007_RUN_016","TPL_007_RUN_017","Background","Burst",FALSE,"Background -> Burst","S0043",10,1,"holdout",56.164823298035
"TPL_008","TPL_008_TRANS_001",5.86464570698215,"TPL_008_RUN_001","TPL_008_RUN_002","Tonic:stn_like_empirical","Pause:canonical",TRUE,"Tonic:stn_like_empirical -> Pause:canonical","S0026",1,0.1,"holdout",0.586464570698215
"TPL_008","TPL_008_TRANS_002",10.7043284435093,"TPL_008_RUN_002","TPL_008_RUN_003","Pause:canonical","Background",FALSE,"Pause:canonical -> Background","S0026",1,0.1,"holdout",1.07043284435093
"TPL_008","TPL_008_TRANS_003",12.1475041751052,"TPL_008_RUN_003","TPL_008_RUN_004","Background","Borderline_Gap",FALSE,"Background -> Borderline_Gap","S0026",1,0.1,"holdout",1.21475041751052
"TPL_008","TPL_008_TRANS_004",13.607368899989,"TPL_008_RUN_004","TPL_008_RUN_005","Borderline_Gap","Burst",TRUE,"Borderline_Gap -> Burst","S0026",1,0.1,"holdout",1.3607368899989
"TPL_008","TPL_008_TRANS_005",17.3660092686881,"TPL_008_RUN_005","TPL_008_RUN_006","Burst","Contextual_Separator",TRUE,"Burst -> Contextual_Separator","S0026",1,0.1,"holdout",1.73660092686881
"TPL_008","TPL_008_TRANS_006",17.8520449058265,"TPL_008_RUN_006","TPL_008_RUN_007","Contextual_Separator","Burst",TRUE,"Contextual_Separator -> Burst","S0026",1,0.1,"holdout",1.78520449058265
"TPL_008","TPL_008_TRANS_007",20.3996083109137,"TPL_008_RUN_007","TPL_008_RUN_008","Burst","Background",FALSE,"Burst -> Background","S0026",1,0.1,"holdout",2.03996083109137
"TPL_008","TPL_008_TRANS_008",20.9928238329083,"TPL_008_RUN_008","TPL_008_RUN_009","Background","Burst",FALSE,"Background -> Burst","S0026",1,0.1,"holdout",2.09928238329083
"TPL_008","TPL_008_TRANS_009",31.8905655876459,"TPL_008_RUN_009","TPL_008_RUN_010","Burst","Pause:canonical",TRUE,"Burst -> Pause:canonical","S0026",1,0.1,"holdout",3.18905655876459
"TPL_008","TPL_008_TRANS_010",36.6662322449223,"TPL_008_RUN_010","TPL_008_RUN_011","Pause:canonical","Burst",TRUE,"Pause:canonical -> Burst","S0026",1,0.1,"holdout",3.66662322449223
"TPL_008","TPL_008_TRANS_011",42.2299033255372,"TPL_008_RUN_011","TPL_008_RUN_012","Burst","Tonic:generic_stress",TRUE,"Burst -> Tonic:generic_stress","S0026",1,0.1,"holdout",4.22299033255372
"TPL_008","TPL_008_TRANS_012",50.109121192116,"TPL_008_RUN_012","TPL_008_RUN_013","Tonic:generic_stress","Pause:complex_multi_gap",TRUE,"Tonic:generic_stress -> Pause:complex_multi_gap","S0026",1,0.1,"holdout",5.0109121192116
"TPL_008","TPL_008_TRANS_013",55.0620748309974,"TPL_008_RUN_013","TPL_008_RUN_014","Pause:complex_multi_gap","Broad_HFS",TRUE,"Pause:complex_multi_gap -> Broad_HFS","S0026",1,0.1,"holdout",5.50620748309974
"TPL_008","TPL_008_TRANS_014",64.7728878324388,"TPL_008_RUN_014","TPL_008_RUN_015","Broad_HFS","Burst",TRUE,"Broad_HFS -> Burst","S0026",1,0.1,"holdout",6.47728878324388
"TPL_008","TPL_008_TRANS_001",5.86464570698215,"TPL_008_RUN_001","TPL_008_RUN_002","Tonic:stn_like_empirical","Pause:canonical",TRUE,"Tonic:stn_like_empirical -> Pause:canonical","S0001",4,0.4,"holdout",2.34585828279286
"TPL_008","TPL_008_TRANS_002",10.7043284435093,"TPL_008_RUN_002","TPL_008_RUN_003","Pause:canonical","Background",FALSE,"Pause:canonical -> Background","S0001",4,0.4,"holdout",4.28173137740373
"TPL_008","TPL_008_TRANS_003",12.1475041751052,"TPL_008_RUN_003","TPL_008_RUN_004","Background","Borderline_Gap",FALSE,"Background -> Borderline_Gap","S0001",4,0.4,"holdout",4.85900167004209
"TPL_008","TPL_008_TRANS_004",13.607368899989,"TPL_008_RUN_004","TPL_008_RUN_005","Borderline_Gap","Burst",TRUE,"Borderline_Gap -> Burst","S0001",4,0.4,"holdout",5.44294755999562
"TPL_008","TPL_008_TRANS_005",17.3660092686881,"TPL_008_RUN_005","TPL_008_RUN_006","Burst","Contextual_Separator",TRUE,"Burst -> Contextual_Separator","S0001",4,0.4,"holdout",6.94640370747525
"TPL_008","TPL_008_TRANS_006",17.8520449058265,"TPL_008_RUN_006","TPL_008_RUN_007","Contextual_Separator","Burst",TRUE,"Contextual_Separator -> Burst","S0001",4,0.4,"holdout",7.14081796233061
"TPL_008","TPL_008_TRANS_007",20.3996083109137,"TPL_008_RUN_007","TPL_008_RUN_008","Burst","Background",FALSE,"Burst -> Background","S0001",4,0.4,"holdout",8.15984332436548
"TPL_008","TPL_008_TRANS_008",20.9928238329083,"TPL_008_RUN_008","TPL_008_RUN_009","Background","Burst",FALSE,"Background -> Burst","S0001",4,0.4,"holdout",8.39712953316334
"TPL_008","TPL_008_TRANS_009",31.8905655876459,"TPL_008_RUN_009","TPL_008_RUN_010","Burst","Pause:canonical",TRUE,"Burst -> Pause:canonical","S0001",4,0.4,"holdout",12.7562262350584
"TPL_008","TPL_008_TRANS_010",36.6662322449223,"TPL_008_RUN_010","TPL_008_RUN_011","Pause:canonical","Burst",TRUE,"Pause:canonical -> Burst","S0001",4,0.4,"holdout",14.6664928979689
"TPL_008","TPL_008_TRANS_011",42.2299033255372,"TPL_008_RUN_011","TPL_008_RUN_012","Burst","Tonic:generic_stress",TRUE,"Burst -> Tonic:generic_stress","S0001",4,0.4,"holdout",16.8919613302149
"TPL_008","TPL_008_TRANS_012",50.109121192116,"TPL_008_RUN_012","TPL_008_RUN_013","Tonic:generic_stress","Pause:complex_multi_gap",TRUE,"Tonic:generic_stress -> Pause:complex_multi_gap","S0001",4,0.4,"holdout",20.0436484768464
"TPL_008","TPL_008_TRANS_013",55.0620748309974,"TPL_008_RUN_013","TPL_008_RUN_014","Pause:complex_multi_gap","Broad_HFS",TRUE,"Pause:complex_multi_gap -> Broad_HFS","S0001",4,0.4,"holdout",22.024829932399
"TPL_008","TPL_008_TRANS_014",64.7728878324388,"TPL_008_RUN_014","TPL_008_RUN_015","Broad_HFS","Burst",TRUE,"Broad_HFS -> Burst","S0001",4,0.4,"holdout",25.9091551329755
"TPL_008","TPL_008_TRANS_001",5.86464570698215,"TPL_008_RUN_001","TPL_008_RUN_002","Tonic:stn_like_empirical","Pause:canonical",TRUE,"Tonic:stn_like_empirical -> Pause:canonical","S0054",10,1,"holdout",5.86464570698215
"TPL_008","TPL_008_TRANS_002",10.7043284435093,"TPL_008_RUN_002","TPL_008_RUN_003","Pause:canonical","Background",FALSE,"Pause:canonical -> Background","S0054",10,1,"holdout",10.7043284435093
"TPL_008","TPL_008_TRANS_003",12.1475041751052,"TPL_008_RUN_003","TPL_008_RUN_004","Background","Borderline_Gap",FALSE,"Background -> Borderline_Gap","S0054",10,1,"holdout",12.1475041751052
"TPL_008","TPL_008_TRANS_004",13.607368899989,"TPL_008_RUN_004","TPL_008_RUN_005","Borderline_Gap","Burst",TRUE,"Borderline_Gap -> Burst","S0054",10,1,"holdout",13.607368899989
"TPL_008","TPL_008_TRANS_005",17.3660092686881,"TPL_008_RUN_005","TPL_008_RUN_006","Burst","Contextual_Separator",TRUE,"Burst -> Contextual_Separator","S0054",10,1,"holdout",17.3660092686881
"TPL_008","TPL_008_TRANS_006",17.8520449058265,"TPL_008_RUN_006","TPL_008_RUN_007","Contextual_Separator","Burst",TRUE,"Contextual_Separator -> Burst","S0054",10,1,"holdout",17.8520449058265
"TPL_008","TPL_008_TRANS_007",20.3996083109137,"TPL_008_RUN_007","TPL_008_RUN_008","Burst","Background",FALSE,"Burst -> Background","S0054",10,1,"holdout",20.3996083109137
"TPL_008","TPL_008_TRANS_008",20.9928238329083,"TPL_008_RUN_008","TPL_008_RUN_009","Background","Burst",FALSE,"Background -> Burst","S0054",10,1,"holdout",20.9928238329083
"TPL_008","TPL_008_TRANS_009",31.8905655876459,"TPL_008_RUN_009","TPL_008_RUN_010","Burst","Pause:canonical",TRUE,"Burst -> Pause:canonical","S0054",10,1,"holdout",31.8905655876459
"TPL_008","TPL_008_TRANS_010",36.6662322449223,"TPL_008_RUN_010","TPL_008_RUN_011","Pause:canonical","Burst",TRUE,"Pause:canonical -> Burst","S0054",10,1,"holdout",36.6662322449223
"TPL_008","TPL_008_TRANS_011",42.2299033255372,"TPL_008_RUN_011","TPL_008_RUN_012","Burst","Tonic:generic_stress",TRUE,"Burst -> Tonic:generic_stress","S0054",10,1,"holdout",42.2299033255372
"TPL_008","TPL_008_TRANS_012",50.109121192116,"TPL_008_RUN_012","TPL_008_RUN_013","Tonic:generic_stress","Pause:complex_multi_gap",TRUE,"Tonic:generic_stress -> Pause:complex_multi_gap","S0054",10,1,"holdout",50.109121192116
"TPL_008","TPL_008_TRANS_013",55.0620748309974,"TPL_008_RUN_013","TPL_008_RUN_014","Pause:complex_multi_gap","Broad_HFS",TRUE,"Pause:complex_multi_gap -> Broad_HFS","S0054",10,1,"holdout",55.0620748309974
"TPL_008","TPL_008_TRANS_014",64.7728878324388,"TPL_008_RUN_014","TPL_008_RUN_015","Broad_HFS","Burst",TRUE,"Broad_HFS -> Burst","S0054",10,1,"holdout",64.7728878324388
"TPL_009","TPL_009_TRANS_001",1.44042575463187,"TPL_009_RUN_001","TPL_009_RUN_002","Borderline_Gap","Background",FALSE,"Borderline_Gap -> Background","S0048",1,0.1,"holdout",0.144042575463187
"TPL_009","TPL_009_TRANS_002",3.02660225900276,"TPL_009_RUN_002","TPL_009_RUN_003","Background","Burst",FALSE,"Background -> Burst","S0048",1,0.1,"holdout",0.302660225900276
"TPL_009","TPL_009_TRANS_003",11.2320099421497,"TPL_009_RUN_003","TPL_009_RUN_004","Burst","Background",FALSE,"Burst -> Background","S0048",1,0.1,"holdout",1.12320099421497
"TPL_009","TPL_009_TRANS_004",12.6567710196277,"TPL_009_RUN_004","TPL_009_RUN_005","Background","Tonic:generic_stress",FALSE,"Background -> Tonic:generic_stress","S0048",1,0.1,"holdout",1.26567710196277
"TPL_009","TPL_009_TRANS_005",17.4915102689417,"TPL_009_RUN_005","TPL_009_RUN_006","Tonic:generic_stress","Pause:canonical",TRUE,"Tonic:generic_stress -> Pause:canonical","S0048",1,0.1,"holdout",1.74915102689417
"TPL_009","TPL_009_TRANS_006",22.4398259443587,"TPL_009_RUN_006","TPL_009_RUN_007","Pause:canonical","Burst",TRUE,"Pause:canonical -> Burst","S0048",1,0.1,"holdout",2.24398259443587
"TPL_009","TPL_009_TRANS_007",28.8639300111601,"TPL_009_RUN_007","TPL_009_RUN_008","Burst","Broad_HFS",TRUE,"Burst -> Broad_HFS","S0048",1,0.1,"holdout",2.88639300111601
"TPL_009","TPL_009_TRANS_008",34.8653934767584,"TPL_009_RUN_008","TPL_009_RUN_009","Broad_HFS","Background",FALSE,"Broad_HFS -> Background","S0048",1,0.1,"holdout",3.48653934767584
"TPL_009","TPL_009_TRANS_009",38.5207859378648,"TPL_009_RUN_009","TPL_009_RUN_010","Background","Burst",FALSE,"Background -> Burst","S0048",1,0.1,"holdout",3.85207859378648
"TPL_009","TPL_009_TRANS_010",42.2308427947061,"TPL_009_RUN_010","TPL_009_RUN_011","Burst","Contextual_Separator",TRUE,"Burst -> Contextual_Separator","S0048",1,0.1,"holdout",4.22308427947061
"TPL_009","TPL_009_TRANS_011",42.7112881857856,"TPL_009_RUN_011","TPL_009_RUN_012","Contextual_Separator","Burst",TRUE,"Contextual_Separator -> Burst","S0048",1,0.1,"holdout",4.27112881857856
"TPL_009","TPL_009_TRANS_012",45.8147767918343,"TPL_009_RUN_012","TPL_009_RUN_013","Burst","Pause:canonical",TRUE,"Burst -> Pause:canonical","S0048",1,0.1,"holdout",4.58147767918343
"TPL_009","TPL_009_TRANS_013",48.7105768690976,"TPL_009_RUN_013","TPL_009_RUN_014","Pause:canonical","Tonic:stn_like_empirical",TRUE,"Pause:canonical -> Tonic:stn_like_empirical","S0048",1,0.1,"holdout",4.87105768690976
"TPL_009","TPL_009_TRANS_014",54.4094438049785,"TPL_009_RUN_014","TPL_009_RUN_015","Tonic:stn_like_empirical","Burst",TRUE,"Tonic:stn_like_empirical -> Burst","S0048",1,0.1,"holdout",5.44094438049785
"TPL_009","TPL_009_TRANS_001",1.44042575463187,"TPL_009_RUN_001","TPL_009_RUN_002","Borderline_Gap","Background",FALSE,"Borderline_Gap -> Background","S0039",4,0.4,"holdout",0.576170301852748
"TPL_009","TPL_009_TRANS_002",3.02660225900276,"TPL_009_RUN_002","TPL_009_RUN_003","Background","Burst",FALSE,"Background -> Burst","S0039",4,0.4,"holdout",1.21064090360111
"TPL_009","TPL_009_TRANS_003",11.2320099421497,"TPL_009_RUN_003","TPL_009_RUN_004","Burst","Background",FALSE,"Burst -> Background","S0039",4,0.4,"holdout",4.49280397685989
"TPL_009","TPL_009_TRANS_004",12.6567710196277,"TPL_009_RUN_004","TPL_009_RUN_005","Background","Tonic:generic_stress",FALSE,"Background -> Tonic:generic_stress","S0039",4,0.4,"holdout",5.06270840785108
"TPL_009","TPL_009_TRANS_005",17.4915102689417,"TPL_009_RUN_005","TPL_009_RUN_006","Tonic:generic_stress","Pause:canonical",TRUE,"Tonic:generic_stress -> Pause:canonical","S0039",4,0.4,"holdout",6.99660410757668
"TPL_009","TPL_009_TRANS_006",22.4398259443587,"TPL_009_RUN_006","TPL_009_RUN_007","Pause:canonical","Burst",TRUE,"Pause:canonical -> Burst","S0039",4,0.4,"holdout",8.97593037774347
"TPL_009","TPL_009_TRANS_007",28.8639300111601,"TPL_009_RUN_007","TPL_009_RUN_008","Burst","Broad_HFS",TRUE,"Burst -> Broad_HFS","S0039",4,0.4,"holdout",11.545572004464
"TPL_009","TPL_009_TRANS_008",34.8653934767584,"TPL_009_RUN_008","TPL_009_RUN_009","Broad_HFS","Background",FALSE,"Broad_HFS -> Background","S0039",4,0.4,"holdout",13.9461573907034
"TPL_009","TPL_009_TRANS_009",38.5207859378648,"TPL_009_RUN_009","TPL_009_RUN_010","Background","Burst",FALSE,"Background -> Burst","S0039",4,0.4,"holdout",15.4083143751459
"TPL_009","TPL_009_TRANS_010",42.2308427947061,"TPL_009_RUN_010","TPL_009_RUN_011","Burst","Contextual_Separator",TRUE,"Burst -> Contextual_Separator","S0039",4,0.4,"holdout",16.8923371178825
"TPL_009","TPL_009_TRANS_011",42.7112881857856,"TPL_009_RUN_011","TPL_009_RUN_012","Contextual_Separator","Burst",TRUE,"Contextual_Separator -> Burst","S0039",4,0.4,"holdout",17.0845152743142
"TPL_009","TPL_009_TRANS_012",45.8147767918343,"TPL_009_RUN_012","TPL_009_RUN_013","Burst","Pause:canonical",TRUE,"Burst -> Pause:canonical","S0039",4,0.4,"holdout",18.3259107167337
"TPL_009","TPL_009_TRANS_013",48.7105768690976,"TPL_009_RUN_013","TPL_009_RUN_014","Pause:canonical","Tonic:stn_like_empirical",TRUE,"Pause:canonical -> Tonic:stn_like_empirical","S0039",4,0.4,"holdout",19.484230747639
"TPL_009","TPL_009_TRANS_014",54.4094438049785,"TPL_009_RUN_014","TPL_009_RUN_015","Tonic:stn_like_empirical","Burst",TRUE,"Tonic:stn_like_empirical -> Burst","S0039",4,0.4,"holdout",21.7637775219914
"TPL_009","TPL_009_TRANS_001",1.44042575463187,"TPL_009_RUN_001","TPL_009_RUN_002","Borderline_Gap","Background",FALSE,"Borderline_Gap -> Background","S0008",10,1,"holdout",1.44042575463187
"TPL_009","TPL_009_TRANS_002",3.02660225900276,"TPL_009_RUN_002","TPL_009_RUN_003","Background","Burst",FALSE,"Background -> Burst","S0008",10,1,"holdout",3.02660225900276
"TPL_009","TPL_009_TRANS_003",11.2320099421497,"TPL_009_RUN_003","TPL_009_RUN_004","Burst","Background",FALSE,"Burst -> Background","S0008",10,1,"holdout",11.2320099421497
"TPL_009","TPL_009_TRANS_004",12.6567710196277,"TPL_009_RUN_004","TPL_009_RUN_005","Background","Tonic:generic_stress",FALSE,"Background -> Tonic:generic_stress","S0008",10,1,"holdout",12.6567710196277
"TPL_009","TPL_009_TRANS_005",17.4915102689417,"TPL_009_RUN_005","TPL_009_RUN_006","Tonic:generic_stress","Pause:canonical",TRUE,"Tonic:generic_stress -> Pause:canonical","S0008",10,1,"holdout",17.4915102689417
"TPL_009","TPL_009_TRANS_006",22.4398259443587,"TPL_009_RUN_006","TPL_009_RUN_007","Pause:canonical","Burst",TRUE,"Pause:canonical -> Burst","S0008",10,1,"holdout",22.4398259443587
"TPL_009","TPL_009_TRANS_007",28.8639300111601,"TPL_009_RUN_007","TPL_009_RUN_008","Burst","Broad_HFS",TRUE,"Burst -> Broad_HFS","S0008",10,1,"holdout",28.8639300111601
"TPL_009","TPL_009_TRANS_008",34.8653934767584,"TPL_009_RUN_008","TPL_009_RUN_009","Broad_HFS","Background",FALSE,"Broad_HFS -> Background","S0008",10,1,"holdout",34.8653934767584
"TPL_009","TPL_009_TRANS_009",38.5207859378648,"TPL_009_RUN_009","TPL_009_RUN_010","Background","Burst",FALSE,"Background -> Burst","S0008",10,1,"holdout",38.5207859378648
"TPL_009","TPL_009_TRANS_010",42.2308427947061,"TPL_009_RUN_010","TPL_009_RUN_011","Burst","Contextual_Separator",TRUE,"Burst -> Contextual_Separator","S0008",10,1,"holdout",42.2308427947061
"TPL_009","TPL_009_TRANS_011",42.7112881857856,"TPL_009_RUN_011","TPL_009_RUN_012","Contextual_Separator","Burst",TRUE,"Contextual_Separator -> Burst","S0008",10,1,"holdout",42.7112881857856
"TPL_009","TPL_009_TRANS_012",45.8147767918343,"TPL_009_RUN_012","TPL_009_RUN_013","Burst","Pause:canonical",TRUE,"Burst -> Pause:canonical","S0008",10,1,"holdout",45.8147767918343
"TPL_009","TPL_009_TRANS_013",48.7105768690976,"TPL_009_RUN_013","TPL_009_RUN_014","Pause:canonical","Tonic:stn_like_empirical",TRUE,"Pause:canonical -> Tonic:stn_like_empirical","S0008",10,1,"holdout",48.7105768690976
"TPL_009","TPL_009_TRANS_014",54.4094438049785,"TPL_009_RUN_014","TPL_009_RUN_015","Tonic:stn_like_empirical","Burst",TRUE,"Tonic:stn_like_empirical -> Burst","S0008",10,1,"holdout",54.4094438049785
"TPL_010","TPL_010_TRANS_001",7.39741868813936,"TPL_010_RUN_001","TPL_010_RUN_002","Tonic:stn_like_empirical","Pause:canonical",TRUE,"Tonic:stn_like_empirical -> Pause:canonical","S0036",1,0.1,"holdout",0.739741868813936
"TPL_010","TPL_010_TRANS_002",11.5158661080938,"TPL_010_RUN_002","TPL_010_RUN_003","Pause:canonical","Background",FALSE,"Pause:canonical -> Background","S0036",1,0.1,"holdout",1.15158661080938
"TPL_010","TPL_010_TRANS_003",12.2538532584275,"TPL_010_RUN_003","TPL_010_RUN_004","Background","Burst",FALSE,"Background -> Burst","S0036",1,0.1,"holdout",1.22538532584275
"TPL_010","TPL_010_TRANS_004",15.6319926082639,"TPL_010_RUN_004","TPL_010_RUN_005","Burst","Contextual_Separator",TRUE,"Burst -> Contextual_Separator","S0036",1,0.1,"holdout",1.56319926082639
"TPL_010","TPL_010_TRANS_005",16.1052845931668,"TPL_010_RUN_005","TPL_010_RUN_006","Contextual_Separator","Burst",TRUE,"Contextual_Separator -> Burst","S0036",1,0.1,"holdout",1.61052845931668
"TPL_010","TPL_010_TRANS_006",19.3949659097538,"TPL_010_RUN_006","TPL_010_RUN_007","Burst","Tonic:generic_stress",TRUE,"Burst -> Tonic:generic_stress","S0036",1,0.1,"holdout",1.93949659097538
"TPL_010","TPL_010_TRANS_007",30.821456093794,"TPL_010_RUN_007","TPL_010_RUN_008","Tonic:generic_stress","Pause:complex_multi_gap",TRUE,"Tonic:generic_stress -> Pause:complex_multi_gap","S0036",1,0.1,"holdout",3.0821456093794
"TPL_010","TPL_010_TRANS_008",38.3288854093163,"TPL_010_RUN_008","TPL_010_RUN_009","Pause:complex_multi_gap","Broad_HFS",TRUE,"Pause:complex_multi_gap -> Broad_HFS","S0036",1,0.1,"holdout",3.83288854093163
"TPL_010","TPL_010_TRANS_009",46.4610020988699,"TPL_010_RUN_009","TPL_010_RUN_010","Broad_HFS","Burst",TRUE,"Broad_HFS -> Burst","S0036",1,0.1,"holdout",4.64610020988699
"TPL_010","TPL_010_TRANS_010",51.7865771427747,"TPL_010_RUN_010","TPL_010_RUN_011","Burst","Background",FALSE,"Burst -> Background","S0036",1,0.1,"holdout",5.17865771427747
"TPL_010","TPL_010_TRANS_011",52.0554981408734,"TPL_010_RUN_011","TPL_010_RUN_012","Background","Borderline_Gap",FALSE,"Background -> Borderline_Gap","S0036",1,0.1,"holdout",5.20554981408734
"TPL_010","TPL_010_TRANS_012",52.930516302865,"TPL_010_RUN_012","TPL_010_RUN_013","Borderline_Gap","Background",FALSE,"Borderline_Gap -> Background","S0036",1,0.1,"holdout",5.29305163028651
"TPL_010","TPL_010_TRANS_013",54.1666101861306,"TPL_010_RUN_013","TPL_010_RUN_014","Background","Burst",FALSE,"Background -> Burst","S0036",1,0.1,"holdout",5.41666101861306
"TPL_010","TPL_010_TRANS_014",62.5549963076104,"TPL_010_RUN_014","TPL_010_RUN_015","Burst","Pause:canonical",TRUE,"Burst -> Pause:canonical","S0036",1,0.1,"holdout",6.25549963076104
"TPL_010","TPL_010_TRANS_015",66.7811515734968,"TPL_010_RUN_015","TPL_010_RUN_016","Pause:canonical","Burst",TRUE,"Pause:canonical -> Burst","S0036",1,0.1,"holdout",6.67811515734968
"TPL_010","TPL_010_TRANS_001",7.39741868813936,"TPL_010_RUN_001","TPL_010_RUN_002","Tonic:stn_like_empirical","Pause:canonical",TRUE,"Tonic:stn_like_empirical -> Pause:canonical","S0027",4,0.4,"holdout",2.95896747525574
"TPL_010","TPL_010_TRANS_002",11.5158661080938,"TPL_010_RUN_002","TPL_010_RUN_003","Pause:canonical","Background",FALSE,"Pause:canonical -> Background","S0027",4,0.4,"holdout",4.60634644323753
"TPL_010","TPL_010_TRANS_003",12.2538532584275,"TPL_010_RUN_003","TPL_010_RUN_004","Background","Burst",FALSE,"Background -> Burst","S0027",4,0.4,"holdout",4.90154130337099
"TPL_010","TPL_010_TRANS_004",15.6319926082639,"TPL_010_RUN_004","TPL_010_RUN_005","Burst","Contextual_Separator",TRUE,"Burst -> Contextual_Separator","S0027",4,0.4,"holdout",6.25279704330554
"TPL_010","TPL_010_TRANS_005",16.1052845931668,"TPL_010_RUN_005","TPL_010_RUN_006","Contextual_Separator","Burst",TRUE,"Contextual_Separator -> Burst","S0027",4,0.4,"holdout",6.44211383726672
"TPL_010","TPL_010_TRANS_006",19.3949659097538,"TPL_010_RUN_006","TPL_010_RUN_007","Burst","Tonic:generic_stress",TRUE,"Burst -> Tonic:generic_stress","S0027",4,0.4,"holdout",7.75798636390153
"TPL_010","TPL_010_TRANS_007",30.821456093794,"TPL_010_RUN_007","TPL_010_RUN_008","Tonic:generic_stress","Pause:complex_multi_gap",TRUE,"Tonic:generic_stress -> Pause:complex_multi_gap","S0027",4,0.4,"holdout",12.3285824375176
"TPL_010","TPL_010_TRANS_008",38.3288854093163,"TPL_010_RUN_008","TPL_010_RUN_009","Pause:complex_multi_gap","Broad_HFS",TRUE,"Pause:complex_multi_gap -> Broad_HFS","S0027",4,0.4,"holdout",15.3315541637265
"TPL_010","TPL_010_TRANS_009",46.4610020988699,"TPL_010_RUN_009","TPL_010_RUN_010","Broad_HFS","Burst",TRUE,"Broad_HFS -> Burst","S0027",4,0.4,"holdout",18.584400839548
"TPL_010","TPL_010_TRANS_010",51.7865771427747,"TPL_010_RUN_010","TPL_010_RUN_011","Burst","Background",FALSE,"Burst -> Background","S0027",4,0.4,"holdout",20.7146308571099
"TPL_010","TPL_010_TRANS_011",52.0554981408734,"TPL_010_RUN_011","TPL_010_RUN_012","Background","Borderline_Gap",FALSE,"Background -> Borderline_Gap","S0027",4,0.4,"holdout",20.8221992563494
"TPL_010","TPL_010_TRANS_012",52.930516302865,"TPL_010_RUN_012","TPL_010_RUN_013","Borderline_Gap","Background",FALSE,"Borderline_Gap -> Background","S0027",4,0.4,"holdout",21.172206521146
"TPL_010","TPL_010_TRANS_013",54.1666101861306,"TPL_010_RUN_013","TPL_010_RUN_014","Background","Burst",FALSE,"Background -> Burst","S0027",4,0.4,"holdout",21.6666440744523
"TPL_010","TPL_010_TRANS_014",62.5549963076104,"TPL_010_RUN_014","TPL_010_RUN_015","Burst","Pause:canonical",TRUE,"Burst -> Pause:canonical","S0027",4,0.4,"holdout",25.0219985230442
"TPL_010","TPL_010_TRANS_015",66.7811515734968,"TPL_010_RUN_015","TPL_010_RUN_016","Pause:canonical","Burst",TRUE,"Pause:canonical -> Burst","S0027",4,0.4,"holdout",26.7124606293987
"TPL_010","TPL_010_TRANS_001",7.39741868813936,"TPL_010_RUN_001","TPL_010_RUN_002","Tonic:stn_like_empirical","Pause:canonical",TRUE,"Tonic:stn_like_empirical -> Pause:canonical","S0002",10,1,"holdout",7.39741868813936
"TPL_010","TPL_010_TRANS_002",11.5158661080938,"TPL_010_RUN_002","TPL_010_RUN_003","Pause:canonical","Background",FALSE,"Pause:canonical -> Background","S0002",10,1,"holdout",11.5158661080938
"TPL_010","TPL_010_TRANS_003",12.2538532584275,"TPL_010_RUN_003","TPL_010_RUN_004","Background","Burst",FALSE,"Background -> Burst","S0002",10,1,"holdout",12.2538532584275
"TPL_010","TPL_010_TRANS_004",15.6319926082639,"TPL_010_RUN_004","TPL_010_RUN_005","Burst","Contextual_Separator",TRUE,"Burst -> Contextual_Separator","S0002",10,1,"holdout",15.6319926082639
"TPL_010","TPL_010_TRANS_005",16.1052845931668,"TPL_010_RUN_005","TPL_010_RUN_006","Contextual_Separator","Burst",TRUE,"Contextual_Separator -> Burst","S0002",10,1,"holdout",16.1052845931668
"TPL_010","TPL_010_TRANS_006",19.3949659097538,"TPL_010_RUN_006","TPL_010_RUN_007","Burst","Tonic:generic_stress",TRUE,"Burst -> Tonic:generic_stress","S0002",10,1,"holdout",19.3949659097538
"TPL_010","TPL_010_TRANS_007",30.821456093794,"TPL_010_RUN_007","TPL_010_RUN_008","Tonic:generic_stress","Pause:complex_multi_gap",TRUE,"Tonic:generic_stress -> Pause:complex_multi_gap","S0002",10,1,"holdout",30.821456093794
"TPL_010","TPL_010_TRANS_008",38.3288854093163,"TPL_010_RUN_008","TPL_010_RUN_009","Pause:complex_multi_gap","Broad_HFS",TRUE,"Pause:complex_multi_gap -> Broad_HFS","S0002",10,1,"holdout",38.3288854093163
"TPL_010","TPL_010_TRANS_009",46.4610020988699,"TPL_010_RUN_009","TPL_010_RUN_010","Broad_HFS","Burst",TRUE,"Broad_HFS -> Burst","S0002",10,1,"holdout",46.4610020988699
"TPL_010","TPL_010_TRANS_010",51.7865771427747,"TPL_010_RUN_010","TPL_010_RUN_011","Burst","Background",FALSE,"Burst -> Background","S0002",10,1,"holdout",51.7865771427747
"TPL_010","TPL_010_TRANS_011",52.0554981408734,"TPL_010_RUN_011","TPL_010_RUN_012","Background","Borderline_Gap",FALSE,"Background -> Borderline_Gap","S0002",10,1,"holdout",52.0554981408734
"TPL_010","TPL_010_TRANS_012",52.930516302865,"TPL_010_RUN_012","TPL_010_RUN_013","Borderline_Gap","Background",FALSE,"Borderline_Gap -> Background","S0002",10,1,"holdout",52.930516302865
"TPL_010","TPL_010_TRANS_013",54.1666101861306,"TPL_010_RUN_013","TPL_010_RUN_014","Background","Burst",FALSE,"Background -> Burst","S0002",10,1,"holdout",54.1666101861306
"TPL_010","TPL_010_TRANS_014",62.5549963076104,"TPL_010_RUN_014","TPL_010_RUN_015","Burst","Pause:canonical",TRUE,"Burst -> Pause:canonical","S0002",10,1,"holdout",62.5549963076104
"TPL_010","TPL_010_TRANS_015",66.7811515734968,"TPL_010_RUN_015","TPL_010_RUN_016","Pause:canonical","Burst",TRUE,"Pause:canonical -> Burst","S0002",10,1,"holdout",66.7811515734968
"TPL_011","TPL_011_TRANS_001",4.15693224179558,"TPL_011_RUN_001","TPL_011_RUN_002","Pause:canonical","Background",FALSE,"Pause:canonical -> Background","S0050",1,0.1,"holdout",0.415693224179559
"TPL_011","TPL_011_TRANS_002",4.36192658549157,"TPL_011_RUN_002","TPL_011_RUN_003","Background","Burst",FALSE,"Background -> Burst","S0050",1,0.1,"holdout",0.436192658549158
"TPL_011","TPL_011_TRANS_003",12.9207335066663,"TPL_011_RUN_003","TPL_011_RUN_004","Burst","Background",FALSE,"Burst -> Background","S0050",1,0.1,"holdout",1.29207335066663
"TPL_011","TPL_011_TRANS_004",13.5722013329618,"TPL_011_RUN_004","TPL_011_RUN_005","Background","Burst",FALSE,"Background -> Burst","S0050",1,0.1,"holdout",1.35722013329618
"TPL_011","TPL_011_TRANS_005",21.8027871437239,"TPL_011_RUN_005","TPL_011_RUN_006","Burst","Tonic:stn_like_empirical",TRUE,"Burst -> Tonic:stn_like_empirical","S0050",1,0.1,"holdout",2.18027871437239
"TPL_011","TPL_011_TRANS_006",25.9496040641254,"TPL_011_RUN_006","TPL_011_RUN_007","Tonic:stn_like_empirical","Borderline_Gap",TRUE,"Tonic:stn_like_empirical -> Borderline_Gap","S0050",1,0.1,"holdout",2.59496040641254
"TPL_011","TPL_011_TRANS_007",26.9704938921932,"TPL_011_RUN_007","TPL_011_RUN_008","Borderline_Gap","Background",FALSE,"Borderline_Gap -> Background","S0050",1,0.1,"holdout",2.69704938921932
"TPL_011","TPL_011_TRANS_008",28.7279549075437,"TPL_011_RUN_008","TPL_011_RUN_009","Background","Burst",FALSE,"Background -> Burst","S0050",1,0.1,"holdout",2.87279549075437
"TPL_011","TPL_011_TRANS_009",35.7984263640265,"TPL_011_RUN_009","TPL_011_RUN_010","Burst","Broad_HFS",TRUE,"Burst -> Broad_HFS","S0050",1,0.1,"holdout",3.57984263640265
"TPL_011","TPL_011_TRANS_010",39.5377374899204,"TPL_011_RUN_010","TPL_011_RUN_011","Broad_HFS","Background",FALSE,"Broad_HFS -> Background","S0050",1,0.1,"holdout",3.95377374899204
"TPL_011","TPL_011_TRANS_011",41.8692008228514,"TPL_011_RUN_011","TPL_011_RUN_012","Background","Tonic:generic_stress",FALSE,"Background -> Tonic:generic_stress","S0050",1,0.1,"holdout",4.18692008228514
"TPL_011","TPL_011_TRANS_012",49.547740065319,"TPL_011_RUN_012","TPL_011_RUN_013","Tonic:generic_stress","Pause:canonical",TRUE,"Tonic:generic_stress -> Pause:canonical","S0050",1,0.1,"holdout",4.9547740065319
"TPL_011","TPL_011_TRANS_013",52.4736074759751,"TPL_011_RUN_013","TPL_011_RUN_014","Pause:canonical","Background",FALSE,"Pause:canonical -> Background","S0050",1,0.1,"holdout",5.24736074759751
"TPL_011","TPL_011_TRANS_014",55.8482165285108,"TPL_011_RUN_014","TPL_011_RUN_015","Background","Burst",FALSE,"Background -> Burst","S0050",1,0.1,"holdout",5.58482165285109
"TPL_011","TPL_011_TRANS_015",59.5893483037008,"TPL_011_RUN_015","TPL_011_RUN_016","Burst","Contextual_Separator",TRUE,"Burst -> Contextual_Separator","S0050",1,0.1,"holdout",5.95893483037008
"TPL_011","TPL_011_TRANS_016",60.1566883998812,"TPL_011_RUN_016","TPL_011_RUN_017","Contextual_Separator","Burst",TRUE,"Contextual_Separator -> Burst","S0050",1,0.1,"holdout",6.01566883998813
"TPL_011","TPL_011_TRANS_001",4.15693224179558,"TPL_011_RUN_001","TPL_011_RUN_002","Pause:canonical","Background",FALSE,"Pause:canonical -> Background","S0034",4,0.4,"holdout",1.66277289671823
"TPL_011","TPL_011_TRANS_002",4.36192658549157,"TPL_011_RUN_002","TPL_011_RUN_003","Background","Burst",FALSE,"Background -> Burst","S0034",4,0.4,"holdout",1.74477063419663
"TPL_011","TPL_011_TRANS_003",12.9207335066663,"TPL_011_RUN_003","TPL_011_RUN_004","Burst","Background",FALSE,"Burst -> Background","S0034",4,0.4,"holdout",5.16829340266652
"TPL_011","TPL_011_TRANS_004",13.5722013329618,"TPL_011_RUN_004","TPL_011_RUN_005","Background","Burst",FALSE,"Background -> Burst","S0034",4,0.4,"holdout",5.42888053318471
"TPL_011","TPL_011_TRANS_005",21.8027871437239,"TPL_011_RUN_005","TPL_011_RUN_006","Burst","Tonic:stn_like_empirical",TRUE,"Burst -> Tonic:stn_like_empirical","S0034",4,0.4,"holdout",8.72111485748958
"TPL_011","TPL_011_TRANS_006",25.9496040641254,"TPL_011_RUN_006","TPL_011_RUN_007","Tonic:stn_like_empirical","Borderline_Gap",TRUE,"Tonic:stn_like_empirical -> Borderline_Gap","S0034",4,0.4,"holdout",10.3798416256502
"TPL_011","TPL_011_TRANS_007",26.9704938921932,"TPL_011_RUN_007","TPL_011_RUN_008","Borderline_Gap","Background",FALSE,"Borderline_Gap -> Background","S0034",4,0.4,"holdout",10.7881975568773
"TPL_011","TPL_011_TRANS_008",28.7279549075437,"TPL_011_RUN_008","TPL_011_RUN_009","Background","Burst",FALSE,"Background -> Burst","S0034",4,0.4,"holdout",11.4911819630175
"TPL_011","TPL_011_TRANS_009",35.7984263640265,"TPL_011_RUN_009","TPL_011_RUN_010","Burst","Broad_HFS",TRUE,"Burst -> Broad_HFS","S0034",4,0.4,"holdout",14.3193705456106
"TPL_011","TPL_011_TRANS_010",39.5377374899204,"TPL_011_RUN_010","TPL_011_RUN_011","Broad_HFS","Background",FALSE,"Broad_HFS -> Background","S0034",4,0.4,"holdout",15.8150949959682
"TPL_011","TPL_011_TRANS_011",41.8692008228514,"TPL_011_RUN_011","TPL_011_RUN_012","Background","Tonic:generic_stress",FALSE,"Background -> Tonic:generic_stress","S0034",4,0.4,"holdout",16.7476803291406
"TPL_011","TPL_011_TRANS_012",49.547740065319,"TPL_011_RUN_012","TPL_011_RUN_013","Tonic:generic_stress","Pause:canonical",TRUE,"Tonic:generic_stress -> Pause:canonical","S0034",4,0.4,"holdout",19.8190960261276
"TPL_011","TPL_011_TRANS_013",52.4736074759751,"TPL_011_RUN_013","TPL_011_RUN_014","Pause:canonical","Background",FALSE,"Pause:canonical -> Background","S0034",4,0.4,"holdout",20.98944299039
"TPL_011","TPL_011_TRANS_014",55.8482165285108,"TPL_011_RUN_014","TPL_011_RUN_015","Background","Burst",FALSE,"Background -> Burst","S0034",4,0.4,"holdout",22.3392866114043
"TPL_011","TPL_011_TRANS_015",59.5893483037008,"TPL_011_RUN_015","TPL_011_RUN_016","Burst","Contextual_Separator",TRUE,"Burst -> Contextual_Separator","S0034",4,0.4,"holdout",23.8357393214803
"TPL_011","TPL_011_TRANS_016",60.1566883998812,"TPL_011_RUN_016","TPL_011_RUN_017","Contextual_Separator","Burst",TRUE,"Contextual_Separator -> Burst","S0034",4,0.4,"holdout",24.0626753599525
"TPL_011","TPL_011_TRANS_001",4.15693224179558,"TPL_011_RUN_001","TPL_011_RUN_002","Pause:canonical","Background",FALSE,"Pause:canonical -> Background","S0046",10,1,"holdout",4.15693224179558
"TPL_011","TPL_011_TRANS_002",4.36192658549157,"TPL_011_RUN_002","TPL_011_RUN_003","Background","Burst",FALSE,"Background -> Burst","S0046",10,1,"holdout",4.36192658549157
"TPL_011","TPL_011_TRANS_003",12.9207335066663,"TPL_011_RUN_003","TPL_011_RUN_004","Burst","Background",FALSE,"Burst -> Background","S0046",10,1,"holdout",12.9207335066663
"TPL_011","TPL_011_TRANS_004",13.5722013329618,"TPL_011_RUN_004","TPL_011_RUN_005","Background","Burst",FALSE,"Background -> Burst","S0046",10,1,"holdout",13.5722013329618
"TPL_011","TPL_011_TRANS_005",21.8027871437239,"TPL_011_RUN_005","TPL_011_RUN_006","Burst","Tonic:stn_like_empirical",TRUE,"Burst -> Tonic:stn_like_empirical","S0046",10,1,"holdout",21.8027871437239
"TPL_011","TPL_011_TRANS_006",25.9496040641254,"TPL_011_RUN_006","TPL_011_RUN_007","Tonic:stn_like_empirical","Borderline_Gap",TRUE,"Tonic:stn_like_empirical -> Borderline_Gap","S0046",10,1,"holdout",25.9496040641254
"TPL_011","TPL_011_TRANS_007",26.9704938921932,"TPL_011_RUN_007","TPL_011_RUN_008","Borderline_Gap","Background",FALSE,"Borderline_Gap -> Background","S0046",10,1,"holdout",26.9704938921932
"TPL_011","TPL_011_TRANS_008",28.7279549075437,"TPL_011_RUN_008","TPL_011_RUN_009","Background","Burst",FALSE,"Background -> Burst","S0046",10,1,"holdout",28.7279549075437
"TPL_011","TPL_011_TRANS_009",35.7984263640265,"TPL_011_RUN_009","TPL_011_RUN_010","Burst","Broad_HFS",TRUE,"Burst -> Broad_HFS","S0046",10,1,"holdout",35.7984263640265
"TPL_011","TPL_011_TRANS_010",39.5377374899204,"TPL_011_RUN_010","TPL_011_RUN_011","Broad_HFS","Background",FALSE,"Broad_HFS -> Background","S0046",10,1,"holdout",39.5377374899204
"TPL_011","TPL_011_TRANS_011",41.8692008228514,"TPL_011_RUN_011","TPL_011_RUN_012","Background","Tonic:generic_stress",FALSE,"Background -> Tonic:generic_stress","S0046",10,1,"holdout",41.8692008228514
"TPL_011","TPL_011_TRANS_012",49.547740065319,"TPL_011_RUN_012","TPL_011_RUN_013","Tonic:generic_stress","Pause:canonical",TRUE,"Tonic:generic_stress -> Pause:canonical","S0046",10,1,"holdout",49.547740065319
"TPL_011","TPL_011_TRANS_013",52.4736074759751,"TPL_011_RUN_013","TPL_011_RUN_014","Pause:canonical","Background",FALSE,"Pause:canonical -> Background","S0046",10,1,"holdout",52.4736074759751
"TPL_011","TPL_011_TRANS_014",55.8482165285108,"TPL_011_RUN_014","TPL_011_RUN_015","Background","Burst",FALSE,"Background -> Burst","S0046",10,1,"holdout",55.8482165285108
"TPL_011","TPL_011_TRANS_015",59.5893483037008,"TPL_011_RUN_015","TPL_011_RUN_016","Burst","Contextual_Separator",TRUE,"Burst -> Contextual_Separator","S0046",10,1,"holdout",59.5893483037008
"TPL_011","TPL_011_TRANS_016",60.1566883998812,"TPL_011_RUN_016","TPL_011_RUN_017","Contextual_Separator","Burst",TRUE,"Contextual_Separator -> Burst","S0046",10,1,"holdout",60.1566883998812
"TPL_012","TPL_012_TRANS_001",6.1656131270975,"TPL_012_RUN_001","TPL_012_RUN_002","Tonic:generic_stress","Pause:complex_multi_gap",TRUE,"Tonic:generic_stress -> Pause:complex_multi_gap","S0016",1,0.1,"holdout",0.61656131270975
"TPL_012","TPL_012_TRANS_002",13.3892428911925,"TPL_012_RUN_002","TPL_012_RUN_003","Pause:complex_multi_gap","Tonic:stn_like_empirical",TRUE,"Pause:complex_multi_gap -> Tonic:stn_like_empirical","S0016",1,0.1,"holdout",1.33892428911925
"TPL_012","TPL_012_TRANS_003",21.8134491164158,"TPL_012_RUN_003","TPL_012_RUN_004","Tonic:stn_like_empirical","Pause:canonical",TRUE,"Tonic:stn_like_empirical -> Pause:canonical","S0016",1,0.1,"holdout",2.18134491164158
"TPL_012","TPL_012_TRANS_004",24.7803149057008,"TPL_012_RUN_004","TPL_012_RUN_005","Pause:canonical","Background",FALSE,"Pause:canonical -> Background","S0016",1,0.1,"holdout",2.47803149057008
"TPL_012","TPL_012_TRANS_005",25.5342958059933,"TPL_012_RUN_005","TPL_012_RUN_006","Background","Broad_HFS",FALSE,"Background -> Broad_HFS","S0016",1,0.1,"holdout",2.55342958059933
"TPL_012","TPL_012_TRANS_006",33.9264098453246,"TPL_012_RUN_006","TPL_012_RUN_007","Broad_HFS","Burst",TRUE,"Broad_HFS -> Burst","S0016",1,0.1,"holdout",3.39264098453246
"TPL_012","TPL_012_TRANS_007",40.0522291787649,"TPL_012_RUN_007","TPL_012_RUN_008","Burst","Background",FALSE,"Burst -> Background","S0016",1,0.1,"holdout",4.00522291787649
"TPL_012","TPL_012_TRANS_008",42.4260629035448,"TPL_012_RUN_008","TPL_012_RUN_009","Background","Burst",FALSE,"Background -> Burst","S0016",1,0.1,"holdout",4.24260629035448
"TPL_012","TPL_012_TRANS_009",45.591152089845,"TPL_012_RUN_009","TPL_012_RUN_010","Burst","Contextual_Separator",TRUE,"Burst -> Contextual_Separator","S0016",1,0.1,"holdout",4.5591152089845
"TPL_012","TPL_012_TRANS_010",46.0771071534246,"TPL_012_RUN_010","TPL_012_RUN_011","Contextual_Separator","Burst",TRUE,"Contextual_Separator -> Burst","S0016",1,0.1,"holdout",4.60771071534246
"TPL_012","TPL_012_TRANS_011",49.0082444953674,"TPL_012_RUN_011","TPL_012_RUN_012","Burst","Burst",TRUE,"Burst -> Burst","S0016",1,0.1,"holdout",4.90082444953674
"TPL_012","TPL_012_TRANS_012",56.71126076637,"TPL_012_RUN_012","TPL_012_RUN_013","Burst","Pause:canonical",TRUE,"Burst -> Pause:canonical","S0016",1,0.1,"holdout",5.671126076637
"TPL_012","TPL_012_TRANS_013",59.871953187065,"TPL_012_RUN_013","TPL_012_RUN_014","Pause:canonical","Burst",TRUE,"Pause:canonical -> Burst","S0016",1,0.1,"holdout",5.9871953187065
"TPL_012","TPL_012_TRANS_014",68.416547525898,"TPL_012_RUN_014","TPL_012_RUN_015","Burst","Background",FALSE,"Burst -> Background","S0016",1,0.1,"holdout",6.84165475258981
"TPL_012","TPL_012_TRANS_015",69.2065571389257,"TPL_012_RUN_015","TPL_012_RUN_016","Background","Borderline_Gap",FALSE,"Background -> Borderline_Gap","S0016",1,0.1,"holdout",6.92065571389257
"TPL_012","TPL_012_TRANS_001",6.1656131270975,"TPL_012_RUN_001","TPL_012_RUN_002","Tonic:generic_stress","Pause:complex_multi_gap",TRUE,"Tonic:generic_stress -> Pause:complex_multi_gap","S0031",4,0.4,"holdout",2.466245250839
"TPL_012","TPL_012_TRANS_002",13.3892428911925,"TPL_012_RUN_002","TPL_012_RUN_003","Pause:complex_multi_gap","Tonic:stn_like_empirical",TRUE,"Pause:complex_multi_gap -> Tonic:stn_like_empirical","S0031",4,0.4,"holdout",5.35569715647698
"TPL_012","TPL_012_TRANS_003",21.8134491164158,"TPL_012_RUN_003","TPL_012_RUN_004","Tonic:stn_like_empirical","Pause:canonical",TRUE,"Tonic:stn_like_empirical -> Pause:canonical","S0031",4,0.4,"holdout",8.72537964656633
"TPL_012","TPL_012_TRANS_004",24.7803149057008,"TPL_012_RUN_004","TPL_012_RUN_005","Pause:canonical","Background",FALSE,"Pause:canonical -> Background","S0031",4,0.4,"holdout",9.91212596228031
"TPL_012","TPL_012_TRANS_005",25.5342958059933,"TPL_012_RUN_005","TPL_012_RUN_006","Background","Broad_HFS",FALSE,"Background -> Broad_HFS","S0031",4,0.4,"holdout",10.2137183223973
"TPL_012","TPL_012_TRANS_006",33.9264098453246,"TPL_012_RUN_006","TPL_012_RUN_007","Broad_HFS","Burst",TRUE,"Broad_HFS -> Burst","S0031",4,0.4,"holdout",13.5705639381298
"TPL_012","TPL_012_TRANS_007",40.0522291787649,"TPL_012_RUN_007","TPL_012_RUN_008","Burst","Background",FALSE,"Burst -> Background","S0031",4,0.4,"holdout",16.020891671506
"TPL_012","TPL_012_TRANS_008",42.4260629035448,"TPL_012_RUN_008","TPL_012_RUN_009","Background","Burst",FALSE,"Background -> Burst","S0031",4,0.4,"holdout",16.9704251614179
"TPL_012","TPL_012_TRANS_009",45.591152089845,"TPL_012_RUN_009","TPL_012_RUN_010","Burst","Contextual_Separator",TRUE,"Burst -> Contextual_Separator","S0031",4,0.4,"holdout",18.236460835938
"TPL_012","TPL_012_TRANS_010",46.0771071534246,"TPL_012_RUN_010","TPL_012_RUN_011","Contextual_Separator","Burst",TRUE,"Contextual_Separator -> Burst","S0031",4,0.4,"holdout",18.4308428613698
"TPL_012","TPL_012_TRANS_011",49.0082444953674,"TPL_012_RUN_011","TPL_012_RUN_012","Burst","Burst",TRUE,"Burst -> Burst","S0031",4,0.4,"holdout",19.6032977981469
"TPL_012","TPL_012_TRANS_012",56.71126076637,"TPL_012_RUN_012","TPL_012_RUN_013","Burst","Pause:canonical",TRUE,"Burst -> Pause:canonical","S0031",4,0.4,"holdout",22.684504306548
"TPL_012","TPL_012_TRANS_013",59.871953187065,"TPL_012_RUN_013","TPL_012_RUN_014","Pause:canonical","Burst",TRUE,"Pause:canonical -> Burst","S0031",4,0.4,"holdout",23.948781274826
"TPL_012","TPL_012_TRANS_014",68.416547525898,"TPL_012_RUN_014","TPL_012_RUN_015","Burst","Background",FALSE,"Burst -> Background","S0031",4,0.4,"holdout",27.3666190103592
"TPL_012","TPL_012_TRANS_015",69.2065571389257,"TPL_012_RUN_015","TPL_012_RUN_016","Background","Borderline_Gap",FALSE,"Background -> Borderline_Gap","S0031",4,0.4,"holdout",27.6826228555703
"TPL_012","TPL_012_TRANS_001",6.1656131270975,"TPL_012_RUN_001","TPL_012_RUN_002","Tonic:generic_stress","Pause:complex_multi_gap",TRUE,"Tonic:generic_stress -> Pause:complex_multi_gap","S0057",10,1,"holdout",6.1656131270975
"TPL_012","TPL_012_TRANS_002",13.3892428911925,"TPL_012_RUN_002","TPL_012_RUN_003","Pause:complex_multi_gap","Tonic:stn_like_empirical",TRUE,"Pause:complex_multi_gap -> Tonic:stn_like_empirical","S0057",10,1,"holdout",13.3892428911925
"TPL_012","TPL_012_TRANS_003",21.8134491164158,"TPL_012_RUN_003","TPL_012_RUN_004","Tonic:stn_like_empirical","Pause:canonical",TRUE,"Tonic:stn_like_empirical -> Pause:canonical","S0057",10,1,"holdout",21.8134491164158
"TPL_012","TPL_012_TRANS_004",24.7803149057008,"TPL_012_RUN_004","TPL_012_RUN_005","Pause:canonical","Background",FALSE,"Pause:canonical -> Background","S0057",10,1,"holdout",24.7803149057008
"TPL_012","TPL_012_TRANS_005",25.5342958059933,"TPL_012_RUN_005","TPL_012_RUN_006","Background","Broad_HFS",FALSE,"Background -> Broad_HFS","S0057",10,1,"holdout",25.5342958059933
"TPL_012","TPL_012_TRANS_006",33.9264098453246,"TPL_012_RUN_006","TPL_012_RUN_007","Broad_HFS","Burst",TRUE,"Broad_HFS -> Burst","S0057",10,1,"holdout",33.9264098453246
"TPL_012","TPL_012_TRANS_007",40.0522291787649,"TPL_012_RUN_007","TPL_012_RUN_008","Burst","Background",FALSE,"Burst -> Background","S0057",10,1,"holdout",40.0522291787649
"TPL_012","TPL_012_TRANS_008",42.4260629035448,"TPL_012_RUN_008","TPL_012_RUN_009","Background","Burst",FALSE,"Background -> Burst","S0057",10,1,"holdout",42.4260629035448
"TPL_012","TPL_012_TRANS_009",45.591152089845,"TPL_012_RUN_009","TPL_012_RUN_010","Burst","Contextual_Separator",TRUE,"Burst -> Contextual_Separator","S0057",10,1,"holdout",45.591152089845
"TPL_012","TPL_012_TRANS_010",46.0771071534246,"TPL_012_RUN_010","TPL_012_RUN_011","Contextual_Separator","Burst",TRUE,"Contextual_Separator -> Burst","S0057",10,1,"holdout",46.0771071534246
"TPL_012","TPL_012_TRANS_011",49.0082444953674,"TPL_012_RUN_011","TPL_012_RUN_012","Burst","Burst",TRUE,"Burst -> Burst","S0057",10,1,"holdout",49.0082444953674
"TPL_012","TPL_012_TRANS_012",56.71126076637,"TPL_012_RUN_012","TPL_012_RUN_013","Burst","Pause:canonical",TRUE,"Burst -> Pause:canonical","S0057",10,1,"holdout",56.71126076637
"TPL_012","TPL_012_TRANS_013",59.871953187065,"TPL_012_RUN_013","TPL_012_RUN_014","Pause:canonical","Burst",TRUE,"Pause:canonical -> Burst","S0057",10,1,"holdout",59.871953187065
"TPL_012","TPL_012_TRANS_014",68.416547525898,"TPL_012_RUN_014","TPL_012_RUN_015","Burst","Background",FALSE,"Burst -> Background","S0057",10,1,"holdout",68.416547525898
"TPL_012","TPL_012_TRANS_015",69.2065571389257,"TPL_012_RUN_015","TPL_012_RUN_016","Background","Borderline_Gap",FALSE,"Background -> Borderline_Gap","S0057",10,1,"holdout",69.2065571389257
"TPL_013","TPL_013_TRANS_001",3.28263657049905,"TPL_013_RUN_001","TPL_013_RUN_002","Burst","Contextual_Separator",TRUE,"Burst -> Contextual_Separator","S0012",1,0.1,"holdout",0.328263657049905
"TPL_013","TPL_013_TRANS_002",3.9090146944764,"TPL_013_RUN_002","TPL_013_RUN_003","Contextual_Separator","Burst",TRUE,"Contextual_Separator -> Burst","S0012",1,0.1,"holdout",0.39090146944764
"TPL_013","TPL_013_TRANS_003",7.122263345744,"TPL_013_RUN_003","TPL_013_RUN_004","Burst","Pause:canonical",TRUE,"Burst -> Pause:canonical","S0012",1,0.1,"holdout",0.7122263345744
"TPL_013","TPL_013_TRANS_004",12.1022229756857,"TPL_013_RUN_004","TPL_013_RUN_005","Pause:canonical","Background",FALSE,"Pause:canonical -> Background","S0012",1,0.1,"holdout",1.21022229756857
"TPL_013","TPL_013_TRANS_005",13.7718674896107,"TPL_013_RUN_005","TPL_013_RUN_006","Background","Tonic:generic_stress",FALSE,"Background -> Tonic:generic_stress","S0012",1,0.1,"holdout",1.37718674896107
"TPL_013","TPL_013_TRANS_006",22.5807377222604,"TPL_013_RUN_006","TPL_013_RUN_007","Tonic:generic_stress","Pause:canonical",TRUE,"Tonic:generic_stress -> Pause:canonical","S0012",1,0.1,"holdout",2.25807377222604
"TPL_013","TPL_013_TRANS_007",26.7485475634834,"TPL_013_RUN_007","TPL_013_RUN_008","Pause:canonical","Background",FALSE,"Pause:canonical -> Background","S0012",1,0.1,"holdout",2.67485475634834
"TPL_013","TPL_013_TRANS_008",27.7446228293889,"TPL_013_RUN_008","TPL_013_RUN_009","Background","Burst",FALSE,"Background -> Burst","S0012",1,0.1,"holdout",2.77446228293889
"TPL_013","TPL_013_TRANS_009",36.4671503486452,"TPL_013_RUN_009","TPL_013_RUN_010","Burst","Background",FALSE,"Burst -> Background","S0012",1,0.1,"holdout",3.64671503486452
"TPL_013","TPL_013_TRANS_010",40.2220001545649,"TPL_013_RUN_010","TPL_013_RUN_011","Background","Burst",FALSE,"Background -> Burst","S0012",1,0.1,"holdout",4.02220001545649
"TPL_013","TPL_013_TRANS_011",47.0882824765545,"TPL_013_RUN_011","TPL_013_RUN_012","Burst","Broad_HFS",TRUE,"Burst -> Broad_HFS","S0012",1,0.1,"holdout",4.70882824765545
"TPL_013","TPL_013_TRANS_012",53.7967580850023,"TPL_013_RUN_012","TPL_013_RUN_013","Broad_HFS","Background",FALSE,"Broad_HFS -> Background","S0012",1,0.1,"holdout",5.37967580850023
"TPL_013","TPL_013_TRANS_013",55.4709510735112,"TPL_013_RUN_013","TPL_013_RUN_014","Background","Tonic:stn_like_empirical",FALSE,"Background -> Tonic:stn_like_empirical","S0012",1,0.1,"holdout",5.54709510735112
"TPL_013","TPL_013_TRANS_014",59.5977124870422,"TPL_013_RUN_014","TPL_013_RUN_015","Tonic:stn_like_empirical","Borderline_Gap",TRUE,"Tonic:stn_like_empirical -> Borderline_Gap","S0012",1,0.1,"holdout",5.95977124870422
"TPL_013","TPL_013_TRANS_015",60.4281340314628,"TPL_013_RUN_015","TPL_013_RUN_016","Borderline_Gap","Background",FALSE,"Borderline_Gap -> Background","S0012",1,0.1,"holdout",6.04281340314628
"TPL_013","TPL_013_TRANS_016",62.6758154561449,"TPL_013_RUN_016","TPL_013_RUN_017","Background","Burst",FALSE,"Background -> Burst","S0012",1,0.1,"holdout",6.26758154561449
"TPL_013","TPL_013_TRANS_001",3.28263657049905,"TPL_013_RUN_001","TPL_013_RUN_002","Burst","Contextual_Separator",TRUE,"Burst -> Contextual_Separator","S0022",4,0.4,"holdout",1.31305462819962
"TPL_013","TPL_013_TRANS_002",3.9090146944764,"TPL_013_RUN_002","TPL_013_RUN_003","Contextual_Separator","Burst",TRUE,"Contextual_Separator -> Burst","S0022",4,0.4,"holdout",1.56360587779056
"TPL_013","TPL_013_TRANS_003",7.122263345744,"TPL_013_RUN_003","TPL_013_RUN_004","Burst","Pause:canonical",TRUE,"Burst -> Pause:canonical","S0022",4,0.4,"holdout",2.8489053382976
"TPL_013","TPL_013_TRANS_004",12.1022229756857,"TPL_013_RUN_004","TPL_013_RUN_005","Pause:canonical","Background",FALSE,"Pause:canonical -> Background","S0022",4,0.4,"holdout",4.8408891902743
"TPL_013","TPL_013_TRANS_005",13.7718674896107,"TPL_013_RUN_005","TPL_013_RUN_006","Background","Tonic:generic_stress",FALSE,"Background -> Tonic:generic_stress","S0022",4,0.4,"holdout",5.5087469958443
"TPL_013","TPL_013_TRANS_006",22.5807377222604,"TPL_013_RUN_006","TPL_013_RUN_007","Tonic:generic_stress","Pause:canonical",TRUE,"Tonic:generic_stress -> Pause:canonical","S0022",4,0.4,"holdout",9.03229508890415
"TPL_013","TPL_013_TRANS_007",26.7485475634834,"TPL_013_RUN_007","TPL_013_RUN_008","Pause:canonical","Background",FALSE,"Pause:canonical -> Background","S0022",4,0.4,"holdout",10.6994190253934
"TPL_013","TPL_013_TRANS_008",27.7446228293889,"TPL_013_RUN_008","TPL_013_RUN_009","Background","Burst",FALSE,"Background -> Burst","S0022",4,0.4,"holdout",11.0978491317556
"TPL_013","TPL_013_TRANS_009",36.4671503486452,"TPL_013_RUN_009","TPL_013_RUN_010","Burst","Background",FALSE,"Burst -> Background","S0022",4,0.4,"holdout",14.5868601394581
"TPL_013","TPL_013_TRANS_010",40.2220001545649,"TPL_013_RUN_010","TPL_013_RUN_011","Background","Burst",FALSE,"Background -> Burst","S0022",4,0.4,"holdout",16.088800061826
"TPL_013","TPL_013_TRANS_011",47.0882824765545,"TPL_013_RUN_011","TPL_013_RUN_012","Burst","Broad_HFS",TRUE,"Burst -> Broad_HFS","S0022",4,0.4,"holdout",18.8353129906218
"TPL_013","TPL_013_TRANS_012",53.7967580850023,"TPL_013_RUN_012","TPL_013_RUN_013","Broad_HFS","Background",FALSE,"Broad_HFS -> Background","S0022",4,0.4,"holdout",21.5187032340009
"TPL_013","TPL_013_TRANS_013",55.4709510735112,"TPL_013_RUN_013","TPL_013_RUN_014","Background","Tonic:stn_like_empirical",FALSE,"Background -> Tonic:stn_like_empirical","S0022",4,0.4,"holdout",22.1883804294045
"TPL_013","TPL_013_TRANS_014",59.5977124870422,"TPL_013_RUN_014","TPL_013_RUN_015","Tonic:stn_like_empirical","Borderline_Gap",TRUE,"Tonic:stn_like_empirical -> Borderline_Gap","S0022",4,0.4,"holdout",23.8390849948169
"TPL_013","TPL_013_TRANS_015",60.4281340314628,"TPL_013_RUN_015","TPL_013_RUN_016","Borderline_Gap","Background",FALSE,"Borderline_Gap -> Background","S0022",4,0.4,"holdout",24.1712536125851
"TPL_013","TPL_013_TRANS_016",62.6758154561449,"TPL_013_RUN_016","TPL_013_RUN_017","Background","Burst",FALSE,"Background -> Burst","S0022",4,0.4,"holdout",25.0703261824579
"TPL_013","TPL_013_TRANS_001",3.28263657049905,"TPL_013_RUN_001","TPL_013_RUN_002","Burst","Contextual_Separator",TRUE,"Burst -> Contextual_Separator","S0053",10,1,"holdout",3.28263657049905
"TPL_013","TPL_013_TRANS_002",3.9090146944764,"TPL_013_RUN_002","TPL_013_RUN_003","Contextual_Separator","Burst",TRUE,"Contextual_Separator -> Burst","S0053",10,1,"holdout",3.9090146944764
"TPL_013","TPL_013_TRANS_003",7.122263345744,"TPL_013_RUN_003","TPL_013_RUN_004","Burst","Pause:canonical",TRUE,"Burst -> Pause:canonical","S0053",10,1,"holdout",7.122263345744
"TPL_013","TPL_013_TRANS_004",12.1022229756857,"TPL_013_RUN_004","TPL_013_RUN_005","Pause:canonical","Background",FALSE,"Pause:canonical -> Background","S0053",10,1,"holdout",12.1022229756857
"TPL_013","TPL_013_TRANS_005",13.7718674896107,"TPL_013_RUN_005","TPL_013_RUN_006","Background","Tonic:generic_stress",FALSE,"Background -> Tonic:generic_stress","S0053",10,1,"holdout",13.7718674896107
"TPL_013","TPL_013_TRANS_006",22.5807377222604,"TPL_013_RUN_006","TPL_013_RUN_007","Tonic:generic_stress","Pause:canonical",TRUE,"Tonic:generic_stress -> Pause:canonical","S0053",10,1,"holdout",22.5807377222604
"TPL_013","TPL_013_TRANS_007",26.7485475634834,"TPL_013_RUN_007","TPL_013_RUN_008","Pause:canonical","Background",FALSE,"Pause:canonical -> Background","S0053",10,1,"holdout",26.7485475634834
"TPL_013","TPL_013_TRANS_008",27.7446228293889,"TPL_013_RUN_008","TPL_013_RUN_009","Background","Burst",FALSE,"Background -> Burst","S0053",10,1,"holdout",27.7446228293889
"TPL_013","TPL_013_TRANS_009",36.4671503486452,"TPL_013_RUN_009","TPL_013_RUN_010","Burst","Background",FALSE,"Burst -> Background","S0053",10,1,"holdout",36.4671503486452
"TPL_013","TPL_013_TRANS_010",40.2220001545649,"TPL_013_RUN_010","TPL_013_RUN_011","Background","Burst",FALSE,"Background -> Burst","S0053",10,1,"holdout",40.2220001545649
"TPL_013","TPL_013_TRANS_011",47.0882824765545,"TPL_013_RUN_011","TPL_013_RUN_012","Burst","Broad_HFS",TRUE,"Burst -> Broad_HFS","S0053",10,1,"holdout",47.0882824765545
"TPL_013","TPL_013_TRANS_012",53.7967580850023,"TPL_013_RUN_012","TPL_013_RUN_013","Broad_HFS","Background",FALSE,"Broad_HFS -> Background","S0053",10,1,"holdout",53.7967580850023
"TPL_013","TPL_013_TRANS_013",55.4709510735112,"TPL_013_RUN_013","TPL_013_RUN_014","Background","Tonic:stn_like_empirical",FALSE,"Background -> Tonic:stn_like_empirical","S0053",10,1,"holdout",55.4709510735112
"TPL_013","TPL_013_TRANS_014",59.5977124870422,"TPL_013_RUN_014","TPL_013_RUN_015","Tonic:stn_like_empirical","Borderline_Gap",TRUE,"Tonic:stn_like_empirical -> Borderline_Gap","S0053",10,1,"holdout",59.5977124870422
"TPL_013","TPL_013_TRANS_015",60.4281340314628,"TPL_013_RUN_015","TPL_013_RUN_016","Borderline_Gap","Background",FALSE,"Borderline_Gap -> Background","S0053",10,1,"holdout",60.4281340314628
"TPL_013","TPL_013_TRANS_016",62.6758154561449,"TPL_013_RUN_016","TPL_013_RUN_017","Background","Burst",FALSE,"Background -> Burst","S0053",10,1,"holdout",62.6758154561449
"TPL_014","TPL_014_TRANS_001",9.02642399893223,"TPL_014_RUN_001","TPL_014_RUN_002","Burst","Pause:canonical",TRUE,"Burst -> Pause:canonical","S0033",1,0.1,"holdout",0.902642399893223
"TPL_014","TPL_014_TRANS_002",12.6628428736803,"TPL_014_RUN_002","TPL_014_RUN_003","Pause:canonical","Burst",TRUE,"Pause:canonical -> Burst","S0033",1,0.1,"holdout",1.26628428736803
"TPL_014","TPL_014_TRANS_003",20.8515070136778,"TPL_014_RUN_003","TPL_014_RUN_004","Burst","Background",FALSE,"Burst -> Background","S0033",1,0.1,"holdout",2.08515070136778
"TPL_014","TPL_014_TRANS_004",21.7080708501969,"TPL_014_RUN_004","TPL_014_RUN_005","Background","Borderline_Gap",FALSE,"Background -> Borderline_Gap","S0033",1,0.1,"holdout",2.17080708501969
"TPL_014","TPL_014_TRANS_005",22.6978067593758,"TPL_014_RUN_005","TPL_014_RUN_006","Borderline_Gap","Background",FALSE,"Borderline_Gap -> Background","S0033",1,0.1,"holdout",2.26978067593758
"TPL_014","TPL_014_TRANS_006",24.5883812086897,"TPL_014_RUN_006","TPL_014_RUN_007","Background","Tonic:stn_like_empirical",FALSE,"Background -> Tonic:stn_like_empirical","S0033",1,0.1,"holdout",2.45883812086897
"TPL_014","TPL_014_TRANS_007",28.2598103660787,"TPL_014_RUN_007","TPL_014_RUN_008","Tonic:stn_like_empirical","Pause:canonical",TRUE,"Tonic:stn_like_empirical -> Pause:canonical","S0033",1,0.1,"holdout",2.82598103660787
"TPL_014","TPL_014_TRANS_008",32.8069936151313,"TPL_014_RUN_008","TPL_014_RUN_009","Pause:canonical","Tonic:generic_stress",TRUE,"Pause:canonical -> Tonic:generic_stress","S0033",1,0.1,"holdout",3.28069936151313
"TPL_014","TPL_014_TRANS_009",39.7457452748689,"TPL_014_RUN_009","TPL_014_RUN_010","Tonic:generic_stress","Pause:complex_multi_gap",TRUE,"Tonic:generic_stress -> Pause:complex_multi_gap","S0033",1,0.1,"holdout",3.97457452748689
"TPL_014","TPL_014_TRANS_010",45.9960559964899,"TPL_014_RUN_010","TPL_014_RUN_011","Pause:complex_multi_gap","Background",FALSE,"Pause:complex_multi_gap -> Background","S0033",1,0.1,"holdout",4.59960559964899
"TPL_014","TPL_014_TRANS_011",48.5806765172229,"TPL_014_RUN_011","TPL_014_RUN_012","Background","Broad_HFS",FALSE,"Background -> Broad_HFS","S0033",1,0.1,"holdout",4.85806765172229
"TPL_014","TPL_014_TRANS_012",55.1198261786911,"TPL_014_RUN_012","TPL_014_RUN_013","Broad_HFS","Burst",TRUE,"Broad_HFS -> Burst","S0033",1,0.1,"holdout",5.51198261786911
"TPL_014","TPL_014_TRANS_013",61.4581946008964,"TPL_014_RUN_013","TPL_014_RUN_014","Burst","Burst",TRUE,"Burst -> Burst","S0033",1,0.1,"holdout",6.14581946008964
"TPL_014","TPL_014_TRANS_014",65.71145264811,"TPL_014_RUN_014","TPL_014_RUN_015","Burst","Contextual_Separator",TRUE,"Burst -> Contextual_Separator","S0033",1,0.1,"holdout",6.571145264811
"TPL_014","TPL_014_TRANS_015",66.3311036276904,"TPL_014_RUN_015","TPL_014_RUN_016","Contextual_Separator","Burst",TRUE,"Contextual_Separator -> Burst","S0033",1,0.1,"holdout",6.63311036276904
"TPL_014","TPL_014_TRANS_001",9.02642399893223,"TPL_014_RUN_001","TPL_014_RUN_002","Burst","Pause:canonical",TRUE,"Burst -> Pause:canonical","S0051",4,0.4,"holdout",3.61056959957289
"TPL_014","TPL_014_TRANS_002",12.6628428736803,"TPL_014_RUN_002","TPL_014_RUN_003","Pause:canonical","Burst",TRUE,"Pause:canonical -> Burst","S0051",4,0.4,"holdout",5.06513714947211
"TPL_014","TPL_014_TRANS_003",20.8515070136778,"TPL_014_RUN_003","TPL_014_RUN_004","Burst","Background",FALSE,"Burst -> Background","S0051",4,0.4,"holdout",8.3406028054711
"TPL_014","TPL_014_TRANS_004",21.7080708501969,"TPL_014_RUN_004","TPL_014_RUN_005","Background","Borderline_Gap",FALSE,"Background -> Borderline_Gap","S0051",4,0.4,"holdout",8.68322834007876
"TPL_014","TPL_014_TRANS_005",22.6978067593758,"TPL_014_RUN_005","TPL_014_RUN_006","Borderline_Gap","Background",FALSE,"Borderline_Gap -> Background","S0051",4,0.4,"holdout",9.0791227037503
"TPL_014","TPL_014_TRANS_006",24.5883812086897,"TPL_014_RUN_006","TPL_014_RUN_007","Background","Tonic:stn_like_empirical",FALSE,"Background -> Tonic:stn_like_empirical","S0051",4,0.4,"holdout",9.8353524834759
"TPL_014","TPL_014_TRANS_007",28.2598103660787,"TPL_014_RUN_007","TPL_014_RUN_008","Tonic:stn_like_empirical","Pause:canonical",TRUE,"Tonic:stn_like_empirical -> Pause:canonical","S0051",4,0.4,"holdout",11.3039241464315
"TPL_014","TPL_014_TRANS_008",32.8069936151313,"TPL_014_RUN_008","TPL_014_RUN_009","Pause:canonical","Tonic:generic_stress",TRUE,"Pause:canonical -> Tonic:generic_stress","S0051",4,0.4,"holdout",13.1227974460525
"TPL_014","TPL_014_TRANS_009",39.7457452748689,"TPL_014_RUN_009","TPL_014_RUN_010","Tonic:generic_stress","Pause:complex_multi_gap",TRUE,"Tonic:generic_stress -> Pause:complex_multi_gap","S0051",4,0.4,"holdout",15.8982981099476
"TPL_014","TPL_014_TRANS_010",45.9960559964899,"TPL_014_RUN_010","TPL_014_RUN_011","Pause:complex_multi_gap","Background",FALSE,"Pause:complex_multi_gap -> Background","S0051",4,0.4,"holdout",18.3984223985959
"TPL_014","TPL_014_TRANS_011",48.5806765172229,"TPL_014_RUN_011","TPL_014_RUN_012","Background","Broad_HFS",FALSE,"Background -> Broad_HFS","S0051",4,0.4,"holdout",19.4322706068892
"TPL_014","TPL_014_TRANS_012",55.1198261786911,"TPL_014_RUN_012","TPL_014_RUN_013","Broad_HFS","Burst",TRUE,"Broad_HFS -> Burst","S0051",4,0.4,"holdout",22.0479304714764
"TPL_014","TPL_014_TRANS_013",61.4581946008964,"TPL_014_RUN_013","TPL_014_RUN_014","Burst","Burst",TRUE,"Burst -> Burst","S0051",4,0.4,"holdout",24.5832778403586
"TPL_014","TPL_014_TRANS_014",65.71145264811,"TPL_014_RUN_014","TPL_014_RUN_015","Burst","Contextual_Separator",TRUE,"Burst -> Contextual_Separator","S0051",4,0.4,"holdout",26.284581059244
"TPL_014","TPL_014_TRANS_015",66.3311036276904,"TPL_014_RUN_015","TPL_014_RUN_016","Contextual_Separator","Burst",TRUE,"Contextual_Separator -> Burst","S0051",4,0.4,"holdout",26.5324414510761
"TPL_014","TPL_014_TRANS_001",9.02642399893223,"TPL_014_RUN_001","TPL_014_RUN_002","Burst","Pause:canonical",TRUE,"Burst -> Pause:canonical","S0019",10,1,"holdout",9.02642399893223
"TPL_014","TPL_014_TRANS_002",12.6628428736803,"TPL_014_RUN_002","TPL_014_RUN_003","Pause:canonical","Burst",TRUE,"Pause:canonical -> Burst","S0019",10,1,"holdout",12.6628428736803
"TPL_014","TPL_014_TRANS_003",20.8515070136778,"TPL_014_RUN_003","TPL_014_RUN_004","Burst","Background",FALSE,"Burst -> Background","S0019",10,1,"holdout",20.8515070136778
"TPL_014","TPL_014_TRANS_004",21.7080708501969,"TPL_014_RUN_004","TPL_014_RUN_005","Background","Borderline_Gap",FALSE,"Background -> Borderline_Gap","S0019",10,1,"holdout",21.7080708501969
"TPL_014","TPL_014_TRANS_005",22.6978067593758,"TPL_014_RUN_005","TPL_014_RUN_006","Borderline_Gap","Background",FALSE,"Borderline_Gap -> Background","S0019",10,1,"holdout",22.6978067593758
"TPL_014","TPL_014_TRANS_006",24.5883812086897,"TPL_014_RUN_006","TPL_014_RUN_007","Background","Tonic:stn_like_empirical",FALSE,"Background -> Tonic:stn_like_empirical","S0019",10,1,"holdout",24.5883812086897
"TPL_014","TPL_014_TRANS_007",28.2598103660787,"TPL_014_RUN_007","TPL_014_RUN_008","Tonic:stn_like_empirical","Pause:canonical",TRUE,"Tonic:stn_like_empirical -> Pause:canonical","S0019",10,1,"holdout",28.2598103660787
"TPL_014","TPL_014_TRANS_008",32.8069936151313,"TPL_014_RUN_008","TPL_014_RUN_009","Pause:canonical","Tonic:generic_stress",TRUE,"Pause:canonical -> Tonic:generic_stress","S0019",10,1,"holdout",32.8069936151313
"TPL_014","TPL_014_TRANS_009",39.7457452748689,"TPL_014_RUN_009","TPL_014_RUN_010","Tonic:generic_stress","Pause:complex_multi_gap",TRUE,"Tonic:generic_stress -> Pause:complex_multi_gap","S0019",10,1,"holdout",39.7457452748689
"TPL_014","TPL_014_TRANS_010",45.9960559964899,"TPL_014_RUN_010","TPL_014_RUN_011","Pause:complex_multi_gap","Background",FALSE,"Pause:complex_multi_gap -> Background","S0019",10,1,"holdout",45.9960559964899
"TPL_014","TPL_014_TRANS_011",48.5806765172229,"TPL_014_RUN_011","TPL_014_RUN_012","Background","Broad_HFS",FALSE,"Background -> Broad_HFS","S0019",10,1,"holdout",48.5806765172229
"TPL_014","TPL_014_TRANS_012",55.1198261786911,"TPL_014_RUN_012","TPL_014_RUN_013","Broad_HFS","Burst",TRUE,"Broad_HFS -> Burst","S0019",10,1,"holdout",55.1198261786911
"TPL_014","TPL_014_TRANS_013",61.4581946008964,"TPL_014_RUN_013","TPL_014_RUN_014","Burst","Burst",TRUE,"Burst -> Burst","S0019",10,1,"holdout",61.4581946008964
"TPL_014","TPL_014_TRANS_014",65.71145264811,"TPL_014_RUN_014","TPL_014_RUN_015","Burst","Contextual_Separator",TRUE,"Burst -> Contextual_Separator","S0019",10,1,"holdout",65.71145264811
"TPL_014","TPL_014_TRANS_015",66.3311036276904,"TPL_014_RUN_015","TPL_014_RUN_016","Contextual_Separator","Burst",TRUE,"Contextual_Separator -> Burst","S0019",10,1,"holdout",66.3311036276904
"TPL_015","TPL_015_TRANS_001",7.18836782559477,"TPL_015_RUN_001","TPL_015_RUN_002","Burst","Background",FALSE,"Burst -> Background","S0013",1,0.1,"holdout",0.718836782559477
"TPL_015","TPL_015_TRANS_002",7.85013754051444,"TPL_015_RUN_002","TPL_015_RUN_003","Background","Burst",FALSE,"Background -> Burst","S0013",1,0.1,"holdout",0.785013754051444
"TPL_015","TPL_015_TRANS_003",13.8267644637414,"TPL_015_RUN_003","TPL_015_RUN_004","Burst","Broad_HFS",TRUE,"Burst -> Broad_HFS","S0013",1,0.1,"holdout",1.38267644637414
"TPL_015","TPL_015_TRANS_004",20.1914926911103,"TPL_015_RUN_004","TPL_015_RUN_005","Broad_HFS","Background",FALSE,"Broad_HFS -> Background","S0013",1,0.1,"holdout",2.01914926911103
"TPL_015","TPL_015_TRANS_005",20.756555865243,"TPL_015_RUN_005","TPL_015_RUN_006","Background","Burst",FALSE,"Background -> Burst","S0013",1,0.1,"holdout",2.0756555865243
"TPL_015","TPL_015_TRANS_006",28.5414512653557,"TPL_015_RUN_006","TPL_015_RUN_007","Burst","Background",FALSE,"Burst -> Background","S0013",1,0.1,"holdout",2.85414512653557
"TPL_015","TPL_015_TRANS_007",30.5708469401781,"TPL_015_RUN_007","TPL_015_RUN_008","Background","Tonic:stn_like_empirical",FALSE,"Background -> Tonic:stn_like_empirical","S0013",1,0.1,"holdout",3.05708469401781
"TPL_015","TPL_015_TRANS_008",37.1635766893758,"TPL_015_RUN_008","TPL_015_RUN_009","Tonic:stn_like_empirical","Borderline_Gap",TRUE,"Tonic:stn_like_empirical -> Borderline_Gap","S0013",1,0.1,"holdout",3.71635766893758
"TPL_015","TPL_015_TRANS_009",37.9260860557521,"TPL_015_RUN_009","TPL_015_RUN_010","Borderline_Gap","Background",FALSE,"Borderline_Gap -> Background","S0013",1,0.1,"holdout",3.79260860557521
"TPL_015","TPL_015_TRANS_010",38.9062577284305,"TPL_015_RUN_010","TPL_015_RUN_011","Background","Tonic:generic_stress",FALSE,"Background -> Tonic:generic_stress","S0013",1,0.1,"holdout",3.89062577284305
"TPL_015","TPL_015_TRANS_011",44.2247411249664,"TPL_015_RUN_011","TPL_015_RUN_012","Tonic:generic_stress","Pause:canonical",TRUE,"Tonic:generic_stress -> Pause:canonical","S0013",1,0.1,"holdout",4.42247411249664
"TPL_015","TPL_015_TRANS_012",47.8248128186438,"TPL_015_RUN_012","TPL_015_RUN_013","Pause:canonical","Background",FALSE,"Pause:canonical -> Background","S0013",1,0.1,"holdout",4.78248128186438
"TPL_015","TPL_015_TRANS_013",48.4300821175287,"TPL_015_RUN_013","TPL_015_RUN_014","Background","Pause:canonical",FALSE,"Background -> Pause:canonical","S0013",1,0.1,"holdout",4.84300821175287
"TPL_015","TPL_015_TRANS_014",52.5054767478677,"TPL_015_RUN_014","TPL_015_RUN_015","Pause:canonical","Burst",TRUE,"Pause:canonical -> Burst","S0013",1,0.1,"holdout",5.25054767478677
"TPL_015","TPL_015_TRANS_015",56.5166468324796,"TPL_015_RUN_015","TPL_015_RUN_016","Burst","Contextual_Separator",TRUE,"Burst -> Contextual_Separator","S0013",1,0.1,"holdout",5.65166468324796
"TPL_015","TPL_015_TRANS_016",57.0934602437265,"TPL_015_RUN_016","TPL_015_RUN_017","Contextual_Separator","Burst",TRUE,"Contextual_Separator -> Burst","S0013",1,0.1,"holdout",5.70934602437266
"TPL_015","TPL_015_TRANS_001",7.18836782559477,"TPL_015_RUN_001","TPL_015_RUN_002","Burst","Background",FALSE,"Burst -> Background","S0038",4,0.4,"holdout",2.87534713023791
"TPL_015","TPL_015_TRANS_002",7.85013754051444,"TPL_015_RUN_002","TPL_015_RUN_003","Background","Burst",FALSE,"Background -> Burst","S0038",4,0.4,"holdout",3.14005501620577
"TPL_015","TPL_015_TRANS_003",13.8267644637414,"TPL_015_RUN_003","TPL_015_RUN_004","Burst","Broad_HFS",TRUE,"Burst -> Broad_HFS","S0038",4,0.4,"holdout",5.53070578549658
"TPL_015","TPL_015_TRANS_004",20.1914926911103,"TPL_015_RUN_004","TPL_015_RUN_005","Broad_HFS","Background",FALSE,"Broad_HFS -> Background","S0038",4,0.4,"holdout",8.0765970764441
"TPL_015","TPL_015_TRANS_005",20.756555865243,"TPL_015_RUN_005","TPL_015_RUN_006","Background","Burst",FALSE,"Background -> Burst","S0038",4,0.4,"holdout",8.30262234609721
"TPL_015","TPL_015_TRANS_006",28.5414512653557,"TPL_015_RUN_006","TPL_015_RUN_007","Burst","Background",FALSE,"Burst -> Background","S0038",4,0.4,"holdout",11.4165805061423
"TPL_015","TPL_015_TRANS_007",30.5708469401781,"TPL_015_RUN_007","TPL_015_RUN_008","Background","Tonic:stn_like_empirical",FALSE,"Background -> Tonic:stn_like_empirical","S0038",4,0.4,"holdout",12.2283387760712
"TPL_015","TPL_015_TRANS_008",37.1635766893758,"TPL_015_RUN_008","TPL_015_RUN_009","Tonic:stn_like_empirical","Borderline_Gap",TRUE,"Tonic:stn_like_empirical -> Borderline_Gap","S0038",4,0.4,"holdout",14.8654306757503
"TPL_015","TPL_015_TRANS_009",37.9260860557521,"TPL_015_RUN_009","TPL_015_RUN_010","Borderline_Gap","Background",FALSE,"Borderline_Gap -> Background","S0038",4,0.4,"holdout",15.1704344223008
"TPL_015","TPL_015_TRANS_010",38.9062577284305,"TPL_015_RUN_010","TPL_015_RUN_011","Background","Tonic:generic_stress",FALSE,"Background -> Tonic:generic_stress","S0038",4,0.4,"holdout",15.5625030913722
"TPL_015","TPL_015_TRANS_011",44.2247411249664,"TPL_015_RUN_011","TPL_015_RUN_012","Tonic:generic_stress","Pause:canonical",TRUE,"Tonic:generic_stress -> Pause:canonical","S0038",4,0.4,"holdout",17.6898964499865
"TPL_015","TPL_015_TRANS_012",47.8248128186438,"TPL_015_RUN_012","TPL_015_RUN_013","Pause:canonical","Background",FALSE,"Pause:canonical -> Background","S0038",4,0.4,"holdout",19.1299251274575
"TPL_015","TPL_015_TRANS_013",48.4300821175287,"TPL_015_RUN_013","TPL_015_RUN_014","Background","Pause:canonical",FALSE,"Background -> Pause:canonical","S0038",4,0.4,"holdout",19.3720328470115
"TPL_015","TPL_015_TRANS_014",52.5054767478677,"TPL_015_RUN_014","TPL_015_RUN_015","Pause:canonical","Burst",TRUE,"Pause:canonical -> Burst","S0038",4,0.4,"holdout",21.0021906991471
"TPL_015","TPL_015_TRANS_015",56.5166468324796,"TPL_015_RUN_015","TPL_015_RUN_016","Burst","Contextual_Separator",TRUE,"Burst -> Contextual_Separator","S0038",4,0.4,"holdout",22.6066587329918
"TPL_015","TPL_015_TRANS_016",57.0934602437265,"TPL_015_RUN_016","TPL_015_RUN_017","Contextual_Separator","Burst",TRUE,"Contextual_Separator -> Burst","S0038",4,0.4,"holdout",22.8373840974906
"TPL_015","TPL_015_TRANS_001",7.18836782559477,"TPL_015_RUN_001","TPL_015_RUN_002","Burst","Background",FALSE,"Burst -> Background","S0018",10,1,"holdout",7.18836782559477
"TPL_015","TPL_015_TRANS_002",7.85013754051444,"TPL_015_RUN_002","TPL_015_RUN_003","Background","Burst",FALSE,"Background -> Burst","S0018",10,1,"holdout",7.85013754051444
"TPL_015","TPL_015_TRANS_003",13.8267644637414,"TPL_015_RUN_003","TPL_015_RUN_004","Burst","Broad_HFS",TRUE,"Burst -> Broad_HFS","S0018",10,1,"holdout",13.8267644637414
"TPL_015","TPL_015_TRANS_004",20.1914926911103,"TPL_015_RUN_004","TPL_015_RUN_005","Broad_HFS","Background",FALSE,"Broad_HFS -> Background","S0018",10,1,"holdout",20.1914926911103
"TPL_015","TPL_015_TRANS_005",20.756555865243,"TPL_015_RUN_005","TPL_015_RUN_006","Background","Burst",FALSE,"Background -> Burst","S0018",10,1,"holdout",20.756555865243
"TPL_015","TPL_015_TRANS_006",28.5414512653557,"TPL_015_RUN_006","TPL_015_RUN_007","Burst","Background",FALSE,"Burst -> Background","S0018",10,1,"holdout",28.5414512653557
"TPL_015","TPL_015_TRANS_007",30.5708469401781,"TPL_015_RUN_007","TPL_015_RUN_008","Background","Tonic:stn_like_empirical",FALSE,"Background -> Tonic:stn_like_empirical","S0018",10,1,"holdout",30.5708469401781
"TPL_015","TPL_015_TRANS_008",37.1635766893758,"TPL_015_RUN_008","TPL_015_RUN_009","Tonic:stn_like_empirical","Borderline_Gap",TRUE,"Tonic:stn_like_empirical -> Borderline_Gap","S0018",10,1,"holdout",37.1635766893758
"TPL_015","TPL_015_TRANS_009",37.9260860557521,"TPL_015_RUN_009","TPL_015_RUN_010","Borderline_Gap","Background",FALSE,"Borderline_Gap -> Background","S0018",10,1,"holdout",37.9260860557521
"TPL_015","TPL_015_TRANS_010",38.9062577284305,"TPL_015_RUN_010","TPL_015_RUN_011","Background","Tonic:generic_stress",FALSE,"Background -> Tonic:generic_stress","S0018",10,1,"holdout",38.9062577284305
"TPL_015","TPL_015_TRANS_011",44.2247411249664,"TPL_015_RUN_011","TPL_015_RUN_012","Tonic:generic_stress","Pause:canonical",TRUE,"Tonic:generic_stress -> Pause:canonical","S0018",10,1,"holdout",44.2247411249664
"TPL_015","TPL_015_TRANS_012",47.8248128186438,"TPL_015_RUN_012","TPL_015_RUN_013","Pause:canonical","Background",FALSE,"Pause:canonical -> Background","S0018",10,1,"holdout",47.8248128186438
"TPL_015","TPL_015_TRANS_013",48.4300821175287,"TPL_015_RUN_013","TPL_015_RUN_014","Background","Pause:canonical",FALSE,"Background -> Pause:canonical","S0018",10,1,"holdout",48.4300821175287
"TPL_015","TPL_015_TRANS_014",52.5054767478677,"TPL_015_RUN_014","TPL_015_RUN_015","Pause:canonical","Burst",TRUE,"Pause:canonical -> Burst","S0018",10,1,"holdout",52.5054767478677
"TPL_015","TPL_015_TRANS_015",56.5166468324796,"TPL_015_RUN_015","TPL_015_RUN_016","Burst","Contextual_Separator",TRUE,"Burst -> Contextual_Separator","S0018",10,1,"holdout",56.5166468324796
"TPL_015","TPL_015_TRANS_016",57.0934602437265,"TPL_015_RUN_016","TPL_015_RUN_017","Contextual_Separator","Burst",TRUE,"Contextual_Separator -> Burst","S0018",10,1,"holdout",57.0934602437265
"TPL_016","TPL_016_TRANS_001",4.13776968199169,"TPL_016_RUN_001","TPL_016_RUN_002","Burst","Contextual_Separator",TRUE,"Burst -> Contextual_Separator","S0010",1,0.1,"holdout",0.413776968199169
"TPL_016","TPL_016_TRANS_002",4.74298337980279,"TPL_016_RUN_002","TPL_016_RUN_003","Contextual_Separator","Burst",TRUE,"Contextual_Separator -> Burst","S0010",1,0.1,"holdout",0.474298337980279
"TPL_016","TPL_016_TRANS_003",8.68432395708975,"TPL_016_RUN_003","TPL_016_RUN_004","Burst","Broad_HFS",TRUE,"Burst -> Broad_HFS","S0010",1,0.1,"holdout",0.868432395708975
"TPL_016","TPL_016_TRANS_004",14.9441598111239,"TPL_016_RUN_004","TPL_016_RUN_005","Broad_HFS","Burst",TRUE,"Broad_HFS -> Burst","S0010",1,0.1,"holdout",1.49441598111239
"TPL_016","TPL_016_TRANS_005",21.5268966553794,"TPL_016_RUN_005","TPL_016_RUN_006","Burst","Tonic:generic_stress",TRUE,"Burst -> Tonic:generic_stress","S0010",1,0.1,"holdout",2.15268966553794
"TPL_016","TPL_016_TRANS_006",30.7450438131164,"TPL_016_RUN_006","TPL_016_RUN_007","Tonic:generic_stress","Pause:complex_multi_gap",TRUE,"Tonic:generic_stress -> Pause:complex_multi_gap","S0010",1,0.1,"holdout",3.07450438131164
"TPL_016","TPL_016_TRANS_007",35.2716550384234,"TPL_016_RUN_007","TPL_016_RUN_008","Pause:complex_multi_gap","Borderline_Gap",TRUE,"Pause:complex_multi_gap -> Borderline_Gap","S0010",1,0.1,"holdout",3.52716550384234
"TPL_016","TPL_016_TRANS_008",36.7607405076157,"TPL_016_RUN_008","TPL_016_RUN_009","Borderline_Gap","Background",FALSE,"Borderline_Gap -> Background","S0010",1,0.1,"holdout",3.67607405076157
"TPL_016","TPL_016_TRANS_009",37.3960060481709,"TPL_016_RUN_009","TPL_016_RUN_010","Background","Tonic:stn_like_empirical",FALSE,"Background -> Tonic:stn_like_empirical","S0010",1,0.1,"holdout",3.73960060481709
"TPL_016","TPL_016_TRANS_010",40.8602544174892,"TPL_016_RUN_010","TPL_016_RUN_011","Tonic:stn_like_empirical","Pause:canonical",TRUE,"Tonic:stn_like_empirical -> Pause:canonical","S0010",1,0.1,"holdout",4.08602544174892
"TPL_016","TPL_016_TRANS_011",45.1536870802649,"TPL_016_RUN_011","TPL_016_RUN_012","Pause:canonical","Burst",TRUE,"Pause:canonical -> Burst","S0010",1,0.1,"holdout",4.51536870802649
"TPL_016","TPL_016_TRANS_012",50.0952974708229,"TPL_016_RUN_012","TPL_016_RUN_013","Burst","Pause:canonical",TRUE,"Burst -> Pause:canonical","S0010",1,0.1,"holdout",5.00952974708229
"TPL_016","TPL_016_TRANS_013",54.8138106023371,"TPL_016_RUN_013","TPL_016_RUN_014","Pause:canonical","Burst",TRUE,"Pause:canonical -> Burst","S0010",1,0.1,"holdout",5.48138106023371
"TPL_016","TPL_016_TRANS_001",4.13776968199169,"TPL_016_RUN_001","TPL_016_RUN_002","Burst","Contextual_Separator",TRUE,"Burst -> Contextual_Separator","S0024",4,0.4,"holdout",1.65510787279668
"TPL_016","TPL_016_TRANS_002",4.74298337980279,"TPL_016_RUN_002","TPL_016_RUN_003","Contextual_Separator","Burst",TRUE,"Contextual_Separator -> Burst","S0024",4,0.4,"holdout",1.89719335192112
"TPL_016","TPL_016_TRANS_003",8.68432395708975,"TPL_016_RUN_003","TPL_016_RUN_004","Burst","Broad_HFS",TRUE,"Burst -> Broad_HFS","S0024",4,0.4,"holdout",3.4737295828359
"TPL_016","TPL_016_TRANS_004",14.9441598111239,"TPL_016_RUN_004","TPL_016_RUN_005","Broad_HFS","Burst",TRUE,"Broad_HFS -> Burst","S0024",4,0.4,"holdout",5.97766392444957
"TPL_016","TPL_016_TRANS_005",21.5268966553794,"TPL_016_RUN_005","TPL_016_RUN_006","Burst","Tonic:generic_stress",TRUE,"Burst -> Tonic:generic_stress","S0024",4,0.4,"holdout",8.61075866215177
"TPL_016","TPL_016_TRANS_006",30.7450438131164,"TPL_016_RUN_006","TPL_016_RUN_007","Tonic:generic_stress","Pause:complex_multi_gap",TRUE,"Tonic:generic_stress -> Pause:complex_multi_gap","S0024",4,0.4,"holdout",12.2980175252466
"TPL_016","TPL_016_TRANS_007",35.2716550384234,"TPL_016_RUN_007","TPL_016_RUN_008","Pause:complex_multi_gap","Borderline_Gap",TRUE,"Pause:complex_multi_gap -> Borderline_Gap","S0024",4,0.4,"holdout",14.1086620153693
"TPL_016","TPL_016_TRANS_008",36.7607405076157,"TPL_016_RUN_008","TPL_016_RUN_009","Borderline_Gap","Background",FALSE,"Borderline_Gap -> Background","S0024",4,0.4,"holdout",14.7042962030463
"TPL_016","TPL_016_TRANS_009",37.3960060481709,"TPL_016_RUN_009","TPL_016_RUN_010","Background","Tonic:stn_like_empirical",FALSE,"Background -> Tonic:stn_like_empirical","S0024",4,0.4,"holdout",14.9584024192684
"TPL_016","TPL_016_TRANS_010",40.8602544174892,"TPL_016_RUN_010","TPL_016_RUN_011","Tonic:stn_like_empirical","Pause:canonical",TRUE,"Tonic:stn_like_empirical -> Pause:canonical","S0024",4,0.4,"holdout",16.3441017669957
"TPL_016","TPL_016_TRANS_011",45.1536870802649,"TPL_016_RUN_011","TPL_016_RUN_012","Pause:canonical","Burst",TRUE,"Pause:canonical -> Burst","S0024",4,0.4,"holdout",18.061474832106
"TPL_016","TPL_016_TRANS_012",50.0952974708229,"TPL_016_RUN_012","TPL_016_RUN_013","Burst","Pause:canonical",TRUE,"Burst -> Pause:canonical","S0024",4,0.4,"holdout",20.0381189883292
"TPL_016","TPL_016_TRANS_013",54.8138106023371,"TPL_016_RUN_013","TPL_016_RUN_014","Pause:canonical","Burst",TRUE,"Pause:canonical -> Burst","S0024",4,0.4,"holdout",21.9255242409348
"TPL_016","TPL_016_TRANS_001",4.13776968199169,"TPL_016_RUN_001","TPL_016_RUN_002","Burst","Contextual_Separator",TRUE,"Burst -> Contextual_Separator","S0060",10,1,"holdout",4.13776968199169
"TPL_016","TPL_016_TRANS_002",4.74298337980279,"TPL_016_RUN_002","TPL_016_RUN_003","Contextual_Separator","Burst",TRUE,"Contextual_Separator -> Burst","S0060",10,1,"holdout",4.74298337980279
"TPL_016","TPL_016_TRANS_003",8.68432395708975,"TPL_016_RUN_003","TPL_016_RUN_004","Burst","Broad_HFS",TRUE,"Burst -> Broad_HFS","S0060",10,1,"holdout",8.68432395708975
"TPL_016","TPL_016_TRANS_004",14.9441598111239,"TPL_016_RUN_004","TPL_016_RUN_005","Broad_HFS","Burst",TRUE,"Broad_HFS -> Burst","S0060",10,1,"holdout",14.9441598111239
"TPL_016","TPL_016_TRANS_005",21.5268966553794,"TPL_016_RUN_005","TPL_016_RUN_006","Burst","Tonic:generic_stress",TRUE,"Burst -> Tonic:generic_stress","S0060",10,1,"holdout",21.5268966553794
"TPL_016","TPL_016_TRANS_006",30.7450438131164,"TPL_016_RUN_006","TPL_016_RUN_007","Tonic:generic_stress","Pause:complex_multi_gap",TRUE,"Tonic:generic_stress -> Pause:complex_multi_gap","S0060",10,1,"holdout",30.7450438131164
"TPL_016","TPL_016_TRANS_007",35.2716550384234,"TPL_016_RUN_007","TPL_016_RUN_008","Pause:complex_multi_gap","Borderline_Gap",TRUE,"Pause:complex_multi_gap -> Borderline_Gap","S0060",10,1,"holdout",35.2716550384234
"TPL_016","TPL_016_TRANS_008",36.7607405076157,"TPL_016_RUN_008","TPL_016_RUN_009","Borderline_Gap","Background",FALSE,"Borderline_Gap -> Background","S0060",10,1,"holdout",36.7607405076157
"TPL_016","TPL_016_TRANS_009",37.3960060481709,"TPL_016_RUN_009","TPL_016_RUN_010","Background","Tonic:stn_like_empirical",FALSE,"Background -> Tonic:stn_like_empirical","S0060",10,1,"holdout",37.3960060481709
"TPL_016","TPL_016_TRANS_010",40.8602544174892,"TPL_016_RUN_010","TPL_016_RUN_011","Tonic:stn_like_empirical","Pause:canonical",TRUE,"Tonic:stn_like_empirical -> Pause:canonical","S0060",10,1,"holdout",40.8602544174892
"TPL_016","TPL_016_TRANS_011",45.1536870802649,"TPL_016_RUN_011","TPL_016_RUN_012","Pause:canonical","Burst",TRUE,"Pause:canonical -> Burst","S0060",10,1,"holdout",45.1536870802649
"TPL_016","TPL_016_TRANS_012",50.0952974708229,"TPL_016_RUN_012","TPL_016_RUN_013","Burst","Pause:canonical",TRUE,"Burst -> Pause:canonical","S0060",10,1,"holdout",50.0952974708229
"TPL_016","TPL_016_TRANS_013",54.8138106023371,"TPL_016_RUN_013","TPL_016_RUN_014","Pause:canonical","Burst",TRUE,"Pause:canonical -> Burst","S0060",10,1,"holdout",54.8138106023371
"TPL_017","TPL_017_TRANS_001",5.48528480888004,"TPL_017_RUN_001","TPL_017_RUN_002","Tonic:stn_like_empirical","Background",FALSE,"Tonic:stn_like_empirical -> Background","S0005",1,0.1,"holdout",0.548528480888004
"TPL_017","TPL_017_TRANS_002",6.73581501463287,"TPL_017_RUN_002","TPL_017_RUN_003","Background","Burst",FALSE,"Background -> Burst","S0005",1,0.1,"holdout",0.673581501463287
"TPL_017","TPL_017_TRANS_003",10.2324762561631,"TPL_017_RUN_003","TPL_017_RUN_004","Burst","Contextual_Separator",TRUE,"Burst -> Contextual_Separator","S0005",1,0.1,"holdout",1.02324762561631
"TPL_017","TPL_017_TRANS_004",10.8350976322101,"TPL_017_RUN_004","TPL_017_RUN_005","Contextual_Separator","Burst",TRUE,"Contextual_Separator -> Burst","S0005",1,0.1,"holdout",1.08350976322101
"TPL_017","TPL_017_TRANS_005",14.3730267795944,"TPL_017_RUN_005","TPL_017_RUN_006","Burst","Pause:canonical",TRUE,"Burst -> Pause:canonical","S0005",1,0.1,"holdout",1.43730267795944
"TPL_017","TPL_017_TRANS_006",17.3440834174142,"TPL_017_RUN_006","TPL_017_RUN_007","Pause:canonical","Background",FALSE,"Pause:canonical -> Background","S0005",1,0.1,"holdout",1.73440834174142
"TPL_017","TPL_017_TRANS_007",17.9447367055298,"TPL_017_RUN_007","TPL_017_RUN_008","Background","Borderline_Gap",FALSE,"Background -> Borderline_Gap","S0005",1,0.1,"holdout",1.79447367055298
"TPL_017","TPL_017_TRANS_008",18.8117391787868,"TPL_017_RUN_008","TPL_017_RUN_009","Borderline_Gap","Background",FALSE,"Borderline_Gap -> Background","S0005",1,0.1,"holdout",1.88117391787868
"TPL_017","TPL_017_TRANS_009",19.853672116387,"TPL_017_RUN_009","TPL_017_RUN_010","Background","Burst",FALSE,"Background -> Burst","S0005",1,0.1,"holdout",1.9853672116387
"TPL_017","TPL_017_TRANS_010",25.8194401200363,"TPL_017_RUN_010","TPL_017_RUN_011","Burst","Background",FALSE,"Burst -> Background","S0005",1,0.1,"holdout",2.58194401200363
"TPL_017","TPL_017_TRANS_011",28.0724009115243,"TPL_017_RUN_011","TPL_017_RUN_012","Background","Tonic:generic_stress",FALSE,"Background -> Tonic:generic_stress","S0005",1,0.1,"holdout",2.80724009115243
"TPL_017","TPL_017_TRANS_012",32.3314368174889,"TPL_017_RUN_012","TPL_017_RUN_013","Tonic:generic_stress","Pause:canonical",TRUE,"Tonic:generic_stress -> Pause:canonical","S0005",1,0.1,"holdout",3.23314368174889
"TPL_017","TPL_017_TRANS_013",36.4710415910942,"TPL_017_RUN_013","TPL_017_RUN_014","Pause:canonical","Background",FALSE,"Pause:canonical -> Background","S0005",1,0.1,"holdout",3.64710415910942
"TPL_017","TPL_017_TRANS_014",37.7396943558829,"TPL_017_RUN_014","TPL_017_RUN_015","Background","Burst",FALSE,"Background -> Burst","S0005",1,0.1,"holdout",3.77396943558829
"TPL_017","TPL_017_TRANS_015",44.1789897613672,"TPL_017_RUN_015","TPL_017_RUN_016","Burst","Broad_HFS",TRUE,"Burst -> Broad_HFS","S0005",1,0.1,"holdout",4.41789897613672
"TPL_017","TPL_017_TRANS_016",52.384046633537,"TPL_017_RUN_016","TPL_017_RUN_017","Broad_HFS","Background",FALSE,"Broad_HFS -> Background","S0005",1,0.1,"holdout",5.2384046633537
"TPL_017","TPL_017_TRANS_017",55.4662991980694,"TPL_017_RUN_017","TPL_017_RUN_018","Background","Burst",FALSE,"Background -> Burst","S0005",1,0.1,"holdout",5.54662991980694
"TPL_017","TPL_017_TRANS_001",5.48528480888004,"TPL_017_RUN_001","TPL_017_RUN_002","Tonic:stn_like_empirical","Background",FALSE,"Tonic:stn_like_empirical -> Background","S0042",4,0.4,"holdout",2.19411392355201
"TPL_017","TPL_017_TRANS_002",6.73581501463287,"TPL_017_RUN_002","TPL_017_RUN_003","Background","Burst",FALSE,"Background -> Burst","S0042",4,0.4,"holdout",2.69432600585315
"TPL_017","TPL_017_TRANS_003",10.2324762561631,"TPL_017_RUN_003","TPL_017_RUN_004","Burst","Contextual_Separator",TRUE,"Burst -> Contextual_Separator","S0042",4,0.4,"holdout",4.09299050246523
"TPL_017","TPL_017_TRANS_004",10.8350976322101,"TPL_017_RUN_004","TPL_017_RUN_005","Contextual_Separator","Burst",TRUE,"Contextual_Separator -> Burst","S0042",4,0.4,"holdout",4.33403905288405
"TPL_017","TPL_017_TRANS_005",14.3730267795944,"TPL_017_RUN_005","TPL_017_RUN_006","Burst","Pause:canonical",TRUE,"Burst -> Pause:canonical","S0042",4,0.4,"holdout",5.74921071183775
"TPL_017","TPL_017_TRANS_006",17.3440834174142,"TPL_017_RUN_006","TPL_017_RUN_007","Pause:canonical","Background",FALSE,"Pause:canonical -> Background","S0042",4,0.4,"holdout",6.93763336696569
"TPL_017","TPL_017_TRANS_007",17.9447367055298,"TPL_017_RUN_007","TPL_017_RUN_008","Background","Borderline_Gap",FALSE,"Background -> Borderline_Gap","S0042",4,0.4,"holdout",7.17789468221192
"TPL_017","TPL_017_TRANS_008",18.8117391787868,"TPL_017_RUN_008","TPL_017_RUN_009","Borderline_Gap","Background",FALSE,"Borderline_Gap -> Background","S0042",4,0.4,"holdout",7.52469567151473
"TPL_017","TPL_017_TRANS_009",19.853672116387,"TPL_017_RUN_009","TPL_017_RUN_010","Background","Burst",FALSE,"Background -> Burst","S0042",4,0.4,"holdout",7.94146884655479
"TPL_017","TPL_017_TRANS_010",25.8194401200363,"TPL_017_RUN_010","TPL_017_RUN_011","Burst","Background",FALSE,"Burst -> Background","S0042",4,0.4,"holdout",10.3277760480145
"TPL_017","TPL_017_TRANS_011",28.0724009115243,"TPL_017_RUN_011","TPL_017_RUN_012","Background","Tonic:generic_stress",FALSE,"Background -> Tonic:generic_stress","S0042",4,0.4,"holdout",11.2289603646097
"TPL_017","TPL_017_TRANS_012",32.3314368174889,"TPL_017_RUN_012","TPL_017_RUN_013","Tonic:generic_stress","Pause:canonical",TRUE,"Tonic:generic_stress -> Pause:canonical","S0042",4,0.4,"holdout",12.9325747269956
"TPL_017","TPL_017_TRANS_013",36.4710415910942,"TPL_017_RUN_013","TPL_017_RUN_014","Pause:canonical","Background",FALSE,"Pause:canonical -> Background","S0042",4,0.4,"holdout",14.5884166364377
"TPL_017","TPL_017_TRANS_014",37.7396943558829,"TPL_017_RUN_014","TPL_017_RUN_015","Background","Burst",FALSE,"Background -> Burst","S0042",4,0.4,"holdout",15.0958777423532
"TPL_017","TPL_017_TRANS_015",44.1789897613672,"TPL_017_RUN_015","TPL_017_RUN_016","Burst","Broad_HFS",TRUE,"Burst -> Broad_HFS","S0042",4,0.4,"holdout",17.6715959045469
"TPL_017","TPL_017_TRANS_016",52.384046633537,"TPL_017_RUN_016","TPL_017_RUN_017","Broad_HFS","Background",FALSE,"Broad_HFS -> Background","S0042",4,0.4,"holdout",20.9536186534148
"TPL_017","TPL_017_TRANS_017",55.4662991980694,"TPL_017_RUN_017","TPL_017_RUN_018","Background","Burst",FALSE,"Background -> Burst","S0042",4,0.4,"holdout",22.1865196792278
"TPL_017","TPL_017_TRANS_001",5.48528480888004,"TPL_017_RUN_001","TPL_017_RUN_002","Tonic:stn_like_empirical","Background",FALSE,"Tonic:stn_like_empirical -> Background","S0029",10,1,"holdout",5.48528480888004
"TPL_017","TPL_017_TRANS_002",6.73581501463287,"TPL_017_RUN_002","TPL_017_RUN_003","Background","Burst",FALSE,"Background -> Burst","S0029",10,1,"holdout",6.73581501463287
"TPL_017","TPL_017_TRANS_003",10.2324762561631,"TPL_017_RUN_003","TPL_017_RUN_004","Burst","Contextual_Separator",TRUE,"Burst -> Contextual_Separator","S0029",10,1,"holdout",10.2324762561631
"TPL_017","TPL_017_TRANS_004",10.8350976322101,"TPL_017_RUN_004","TPL_017_RUN_005","Contextual_Separator","Burst",TRUE,"Contextual_Separator -> Burst","S0029",10,1,"holdout",10.8350976322101
"TPL_017","TPL_017_TRANS_005",14.3730267795944,"TPL_017_RUN_005","TPL_017_RUN_006","Burst","Pause:canonical",TRUE,"Burst -> Pause:canonical","S0029",10,1,"holdout",14.3730267795944
"TPL_017","TPL_017_TRANS_006",17.3440834174142,"TPL_017_RUN_006","TPL_017_RUN_007","Pause:canonical","Background",FALSE,"Pause:canonical -> Background","S0029",10,1,"holdout",17.3440834174142
"TPL_017","TPL_017_TRANS_007",17.9447367055298,"TPL_017_RUN_007","TPL_017_RUN_008","Background","Borderline_Gap",FALSE,"Background -> Borderline_Gap","S0029",10,1,"holdout",17.9447367055298
"TPL_017","TPL_017_TRANS_008",18.8117391787868,"TPL_017_RUN_008","TPL_017_RUN_009","Borderline_Gap","Background",FALSE,"Borderline_Gap -> Background","S0029",10,1,"holdout",18.8117391787868
"TPL_017","TPL_017_TRANS_009",19.853672116387,"TPL_017_RUN_009","TPL_017_RUN_010","Background","Burst",FALSE,"Background -> Burst","S0029",10,1,"holdout",19.853672116387
"TPL_017","TPL_017_TRANS_010",25.8194401200363,"TPL_017_RUN_010","TPL_017_RUN_011","Burst","Background",FALSE,"Burst -> Background","S0029",10,1,"holdout",25.8194401200363
"TPL_017","TPL_017_TRANS_011",28.0724009115243,"TPL_017_RUN_011","TPL_017_RUN_012","Background","Tonic:generic_stress",FALSE,"Background -> Tonic:generic_stress","S0029",10,1,"holdout",28.0724009115243
"TPL_017","TPL_017_TRANS_012",32.3314368174889,"TPL_017_RUN_012","TPL_017_RUN_013","Tonic:generic_stress","Pause:canonical",TRUE,"Tonic:generic_stress -> Pause:canonical","S0029",10,1,"holdout",32.3314368174889
"TPL_017","TPL_017_TRANS_013",36.4710415910942,"TPL_017_RUN_013","TPL_017_RUN_014","Pause:canonical","Background",FALSE,"Pause:canonical -> Background","S0029",10,1,"holdout",36.4710415910942
"TPL_017","TPL_017_TRANS_014",37.7396943558829,"TPL_017_RUN_014","TPL_017_RUN_015","Background","Burst",FALSE,"Background -> Burst","S0029",10,1,"holdout",37.7396943558829
"TPL_017","TPL_017_TRANS_015",44.1789897613672,"TPL_017_RUN_015","TPL_017_RUN_016","Burst","Broad_HFS",TRUE,"Burst -> Broad_HFS","S0029",10,1,"holdout",44.1789897613672
"TPL_017","TPL_017_TRANS_016",52.384046633537,"TPL_017_RUN_016","TPL_017_RUN_017","Broad_HFS","Background",FALSE,"Broad_HFS -> Background","S0029",10,1,"holdout",52.384046633537
"TPL_017","TPL_017_TRANS_017",55.4662991980694,"TPL_017_RUN_017","TPL_017_RUN_018","Background","Burst",FALSE,"Background -> Burst","S0029",10,1,"holdout",55.4662991980694
"TPL_018","TPL_018_TRANS_001",4.89085939255675,"TPL_018_RUN_001","TPL_018_RUN_002","Broad_HFS","Burst",TRUE,"Broad_HFS -> Burst","S0023",1,0.1,"holdout",0.489085939255675
"TPL_018","TPL_018_TRANS_002",11.7188525301458,"TPL_018_RUN_002","TPL_018_RUN_003","Burst","Tonic:stn_like_empirical",TRUE,"Burst -> Tonic:stn_like_empirical","S0023",1,0.1,"holdout",1.17188525301458
"TPL_018","TPL_018_TRANS_003",16.0981807600143,"TPL_018_RUN_003","TPL_018_RUN_004","Tonic:stn_like_empirical","Pause:canonical",TRUE,"Tonic:stn_like_empirical -> Pause:canonical","S0023",1,0.1,"holdout",1.60981807600143
"TPL_018","TPL_018_TRANS_004",20.3389012667718,"TPL_018_RUN_004","TPL_018_RUN_005","Pause:canonical","Background",FALSE,"Pause:canonical -> Background","S0023",1,0.1,"holdout",2.03389012667718
"TPL_018","TPL_018_TRANS_005",21.9747644765265,"TPL_018_RUN_005","TPL_018_RUN_006","Background","Burst",FALSE,"Background -> Burst","S0023",1,0.1,"holdout",2.19747644765265
"TPL_018","TPL_018_TRANS_006",25.8899108611366,"TPL_018_RUN_006","TPL_018_RUN_007","Burst","Contextual_Separator",TRUE,"Burst -> Contextual_Separator","S0023",1,0.1,"holdout",2.58899108611366
"TPL_018","TPL_018_TRANS_007",26.5282916520117,"TPL_018_RUN_007","TPL_018_RUN_008","Contextual_Separator","Burst",TRUE,"Contextual_Separator -> Burst","S0023",1,0.1,"holdout",2.65282916520117
"TPL_018","TPL_018_TRANS_008",30.0153354673145,"TPL_018_RUN_008","TPL_018_RUN_009","Burst","Tonic:generic_stress",TRUE,"Burst -> Tonic:generic_stress","S0023",1,0.1,"holdout",3.00153354673145
"TPL_018","TPL_018_TRANS_009",32.9923656335158,"TPL_018_RUN_009","TPL_018_RUN_010","Tonic:generic_stress","Pause:complex_multi_gap",TRUE,"Tonic:generic_stress -> Pause:complex_multi_gap","S0023",1,0.1,"holdout",3.29923656335158
"TPL_018","TPL_018_TRANS_010",39.1281359827203,"TPL_018_RUN_010","TPL_018_RUN_011","Pause:complex_multi_gap","Burst",TRUE,"Pause:complex_multi_gap -> Burst","S0023",1,0.1,"holdout",3.91281359827203
"TPL_018","TPL_018_TRANS_011",49.5680954744484,"TPL_018_RUN_011","TPL_018_RUN_012","Burst","Pause:canonical",TRUE,"Burst -> Pause:canonical","S0023",1,0.1,"holdout",4.95680954744484
"TPL_018","TPL_018_TRANS_012",54.4974425029852,"TPL_018_RUN_012","TPL_018_RUN_013","Pause:canonical","Burst",TRUE,"Pause:canonical -> Burst","S0023",1,0.1,"holdout",5.44974425029852
"TPL_018","TPL_018_TRANS_013",61.5862430156376,"TPL_018_RUN_013","TPL_018_RUN_014","Burst","Background",FALSE,"Burst -> Background","S0023",1,0.1,"holdout",6.15862430156376
"TPL_018","TPL_018_TRANS_014",62.1942315553001,"TPL_018_RUN_014","TPL_018_RUN_015","Background","Borderline_Gap",FALSE,"Background -> Borderline_Gap","S0023",1,0.1,"holdout",6.21942315553001
"TPL_018","TPL_018_TRANS_001",4.89085939255675,"TPL_018_RUN_001","TPL_018_RUN_002","Broad_HFS","Burst",TRUE,"Broad_HFS -> Burst","S0017",4,0.4,"holdout",1.9563437570227
"TPL_018","TPL_018_TRANS_002",11.7188525301458,"TPL_018_RUN_002","TPL_018_RUN_003","Burst","Tonic:stn_like_empirical",TRUE,"Burst -> Tonic:stn_like_empirical","S0017",4,0.4,"holdout",4.68754101205832
"TPL_018","TPL_018_TRANS_003",16.0981807600143,"TPL_018_RUN_003","TPL_018_RUN_004","Tonic:stn_like_empirical","Pause:canonical",TRUE,"Tonic:stn_like_empirical -> Pause:canonical","S0017",4,0.4,"holdout",6.43927230400571
"TPL_018","TPL_018_TRANS_004",20.3389012667718,"TPL_018_RUN_004","TPL_018_RUN_005","Pause:canonical","Background",FALSE,"Pause:canonical -> Background","S0017",4,0.4,"holdout",8.13556050670871
"TPL_018","TPL_018_TRANS_005",21.9747644765265,"TPL_018_RUN_005","TPL_018_RUN_006","Background","Burst",FALSE,"Background -> Burst","S0017",4,0.4,"holdout",8.7899057906106
"TPL_018","TPL_018_TRANS_006",25.8899108611366,"TPL_018_RUN_006","TPL_018_RUN_007","Burst","Contextual_Separator",TRUE,"Burst -> Contextual_Separator","S0017",4,0.4,"holdout",10.3559643444546
"TPL_018","TPL_018_TRANS_007",26.5282916520117,"TPL_018_RUN_007","TPL_018_RUN_008","Contextual_Separator","Burst",TRUE,"Contextual_Separator -> Burst","S0017",4,0.4,"holdout",10.6113166608047
"TPL_018","TPL_018_TRANS_008",30.0153354673145,"TPL_018_RUN_008","TPL_018_RUN_009","Burst","Tonic:generic_stress",TRUE,"Burst -> Tonic:generic_stress","S0017",4,0.4,"holdout",12.0061341869258
"TPL_018","TPL_018_TRANS_009",32.9923656335158,"TPL_018_RUN_009","TPL_018_RUN_010","Tonic:generic_stress","Pause:complex_multi_gap",TRUE,"Tonic:generic_stress -> Pause:complex_multi_gap","S0017",4,0.4,"holdout",13.1969462534063
"TPL_018","TPL_018_TRANS_010",39.1281359827203,"TPL_018_RUN_010","TPL_018_RUN_011","Pause:complex_multi_gap","Burst",TRUE,"Pause:complex_multi_gap -> Burst","S0017",4,0.4,"holdout",15.6512543930881
"TPL_018","TPL_018_TRANS_011",49.5680954744484,"TPL_018_RUN_011","TPL_018_RUN_012","Burst","Pause:canonical",TRUE,"Burst -> Pause:canonical","S0017",4,0.4,"holdout",19.8272381897794
"TPL_018","TPL_018_TRANS_012",54.4974425029852,"TPL_018_RUN_012","TPL_018_RUN_013","Pause:canonical","Burst",TRUE,"Pause:canonical -> Burst","S0017",4,0.4,"holdout",21.7989770011941
"TPL_018","TPL_018_TRANS_013",61.5862430156376,"TPL_018_RUN_013","TPL_018_RUN_014","Burst","Background",FALSE,"Burst -> Background","S0017",4,0.4,"holdout",24.634497206255
"TPL_018","TPL_018_TRANS_014",62.1942315553001,"TPL_018_RUN_014","TPL_018_RUN_015","Background","Borderline_Gap",FALSE,"Background -> Borderline_Gap","S0017",4,0.4,"holdout",24.87769262212
"TPL_018","TPL_018_TRANS_001",4.89085939255675,"TPL_018_RUN_001","TPL_018_RUN_002","Broad_HFS","Burst",TRUE,"Broad_HFS -> Burst","S0032",10,1,"holdout",4.89085939255675
"TPL_018","TPL_018_TRANS_002",11.7188525301458,"TPL_018_RUN_002","TPL_018_RUN_003","Burst","Tonic:stn_like_empirical",TRUE,"Burst -> Tonic:stn_like_empirical","S0032",10,1,"holdout",11.7188525301458
"TPL_018","TPL_018_TRANS_003",16.0981807600143,"TPL_018_RUN_003","TPL_018_RUN_004","Tonic:stn_like_empirical","Pause:canonical",TRUE,"Tonic:stn_like_empirical -> Pause:canonical","S0032",10,1,"holdout",16.0981807600143
"TPL_018","TPL_018_TRANS_004",20.3389012667718,"TPL_018_RUN_004","TPL_018_RUN_005","Pause:canonical","Background",FALSE,"Pause:canonical -> Background","S0032",10,1,"holdout",20.3389012667718
"TPL_018","TPL_018_TRANS_005",21.9747644765265,"TPL_018_RUN_005","TPL_018_RUN_006","Background","Burst",FALSE,"Background -> Burst","S0032",10,1,"holdout",21.9747644765265
"TPL_018","TPL_018_TRANS_006",25.8899108611366,"TPL_018_RUN_006","TPL_018_RUN_007","Burst","Contextual_Separator",TRUE,"Burst -> Contextual_Separator","S0032",10,1,"holdout",25.8899108611366
"TPL_018","TPL_018_TRANS_007",26.5282916520117,"TPL_018_RUN_007","TPL_018_RUN_008","Contextual_Separator","Burst",TRUE,"Contextual_Separator -> Burst","S0032",10,1,"holdout",26.5282916520117
"TPL_018","TPL_018_TRANS_008",30.0153354673145,"TPL_018_RUN_008","TPL_018_RUN_009","Burst","Tonic:generic_stress",TRUE,"Burst -> Tonic:generic_stress","S0032",10,1,"holdout",30.0153354673145
"TPL_018","TPL_018_TRANS_009",32.9923656335158,"TPL_018_RUN_009","TPL_018_RUN_010","Tonic:generic_stress","Pause:complex_multi_gap",TRUE,"Tonic:generic_stress -> Pause:complex_multi_gap","S0032",10,1,"holdout",32.9923656335158
"TPL_018","TPL_018_TRANS_010",39.1281359827203,"TPL_018_RUN_010","TPL_018_RUN_011","Pause:complex_multi_gap","Burst",TRUE,"Pause:complex_multi_gap -> Burst","S0032",10,1,"holdout",39.1281359827203
"TPL_018","TPL_018_TRANS_011",49.5680954744484,"TPL_018_RUN_011","TPL_018_RUN_012","Burst","Pause:canonical",TRUE,"Burst -> Pause:canonical","S0032",10,1,"holdout",49.5680954744484
"TPL_018","TPL_018_TRANS_012",54.4974425029852,"TPL_018_RUN_012","TPL_018_RUN_013","Pause:canonical","Burst",TRUE,"Pause:canonical -> Burst","S0032",10,1,"holdout",54.4974425029852
"TPL_018","TPL_018_TRANS_013",61.5862430156376,"TPL_018_RUN_013","TPL_018_RUN_014","Burst","Background",FALSE,"Burst -> Background","S0032",10,1,"holdout",61.5862430156376
"TPL_018","TPL_018_TRANS_014",62.1942315553001,"TPL_018_RUN_014","TPL_018_RUN_015","Background","Borderline_Gap",FALSE,"Background -> Borderline_Gap","S0032",10,1,"holdout",62.1942315553001
"TPL_019","TPL_019_TRANS_001",6.76201479958493,"TPL_019_RUN_001","TPL_019_RUN_002","Burst","Broad_HFS",TRUE,"Burst -> Broad_HFS","S0047",1,0.1,"holdout",0.676201479958493
"TPL_019","TPL_019_TRANS_002",12.8589508346911,"TPL_019_RUN_002","TPL_019_RUN_003","Broad_HFS","Background",FALSE,"Broad_HFS -> Background","S0047",1,0.1,"holdout",1.28589508346911
"TPL_019","TPL_019_TRANS_003",14.2973448685188,"TPL_019_RUN_003","TPL_019_RUN_004","Background","Borderline_Gap",FALSE,"Background -> Borderline_Gap","S0047",1,0.1,"holdout",1.42973448685188
"TPL_019","TPL_019_TRANS_004",15.6310216041193,"TPL_019_RUN_004","TPL_019_RUN_005","Borderline_Gap","Background",FALSE,"Borderline_Gap -> Background","S0047",1,0.1,"holdout",1.56310216041193
"TPL_019","TPL_019_TRANS_005",16.5422970836188,"TPL_019_RUN_005","TPL_019_RUN_006","Background","Burst",FALSE,"Background -> Burst","S0047",1,0.1,"holdout",1.65422970836188
"TPL_019","TPL_019_TRANS_006",23.5770267639606,"TPL_019_RUN_006","TPL_019_RUN_007","Burst","Background",FALSE,"Burst -> Background","S0047",1,0.1,"holdout",2.35770267639606
"TPL_019","TPL_019_TRANS_007",24.4465027890067,"TPL_019_RUN_007","TPL_019_RUN_008","Background","Tonic:generic_stress",FALSE,"Background -> Tonic:generic_stress","S0047",1,0.1,"holdout",2.44465027890067
"TPL_019","TPL_019_TRANS_008",31.8558236235419,"TPL_019_RUN_008","TPL_019_RUN_009","Tonic:generic_stress","Pause:canonical",TRUE,"Tonic:generic_stress -> Pause:canonical","S0047",1,0.1,"holdout",3.18558236235419
"TPL_019","TPL_019_TRANS_009",36.7033585374376,"TPL_019_RUN_009","TPL_019_RUN_010","Pause:canonical","Background",FALSE,"Pause:canonical -> Background","S0047",1,0.1,"holdout",3.67033585374376
"TPL_019","TPL_019_TRANS_010",37.8748304889375,"TPL_019_RUN_010","TPL_019_RUN_011","Background","Pause:canonical",FALSE,"Background -> Pause:canonical","S0047",1,0.1,"holdout",3.78748304889375
"TPL_019","TPL_019_TRANS_011",41.1646163823386,"TPL_019_RUN_011","TPL_019_RUN_012","Pause:canonical","Tonic:stn_like_empirical",TRUE,"Pause:canonical -> Tonic:stn_like_empirical","S0047",1,0.1,"holdout",4.11646163823386
"TPL_019","TPL_019_TRANS_012",46.3956951664166,"TPL_019_RUN_012","TPL_019_RUN_013","Tonic:stn_like_empirical","Burst",TRUE,"Tonic:stn_like_empirical -> Burst","S0047",1,0.1,"holdout",4.63956951664166
"TPL_019","TPL_019_TRANS_013",52.4510103734865,"TPL_019_RUN_013","TPL_019_RUN_014","Burst","Background",FALSE,"Burst -> Background","S0047",1,0.1,"holdout",5.24510103734865
"TPL_019","TPL_019_TRANS_014",55.9646791419071,"TPL_019_RUN_014","TPL_019_RUN_015","Background","Burst",FALSE,"Background -> Burst","S0047",1,0.1,"holdout",5.59646791419071
"TPL_019","TPL_019_TRANS_015",60.1390975156574,"TPL_019_RUN_015","TPL_019_RUN_016","Burst","Contextual_Separator",TRUE,"Burst -> Contextual_Separator","S0047",1,0.1,"holdout",6.01390975156574
"TPL_019","TPL_019_TRANS_016",60.6493116103819,"TPL_019_RUN_016","TPL_019_RUN_017","Contextual_Separator","Burst",TRUE,"Contextual_Separator -> Burst","S0047",1,0.1,"holdout",6.06493116103819
"TPL_019","TPL_019_TRANS_001",6.76201479958493,"TPL_019_RUN_001","TPL_019_RUN_002","Burst","Broad_HFS",TRUE,"Burst -> Broad_HFS","S0037",4,0.4,"holdout",2.70480591983397
"TPL_019","TPL_019_TRANS_002",12.8589508346911,"TPL_019_RUN_002","TPL_019_RUN_003","Broad_HFS","Background",FALSE,"Broad_HFS -> Background","S0037",4,0.4,"holdout",5.14358033387643
"TPL_019","TPL_019_TRANS_003",14.2973448685188,"TPL_019_RUN_003","TPL_019_RUN_004","Background","Borderline_Gap",FALSE,"Background -> Borderline_Gap","S0037",4,0.4,"holdout",5.71893794740752
"TPL_019","TPL_019_TRANS_004",15.6310216041193,"TPL_019_RUN_004","TPL_019_RUN_005","Borderline_Gap","Background",FALSE,"Borderline_Gap -> Background","S0037",4,0.4,"holdout",6.2524086416477
"TPL_019","TPL_019_TRANS_005",16.5422970836188,"TPL_019_RUN_005","TPL_019_RUN_006","Background","Burst",FALSE,"Background -> Burst","S0037",4,0.4,"holdout",6.61691883344751
"TPL_019","TPL_019_TRANS_006",23.5770267639606,"TPL_019_RUN_006","TPL_019_RUN_007","Burst","Background",FALSE,"Burst -> Background","S0037",4,0.4,"holdout",9.43081070558422
"TPL_019","TPL_019_TRANS_007",24.4465027890067,"TPL_019_RUN_007","TPL_019_RUN_008","Background","Tonic:generic_stress",FALSE,"Background -> Tonic:generic_stress","S0037",4,0.4,"holdout",9.7786011156027
"TPL_019","TPL_019_TRANS_008",31.8558236235419,"TPL_019_RUN_008","TPL_019_RUN_009","Tonic:generic_stress","Pause:canonical",TRUE,"Tonic:generic_stress -> Pause:canonical","S0037",4,0.4,"holdout",12.7423294494168
"TPL_019","TPL_019_TRANS_009",36.7033585374376,"TPL_019_RUN_009","TPL_019_RUN_010","Pause:canonical","Background",FALSE,"Pause:canonical -> Background","S0037",4,0.4,"holdout",14.681343414975
"TPL_019","TPL_019_TRANS_010",37.8748304889375,"TPL_019_RUN_010","TPL_019_RUN_011","Background","Pause:canonical",FALSE,"Background -> Pause:canonical","S0037",4,0.4,"holdout",15.149932195575
"TPL_019","TPL_019_TRANS_011",41.1646163823386,"TPL_019_RUN_011","TPL_019_RUN_012","Pause:canonical","Tonic:stn_like_empirical",TRUE,"Pause:canonical -> Tonic:stn_like_empirical","S0037",4,0.4,"holdout",16.4658465529355
"TPL_019","TPL_019_TRANS_012",46.3956951664166,"TPL_019_RUN_012","TPL_019_RUN_013","Tonic:stn_like_empirical","Burst",TRUE,"Tonic:stn_like_empirical -> Burst","S0037",4,0.4,"holdout",18.5582780665666
"TPL_019","TPL_019_TRANS_013",52.4510103734865,"TPL_019_RUN_013","TPL_019_RUN_014","Burst","Background",FALSE,"Burst -> Background","S0037",4,0.4,"holdout",20.9804041493946
"TPL_019","TPL_019_TRANS_014",55.9646791419071,"TPL_019_RUN_014","TPL_019_RUN_015","Background","Burst",FALSE,"Background -> Burst","S0037",4,0.4,"holdout",22.3858716567629
"TPL_019","TPL_019_TRANS_015",60.1390975156574,"TPL_019_RUN_015","TPL_019_RUN_016","Burst","Contextual_Separator",TRUE,"Burst -> Contextual_Separator","S0037",4,0.4,"holdout",24.0556390062629
"TPL_019","TPL_019_TRANS_016",60.6493116103819,"TPL_019_RUN_016","TPL_019_RUN_017","Contextual_Separator","Burst",TRUE,"Contextual_Separator -> Burst","S0037",4,0.4,"holdout",24.2597246441527
"TPL_019","TPL_019_TRANS_001",6.76201479958493,"TPL_019_RUN_001","TPL_019_RUN_002","Burst","Broad_HFS",TRUE,"Burst -> Broad_HFS","S0025",10,1,"holdout",6.76201479958493
"TPL_019","TPL_019_TRANS_002",12.8589508346911,"TPL_019_RUN_002","TPL_019_RUN_003","Broad_HFS","Background",FALSE,"Broad_HFS -> Background","S0025",10,1,"holdout",12.8589508346911
"TPL_019","TPL_019_TRANS_003",14.2973448685188,"TPL_019_RUN_003","TPL_019_RUN_004","Background","Borderline_Gap",FALSE,"Background -> Borderline_Gap","S0025",10,1,"holdout",14.2973448685188
"TPL_019","TPL_019_TRANS_004",15.6310216041193,"TPL_019_RUN_004","TPL_019_RUN_005","Borderline_Gap","Background",FALSE,"Borderline_Gap -> Background","S0025",10,1,"holdout",15.6310216041193
"TPL_019","TPL_019_TRANS_005",16.5422970836188,"TPL_019_RUN_005","TPL_019_RUN_006","Background","Burst",FALSE,"Background -> Burst","S0025",10,1,"holdout",16.5422970836188
"TPL_019","TPL_019_TRANS_006",23.5770267639606,"TPL_019_RUN_006","TPL_019_RUN_007","Burst","Background",FALSE,"Burst -> Background","S0025",10,1,"holdout",23.5770267639606
"TPL_019","TPL_019_TRANS_007",24.4465027890067,"TPL_019_RUN_007","TPL_019_RUN_008","Background","Tonic:generic_stress",FALSE,"Background -> Tonic:generic_stress","S0025",10,1,"holdout",24.4465027890067
"TPL_019","TPL_019_TRANS_008",31.8558236235419,"TPL_019_RUN_008","TPL_019_RUN_009","Tonic:generic_stress","Pause:canonical",TRUE,"Tonic:generic_stress -> Pause:canonical","S0025",10,1,"holdout",31.8558236235419
"TPL_019","TPL_019_TRANS_009",36.7033585374376,"TPL_019_RUN_009","TPL_019_RUN_010","Pause:canonical","Background",FALSE,"Pause:canonical -> Background","S0025",10,1,"holdout",36.7033585374376
"TPL_019","TPL_019_TRANS_010",37.8748304889375,"TPL_019_RUN_010","TPL_019_RUN_011","Background","Pause:canonical",FALSE,"Background -> Pause:canonical","S0025",10,1,"holdout",37.8748304889375
"TPL_019","TPL_019_TRANS_011",41.1646163823386,"TPL_019_RUN_011","TPL_019_RUN_012","Pause:canonical","Tonic:stn_like_empirical",TRUE,"Pause:canonical -> Tonic:stn_like_empirical","S0025",10,1,"holdout",41.1646163823386
"TPL_019","TPL_019_TRANS_012",46.3956951664166,"TPL_019_RUN_012","TPL_019_RUN_013","Tonic:stn_like_empirical","Burst",TRUE,"Tonic:stn_like_empirical -> Burst","S0025",10,1,"holdout",46.3956951664166
"TPL_019","TPL_019_TRANS_013",52.4510103734865,"TPL_019_RUN_013","TPL_019_RUN_014","Burst","Background",FALSE,"Burst -> Background","S0025",10,1,"holdout",52.4510103734865
"TPL_019","TPL_019_TRANS_014",55.9646791419071,"TPL_019_RUN_014","TPL_019_RUN_015","Background","Burst",FALSE,"Background -> Burst","S0025",10,1,"holdout",55.9646791419071
"TPL_019","TPL_019_TRANS_015",60.1390975156574,"TPL_019_RUN_015","TPL_019_RUN_016","Burst","Contextual_Separator",TRUE,"Burst -> Contextual_Separator","S0025",10,1,"holdout",60.1390975156574
"TPL_019","TPL_019_TRANS_016",60.6493116103819,"TPL_019_RUN_016","TPL_019_RUN_017","Contextual_Separator","Burst",TRUE,"Contextual_Separator -> Burst","S0025",10,1,"holdout",60.6493116103819
"TPL_020","TPL_020_TRANS_001",3.21530855648007,"TPL_020_RUN_001","TPL_020_RUN_002","Burst","Contextual_Separator",TRUE,"Burst -> Contextual_Separator","S0021",1,0.1,"holdout",0.321530855648007
"TPL_020","TPL_020_TRANS_002",3.76008569468532,"TPL_020_RUN_002","TPL_020_RUN_003","Contextual_Separator","Burst",TRUE,"Contextual_Separator -> Burst","S0021",1,0.1,"holdout",0.376008569468532
"TPL_020","TPL_020_TRANS_003",6.63292024382968,"TPL_020_RUN_003","TPL_020_RUN_004","Burst","Background",FALSE,"Burst -> Background","S0021",1,0.1,"holdout",0.663292024382968
"TPL_020","TPL_020_TRANS_004",8.60748561456471,"TPL_020_RUN_004","TPL_020_RUN_005","Background","Borderline_Gap",FALSE,"Background -> Borderline_Gap","S0021",1,0.1,"holdout",0.860748561456471
"TPL_020","TPL_020_TRANS_005",10.0525115446271,"TPL_020_RUN_005","TPL_020_RUN_006","Borderline_Gap","Background",FALSE,"Borderline_Gap -> Background","S0021",1,0.1,"holdout",1.00525115446271
"TPL_020","TPL_020_TRANS_006",10.3750415356125,"TPL_020_RUN_006","TPL_020_RUN_007","Background","Tonic:generic_stress",FALSE,"Background -> Tonic:generic_stress","S0021",1,0.1,"holdout",1.03750415356125
"TPL_020","TPL_020_TRANS_007",17.6781668718787,"TPL_020_RUN_007","TPL_020_RUN_008","Tonic:generic_stress","Pause:complex_multi_gap",TRUE,"Tonic:generic_stress -> Pause:complex_multi_gap","S0021",1,0.1,"holdout",1.76781668718787
"TPL_020","TPL_020_TRANS_008",24.1631665788474,"TPL_020_RUN_008","TPL_020_RUN_009","Pause:complex_multi_gap","Broad_HFS",TRUE,"Pause:complex_multi_gap -> Broad_HFS","S0021",1,0.1,"holdout",2.41631665788474
"TPL_020","TPL_020_TRANS_009",30.8250900338616,"TPL_020_RUN_009","TPL_020_RUN_010","Broad_HFS","Burst",TRUE,"Broad_HFS -> Burst","S0021",1,0.1,"holdout",3.08250900338616
"TPL_020","TPL_020_TRANS_010",36.0377164160035,"TPL_020_RUN_010","TPL_020_RUN_011","Burst","Background",FALSE,"Burst -> Background","S0021",1,0.1,"holdout",3.60377164160035
"TPL_020","TPL_020_TRANS_011",38.3807551797377,"TPL_020_RUN_011","TPL_020_RUN_012","Background","Tonic:stn_like_empirical",FALSE,"Background -> Tonic:stn_like_empirical","S0021",1,0.1,"holdout",3.83807551797377
"TPL_020","TPL_020_TRANS_012",41.8991411378475,"TPL_020_RUN_012","TPL_020_RUN_013","Tonic:stn_like_empirical","Pause:canonical",TRUE,"Tonic:stn_like_empirical -> Pause:canonical","S0021",1,0.1,"holdout",4.18991411378475
"TPL_020","TPL_020_TRANS_013",46.831869448196,"TPL_020_RUN_013","TPL_020_RUN_014","Pause:canonical","Background",FALSE,"Pause:canonical -> Background","S0021",1,0.1,"holdout",4.6831869448196
"TPL_020","TPL_020_TRANS_014",47.5332016204769,"TPL_020_RUN_014","TPL_020_RUN_015","Background","Burst",FALSE,"Background -> Burst","S0021",1,0.1,"holdout",4.75332016204769
"TPL_020","TPL_020_TRANS_015",52.6489302934466,"TPL_020_RUN_015","TPL_020_RUN_016","Burst","Pause:canonical",TRUE,"Burst -> Pause:canonical","S0021",1,0.1,"holdout",5.26489302934466
"TPL_020","TPL_020_TRANS_016",56.3204236311225,"TPL_020_RUN_016","TPL_020_RUN_017","Pause:canonical","Burst",TRUE,"Pause:canonical -> Burst","S0021",1,0.1,"holdout",5.63204236311225
"TPL_020","TPL_020_TRANS_001",3.21530855648007,"TPL_020_RUN_001","TPL_020_RUN_002","Burst","Contextual_Separator",TRUE,"Burst -> Contextual_Separator","S0020",4,0.4,"holdout",1.28612342259203
"TPL_020","TPL_020_TRANS_002",3.76008569468532,"TPL_020_RUN_002","TPL_020_RUN_003","Contextual_Separator","Burst",TRUE,"Contextual_Separator -> Burst","S0020",4,0.4,"holdout",1.50403427787413
"TPL_020","TPL_020_TRANS_003",6.63292024382968,"TPL_020_RUN_003","TPL_020_RUN_004","Burst","Background",FALSE,"Burst -> Background","S0020",4,0.4,"holdout",2.65316809753187
"TPL_020","TPL_020_TRANS_004",8.60748561456471,"TPL_020_RUN_004","TPL_020_RUN_005","Background","Borderline_Gap",FALSE,"Background -> Borderline_Gap","S0020",4,0.4,"holdout",3.44299424582588
"TPL_020","TPL_020_TRANS_005",10.0525115446271,"TPL_020_RUN_005","TPL_020_RUN_006","Borderline_Gap","Background",FALSE,"Borderline_Gap -> Background","S0020",4,0.4,"holdout",4.02100461785084
"TPL_020","TPL_020_TRANS_006",10.3750415356125,"TPL_020_RUN_006","TPL_020_RUN_007","Background","Tonic:generic_stress",FALSE,"Background -> Tonic:generic_stress","S0020",4,0.4,"holdout",4.15001661424501
"TPL_020","TPL_020_TRANS_007",17.6781668718787,"TPL_020_RUN_007","TPL_020_RUN_008","Tonic:generic_stress","Pause:complex_multi_gap",TRUE,"Tonic:generic_stress -> Pause:complex_multi_gap","S0020",4,0.4,"holdout",7.07126674875149
"TPL_020","TPL_020_TRANS_008",24.1631665788474,"TPL_020_RUN_008","TPL_020_RUN_009","Pause:complex_multi_gap","Broad_HFS",TRUE,"Pause:complex_multi_gap -> Broad_HFS","S0020",4,0.4,"holdout",9.66526663153896
"TPL_020","TPL_020_TRANS_009",30.8250900338616,"TPL_020_RUN_009","TPL_020_RUN_010","Broad_HFS","Burst",TRUE,"Broad_HFS -> Burst","S0020",4,0.4,"holdout",12.3300360135447
"TPL_020","TPL_020_TRANS_010",36.0377164160035,"TPL_020_RUN_010","TPL_020_RUN_011","Burst","Background",FALSE,"Burst -> Background","S0020",4,0.4,"holdout",14.4150865664014
"TPL_020","TPL_020_TRANS_011",38.3807551797377,"TPL_020_RUN_011","TPL_020_RUN_012","Background","Tonic:stn_like_empirical",FALSE,"Background -> Tonic:stn_like_empirical","S0020",4,0.4,"holdout",15.3523020718951
"TPL_020","TPL_020_TRANS_012",41.8991411378475,"TPL_020_RUN_012","TPL_020_RUN_013","Tonic:stn_like_empirical","Pause:canonical",TRUE,"Tonic:stn_like_empirical -> Pause:canonical","S0020",4,0.4,"holdout",16.759656455139
"TPL_020","TPL_020_TRANS_013",46.831869448196,"TPL_020_RUN_013","TPL_020_RUN_014","Pause:canonical","Background",FALSE,"Pause:canonical -> Background","S0020",4,0.4,"holdout",18.7327477792784
"TPL_020","TPL_020_TRANS_014",47.5332016204769,"TPL_020_RUN_014","TPL_020_RUN_015","Background","Burst",FALSE,"Background -> Burst","S0020",4,0.4,"holdout",19.0132806481908
"TPL_020","TPL_020_TRANS_015",52.6489302934466,"TPL_020_RUN_015","TPL_020_RUN_016","Burst","Pause:canonical",TRUE,"Burst -> Pause:canonical","S0020",4,0.4,"holdout",21.0595721173786
"TPL_020","TPL_020_TRANS_016",56.3204236311225,"TPL_020_RUN_016","TPL_020_RUN_017","Pause:canonical","Burst",TRUE,"Pause:canonical -> Burst","S0020",4,0.4,"holdout",22.528169452449
"TPL_020","TPL_020_TRANS_001",3.21530855648007,"TPL_020_RUN_001","TPL_020_RUN_002","Burst","Contextual_Separator",TRUE,"Burst -> Contextual_Separator","S0003",10,1,"holdout",3.21530855648007
"TPL_020","TPL_020_TRANS_002",3.76008569468532,"TPL_020_RUN_002","TPL_020_RUN_003","Contextual_Separator","Burst",TRUE,"Contextual_Separator -> Burst","S0003",10,1,"holdout",3.76008569468532
"TPL_020","TPL_020_TRANS_003",6.63292024382968,"TPL_020_RUN_003","TPL_020_RUN_004","Burst","Background",FALSE,"Burst -> Background","S0003",10,1,"holdout",6.63292024382968
"TPL_020","TPL_020_TRANS_004",8.60748561456471,"TPL_020_RUN_004","TPL_020_RUN_005","Background","Borderline_Gap",FALSE,"Background -> Borderline_Gap","S0003",10,1,"holdout",8.60748561456471
"TPL_020","TPL_020_TRANS_005",10.0525115446271,"TPL_020_RUN_005","TPL_020_RUN_006","Borderline_Gap","Background",FALSE,"Borderline_Gap -> Background","S0003",10,1,"holdout",10.0525115446271
"TPL_020","TPL_020_TRANS_006",10.3750415356125,"TPL_020_RUN_006","TPL_020_RUN_007","Background","Tonic:generic_stress",FALSE,"Background -> Tonic:generic_stress","S0003",10,1,"holdout",10.3750415356125
"TPL_020","TPL_020_TRANS_007",17.6781668718787,"TPL_020_RUN_007","TPL_020_RUN_008","Tonic:generic_stress","Pause:complex_multi_gap",TRUE,"Tonic:generic_stress -> Pause:complex_multi_gap","S0003",10,1,"holdout",17.6781668718787
"TPL_020","TPL_020_TRANS_008",24.1631665788474,"TPL_020_RUN_008","TPL_020_RUN_009","Pause:complex_multi_gap","Broad_HFS",TRUE,"Pause:complex_multi_gap -> Broad_HFS","S0003",10,1,"holdout",24.1631665788474
"TPL_020","TPL_020_TRANS_009",30.8250900338616,"TPL_020_RUN_009","TPL_020_RUN_010","Broad_HFS","Burst",TRUE,"Broad_HFS -> Burst","S0003",10,1,"holdout",30.8250900338616
"TPL_020","TPL_020_TRANS_010",36.0377164160035,"TPL_020_RUN_010","TPL_020_RUN_011","Burst","Background",FALSE,"Burst -> Background","S0003",10,1,"holdout",36.0377164160035
"TPL_020","TPL_020_TRANS_011",38.3807551797377,"TPL_020_RUN_011","TPL_020_RUN_012","Background","Tonic:stn_like_empirical",FALSE,"Background -> Tonic:stn_like_empirical","S0003",10,1,"holdout",38.3807551797377
"TPL_020","TPL_020_TRANS_012",41.8991411378475,"TPL_020_RUN_012","TPL_020_RUN_013","Tonic:stn_like_empirical","Pause:canonical",TRUE,"Tonic:stn_like_empirical -> Pause:canonical","S0003",10,1,"holdout",41.8991411378475
"TPL_020","TPL_020_TRANS_013",46.831869448196,"TPL_020_RUN_013","TPL_020_RUN_014","Pause:canonical","Background",FALSE,"Pause:canonical -> Background","S0003",10,1,"holdout",46.831869448196
"TPL_020","TPL_020_TRANS_014",47.5332016204769,"TPL_020_RUN_014","TPL_020_RUN_015","Background","Burst",FALSE,"Background -> Burst","S0003",10,1,"holdout",47.5332016204769
"TPL_020","TPL_020_TRANS_015",52.6489302934466,"TPL_020_RUN_015","TPL_020_RUN_016","Burst","Pause:canonical",TRUE,"Burst -> Pause:canonical","S0003",10,1,"holdout",52.6489302934466
"TPL_020","TPL_020_TRANS_016",56.3204236311225,"TPL_020_RUN_016","TPL_020_RUN_017","Pause:canonical","Burst",TRUE,"Pause:canonical -> Burst","S0003",10,1,"holdout",56.3204236311225
