"Sample_ID","Spike_Index","Time_s"
"S0001",1,0
"S0001",2,0.1814307723121
"S0001",3,0.34333250552412
"S0001",4,0.551752423221088
"S0001",5,0.719673334049461
"S0001",6,0.900834125807021
"S0001",7,1.07480627368948
"S0001",8,1.25430601783313
"S0001",9,1.43893395522452
"S0001",10,1.60672413878713
"S0001",11,1.78693336496951
"S0001",12,1.97804912987059
"S0001",13,2.18287752225249
"S0001",14,2.34585828279286
"S0001",15,4.28173137740373
"S0001",16,4.51273353415627
"S0001",17,4.72116031968801
"S0001",18,4.85900167004209
"S0001",19,5.44294755999562
"S0001",20,5.63745399001588
"S0001",21,5.74244737803982
"S0001",22,5.90014201300757
"S0001",23,6.09254340056139
"S0001",24,6.19691449296618
"S0001",25,6.35575891668007
"S0001",26,6.51222160377999
"S0001",27,6.6099056338106
"S0001",28,6.69466481063176
"S0001",29,6.7337082579061
"S0001",30,6.76726088322811
"S0001",31,6.84437458976329
"S0001",32,6.89539815163613
"S0001",33,6.94640370747525
"S0001",34,7.14081796233061
"S0001",35,7.20664339255229
"S0001",36,7.27056895546749
"S0001",37,7.31632365997403
"S0001",38,7.34695401851011
"S0001",39,7.38137752601352
"S0001",40,7.401981763023
"S0001",41,7.44773527436474
"S0001",42,7.58348493730206
"S0001",43,8.01515417258283
"S0001",44,8.15984332436548
"S0001",45,8.39712953316334
"S0001",46,8.6921848689778
"S0001",47,8.89394610024694
"S0001",48,8.96173324542957
"S0001",49,9.12806011210491
"S0001",50,9.24835466518875
"S0001",51,9.3220464316259
"S0001",52,9.65588750806851
"S0001",53,9.76422030344388
"S0001",54,9.96324772588495
"S0001",55,10.0840405538209
"S0001",56,10.1831889648075
"S0001",57,10.2023568955611
"S0001",58,10.229500732946
"S0001",59,10.2635689937111
"S0001",60,10.29954349363
"S0001",61,10.3176113111953
"S0001",62,10.3611558136009
"S0001",63,10.392837475673
"S0001",64,10.5412965183753
"S0001",65,10.6186413094216
"S0001",66,10.7777346213833
"S0001",67,10.8337929796102
"S0001",68,10.9598451100039
"S0001",69,11.2716314622674
"S0001",70,11.5309444065482
"S0001",71,11.6413488115273
"S0001",72,11.8723448370727
"S0001",73,11.9826178664294
"S0001",74,12.1357011527931
"S0001",75,12.2597224251647
"S0001",76,12.4228712218509
"S0001",77,12.601877713229
"S0001",78,12.6838041558144
"S0001",79,12.7562262350584
"S0001",80,14.6664928979689
"S0001",81,14.6996023896651
"S0001",82,14.8522968020088
"S0001",83,14.8603914013416
"S0001",84,14.923392953186
"S0001",85,15.0753177044176
"S0001",86,15.2124507514344
"S0001",87,15.2376618311337
"S0001",88,15.3367195368811
"S0001",89,15.4937643795953
"S0001",90,15.5586098357588
"S0001",91,15.6538107468019
"S0001",92,15.7135773877422
"S0001",93,15.9003786178977
"S0001",94,16.0054854989401
"S0001",95,16.0208685838709
"S0001",96,16.0297192392649
"S0001",97,16.0460237258403
"S0001",98,16.0762255012173
"S0001",99,16.106780680002
"S0001",100,16.1598327184488
"S0001",101,16.1859330005832
"S0001",102,16.2718665929919
"S0001",103,16.2962250464624
"S0001",104,16.5692301648609
"S0001",105,16.5817213972794
"S0001",106,16.5912820448243
"S0001",107,16.6331872625681
"S0001",108,16.6556132472124
"S0001",109,16.8105452959754
"S0001",110,16.843161425089
"S0001",111,16.8674536784217
"S0001",112,16.8919613302149
"S0001",113,17.0476246308813
"S0001",114,17.3230120841046
"S0001",115,17.6039801272183
"S0001",116,17.8630194070536
"S0001",117,18.0959625221647
"S0001",118,18.2306700838433
"S0001",119,18.4193165861618
"S0001",120,18.5784797125605
"S0001",121,18.7380280423327
"S0001",122,19.0078186987422
"S0001",123,19.2496340856909
"S0001",124,19.4604017398793
"S0001",125,19.6489447909671
"S0001",126,19.8114230147477
"S0001",127,20.0436484768464
"S0001",128,21.2284692988767
"S0001",129,22.024829932399
"S0001",130,22.2007628487102
"S0001",131,22.3307691023766
"S0001",132,22.408982805648
"S0001",133,22.4917744343595
"S0001",134,22.6452601975404
"S0001",135,22.767900549526
"S0001",136,22.8690749862872
"S0001",137,22.9492550975336
"S0001",138,23.0355958704141
"S0001",139,23.1954159090517
"S0001",140,23.3325771744018
"S0001",141,23.4994435713537
"S0001",142,23.6400599094885
"S0001",143,23.8510212926726
"S0001",144,23.9593032060108
"S0001",145,24.0753227645041
"S0001",146,24.154734631019
"S0001",147,24.3386965718289
"S0001",148,24.4726352462554
"S0001",149,24.6626814245473
"S0001",150,24.7993374291588
"S0001",151,24.9085197994887
"S0001",152,25.0017031489615
"S0001",153,25.1661511631463
"S0001",154,25.3207707705262
"S0001",155,25.4774628825749
"S0001",156,25.6815567973848
"S0001",157,25.8066185469047
"S0001",158,25.9091551329755
"S0001",159,26.0133101086981
"S0001",160,26.1588017734268
"S0001",161,26.3412146008533
"S0001",162,26.6990957412575
"S0001",163,26.8714134578786
"S0001",164,26.9497675955969
"S0001",165,27.0462661228531
"S0001",166,27.0753386394916
"S0001",167,27.1110737319432
"S0001",168,27.1534514048469
"S0001",169,27.4100546232271
"S0001",170,27.5992493852079
"S0001",171,28.1920690985311
"S0002",1,0
"S0002",2,0.660165743727199
"S0002",3,1.24636395663716
"S0002",4,1.59952214279554
"S0002",5,2.06989693703952
"S0002",6,2.6470470534537
"S0002",7,3.28616221285187
"S0002",8,3.76460853762115
"S0002",9,4.32571030436884
"S0002",10,4.85342269640023
"S0002",11,5.41625317104507
"S0002",12,6.18109929677984
"S0002",13,6.76445303320201
"S0002",14,7.39741868813936
"S0002",15,11.5158661080938
"S0002",16,12.2538532584275
"S0002",17,12.8478605015044
"S0002",18,14.6194912156142
"S0002",19,15.1577902805039
"S0002",20,15.2896695490103
"S0002",21,15.41708290524
"S0002",22,15.6319926082639
"S0002",23,16.1052845931668
"S0002",24,16.1480256505763
"S0002",25,16.2374081865486
"S0002",26,16.3049428103798
"S0002",27,16.4318923612578
"S0002",28,16.5089214221917
"S0002",29,16.6833916063875
"S0002",30,16.8346388845879
"S0002",31,16.9172596760954
"S0002",32,17.3484455235976
"S0002",33,17.6583438646287
"S0002",34,18.3116899346302
"S0002",35,19.3949659097538
"S0002",36,20.4929500093717
"S0002",37,21.397903993115
"S0002",38,22.5105134133315
"S0002",39,23.2241154103819
"S0002",40,24.0059893523336
"S0002",41,25.3133727683395
"S0002",42,26.1265155110442
"S0002",43,27.2692361838657
"S0002",44,28.0632616614862
"S0002",45,28.7909221215283
"S0002",46,29.6550145870279
"S0002",47,30.821456093794
"S0002",48,32.6809693408071
"S0002",49,35.2487223752647
"S0002",50,38.3288854093163
"S0002",51,38.4549293903812
"S0002",52,38.7687199846654
"S0002",53,39.1866107798259
"S0002",54,39.5809592844902
"S0002",55,39.797629846835
"S0002",56,39.9360572023922
"S0002",57,40.164994584858
"S0002",58,40.4159447529066
"S0002",59,40.6358061381333
"S0002",60,40.8486959425861
"S0002",61,41.0125990064336
"S0002",62,41.4178936743665
"S0002",63,41.5986893545797
"S0002",64,41.8828285342162
"S0002",65,42.2245485888952
"S0002",66,42.3913179399482
"S0002",67,42.6964576730172
"S0002",68,42.8881801895928
"S0002",69,43.3207862630778
"S0002",70,43.5400241815352
"S0002",71,43.7827786547748
"S0002",72,44.0490421515763
"S0002",73,44.2321321507759
"S0002",74,44.5136606476169
"S0002",75,44.7961765155898
"S0002",76,45.1368736854389
"S0002",77,45.595761539006
"S0002",78,45.8818506070944
"S0002",79,46.2443695514856
"S0002",80,46.4610020988699
"S0002",81,46.7882286853512
"S0002",82,47.359682024517
"S0002",83,47.6942539776233
"S0002",84,48.8893613815238
"S0002",85,48.9854770137106
"S0002",86,49.1107066679481
"S0002",87,49.1730614069325
"S0002",88,49.3456624612484
"S0002",89,49.448056777399
"S0002",90,49.7299758796389
"S0002",91,50.6680592748247
"S0002",92,51.0068502091044
"S0002",93,51.7865771427747
"S0002",94,52.0554981408734
"S0002",95,52.930516302865
"S0002",96,53.4802388142137
"S0002",97,54.1666101861306
"S0002",98,54.2683847263987
"S0002",99,54.7831394016962
"S0002",100,55.234282937985
"S0002",101,55.5541011286102
"S0002",102,56.0700706666559
"S0002",103,56.2487120403753
"S0002",104,56.4737179269308
"S0002",105,56.6739133657238
"S0002",106,56.7115128255638
"S0002",107,56.7765534705301
"S0002",108,56.8469202616525
"S0002",109,56.9641728675391
"S0002",110,57.0611577262951
"S0002",111,57.1624862130772
"S0002",112,57.3621930182458
"S0002",113,57.4495206574577
"S0002",114,58.1725949507261
"S0002",115,58.26126361716
"S0002",116,58.4560623740827
"S0002",117,58.6713921241762
"S0002",118,59.1180608070432
"S0002",119,59.7533135966767
"S0002",120,60.3379406634493
"S0002",121,60.8159305410802
"S0002",122,61.5938242337153
"S0002",123,61.7674586506595
"S0002",124,62.2596031901089
"S0002",125,62.5549963076104
"S0002",126,66.7811515734968
"S0002",127,67.3281942056505
"S0002",128,67.412945540656
"S0002",129,67.5865774664977
"S0002",130,67.7795007786894
"S0002",131,67.8319823183057
"S0002",132,67.9568740443151
"S0002",133,68.3947726823672
"S0002",134,68.6921169680186
"S0002",135,68.9602038522253
"S0002",136,69.5721990311662
"S0002",137,69.6570491907491
"S0002",138,69.7960475222943
"S0002",139,69.8659749674992
"S0002",140,70.0998592131326
"S0002",141,70.2147131976186
"S0002",142,70.2610608444757
"S0002",143,70.4066777371804
"S0002",144,70.5354631029475
"S0002",145,70.8525566536769
"S0002",146,71.0063057815614
"S0002",147,71.4440001311533
"S0002",148,71.8819906115077
"S0002",149,72.1057467547919
"S0002",150,72.8860183750312
"S0002",151,73.1463076890464
"S0002",152,73.3883046371911
"S0002",153,73.7252460220086
"S0002",154,73.8593209636948
"S0002",155,74.4451058759924
"S0002",156,74.6220409990735
"S0002",157,74.7016598217698
"S0002",158,75.3394670778843
"S0002",159,75.6286546306752
"S0002",160,75.8046840275083
"S0003",1,0
"S0003",2,0.724609371664477
"S0003",3,1.18944312443794
"S0003",4,1.47996454446808
"S0003",5,1.97938902332049
"S0003",6,2.38229789004341
"S0003",7,2.44925944619036
"S0003",8,2.56549035531537
"S0003",9,2.63433410690819
"S0003",10,2.75964513456711
"S0003",11,2.96173310537582
"S0003",12,3.1156770671677
"S0003",13,3.21530855648007
"S0003",14,3.76008569468532
"S0003",15,3.93615613780575
"S0003",16,4.01545036343935
"S0003",17,4.17201195254526
"S0003",18,4.2160907915482
"S0003",19,4.29842408005539
"S0003",20,4.37039941876438
"S0003",21,4.50434998834585
"S0003",22,4.59959283519618
"S0003",23,4.73614174100286
"S0003",24,5.47658782397417
"S0003",25,5.90031188151783
"S0003",26,6.18154641713222
"S0003",27,6.3686886942292
"S0003",28,6.63292024382968
"S0003",29,7.92486386780844
"S0003",30,8.60748561456471
"S0003",31,10.0525115446271
"S0003",32,10.3750415356125
"S0003",33,11.2662447315202
"S0003",34,11.9565618715389
"S0003",35,12.8824609924282
"S0003",36,14.0617165529935
"S0003",37,14.9670173216487
"S0003",38,15.5473890524982
"S0003",39,16.7895704817811
"S0003",40,17.6781668718787
"S0003",41,19.6673637080821
"S0003",42,21.8965547598781
"S0003",43,24.1631665788474
"S0003",44,24.4002151061944
"S0003",45,24.867882558336
"S0003",46,25.4827250673269
"S0003",47,25.6810268110775
"S0003",48,25.85911058641
"S0003",49,26.0550871409116
"S0003",50,26.2261169126798
"S0003",51,26.4814629816547
"S0003",52,26.6385802575051
"S0003",53,26.8686245638874
"S0003",54,26.9839137204336
"S0003",55,27.1851219148983
"S0003",56,27.7047815815426
"S0003",57,28.4657424813158
"S0003",58,28.7615683835093
"S0003",59,28.9254627738221
"S0003",60,29.2226875960122
"S0003",61,29.6152964343582
"S0003",62,29.9290851801475
"S0003",63,30.2166840602508
"S0003",64,30.5827078199555
"S0003",65,30.8250900338616
"S0003",66,32.0186954320264
"S0003",67,32.4294425536756
"S0003",68,32.7324854151674
"S0003",69,33.1501473283251
"S0003",70,33.321516714285
"S0003",71,33.4702914941563
"S0003",72,33.697007524391
"S0003",73,33.7829875844424
"S0003",74,33.8991901973539
"S0003",75,33.9686741080926
"S0003",76,34.8070360474784
"S0003",77,35.2759137401432
"S0003",78,36.0377164160035
"S0003",79,36.9005139376563
"S0003",80,38.3807551797377
"S0003",81,38.7483580436934
"S0003",82,39.3110182504134
"S0003",83,39.6160160262588
"S0003",84,39.9485907104563
"S0003",85,40.2553505754113
"S0003",86,40.5160468595491
"S0003",87,40.9864303958368
"S0003",88,41.389557734573
"S0003",89,41.8991411378475
"S0003",90,46.831869448196
"S0003",91,47.5332016204769
"S0003",92,47.6604158799937
"S0003",93,47.9179651173497
"S0003",94,48.420453697239
"S0003",95,48.6440903558166
"S0003",96,48.9672818083865
"S0003",97,49.0069680645049
"S0003",98,49.0942643754861
"S0003",99,49.1369834778119
"S0003",100,49.1758516152234
"S0003",101,49.2008578961418
"S0003",102,49.3027742640986
"S0003",103,49.5493898875552
"S0003",104,49.8235362226516
"S0003",105,50.2193245371827
"S0003",106,50.3345752553733
"S0003",107,50.6721323745433
"S0003",108,50.811568786077
"S0003",109,50.8680971392737
"S0003",110,51.0242961964004
"S0003",111,51.27222596374
"S0003",112,51.5638328889938
"S0003",113,51.7121603152448
"S0003",114,51.8654728665941
"S0003",115,51.9127675367783
"S0003",116,52.2321748374525
"S0003",117,52.4259746554918
"S0003",118,52.508360025118
"S0003",119,52.6489302934466
"S0003",120,56.3204236311225
"S0003",121,56.4413851343634
"S0003",122,56.6180406568199
"S0003",123,57.0451297866943
"S0003",124,57.3767529019298
"S0003",125,57.6951969843983
"S0003",126,57.9684040291788
"S0003",127,58.2096778360139
"S0003",128,58.3793573549705
"S0003",129,58.460352340065
"S0003",130,58.5602615807917
"S0003",131,58.6513317923467
"S0003",132,58.7033786617171
"S0003",133,58.7991111552884
"S0003",134,58.8903806015983
"S0003",135,58.9745038795901
"S0003",136,59.0325585080307
"S0003",137,59.308433031382
"S0003",138,59.7393185290296
"S0003",139,60.1811698300765
"S0003",140,60.6681976939264
"S0003",141,60.971286010086
"S0003",142,61.1258976728065
"S0003",143,61.513509281457
"S0003",144,61.6502169616581
"S0003",145,61.8859396450016
"S0003",146,62.2831344634766
"S0003",147,62.6845664698502
"S0003",148,63.0470642689875
"S0003",149,63.2296904827953
"S0003",150,63.6035677868574
"S0003",151,64.0846185474339
"S0003",152,64.4031889213139
"S0004",1,0
"S0004",2,0.454626724759327
"S0004",3,0.878948202246902
"S0004",4,1.53623958831297
"S0004",5,1.88780450410592
"S0004",6,2.32622282182894
"S0004",7,2.77296382173945
"S0004",8,3.18460914911833
"S0004",9,3.50805237285872
"S0004",10,4.00445746462901
"S0004",11,4.50759995606218
"S0004",12,5.10314900903731
"S0004",13,5.5580321586223
"S0004",14,7.36141082071677
"S0004",15,9.22929009036139
"S0004",16,10.8665090276392
"S0004",17,13.1927523857384
"S0004",18,13.8748295101583
"S0004",19,14.52925267474
"S0004",20,15.0507093161695
"S0004",21,15.6567558176603
"S0004",22,16.1279113701983
"S0004",23,16.7431569384037
"S0004",24,17.3832485919787
"S0004",25,18.0100148544312
"S0004",26,18.4460048934293
"S0004",27,19.0158203587918
"S0004",28,19.5092184786856
"S0004",29,20.0334604984458
"S0004",30,20.5896192434993
"S0004",31,21.0968332137708
"S0004",32,21.7009536009064
"S0004",33,22.1239586240805
"S0004",34,22.7491263388587
"S0004",35,23.2825333217824
"S0004",36,28.1958532098415
"S0004",37,29.31878867607
"S0004",38,29.491258670929
"S0004",39,29.7595931531108
"S0004",40,29.8216306618709
"S0004",41,30.0310637593894
"S0004",42,30.2882526181679
"S0004",43,30.5129547125138
"S0004",44,30.7054657590546
"S0004",45,31.1089152806407
"S0004",46,31.4940330554663
"S0004",47,31.8917441956467
"S0004",48,32.1257431826648
"S0004",49,32.5634047585333
"S0004",50,32.7478487245468
"S0004",51,33.0528555491667
"S0004",52,33.3600595124707
"S0004",53,33.7327525505478
"S0004",54,34.2553978066
"S0004",55,34.4416428818508
"S0004",56,34.6819123092855
"S0004",57,35.0259905989192
"S0004",58,35.2764582685941
"S0004",59,35.4441829699583
"S0004",60,35.9301912634589
"S0004",61,36.0514980629388
"S0004",62,36.1497729147493
"S0004",63,36.3255427501263
"S0004",64,36.8602066997213
"S0004",65,37.0571310605414
"S0004",66,37.2063636702022
"S0004",67,37.3491462441241
"S0004",68,37.56927489926
"S0004",69,37.6953682646372
"S0004",70,37.7981029111434
"S0004",71,38.4884397982221
"S0004",72,39.1224316611573
"S0004",73,39.4106002389471
"S0004",74,40.3176854797519
"S0004",75,40.5042560542801
"S0004",76,40.6278400309208
"S0004",77,40.728263203376
"S0004",78,41.0114466119392
"S0004",79,41.5798610627043
"S0004",80,42.3263699272868
"S0004",81,42.6923700773938
"S0004",82,42.8823476357082
"S0004",83,43.5337956217827
"S0004",84,44.0458391593836
"S0004",85,44.6419636077898
"S0004",86,45.1887910051957
"S0004",87,45.5186720727173
"S0004",88,46.2891476710255
"S0004",89,46.8897245044553
"S0004",90,47.1373803481184
"S0004",91,47.2258849712969
"S0004",92,47.3161942933969
"S0004",93,47.5341779645957
"S0004",94,47.657132689373
"S0004",95,47.7751620021166
"S0004",96,48.2836406859553
"S0004",97,48.5427899451009
"S0004",98,48.6172043226503
"S0004",99,48.7169689841713
"S0004",100,48.8290295446376
"S0004",101,48.9163172464321
"S0004",102,48.9652451780349
"S0004",103,49.0169157975196
"S0004",104,49.0945391372763
"S0004",105,49.3183403404114
"S0004",106,49.8280795739909
"S0004",107,50.562910632259
"S0004",108,51.1171787515371
"S0004",109,51.2942374260685
"S0004",110,51.5089278898749
"S0004",111,51.6245579507595
"S0004",112,51.7825245222285
"S0004",113,51.8509439530916
"S0004",114,52.376302020335
"S0004",115,52.4843787274092
"S0004",116,52.5854723401171
"S0004",117,53.0470041854932
"S0004",118,53.8839268701596
"S0004",119,53.9976811379746
"S0004",120,54.0298673628591
"S0004",121,54.2319046589937
"S0004",122,54.3173469933196
"S0004",123,54.3835329674345
"S0004",124,54.4419681313244
"S0004",125,54.4905497014857
"S0004",126,54.5948576776636
"S0004",127,54.9035398342487
"S0004",128,54.935346503718
"S0004",129,55.1378958748846
"S0004",130,55.5973910076886
"S0004",131,55.7053805778761
"S0004",132,56.4714718599048
"S0004",133,56.4929019718087
"S0004",134,56.7062262138438
"S0004",135,56.7517102846759
"S0004",136,56.8388683254919
"S0004",137,56.9025811989561
"S0004",138,57.1055172209077
"S0004",139,57.3160532876101
"S0004",140,57.8792192422612
"S0004",141,58.0647093863361
"S0004",142,61.0622565723624
"S0004",143,61.5713449942061
"S0004",144,62.005557886464
"S0004",145,62.4568230696106
"S0004",146,62.7744723787161
"S0004",147,63.2031092861896
"S0004",148,63.6093367928674
"S0004",149,63.776194437963
"S0004",150,64.142560096872
"S0004",151,64.7399785749081
"S0004",152,65.0771410102322
"S0004",153,65.3085166618417
"S0004",154,65.7860408211537
"S0004",155,66.3177395086666
"S0004",156,66.7372628779402
"S0004",157,66.8336835621251
"S0004",158,66.9357427784255
"S0004",159,67.0995119510573
"S0004",160,67.2249850782114
"S0004",161,67.3206071714209
"S0004",162,67.6886065533609
"S0004",163,68.1470084535987
"S0004",164,68.3338635443393
"S0004",165,68.5600003175869
"S0004",166,68.8770428657403
"S0004",167,69.1018870878262
"S0004",168,69.5783166315498
"S0004",169,69.834260856952
"S0004",170,70.4571412566487
"S0004",171,71.0119184354459
"S0004",172,71.1559170037163
"S0004",173,71.5849666798059
"S0004",174,71.885149173853
"S0005",1,0
"S0005",2,0.0689728544149338
"S0005",3,0.10874058199122
"S0005",4,0.13566920168943
"S0005",5,0.16559811594222
"S0005",6,0.224977347616269
"S0005",7,0.270184040696379
"S0005",8,0.30485109819797
"S0005",9,0.350212778609454
"S0005",10,0.404013781080158
"S0005",11,0.452918287462092
"S0005",12,0.512185941492802
"S0005",13,0.548528480888004
"S0005",14,0.649940624397424
"S0005",15,0.673581501463287
"S0005",16,0.698428591791283
"S0005",17,0.741356493896233
"S0005",18,0.776471021256952
"S0005",19,0.81765013427494
"S0005",20,0.907452276853035
"S0005",21,0.965860978695383
"S0005",22,0.980764988880227
"S0005",23,0.992953467829324
"S0005",24,0.999135045338059
"S0005",25,1.0090580245766
"S0005",26,1.02324762561631
"S0005",27,1.08350976322101
"S0005",28,1.09228591956173
"S0005",29,1.10139661743842
"S0005",30,1.1186037343029
"S0005",31,1.13315859988372
"S0005",32,1.14826816244213
"S0005",33,1.17980022098877
"S0005",34,1.28713386640948
"S0005",35,1.35394162327114
"S0005",36,1.43730267795944
"S0005",37,1.73440834174142
"S0005",38,1.79447367055298
"S0005",39,1.88117391787868
"S0005",40,1.96132554519454
"S0005",41,1.9853672116387
"S0005",42,1.99307587888999
"S0005",43,2.0015656270359
"S0005",44,2.03521121402544
"S0005",45,2.04947648504783
"S0005",46,2.06334888293026
"S0005",47,2.1066754263578
"S0005",48,2.11803207321181
"S0005",49,2.13688766937835
"S0005",50,2.1798325471
"S0005",51,2.18422082767939
"S0005",52,2.21537630153849
"S0005",53,2.24180950236016
"S0005",54,2.24569015316887
"S0005",55,2.25008051377009
"S0005",56,2.25717390381772
"S0005",57,2.26075583834443
"S0005",58,2.26365835483635
"S0005",59,2.26735201927162
"S0005",60,2.30984484477716
"S0005",61,2.31795391378468
"S0005",62,2.34103853053786
"S0005",63,2.34503857742584
"S0005",64,2.3496415871406
"S0005",65,2.37552091098106
"S0005",66,2.42781441496112
"S0005",67,2.44268973826797
"S0005",68,2.4503986314515
"S0005",69,2.46768968256022
"S0005",70,2.49002560172733
"S0005",71,2.5325172134124
"S0005",72,2.5417537748387
"S0005",73,2.5668004535603
"S0005",74,2.58194401200363
"S0005",75,2.62808040693788
"S0005",76,2.76922345968614
"S0005",77,2.80724009115243
"S0005",78,2.84880167921518
"S0005",79,2.91240217917607
"S0005",80,2.95873152622591
"S0005",81,2.99921398267313
"S0005",82,3.02476548855031
"S0005",83,3.15028049877975
"S0005",84,3.1933681959568
"S0005",85,3.23314368174889
"S0005",86,3.64710415910942
"S0005",87,3.74557187497486
"S0005",88,3.77396943558829
"S0005",89,3.79054445705894
"S0005",90,3.81887204221805
"S0005",91,3.85315214475807
"S0005",92,3.92464078709683
"S0005",93,3.9964303934647
"S0005",94,4.05424495849107
"S0005",95,4.12311070481509
"S0005",96,4.12645479265888
"S0005",97,4.1368739995015
"S0005",98,4.15132647157387
"S0005",99,4.16854889556063
"S0005",100,4.17374218728043
"S0005",101,4.18489566848551
"S0005",102,4.19001123977241
"S0005",103,4.19834749694271
"S0005",104,4.22483365089934
"S0005",105,4.23928549122693
"S0005",106,4.27661732501274
"S0005",107,4.29237290885211
"S0005",108,4.38832716768184
"S0005",109,4.41789897613672
"S0005",110,4.45973505044689
"S0005",111,4.48261792426899
"S0005",112,4.50848842444179
"S0005",113,4.53026384137457
"S0005",114,4.54628449859348
"S0005",115,4.56652657160975
"S0005",116,4.57951281302795
"S0005",117,4.60750592991415
"S0005",118,4.63695795580535
"S0005",119,4.67149623723462
"S0005",120,4.69822123094882
"S0005",121,4.72059749264338
"S0005",122,4.77998877913089
"S0005",123,4.79772292924187
"S0005",124,4.82760880210256
"S0005",125,4.84783092249774
"S0005",126,4.8870286266666
"S0005",127,4.93451602306925
"S0005",128,4.96085555817487
"S0005",129,4.9816242367516
"S0005",130,4.99372787386952
"S0005",131,5.02704994002073
"S0005",132,5.05473507790374
"S0005",133,5.08529940448662
"S0005",134,5.12453289082348
"S0005",135,5.17161766698557
"S0005",136,5.20899797083915
"S0005",137,5.21608947035574
"S0005",138,5.2384046633537
"S0005",139,5.41751805020873
"S0005",140,5.50067862074022
"S0005",141,5.54662991980694
"S0005",142,5.57774733846632
"S0005",143,5.60161940477262
"S0005",144,5.62604749781524
"S0005",145,5.67395723153494
"S0005",146,5.71705730572939
"S0005",147,5.75555699280957
"S0005",148,5.77008694819309
"S0005",149,5.81171896766681
"S0005",150,5.84113134435557
"S0005",151,5.84978306292693
"S0005",152,5.89882070245417
"S0005",153,5.9246411043466
"S0005",154,5.96232020322515
"S0005",155,5.97056263920337
"S0005",156,5.97852484241655
"S0005",157,5.98589242773997
"S0005",158,5.99713593794054
"S0005",159,6.01104453307782
"S0005",160,6.02177904740712
"S0005",161,6.04357064747351
"S0005",162,6.0712019141031
"S0005",163,6.14350766980035
"S0005",164,6.18789004466858
"S0005",165,6.2337082098027
"S0005",166,6.27245025556171
"S0005",167,6.28774256690909
"S0005",168,6.33683952384263
"S0005",169,6.37385099778133
"S0005",170,6.41052499106006
"S0006",1,0
"S0006",2,0.143426670044019
"S0006",3,0.265529604159909
"S0006",4,0.435996444493099
"S0006",5,0.609270868673256
"S0006",6,0.77861549347079
"S0006",7,0.879717610975748
"S0006",8,0.991052087029513
"S0006",9,1.19438304268966
"S0006",10,1.26509237049953
"S0006",11,1.40921763679614
"S0006",12,1.52886979999068
"S0006",13,1.70485526313262
"S0006",14,1.81139247073351
"S0006",15,1.92113661658486
"S0006",16,2.04749867341424
"S0006",17,2.22839732272748
"S0006",18,2.36359917172369
"S0006",19,2.49055075910294
"S0006",20,2.59035872194653
"S0006",21,2.66727570670173
"S0006",22,2.75113269886037
"S0006",23,2.82624687612994
"S0006",24,2.91624072300315
"S0006",25,3.05804529721222
"S0006",26,3.2637824477416
"S0006",27,3.46330511815598
"S0006",28,3.61526562996101
"S0006",29,3.81455433564817
"S0006",30,3.95988924999532
"S0006",31,4.03884233354162
"S0006",32,4.16146368938126
"S0006",33,4.3924055926971
"S0006",34,4.54814973044999
"S0006",35,4.61781142140952
"S0006",36,4.75707855104957
"S0006",37,4.90138965891149
"S0006",38,5.04015729728894
"S0006",39,5.32546952233973
"S0006",40,5.39429804226499
"S0006",41,5.45459940348863
"S0006",42,5.49308815261693
"S0006",43,5.62557199041779
"S0006",44,5.67071890767379
"S0006",45,5.80691878281424
"S0006",46,6.01646380838805
"S0006",47,6.20380906075963
"S0006",48,6.48133753340225
"S0006",49,6.90247221111048
"S0006",50,7.1895312614902
"S0006",51,7.24424003747974
"S0006",52,7.32893095497499
"S0006",53,7.45838204027509
"S0006",54,7.54312324076565
"S0006",55,7.64627061519473
"S0006",56,7.76649927629718
"S0006",57,7.83430228342735
"S0006",58,7.91304556957264
"S0006",59,7.9439090356442
"S0006",60,7.96946762829903
"S0006",61,7.99824001349342
"S0006",62,8.00725994618264
"S0006",63,8.020273153695
"S0006",64,8.03014216106459
"S0006",65,8.04873509704785
"S0006",66,8.07253811437464
"S0006",67,8.12195368730984
"S0006",68,8.32234631584648
"S0006",69,8.44128919966664
"S0006",70,8.53318262924338
"S0006",71,8.59068016937226
"S0006",72,8.65158761905739
"S0006",73,8.78793647275278
"S0006",74,8.85777573811075
"S0006",75,9.02629570140249
"S0006",76,9.11733526902032
"S0006",77,9.27808240018192
"S0006",78,9.40088602325436
"S0006",79,9.49659331885491
"S0006",80,9.6359224374605
"S0006",81,9.80420526545804
"S0006",82,9.90362243133306
"S0006",83,10.0478001584021
"S0006",84,10.5296704477911
"S0006",85,10.7899975496152
"S0006",86,11.0225315565348
"S0006",87,11.2894158276525
"S0006",88,11.3421620269527
"S0006",89,11.5723532544787
"S0006",90,11.6987284186519
"S0006",91,11.8690814920968
"S0006",92,11.951734395728
"S0006",93,12.0195034715284
"S0006",94,12.0524132619479
"S0006",95,12.0919525867319
"S0006",96,12.3318966851505
"S0006",97,12.5264216206137
"S0006",98,12.7602826317848
"S0006",99,12.8916391056024
"S0006",100,12.9710094554452
"S0006",101,13.1605315461021
"S0006",102,13.4438385425695
"S0006",103,13.5867540895486
"S0006",104,13.7604964263117
"S0006",105,13.8979870133688
"S0006",106,14.0767497257477
"S0006",107,14.323279103655
"S0006",108,14.505836344773
"S0006",109,14.5874067425111
"S0006",110,14.7917998810415
"S0006",111,14.9627782412015
"S0006",112,15.0158663808104
"S0006",113,15.21309139192
"S0006",114,15.3769672105688
"S0006",115,15.5293621215561
"S0006",116,15.8382353951288
"S0006",117,15.9973936533565
"S0006",118,16.1577712514601
"S0006",119,16.5706405471546
"S0006",120,16.7796601879884
"S0006",121,16.9622886275102
"S0006",122,17.1389005488314
"S0006",123,17.3114189908746
"S0006",124,17.4677501956967
"S0006",125,17.6699801190506
"S0006",126,17.8385228249572
"S0006",127,17.9316600792145
"S0006",128,18.0551740491804
"S0006",129,18.229262077754
"S0006",130,18.485925026667
"S0006",131,18.6801398615561
"S0006",132,18.9252327204809
"S0006",133,19.4516019365346
"S0006",134,19.7571343445955
"S0006",135,19.8293318737739
"S0006",136,19.9078562293664
"S0006",137,20.0992205971104
"S0006",138,20.4089258541569
"S0006",139,20.4866354548091
"S0006",140,20.5582683651605
"S0006",141,20.5973346052798
"S0006",142,20.6398882580992
"S0006",143,20.7176220686892
"S0006",144,20.7477681973513
"S0006",145,20.7921979214963
"S0006",146,21.0421328542349
"S0006",147,21.0626156066202
"S0006",148,21.1421007479895
"S0006",149,21.1950996342176
"S0006",150,21.2358793582677
"S0006",151,21.2793431215726
"S0006",152,21.3157748725727
"S0006",153,21.3685988982352
"S0006",154,21.5192617568312
"S0006",155,21.8751117442812
"S0006",156,21.9843202464355
"S0006",157,22.2882006972051
"S0006",158,22.4202170335467
"S0006",159,24.1089756206761
"S0006",160,24.4163945305374
"S0006",161,24.6863135317153
"S0006",162,24.8638712463557
"S0006",163,25.0294079673425
"S0006",164,25.2112319601445
"S0006",165,25.4035944142115
"S0006",166,25.5764380802646
"S0006",167,25.7384958772942
"S0006",168,25.9181331129804
"S0006",169,26.1049849672101
"S0006",170,26.2713731078341
"S0006",171,26.4592922704507
"S0006",172,26.6157701435451
"S0006",173,26.7902279811677
"S0006",174,28.0532474297051
"S0007",1,0
"S0007",2,1.45949318762263
"S0007",3,2.44241022712844
"S0007",4,3.54435267140608
"S0007",5,4.67419755581517
"S0007",6,5.44388703464149
"S0007",7,6.44666416772436
"S0007",8,7.7697198222472
"S0007",9,8.71891559175537
"S0007",10,9.37094189405822
"S0007",11,10.7474661462746
"S0007",12,11.9906216507448
"S0007",13,12.8257610398382
"S0007",14,15.9670527160205
"S0007",15,16.5218306627834
"S0007",16,16.9947914008116
"S0007",17,17.4032088138732
"S0007",18,17.7853224594544
"S0007",19,18.2808235951493
"S0007",20,18.7175825909002
"S0007",21,19.1458863114799
"S0007",22,19.8337383535202
"S0007",23,20.3399294665071
"S0007",24,20.8065139138035
"S0007",25,21.2576677553223
"S0007",26,21.6425893617706
"S0007",27,22.0754504608222
"S0007",28,22.5229883801653
"S0007",29,22.9194464718193
"S0007",30,23.418889242705
"S0007",31,26.2868653535061
"S0007",32,28.6735463044755
"S0007",33,28.9743943442062
"S0007",34,29.48301812944
"S0007",35,30.2215437656862
"S0007",36,31.0547532100773
"S0007",37,31.4356865764681
"S0007",38,31.7098797779312
"S0007",39,31.8791027077891
"S0007",40,32.0471790575168
"S0007",41,32.6704756078963
"S0007",42,32.8172670206105
"S0007",43,32.9429182499987
"S0007",44,33.1420226223454
"S0007",45,33.2408733093307
"S0007",46,33.3696291170062
"S0007",47,33.5774574652034
"S0007",48,34.334285162823
"S0007",49,35.0045538606723
"S0007",50,35.2682449455443
"S0007",51,35.6725294044779
"S0007",52,36.6001193505121
"S0007",53,37.6295931788297
"S0007",54,38.2825090660797
"S0007",55,38.8540630535119
"S0007",56,38.9968740308605
"S0007",57,39.2613343037434
"S0007",58,39.3326481461342
"S0007",59,39.4493492989666
"S0007",60,39.571727321466
"S0007",61,39.6641866719618
"S0007",62,40.4545353556384
"S0007",63,41.1009452633978
"S0007",64,42.0762141064265
"S0007",65,42.4126928193359
"S0007",66,42.9344264076639
"S0007",67,43.3561956175051
"S0007",68,43.7111350976953
"S0007",69,44.4289131475466
"S0007",70,44.8750324013256
"S0007",71,45.120248531633
"S0007",72,45.3133821605099
"S0007",73,45.510381368721
"S0007",74,45.8426769857594
"S0007",75,46.5704706361119
"S0007",76,46.7428105539802
"S0007",77,47.0990911934685
"S0007",78,47.3633712080116
"S0007",79,47.5808055940921
"S0007",80,48.1314595888017
"S0007",81,48.2251020339517
"S0007",82,48.6838226497263
"S0007",83,49.0484452762753
"S0007",84,49.4908295918233
"S0007",85,49.6338806560048
"S0007",86,49.6976331014678
"S0007",87,50.6430515835706
"S0007",88,51.8847260243601
"S0007",89,52.2632675040432
"S0007",90,52.478395699658
"S0007",91,52.7776892643853
"S0007",92,52.9559078031143
"S0007",93,53.4074075670914
"S0007",94,53.7635904514302
"S0007",95,54.1323536107515
"S0007",96,54.4900157145063
"S0007",97,54.539471915175
"S0007",98,54.6932181096314
"S0007",99,54.778714449858
"S0007",100,54.8745680120655
"S0007",101,54.979739902121
"S0007",102,55.1080732309628
"S0007",103,55.3135680484606
"S0007",104,55.5806322685059
"S0007",105,55.9052055446387
"S0007",106,56.170789263602
"S0007",107,56.4907986872629
"S0007",108,56.7513355129697
"S0007",109,56.8440469604777
"S0007",110,57.0764811532598
"S0007",111,57.5566777958233
"S0007",112,57.8812471683065
"S0007",113,58.1432127193976
"S0007",114,58.398773226877
"S0007",115,58.7180105984317
"S0007",116,58.9865147180492
"S0007",117,59.0914650309211
"S0007",118,62.628301259953
"S0007",119,62.9766079893777
"S0007",120,63.582374856116
"S0007",121,64.2986184750535
"S0007",122,64.6416905664974
"S0007",123,65.0492507712296
"S0007",124,65.2360143373388
"S0007",125,65.5349884177087
"S0007",126,65.9571706003074
"S0007",127,66.2834797599162
"S0007",128,66.9892019821853
"S0007",129,67.160719408907
"S0007",130,67.2147920137722
"S0007",131,67.2971505479673
"S0007",132,67.4680532261252
"S0007",133,67.6405343422774
"S0007",134,67.7248948078118
"S0007",135,67.7961496791884
"S0007",136,67.8917296950478
"S0007",137,68.3200713103221
"S0007",138,68.7176169606447
"S0007",139,68.9547071338879
"S0007",140,69.2165616332613
"S0007",141,69.3257923973774
"S0007",142,69.8740327228781
"S0007",143,70.051596399473
"S0007",144,70.5657119326657
"S0007",145,71.0172538685231
"S0007",146,71.4426379830085
"S0007",147,71.7576670788179
"S0007",148,72.1402050214518
"S0007",149,72.6859188946155
"S0007",150,72.9783928135069
"S0007",151,73.2165632512532
"S0007",152,73.7933070268073
"S0008",1,0
"S0008",2,1.44042575463187
"S0008",3,1.80619605858313
"S0008",4,2.29174716528839
"S0008",5,3.02660225900276
"S0008",6,3.2427790494561
"S0008",7,3.63468081482633
"S0008",8,4.05268781275029
"S0008",9,4.14342714563163
"S0008",10,4.48862023966608
"S0008",11,5.09555172392523
"S0008",12,5.30271665724875
"S0008",13,5.45777835803651
"S0008",14,5.61288595797528
"S0008",15,5.76436578209398
"S0008",16,5.982546643794
"S0008",17,6.72250088516752
"S0008",18,6.8388220137576
"S0008",19,7.62367423378779
"S0008",20,7.68257798554418
"S0008",21,7.90291505978776
"S0008",22,7.94645597020709
"S0008",23,7.98446919612125
"S0008",24,8.04389861248556
"S0008",25,8.14483736813667
"S0008",26,8.2229722302699
"S0008",27,8.27222418128011
"S0008",28,8.31900333784503
"S0008",29,8.61567754904979
"S0008",30,8.84240305617836
"S0008",31,9.13154252017188
"S0008",32,9.38105834713417
"S0008",33,9.93428920338976
"S0008",34,10.7394337243511
"S0008",35,10.8566354109759
"S0008",36,10.8910296559884
"S0008",37,11.2320099421497
"S0008",38,11.7014910607307
"S0008",39,11.9717073205787
"S0008",40,12.6567710196277
"S0008",41,12.9591513433108
"S0008",42,13.2208199782156
"S0008",43,13.6993434491716
"S0008",44,14.1037837619029
"S0008",45,14.7108834028819
"S0008",46,15.1906809332898
"S0008",47,15.5541634607129
"S0008",48,15.9553405459751
"S0008",49,16.213391551584
"S0008",50,16.4594161008092
"S0008",51,16.8495831941063
"S0008",52,17.2325052780369
"S0008",53,17.4915102689417
"S0008",54,22.4398259443587
"S0008",55,23.1572261933671
"S0008",56,24.2800819907107
"S0008",57,24.5624653793835
"S0008",58,24.8703839907997
"S0008",59,25.8369288535356
"S0008",60,26.0003051116532
"S0008",61,26.1118972487879
"S0008",62,26.2045696205026
"S0008",63,26.3211180478458
"S0008",64,26.4021098129482
"S0008",65,26.4799041376476
"S0008",66,26.6099282048484
"S0008",67,26.7891059908571
"S0008",68,27.809009948589
"S0008",69,28.0757470802325
"S0008",70,28.2423846335835
"S0008",71,28.8639300111601
"S0008",72,29.0805795411746
"S0008",73,29.3970334703402
"S0008",74,29.578472002535
"S0008",75,29.7737308721001
"S0008",76,30.0785435869647
"S0008",77,30.3128381842287
"S0008",78,30.6806209678203
"S0008",79,30.994327269163
"S0008",80,31.1559185108819
"S0008",81,31.3832529842348
"S0008",82,31.8235685530309
"S0008",83,31.9409070183745
"S0008",84,32.0935426790815
"S0008",85,32.3712708418886
"S0008",86,32.6245499440539
"S0008",87,32.8203727344429
"S0008",88,33.0585827067441
"S0008",89,33.1887215049645
"S0008",90,33.3631878406845
"S0008",91,33.5041299803286
"S0008",92,33.6941464350051
"S0008",93,33.8509735430795
"S0008",94,34.0960829869146
"S0008",95,34.2265839451256
"S0008",96,34.4050793241612
"S0008",97,34.703920535128
"S0008",98,34.8653934767584
"S0008",99,35.6808766785243
"S0008",100,36.4989771738975
"S0008",101,38.5207859378648
"S0008",102,39.6454098141358
"S0008",103,39.9785787021855
"S0008",104,40.4269167887733
"S0008",105,40.7538343830198
"S0008",106,41.0521252013018
"S0008",107,41.3576017728445
"S0008",108,41.511911922734
"S0008",109,41.643896595981
"S0008",110,41.6895931320853
"S0008",111,41.8023959018401
"S0008",112,41.9787124519523
"S0008",113,42.0345490208979
"S0008",114,42.1142397818825
"S0008",115,42.2308427947061
"S0008",116,42.7112881857856
"S0008",117,42.8102883554236
"S0008",118,43.1048480564643
"S0008",119,43.2411085905355
"S0008",120,43.277545967544
"S0008",121,43.3423832607802
"S0008",122,43.4120028229409
"S0008",123,43.7526479751331
"S0008",124,44.3187632401938
"S0008",125,44.8976599502662
"S0008",126,45.0246482232101
"S0008",127,45.3472765484212
"S0008",128,45.8147767918343
"S0008",129,48.7105768690976
"S0008",130,49.2660251975196
"S0008",131,49.7767095334238
"S0008",132,50.30569056989
"S0008",133,50.8894320345852
"S0008",134,51.3572036160768
"S0008",135,51.8408459356647
"S0008",136,52.297851609535
"S0008",137,52.8450086735192
"S0008",138,53.35510138462
"S0008",139,53.8272451114535
"S0008",140,54.4094438049785
"S0008",141,54.6695065974513
"S0008",142,54.962331010771
"S0008",143,55.3649848093906
"S0008",144,55.6759496895528
"S0008",145,56.0350804525516
"S0008",146,56.4119911953477
"S0008",147,56.5815068722245
"S0008",148,56.810309283914
"S0008",149,56.934049630513
"S0008",150,57.0020335440964
"S0008",151,57.1642396816124
"S0008",152,57.2410546013102
"S0008",153,57.4939764614271
"S0008",154,57.9454641740005
"S0008",155,58.238904087259
"S0008",156,58.5179134267745
"S0008",157,58.8230721507329
"S0008",158,59.1272879857618
"S0008",159,59.4117226818223
"S0008",160,59.7560519213647
"S0008",161,59.995487683572
"S0008",162,60.2165311857855
"S0008",163,60.5820517698438
"S0008",164,61.0039075812109
"S0008",165,61.2879810749053
"S0008",166,61.6812540039246
"S0008",167,62.109990942842
"S0008",168,62.5175793134974
"S0008",169,62.9128136404053
"S0008",170,63.2244929663419
"S0008",171,63.6198115724971
"S0008",172,63.9867592784231
"S0009",1,0
"S0009",2,0.969133212284651
"S0009",3,1.26477308849006
"S0009",4,1.54054732298981
"S0009",5,1.90046579719724
"S0009",6,2.27125765568452
"S0009",7,2.68551985951813
"S0009",8,2.99889388118651
"S0009",9,3.33864227594947
"S0009",10,3.78789434461601
"S0009",11,4.39765332898325
"S0009",12,4.80119772642043
"S0009",13,4.95249842588982
"S0009",14,5.3456026706737
"S0009",15,5.57410156265868
"S0009",16,5.7111131319777
"S0009",17,5.82498977870514
"S0009",18,5.89521528517702
"S0009",19,5.99483747802317
"S0009",20,6.39418229479123
"S0009",21,6.77666237016285
"S0009",22,7.18412585928719
"S0009",23,7.53456350152374
"S0009",24,7.69370748343481
"S0009",25,8.26755810761704
"S0009",26,8.56545467325183
"S0009",27,8.86373155507838
"S0009",28,9.46089418213783
"S0009",29,9.83826991499235
"S0009",30,10.1711860325209
"S0009",31,10.8964495467954
"S0009",32,11.3609220603178
"S0009",33,11.826606018276
"S0009",34,12.2527401740212
"S0009",35,12.7846630904686
"S0009",36,16.5909856902764
"S0009",37,16.9496192835737
"S0009",38,17.4957178468149
"S0009",39,17.8888622958664
"S0009",40,18.3805957206364
"S0009",41,18.7773190648191
"S0009",42,19.2098904421839
"S0009",43,19.6569091659257
"S0009",44,20.1155147427957
"S0009",45,20.5633034375096
"S0009",46,20.9920180048392
"S0009",47,21.5312118451973
"S0009",48,22.0427982772434
"S0009",49,22.5885494427587
"S0009",50,23.0025422509222
"S0009",51,23.4138044440971
"S0009",52,23.8627453355592
"S0009",53,24.2661149341165
"S0009",54,24.7016831655374
"S0009",55,25.2973659313743
"S0009",56,25.8669115371878
"S0009",57,26.64208281819
"S0009",58,27.2306579917559
"S0009",59,27.334209521121
"S0009",60,27.5725313250168
"S0009",61,27.9786190264912
"S0009",62,28.4250905083389
"S0009",63,28.8446058550797
"S0009",64,29.1959749484241
"S0009",65,29.7588044585466
"S0009",66,29.8204108590505
"S0009",67,29.9016667658274
"S0009",68,29.9977675671335
"S0009",69,30.5810293038522
"S0009",70,31.1848966675752
"S0009",71,31.4723134371165
"S0009",72,31.7518635456364
"S0009",73,31.9914783744596
"S0009",74,32.3132734110872
"S0009",75,32.7037676749745
"S0009",76,33.1469105153745
"S0009",77,33.4251561371594
"S0009",78,33.6258735094685
"S0009",79,33.9152272175362
"S0009",80,34.1824482857249
"S0009",81,34.618046162758
"S0009",82,34.9552138528764
"S0009",83,35.2577268725056
"S0009",84,35.49813729153
"S0009",85,36.3113496608783
"S0009",86,36.8282746763014
"S0009",87,37.2280634953222
"S0009",88,37.6757028514729
"S0009",89,38.1886011244008
"S0009",90,38.7093143894417
"S0009",91,39.1305373148138
"S0009",92,39.7573672767702
"S0009",93,40.3947532983765
"S0009",94,41.0881444982084
"S0009",95,41.3578293785801
"S0009",96,41.7324977398918
"S0009",97,42.3192424074874
"S0009",98,42.8701223909409
"S0009",99,43.5206183889021
"S0009",100,44.0178103977543
"S0009",101,44.7662610925352
"S0009",102,45.2346154684689
"S0009",103,45.975114445808
"S0009",104,48.8278969198937
"S0009",105,49.5805627421643
"S0009",106,50.259934363154
"S0009",107,50.7288225161256
"S0009",108,51.0709183453252
"S0009",109,51.5807184288191
"S0009",110,51.6354195519946
"S0009",111,51.6833515257816
"S0009",112,51.7503539395615
"S0009",113,51.8304314178882
"S0009",114,51.8846172927663
"S0009",115,51.9489752269318
"S0009",116,52.0506061578819
"S0009",117,52.2285226950491
"S0009",118,52.5544943419158
"S0009",119,52.7841257490777
"S0009",120,53.0556222140181
"S0009",121,53.7825062070877
"S0009",122,53.8765580576688
"S0009",123,53.900093434915
"S0009",124,54.0114355460161
"S0009",125,54.2769042264543
"S0009",126,54.369126197399
"S0009",127,54.4050699540575
"S0009",128,54.5859908620746
"S0009",129,54.6296219212601
"S0009",130,55.0712587033684
"S0009",131,55.4545722516943
"S0009",132,55.6394707924217
"S0009",133,56.0394349653121
"S0009",134,56.2515403683015
"S0009",135,56.6120937747266
"S0009",136,56.8052962048413
"S0009",137,56.9765209671946
"S0009",138,57.1790622278174
"S0009",139,57.4789843727012
"S0009",140,57.5162362902023
"S0009",141,57.9344948440233
"S0009",142,58.190799293076
"S0009",143,58.4893328950746
"S0009",144,59.2975071952271
"S0009",145,60.4263857676989
"S0009",146,60.6730983825556
"S0009",147,60.9074744425964
"S0009",148,61.1080517311395
"S0009",149,61.2398282901127
"S0009",150,61.4065219420458
"S0009",151,61.483233324128
"S0009",152,62.0178884262343
"S0009",153,62.1949175874714
"S0009",154,62.2923227119592
"S0009",155,62.4779152766114
"S0009",156,62.6038763268003
"S0009",157,62.7402211604703
"S0009",158,65.0664704199234
"S0009",159,65.5726987798982
"S0010",1,0
"S0010",2,0.112555207614308
"S0010",3,0.199171923003418
"S0010",4,0.249229320466245
"S0010",5,0.329222396044123
"S0010",6,0.342198670553185
"S0010",7,0.359262805480375
"S0010",8,0.385189123863915
"S0010",9,0.391621821278641
"S0010",10,0.401124692138619
"S0010",11,0.406845011176223
"S0010",12,0.413776968199169
"S0010",13,0.474298337980279
"S0010",14,0.509369306728255
"S0010",15,0.520663056440734
"S0010",16,0.532639704269905
"S0010",17,0.553051573866776
"S0010",18,0.672650852396964
"S0010",19,0.690881791676725
"S0010",20,0.727815908594047
"S0010",21,0.753735798089769
"S0010",22,0.868432395708975
"S0010",23,0.900719523707518
"S0010",24,0.912176752713642
"S0010",25,0.926241996963628
"S0010",26,1.00930800421634
"S0010",27,1.01403573746624
"S0010",28,1.04141003054771
"S0010",29,1.05431809867482
"S0010",30,1.06397747451938
"S0010",31,1.09387979401341
"S0010",32,1.10692133816802
"S0010",33,1.12628736542145
"S0010",34,1.18289435708624
"S0010",35,1.22417797317419
"S0010",36,1.2733943320613
"S0010",37,1.30474519516866
"S0010",38,1.30937882504524
"S0010",39,1.34413961779741
"S0010",40,1.3486037858348
"S0010",41,1.36433520572055
"S0010",42,1.36754756945264
"S0010",43,1.43319363648211
"S0010",44,1.44065329162899
"S0010",45,1.46161735201337
"S0010",46,1.46905152695379
"S0010",47,1.48833247181693
"S0010",48,1.49441598111239
"S0010",49,1.63411896671412
"S0010",50,1.67286453957517
"S0010",51,1.72778355085582
"S0010",52,1.73328880336879
"S0010",53,1.76116852170646
"S0010",54,1.79876509030662
"S0010",55,1.83083199924717
"S0010",56,1.84555700952887
"S0010",57,1.85636677081969
"S0010",58,1.87361634849
"S0010",59,1.88728610795553
"S0010",60,1.91874460212743
"S0010",61,1.95377076667561
"S0010",62,2.00451032627918
"S0010",63,2.11351970800149
"S0010",64,2.15268966553794
"S0010",65,2.20851020727747
"S0010",66,2.30215962116001
"S0010",67,2.36375329659978
"S0010",68,2.41270989867426
"S0010",69,2.54547099918734
"S0010",70,2.62519051475828
"S0010",71,2.65874898657528
"S0010",72,2.72831489338616
"S0010",73,2.80620243410884
"S0010",74,2.91080397749705
"S0010",75,3.07450438131164
"S0010",76,3.36319759924482
"S0010",77,3.52716550384234
"S0010",78,3.67607405076157
"S0010",79,3.73960060481709
"S0010",80,3.79877766764256
"S0010",81,3.83911323086397
"S0010",82,3.88892563469443
"S0010",83,3.92589939212628
"S0010",84,3.96666097246712
"S0010",85,3.99735450825389
"S0010",86,4.0576078555046
"S0010",87,4.08602544174892
"S0010",88,4.51536870802649
"S0010",89,4.53017479804587
"S0010",90,4.55230105636011
"S0010",91,4.57241840742162
"S0010",92,4.60144771098984
"S0010",93,4.62577919591838
"S0010",94,4.67035320009263
"S0010",95,4.70962382636336
"S0010",96,4.74454890269469
"S0010",97,4.78234345779706
"S0010",98,4.79056557307604
"S0010",99,4.80583307343014
"S0010",100,4.82126292942333
"S0010",101,4.82961338267843
"S0010",102,4.84422530224451
"S0010",103,4.86658654644024
"S0010",104,4.88869488505054
"S0010",105,4.92392933588253
"S0010",106,4.94260067846344
"S0010",107,4.96444930632583
"S0010",108,4.98956257648037
"S0010",109,5.00952974708229
"S0010",110,5.48138106023371
"S0010",111,5.53583198068425
"S0010",112,5.56798825491219
"S0010",113,5.6135538026363
"S0010",114,5.65782163704446
"S0010",115,5.72016718235853
"S0010",116,5.74824813691219
"S0010",117,5.77201886095551
"S0010",118,5.85239235615106
"S0010",119,5.88551214289513
"S0010",120,5.937241359567
"S0010",121,5.94569091704536
"S0010",122,5.95313209728506
"S0010",123,5.96188260886127
"S0010",124,5.97593564722832
"S0010",125,5.98324523358008
"S0010",126,6.03788349503887
"S0010",127,6.10587179633745
"S0010",128,6.12321809455924
"S0010",129,6.14790277360326
"S0010",130,6.1884817186563
"S0010",131,6.21726277671838
"S0010",132,6.22985491610043
"S0010",133,6.25557079351576
"S0010",134,6.31550820287287
"S0010",135,6.32735804311372
"S0010",136,6.37413052505966
"S0010",137,6.3832036977388
"S0010",138,6.42575455424546
"S0010",139,6.43858258836884
"S0010",140,6.48699245232805
"S0011",1,0
"S0011",2,0.0251812282930861
"S0011",3,0.0485468039806504
"S0011",4,0.101754387126984
"S0011",5,0.139837360773817
"S0011",6,0.158489259903516
"S0011",7,0.191612197925334
"S0011",8,0.217082380269657
"S0011",9,0.273839105969145
"S0011",10,0.310223062334555
"S0011",11,0.339029228747821
"S0011",12,0.384563026323151
"S0011",13,0.427554527420366
"S0011",14,0.456018465459136
"S0011",15,0.502979574601192
"S0011",16,0.545304052176472
"S0011",17,0.582465277744997
"S0011",18,0.597450195288881
"S0011",19,0.62238869532662
"S0011",20,0.657254765522445
"S0011",21,0.688866919122569
"S0011",22,0.712657689368673
"S0011",23,0.797616384174567
"S0011",24,0.851916415387613
"S0011",25,0.993957958198162
"S0011",26,1.03329083234382
"S0011",27,1.04292417132743
"S0011",28,1.05785967511484
"S0011",29,1.08175352791057
"S0011",30,1.13173251932873
"S0011",31,1.25613005270019
"S0011",32,1.33575816384346
"S0011",33,1.3533021471243
"S0011",34,1.37206994197127
"S0011",35,1.38185156259165
"S0011",36,1.44545093282477
"S0011",37,1.52022976213908
"S0011",38,1.56449209283732
"S0011",39,1.57953360983151
"S0011",40,1.60354821344016
"S0011",41,1.65341235665315
"S0011",42,1.69438154196507
"S0011",43,1.6971204924069
"S0011",44,1.70408998954908
"S0011",45,1.70815888315399
"S0011",46,1.74107690864544
"S0011",47,1.75539425584976
"S0011",48,1.76655537792443
"S0011",49,1.77996727637816
"S0011",50,1.78651911290025
"S0011",51,1.85273733399443
"S0011",52,1.88638394132064
"S0011",53,1.94178612088643
"S0011",54,1.97449996182965
"S0011",55,1.99062684580603
"S0011",56,2.00526797982773
"S0011",57,2.03384416861322
"S0011",58,2.05993988290981
"S0011",59,2.06721453019719
"S0011",60,2.13965601874093
"S0011",61,2.15608085195163
"S0011",62,2.17122370693582
"S0011",63,2.26448389862181
"S0011",64,2.32645555625083
"S0011",65,2.39546660520074
"S0011",66,2.42199175091516
"S0011",67,2.44491498584353
"S0011",68,2.46583039596633
"S0011",69,2.4839323005129
"S0011",70,2.49361289866414
"S0011",71,2.51706654715278
"S0011",72,2.53643894837432
"S0011",73,2.56415309735977
"S0011",74,2.58124549480423
"S0011",75,2.59094611547902
"S0011",76,2.59823140659823
"S0011",77,2.60740020087474
"S0011",78,2.61346399312219
"S0011",79,2.62075691521125
"S0011",80,2.63096507004104
"S0011",81,2.63744920707775
"S0011",82,2.64468102965579
"S0011",83,2.65179639376904
"S0011",84,2.6650823847122
"S0011",85,2.68082605852897
"S0011",86,2.70943309172357
"S0011",87,2.73568812022264
"S0011",88,2.75573760515552
"S0011",89,2.77686006018624
"S0011",90,2.812526601504
"S0011",91,2.84948634719265
"S0011",92,2.87299486794075
"S0011",93,2.89343633635782
"S0011",94,2.9231650857809
"S0011",95,2.95343781234416
"S0011",96,2.98276277379312
"S0011",97,3.00430719474379
"S0011",98,3.02366679777953
"S0011",99,3.12959350337037
"S0011",100,3.22049359948903
"S0011",101,3.24505638882303
"S0011",102,3.2815628540068
"S0011",103,3.33657694147567
"S0011",104,3.34115062531213
"S0011",105,3.35314290574599
"S0011",106,3.36757111421429
"S0011",107,3.38197616577357
"S0011",108,3.40636047732845
"S0011",109,3.41567887628129
"S0011",110,3.46843432653093
"S0011",111,3.47284748320152
"S0011",112,3.47620992994185
"S0011",113,3.49939973467863
"S0011",114,3.52166177929048
"S0011",115,3.53140091918771
"S0011",116,3.53942968729497
"S0011",117,3.54571648444407
"S0011",118,3.55041674814939
"S0011",119,3.57255324029477
"S0011",120,3.6093259136047
"S0011",121,3.63803469957761
"S0011",122,3.68702104644434
"S0011",123,3.70214843336452
"S0011",124,3.75092600992607
"S0011",125,3.81739523445741
"S0011",126,3.91170091389447
"S0011",127,3.94982225868517
"S0011",128,4.07204859619876
"S0011",129,4.110905374163
"S0011",130,4.14663533687817
"S0011",131,4.19711741700417
"S0011",132,4.24290985092094
"S0011",133,4.27774771434602
"S0011",134,4.33687167638318
"S0011",135,4.39594796777343
"S0011",136,4.45303623231266
"S0011",137,4.50850216376744
"S0011",138,4.5515031752098
"S0011",139,4.62003243498076
"S0011",140,4.66489883476452
"S0011",141,5.0740819259086
"S0011",142,5.16341737530139
"S0011",143,5.23661906044128
"S0011",144,5.33641604863874
"S0011",145,5.42191746250018
"S0011",146,5.4873285188715
"S0011",147,5.56128011581848
"S0011",148,5.64760178423947
"S0011",149,5.72461939745617
"S0011",150,5.83418849339304
"S0011",151,5.9585713006352
"S0011",152,6.0534236553152
"S0011",153,6.13091440271473
"S0011",154,6.20180498014404
"S0011",155,6.60965873439531
"S0012",1,0
"S0012",2,0.0738980125172593
"S0012",3,0.143336237985344
"S0012",4,0.214710004180136
"S0012",5,0.253513482304245
"S0012",6,0.28055369145958
"S0012",7,0.29636299574663
"S0012",8,0.31125443844538
"S0012",9,0.328263657049905
"S0012",10,0.39090146944764
"S0012",11,0.408478955418979
"S0012",12,0.417171295970049
"S0012",13,0.430905745605935
"S0012",14,0.444604789067468
"S0012",15,0.453722928237948
"S0012",16,0.467903480666519
"S0012",17,0.580947300397324
"S0012",18,0.62908122781967
"S0012",19,0.7122263345744
"S0012",20,1.21022229756857
"S0012",21,1.31505086087748
"S0012",22,1.34612375779566
"S0012",23,1.37718674896107
"S0012",24,1.49925591471736
"S0012",25,1.61723599461999
"S0012",26,1.70292626346066
"S0012",27,1.75203006863182
"S0012",28,1.82993985790419
"S0012",29,1.92074600464756
"S0012",30,1.99945367776635
"S0012",31,2.09042020692348
"S0012",32,2.25807377222604
"S0012",33,2.67485475634834
"S0012",34,2.71773047360469
"S0012",35,2.77446228293889
"S0012",36,2.79726632553341
"S0012",37,2.86792117125874
"S0012",38,2.87031254214557
"S0012",39,2.89569258510607
"S0012",40,2.9026306709964
"S0012",41,2.9189345961158
"S0012",42,2.95005525199289
"S0012",43,2.96937894956888
"S0012",44,2.99796588416387
"S0012",45,3.0605906714069
"S0012",46,3.06680035553941
"S0012",47,3.07325079222722
"S0012",48,3.07672697650426
"S0012",49,3.09277115290738
"S0012",50,3.10287982482351
"S0012",51,3.10695731431454
"S0012",52,3.11212619619237
"S0012",53,3.11763006364337
"S0012",54,3.1241028432819
"S0012",55,3.17010632195946
"S0012",56,3.18204707940041
"S0012",57,3.21360369316119
"S0012",58,3.26488158364733
"S0012",59,3.28744210495258
"S0012",60,3.32559679933776
"S0012",61,3.35466258771263
"S0012",62,3.3678959479238
"S0012",63,3.40441502795119
"S0012",64,3.43940865263233
"S0012",65,3.48054380689317
"S0012",66,3.55226955050985
"S0012",67,3.58936222185833
"S0012",68,3.64671503486452
"S0012",69,3.84964069221175
"S0012",70,3.89260301334535
"S0012",71,4.02220001545649
"S0012",72,4.08092032181967
"S0012",73,4.13984711773032
"S0012",74,4.25978265224344
"S0012",75,4.35894350534252
"S0012",76,4.37002432553122
"S0012",77,4.37684385837369
"S0012",78,4.38456814184632
"S0012",79,4.39250114358069
"S0012",80,4.40620704959222
"S0012",81,4.42083802136314
"S0012",82,4.42687354137736
"S0012",83,4.44087865101251
"S0012",84,4.48313692034639
"S0012",85,4.60242856336841
"S0012",86,4.70882824765545
"S0012",87,4.74005707478489
"S0012",88,4.76520318777535
"S0012",89,4.78754576757708
"S0012",90,4.80558908710408
"S0012",91,4.82035435906907
"S0012",92,4.83777109593181
"S0012",93,4.86541579390556
"S0012",94,4.87229857384046
"S0012",95,4.91518599804625
"S0012",96,4.94926685063288
"S0012",97,4.99531558877059
"S0012",98,5.02886507245418
"S0012",99,5.04014995503079
"S0012",100,5.06585565721985
"S0012",101,5.09744236261994
"S0012",102,5.11804800904278
"S0012",103,5.16058448115381
"S0012",104,5.2106035046216
"S0012",105,5.25868198648462
"S0012",106,5.28384682282211
"S0012",107,5.30719631885127
"S0012",108,5.33365470347901
"S0012",109,5.35406536859879
"S0012",110,5.37967580850023
"S0012",111,5.49120385202156
"S0012",112,5.54709510735112
"S0012",113,5.58536728546672
"S0012",114,5.62725650180071
"S0012",115,5.67768846431176
"S0012",116,5.71149729873611
"S0012",117,5.75689811212752
"S0012",118,5.78885895156948
"S0012",119,5.83272401319512
"S0012",120,5.87015417894582
"S0012",121,5.90694808897134
"S0012",122,5.95977124870422
"S0012",123,6.04281340314628
"S0012",124,6.09549595951294
"S0012",125,6.26758154561449
"S0012",126,6.29430382245677
"S0012",127,6.317159768803
"S0012",128,6.33258571619802
"S0012",129,6.36787233455654
"S0012",130,6.38322824542846
"S0012",131,6.42028365167216
"S0012",132,6.43910261705922
"S0012",133,6.45440789826319
"S0012",134,6.4771438938377
"S0012",135,6.49814156974738
"S0012",136,6.5127299968072
"S0012",137,6.53175759837033
"S0012",138,6.56984784918131
"S0012",139,6.58348938310711
"S0012",140,6.60187059173827
"S0012",141,6.61078747757234
"S0012",142,6.62042030510788
"S0012",143,6.6265906121945
"S0012",144,6.63178286525942
"S0012",145,6.63660177767477
"S0012",146,6.64928525113463
"S0012",147,6.67184685932314
"S0012",148,6.69251722604264
"S0012",149,6.71539268912976
"S0012",150,6.73835021265269
"S0012",151,6.76134760118985
"S0012",152,6.7869804983449
"S0012",153,6.81327450939865
"S0012",154,6.84008193390988
"S0013",1,0
"S0013",2,0.0200438373480941
"S0013",3,0.0350799862598669
"S0013",4,0.110825233522997
"S0013",5,0.12316360686009
"S0013",6,0.18992671412912
"S0013",7,0.216800165054839
"S0013",8,0.238311097413025
"S0013",9,0.268669226998904
"S0013",10,0.281526202897083
"S0013",11,0.30837136632286
"S0013",12,0.348130724046374
"S0013",13,0.358250021272682
"S0013",14,0.362291243841346
"S0013",15,0.376085340410658
"S0013",16,0.391347623987002
"S0013",17,0.399173768098533
"S0013",18,0.413498742654492
"S0013",19,0.446424499772314
"S0013",20,0.467444060769608
"S0013",21,0.480812320859622
"S0013",22,0.487876364221374
"S0013",23,0.501422851127494
"S0013",24,0.535332528348414
"S0013",25,0.552244382262286
"S0013",26,0.565484989030373
"S0013",27,0.591375895564597
"S0013",28,0.606830109696701
"S0013",29,0.625928750794833
"S0013",30,0.636264465735854
"S0013",31,0.686465575139898
"S0013",32,0.718836782559477
"S0013",33,0.785013754051444
"S0013",34,0.813007621240615
"S0013",35,0.867382997965331
"S0013",36,0.926042014521081
"S0013",37,1.02792350607556
"S0013",38,1.04626942138476
"S0013",39,1.08429063614275
"S0013",40,1.09286065145279
"S0013",41,1.10235137652069
"S0013",42,1.12065233069479
"S0013",43,1.13462462284156
"S0013",44,1.14366175346064
"S0013",45,1.14875849655169
"S0013",46,1.15883015277624
"S0013",47,1.16864221200765
"S0013",48,1.18837804521359
"S0013",49,1.2151777133206
"S0013",50,1.22304162663637
"S0013",51,1.2967547615753
"S0013",52,1.34852766259323
"S0013",53,1.38267644637414
"S0013",54,1.4097247650929
"S0013",55,1.44180073285308
"S0013",56,1.45909454212236
"S0013",57,1.48341447830409
"S0013",58,1.50487372762191
"S0013",59,1.52363886057284
"S0013",60,1.56750956861303
"S0013",61,1.57384876646748
"S0013",62,1.58993551945937
"S0013",63,1.59924703197248
"S0013",64,1.63796816804169
"S0013",65,1.64834452811169
"S0013",66,1.6627814960235
"S0013",67,1.69347731392982
"S0013",68,1.71915023594842
"S0013",69,1.72912853886681
"S0013",70,1.76205293577238
"S0013",71,1.7835647641047
"S0013",72,1.81568569951419
"S0013",73,1.82468015353996
"S0013",74,1.85882411989382
"S0013",75,1.86849095349173
"S0013",76,1.8809429508633
"S0013",77,1.89647845792425
"S0013",78,1.91387603455392
"S0013",79,1.91785528996565
"S0013",80,1.92938667936364
"S0013",81,1.95979280189843
"S0013",82,1.97018440274841
"S0013",83,1.98404190722033
"S0013",84,2.00531280491417
"S0013",85,2.01914926911103
"S0013",86,2.0756555865243
"S0013",87,2.11476391152557
"S0013",88,2.16299684272052
"S0013",89,2.21808009256809
"S0013",90,2.25263532061524
"S0013",91,2.29712297734292
"S0013",92,2.34793422622285
"S0013",93,2.39774403950858
"S0013",94,2.43560512017532
"S0013",95,2.49424606777174
"S0013",96,2.52461288668416
"S0013",97,2.54247147658056
"S0013",98,2.55630878148114
"S0013",99,2.57404451578362
"S0013",100,2.58258709530455
"S0013",101,2.60275894932207
"S0013",102,2.63744633683116
"S0013",103,2.68359585258114
"S0013",104,2.72734046701906
"S0013",105,2.76840243433363
"S0013",106,2.79440593409666
"S0013",107,2.85414512653557
"S0013",108,2.9572850836791
"S0013",109,3.05708469401781
"S0013",110,3.11516249598076
"S0013",111,3.17152884095734
"S0013",112,3.2402063334225
"S0013",113,3.3193774734242
"S0013",114,3.37949823480719
"S0013",115,3.43989193995838
"S0013",116,3.48868842248999
"S0013",117,3.53031851957901
"S0013",118,3.58336153513996
"S0013",119,3.63519394409117
"S0013",120,3.71635766893758
"S0013",121,3.79260860557521
"S0013",122,3.84700005659084
"S0013",123,3.89062577284305
"S0013",124,3.92406088548631
"S0013",125,3.99833523151028
"S0013",126,4.02567175573766
"S0013",127,4.07200175773104
"S0013",128,4.12733305867549
"S0013",129,4.16679387524396
"S0013",130,4.20674697707134
"S0013",131,4.24655631002663
"S0013",132,4.29214440865447
"S0013",133,4.3123722710791
"S0013",134,4.3488966757384
"S0013",135,4.42247411249664
"S0013",136,4.78248128186438
"S0013",137,4.81454738887057
"S0013",138,4.84300821175287
"S0013",139,5.25054767478677
"S0013",140,5.31612702227716
"S0013",141,5.39982382337084
"S0013",142,5.45077538651099
"S0013",143,5.47733811423751
"S0013",144,5.53191898953335
"S0013",145,5.57311985877604
"S0013",146,5.58191721744732
"S0013",147,5.58722048386254
"S0013",148,5.5931399438362
"S0013",149,5.59988458860206
"S0013",150,5.61499343316946
"S0013",151,5.62745874589574
"S0013",152,5.63803909772675
"S0013",153,5.65166468324796
"S0013",154,5.70934602437266
"S0013",155,5.7193364897528
"S0013",156,5.73469753263347
"S0013",157,5.7499034013102
"S0013",158,5.75643417812058
"S0013",159,5.76682917159136
"S0013",160,5.78587331378105
"S0013",161,5.83926239319455
"S0013",162,5.86211955919844
"S0013",163,5.91782750102853
"S0013",164,5.94277066612403
"S0013",165,5.95235978377877
"S0013",166,6.00911687448279
"S0013",167,6.04097033000343
"S0013",168,6.13526010763711
"S0014",1,0
"S0014",2,0.100724913172345
"S0014",3,0.194187215922602
"S0014",4,0.407017548507937
"S0014",5,0.559349443095269
"S0014",6,0.633957039614065
"S0014",7,0.766448791701336
"S0014",8,0.868329521078629
"S0014",9,1.09535642387658
"S0014",10,1.24089224933822
"S0014",11,1.35611691499128
"S0014",12,1.5382521052926
"S0014",13,1.71021810968146
"S0014",14,1.82407386183654
"S0014",15,2.01191829840477
"S0014",16,2.18121620870589
"S0014",17,2.32986111097999
"S0014",18,2.38980078115552
"S0014",19,2.48955478130648
"S0014",20,2.62901906208978
"S0014",21,2.75546767649028
"S0014",22,2.85063075747469
"S0014",23,3.19046553669827
"S0014",24,3.40766566155045
"S0014",25,3.97583183279265
"S0014",26,4.1331633293753
"S0014",27,4.17169668530973
"S0014",28,4.23143870045935
"S0014",29,4.3270141116423
"S0014",30,4.52693007731491
"S0014",31,5.02452021080078
"S0014",32,5.34303265537384
"S0014",33,5.41320858849719
"S0014",34,5.48827976788509
"S0014",35,5.5274062503666
"S0014",36,5.78180373129906
"S0014",37,6.08091904855633
"S0014",38,6.25796837134929
"S0014",39,6.31813443932605
"S0014",40,6.41419285376065
"S0014",41,6.61364942661258
"S0014",42,6.77752616786027
"S0014",43,6.7884819696276
"S0014",44,6.81635995819633
"S0014",45,6.83263553261595
"S0014",46,6.96430763458177
"S0014",47,7.02157702339905
"S0014",48,7.06622151169771
"S0014",49,7.11986910551264
"S0014",50,7.14607645160101
"S0014",51,7.41094933597771
"S0014",52,7.54553576528254
"S0014",53,7.76714448354572
"S0014",54,7.89799984731862
"S0014",55,7.96250738322414
"S0014",56,8.02107191931091
"S0014",57,8.13537667445289
"S0014",58,8.23975953163926
"S0014",59,8.26885812078877
"S0014",60,8.55862407496372
"S0014",61,8.62432340780653
"S0014",62,8.68489482774329
"S0014",63,9.05793559448724
"S0014",64,9.3058222250033
"S0014",65,9.58186642080297
"S0014",66,9.68796700366062
"S0014",67,9.77965994337412
"S0014",68,9.86332158386534
"S0014",69,9.9357292020516
"S0014",70,9.97445159465654
"S0014",71,10.0682661886111
"S0014",72,10.1457557934973
"S0014",73,10.2566123894391
"S0014",74,10.3249819792169
"S0014",75,10.3637844619161
"S0014",76,10.3929256263929
"S0014",77,10.429600803499
"S0014",78,10.4538559724888
"S0014",79,10.483027660845
"S0014",80,10.5238602801641
"S0014",81,10.549796828311
"S0014",82,10.5787241186232
"S0014",83,10.6071855750762
"S0014",84,10.6603295388488
"S0014",85,10.7233042341159
"S0014",86,10.8377323668943
"S0014",87,10.9427524808905
"S0014",88,11.0229504206221
"S0014",89,11.1074402407449
"S0014",90,11.250106406016
"S0014",91,11.3979453887706
"S0014",92,11.491979471763
"S0014",93,11.5737453454313
"S0014",94,11.6926603431236
"S0014",95,11.8137512493766
"S0014",96,11.9310510951725
"S0014",97,12.0172287789752
"S0014",98,12.0946671911181
"S0014",99,12.5183740134815
"S0014",100,12.8819743979561
"S0014",101,12.9802255552921
"S0014",102,13.1262514160272
"S0014",103,13.3463077659027
"S0014",104,13.3646025012485
"S0014",105,13.412571622984
"S0014",106,13.4702844568572
"S0014",107,13.5279046630943
"S0014",108,13.6254419093138
"S0014",109,13.6627155051252
"S0014",110,13.8737373061237
"S0014",111,13.8913899328061
"S0014",112,13.9048397197674
"S0014",113,13.9975989387145
"S0014",114,14.0866471171619
"S0014",115,14.1256036767508
"S0014",116,14.1577187491799
"S0014",117,14.1828659377763
"S0014",118,14.2016669925975
"S0014",119,14.2902129611791
"S0014",120,14.4373036544188
"S0014",121,14.5521387983104
"S0014",122,14.7480841857774
"S0014",123,14.8085937334581
"S0014",124,15.0037040397043
"S0014",125,15.2695809378296
"S0014",126,15.6468036555779
"S0014",127,15.7992890347407
"S0014",128,16.2881943847951
"S0014",129,16.443621496652
"S0014",130,16.5865413475127
"S0014",131,16.7884696680167
"S0014",132,16.9716394036837
"S0014",133,17.1109908573841
"S0014",134,17.3474867055327
"S0014",135,17.5837918710937
"S0014",136,17.8121449292506
"S0014",137,18.0340086550698
"S0014",138,18.2060127008392
"S0014",139,18.4801297399231
"S0014",140,18.6595953390581
"S0014",141,20.2963277036344
"S0014",142,20.6536695012056
"S0014",143,20.9464762417651
"S0014",144,21.345664194555
"S0014",145,21.6876698500007
"S0014",146,21.949314075486
"S0014",147,22.2451204632739
"S0014",148,22.5904071369579
"S0014",149,22.8984775898247
"S0014",150,23.3367539735722
"S0014",151,23.8342852025408
"S0014",152,24.2136946212608
"S0014",153,24.5236576108589
"S0014",154,24.8072199205762
"S0014",155,26.4386349375812
"S0015",1,0
"S0015",2,0.145949318762263
"S0015",3,0.244241022712844
"S0015",4,0.354435267140608
"S0015",5,0.467419755581517
"S0015",6,0.544388703464149
"S0015",7,0.644666416772437
"S0015",8,0.77697198222472
"S0015",9,0.871891559175538
"S0015",10,0.937094189405822
"S0015",11,1.07474661462746
"S0015",12,1.19906216507448
"S0015",13,1.28257610398382
"S0015",14,1.59670527160205
"S0015",15,1.65218306627834
"S0015",16,1.69947914008116
"S0015",17,1.74032088138732
"S0015",18,1.77853224594544
"S0015",19,1.82808235951493
"S0015",20,1.87175825909002
"S0015",21,1.91458863114799
"S0015",22,1.98337383535202
"S0015",23,2.03399294665071
"S0015",24,2.08065139138035
"S0015",25,2.12576677553223
"S0015",26,2.16425893617706
"S0015",27,2.20754504608223
"S0015",28,2.25229883801653
"S0015",29,2.29194464718193
"S0015",30,2.3418889242705
"S0015",31,2.62868653535061
"S0015",32,2.86735463044755
"S0015",33,2.89743943442062
"S0015",34,2.948301812944
"S0015",35,3.02215437656862
"S0015",36,3.10547532100773
"S0015",37,3.14356865764681
"S0015",38,3.17098797779312
"S0015",39,3.18791027077891
"S0015",40,3.20471790575168
"S0015",41,3.26704756078963
"S0015",42,3.28172670206105
"S0015",43,3.29429182499987
"S0015",44,3.31420226223454
"S0015",45,3.32408733093307
"S0015",46,3.33696291170062
"S0015",47,3.35774574652034
"S0015",48,3.4334285162823
"S0015",49,3.50045538606723
"S0015",50,3.52682449455443
"S0015",51,3.56725294044779
"S0015",52,3.66001193505121
"S0015",53,3.76295931788297
"S0015",54,3.82825090660797
"S0015",55,3.88540630535119
"S0015",56,3.89968740308605
"S0015",57,3.92613343037434
"S0015",58,3.93326481461342
"S0015",59,3.94493492989666
"S0015",60,3.9571727321466
"S0015",61,3.96641866719618
"S0015",62,4.04545353556384
"S0015",63,4.11009452633978
"S0015",64,4.20762141064265
"S0015",65,4.24126928193359
"S0015",66,4.29344264076639
"S0015",67,4.33561956175051
"S0015",68,4.37111350976953
"S0015",69,4.44289131475466
"S0015",70,4.48750324013256
"S0015",71,4.5120248531633
"S0015",72,4.53133821605099
"S0015",73,4.5510381368721
"S0015",74,4.58426769857594
"S0015",75,4.65704706361119
"S0015",76,4.67428105539802
"S0015",77,4.70990911934685
"S0015",78,4.73633712080116
"S0015",79,4.75808055940921
"S0015",80,4.81314595888017
"S0015",81,4.82251020339517
"S0015",82,4.86838226497263
"S0015",83,4.90484452762753
"S0015",84,4.94908295918233
"S0015",85,4.96338806560048
"S0015",86,4.96976331014678
"S0015",87,5.06430515835707
"S0015",88,5.18847260243601
"S0015",89,5.22632675040432
"S0015",90,5.2478395699658
"S0015",91,5.27776892643853
"S0015",92,5.29559078031143
"S0015",93,5.34074075670914
"S0015",94,5.37635904514302
"S0015",95,5.41323536107515
"S0015",96,5.44900157145063
"S0015",97,5.4539471915175
"S0015",98,5.46932181096314
"S0015",99,5.4778714449858
"S0015",100,5.48745680120655
"S0015",101,5.4979739902121
"S0015",102,5.51080732309628
"S0015",103,5.53135680484606
"S0015",104,5.55806322685059
"S0015",105,5.59052055446387
"S0015",106,5.6170789263602
"S0015",107,5.64907986872629
"S0015",108,5.67513355129697
"S0015",109,5.68440469604777
"S0015",110,5.70764811532598
"S0015",111,5.75566777958233
"S0015",112,5.78812471683066
"S0015",113,5.81432127193976
"S0015",114,5.8398773226877
"S0015",115,5.87180105984317
"S0015",116,5.89865147180492
"S0015",117,5.90914650309211
"S0015",118,6.2628301259953
"S0015",119,6.29766079893777
"S0015",120,6.3582374856116
"S0015",121,6.42986184750535
"S0015",122,6.46416905664974
"S0015",123,6.50492507712296
"S0015",124,6.52360143373388
"S0015",125,6.55349884177087
"S0015",126,6.59571706003074
"S0015",127,6.62834797599162
"S0015",128,6.69892019821853
"S0015",129,6.7160719408907
"S0015",130,6.72147920137722
"S0015",131,6.72971505479673
"S0015",132,6.74680532261252
"S0015",133,6.76405343422774
"S0015",134,6.77248948078118
"S0015",135,6.77961496791884
"S0015",136,6.78917296950478
"S0015",137,6.83200713103221
"S0015",138,6.87176169606447
"S0015",139,6.89547071338879
"S0015",140,6.92165616332613
"S0015",141,6.93257923973774
"S0015",142,6.98740327228781
"S0015",143,7.0051596399473
"S0015",144,7.05657119326657
"S0015",145,7.10172538685231
"S0015",146,7.14426379830085
"S0015",147,7.17576670788179
"S0015",148,7.21402050214518
"S0015",149,7.26859188946155
"S0015",150,7.2978392813507
"S0015",151,7.32165632512532
"S0015",152,7.37933070268073
"S0016",1,0
"S0016",2,0.0362630217060438
"S0016",3,0.0673391567395054
"S0016",4,0.100306990524078
"S0016",5,0.130022003511633
"S0016",6,0.173406452053909
"S0016",7,0.205480120905268
"S0016",8,0.257262735554234
"S0016",9,0.285878119920183
"S0016",10,0.345997284977362
"S0016",11,0.392250011688174
"S0016",12,0.44074671369896
"S0016",13,0.492880212803964
"S0016",14,0.536131317192755
"S0016",15,0.578596212224898
"S0016",16,0.61656131270975
"S0016",17,0.873568690602483
"S0016",18,1.14600922371894
"S0016",19,1.33892428911925
"S0016",20,1.4063582135374
"S0016",21,1.46360498788364
"S0016",22,1.52006081674989
"S0016",23,1.57227560762828
"S0016",24,1.6298795204218
"S0016",25,1.68311934811149
"S0016",26,1.7330649007658
"S0016",27,1.79344264881968
"S0016",28,1.85612703186786
"S0016",29,1.92464906072117
"S0016",30,1.99000807611506
"S0016",31,2.05169939899168
"S0016",32,2.11395197965997
"S0016",33,2.18134491164158
"S0016",34,2.47803149057008
"S0016",35,2.49767428597172
"S0016",36,2.55342958059933
"S0016",37,2.57372327274404
"S0016",38,2.60617158734174
"S0016",39,2.67159609499784
"S0016",40,2.73103604185317
"S0016",41,2.7708205370404
"S0016",42,2.80072769207382
"S0016",43,2.83326230876005
"S0016",44,2.88078172525712
"S0016",45,2.92902227167009
"S0016",46,2.97404069295749
"S0016",47,3.01860893620773
"S0016",48,3.06237899095494
"S0016",49,3.09268701929641
"S0016",50,3.13055859522856
"S0016",51,3.18030942800565
"S0016",52,3.20429161580088
"S0016",53,3.26360507089913
"S0016",54,3.28624788558811
"S0016",55,3.3604370796515
"S0016",56,3.39264098453246
"S0016",57,3.43846494828031
"S0016",58,3.55552720172099
"S0016",59,3.59729951067146
"S0016",60,3.63868237889012
"S0016",61,3.64755615540702
"S0016",62,3.65379070510458
"S0016",63,3.66266204468966
"S0016",64,3.67054057216471
"S0016",65,3.69951045137611
"S0016",66,3.77310021414921
"S0016",67,3.8436539499491
"S0016",68,3.91968858510133
"S0016",69,3.9642610280745
"S0016",70,4.00522291787649
"S0016",71,4.08230292151682
"S0016",72,4.11402470928908
"S0016",73,4.24260629035448
"S0016",74,4.30575260626351
"S0016",75,4.35955557077547
"S0016",76,4.39807940165823
"S0016",77,4.43630031662036
"S0016",78,4.47456184860371
"S0016",79,4.48811108955335
"S0016",80,4.49411931091832
"S0016",81,4.50749043150896
"S0016",82,4.52245525922998
"S0016",83,4.53090346596758
"S0016",84,4.54891608506046
"S0016",85,4.5591152089845
"S0016",86,4.60771071534246
"S0016",87,4.62298461216717
"S0016",88,4.63110565568961
"S0016",89,4.63588194548513
"S0016",90,4.64872328891979
"S0016",91,4.65579242692206
"S0016",92,4.6602223841606
"S0016",93,4.66983581828447
"S0016",94,4.67360454096027
"S0016",95,4.72573670679477
"S0016",96,4.79932227963866
"S0016",97,4.83542609952286
"S0016",98,4.86964543060731
"S0016",99,4.90082444953674
"S0016",100,4.91300291974423
"S0016",101,4.97220637117474
"S0016",102,5.0035965387441
"S0016",103,5.02082104100527
"S0016",104,5.04187047854851
"S0016",105,5.06277210147883
"S0016",106,5.10653924986746
"S0016",107,5.12587918612456
"S0016",108,5.15822206246948
"S0016",109,5.17359465590171
"S0016",110,5.18493786135263
"S0016",111,5.19224748029633
"S0016",112,5.20260838733226
"S0016",113,5.21469339746697
"S0016",114,5.21899866182378
"S0016",115,5.22791940034146
"S0016",116,5.23411969451891
"S0016",117,5.24326998800314
"S0016",118,5.26259664603386
"S0016",119,5.26944600606431
"S0016",120,5.2802389427283
"S0016",121,5.31965826316984
"S0016",122,5.34258087420017
"S0016",123,5.3804676390655
"S0016",124,5.44398286223011
"S0016",125,5.48047913448172
"S0016",126,5.5160792876872
"S0016",127,5.56297166047522
"S0016",128,5.60332937276364
"S0016",129,5.64163620828409
"S0016",130,5.65531805982249
"S0016",131,5.671126076637
"S0016",132,5.9871953187065
"S0016",133,6.01983368072876
"S0016",134,6.04535613597023
"S0016",135,6.06729585143469
"S0016",136,6.09558203770726
"S0016",137,6.13185815353943
"S0016",138,6.17630840457507
"S0016",139,6.20556241580114
"S0016",140,6.2185380485132
"S0016",141,6.22243579781666
"S0016",142,6.22532854182021
"S0016",143,6.23286983964649
"S0016",144,6.24339462476562
"S0016",145,6.25452264769029
"S0016",146,6.29736988397304
"S0016",147,6.32919913125892
"S0016",148,6.41319427457891
"S0016",149,6.42771160729576
"S0016",150,6.44591099448116
"S0016",151,6.47867246148965
"S0016",152,6.52659599242055
"S0016",153,6.56477946089856
"S0016",154,6.63415271273169
"S0016",155,6.67363565391783
"S0016",156,6.68324061564167
"S0016",157,6.69852776820786
"S0016",158,6.707473978122
"S0016",159,6.72418947749783
"S0016",160,6.73202122933235
"S0016",161,6.76562935341413
"S0016",162,6.82687816710238
"S0016",163,6.84165475258981
"S0016",164,6.88572310939294
"S0016",165,6.92065571389257
"S0016",166,6.99645246639525
"S0017",1,0
"S0017",2,0.0332425067407945
"S0017",3,0.0636382435081792
"S0017",4,0.167104015168554
"S0017",5,0.319157822109636
"S0017",6,0.561755778569658
"S0017",7,0.627200935681256
"S0017",8,0.744483126322365
"S0017",9,0.842953776389625
"S0017",10,0.951204829377494
"S0017",11,1.00186179724685
"S0017",12,1.02866199158897
"S0017",13,1.08318128808577
"S0017",14,1.36318710740726
"S0017",15,1.44018179021657
"S0017",16,1.49329565263571
"S0017",17,1.64390215823729
"S0017",18,1.8173491953729
"S0017",19,1.85752342922084
"S0017",20,1.89160984767834
"S0017",21,1.90332322992498
"S0017",22,1.9563437570227
"S0017",23,2.1471531252107
"S0017",24,2.41613986977664
"S0017",25,2.51848070230853
"S0017",26,2.7519532357777
"S0017",27,3.05864754850586
"S0017",28,3.11874670233374
"S0017",29,3.24735775683991
"S0017",30,3.33326430264515
"S0017",31,3.38804389029305
"S0017",32,3.46268803941786
"S0017",33,3.51313219855845
"S0017",34,3.83227264382964
"S0017",35,4.07882622574108
"S0017",36,4.40698183826564
"S0017",37,4.68754101205832
"S0017",38,4.95507375618112
"S0017",39,5.15949746109826
"S0017",40,5.38494825951499
"S0017",41,5.57299789804236
"S0017",42,5.74646383532416
"S0017",43,6.09268383487932
"S0017",44,6.26921253885111
"S0017",45,6.43927230400571
"S0017",46,8.13556050670871
"S0017",47,8.54213054280681
"S0017",48,8.7899057906106
"S0017",49,9.17301601598059
"S0017",50,9.90599680588096
"S0017",51,10.0662893942895
"S0017",52,10.1345142647085
"S0017",53,10.1715757111131
"S0017",54,10.2366552391726
"S0017",55,10.2824714718
"S0017",56,10.3177640610847
"S0017",57,10.3559643444546
"S0017",58,10.6113166608047
"S0017",59,10.730941440471
"S0017",60,10.7741323460193
"S0017",61,10.8093903675059
"S0017",62,10.8898364461752
"S0017",63,11.2261756731796
"S0017",64,11.5646347546228
"S0017",65,11.7043587699418
"S0017",66,12.0061341869258
"S0017",67,12.1311778267134
"S0017",68,12.310987197211
"S0017",69,12.3792273616412
"S0017",70,12.4415216570747
"S0017",71,12.5702593486829
"S0017",72,12.6697599813761
"S0017",73,12.7964766489872
"S0017",74,13.1969462534063
"S0017",75,14.4707865672581
"S0017",76,15.6512543930881
"S0017",77,15.8771120473227
"S0017",78,16.0877572536263
"S0017",79,16.2644525643765
"S0017",80,16.4885439351185
"S0017",81,16.6212881609964
"S0017",82,16.7552507372076
"S0017",83,16.8121066886111
"S0017",84,16.8433046512836
"S0017",85,16.8666521821963
"S0017",86,16.9199225570506
"S0017",87,16.9639775843479
"S0017",88,17.00252656644
"S0017",89,17.0483953326425
"S0017",90,17.0823736123897
"S0017",91,17.1761930631029
"S0017",92,17.2739046120319
"S0017",93,17.3782159382388
"S0017",94,17.4931872685305
"S0017",95,17.6818877021525
"S0017",96,17.8762873504583
"S0017",97,18.029011109966
"S0017",98,18.1713040625589
"S0017",99,18.3603210785287
"S0017",100,18.4967899221433
"S0017",101,18.6085638644407
"S0017",102,18.7721142966493
"S0017",103,18.8447279180202
"S0017",104,18.9304134691925
"S0017",105,19.1137282891155
"S0017",106,19.2117561715305
"S0017",107,19.4381831441026
"S0017",108,19.5780479328848
"S0017",109,19.7298847700725
"S0017",110,19.8272381897794
"S0017",111,21.7989770011941
"S0017",112,21.8590744028449
"S0017",113,21.9338947580081
"S0017",114,22.0454527140487
"S0017",115,22.0845899883212
"S0017",116,22.212685457201
"S0017",117,22.3594161814679
"S0017",118,22.4731343709024
"S0017",119,22.5876576186608
"S0017",120,22.6756728037409
"S0017",121,22.8153477655159
"S0017",122,22.9525860887457
"S0017",123,23.070740774695
"S0017",124,23.110111461293
"S0017",125,23.2570711992822
"S0017",126,23.3400206188049
"S0017",127,23.3553619879643
"S0017",128,23.3799202457313
"S0017",129,23.3904755217602
"S0017",130,23.4075781580682
"S0017",131,23.4255754861323
"S0017",132,23.4412429524335
"S0017",133,23.4608003274602
"S0017",134,23.5178744894059
"S0017",135,23.5696850149226
"S0017",136,23.6395161149455
"S0017",137,23.7076731977127
"S0017",138,23.9011556552579
"S0017",139,24.0684620431768
"S0017",140,24.1509441794631
"S0017",141,24.2707346233661
"S0017",142,24.4202939356504
"S0017",143,24.448452222696
"S0017",144,24.5552280607345
"S0017",145,24.634497206255
"S0017",146,24.87769262212
"S0017",147,25.1982497959188
"S0018",1,0
"S0018",2,0.200438373480941
"S0018",3,0.350799862598669
"S0018",4,1.10825233522997
"S0018",5,1.2316360686009
"S0018",6,1.8992671412912
"S0018",7,2.16800165054839
"S0018",8,2.38311097413025
"S0018",9,2.68669226998904
"S0018",10,2.81526202897083
"S0018",11,3.0837136632286
"S0018",12,3.48130724046374
"S0018",13,3.58250021272681
"S0018",14,3.62291243841346
"S0018",15,3.76085340410658
"S0018",16,3.91347623987002
"S0018",17,3.99173768098533
"S0018",18,4.13498742654492
"S0018",19,4.46424499772314
"S0018",20,4.67444060769608
"S0018",21,4.80812320859622
"S0018",22,4.87876364221374
"S0018",23,5.01422851127494
"S0018",24,5.35332528348414
"S0018",25,5.52244382262286
"S0018",26,5.65484989030373
"S0018",27,5.91375895564597
"S0018",28,6.06830109696701
"S0018",29,6.25928750794833
"S0018",30,6.36264465735854
"S0018",31,6.86465575139898
"S0018",32,7.18836782559477
"S0018",33,7.85013754051444
"S0018",34,8.13007621240615
"S0018",35,8.67382997965331
"S0018",36,9.26042014521081
"S0018",37,10.2792350607556
"S0018",38,10.4626942138476
"S0018",39,10.8429063614275
"S0018",40,10.9286065145279
"S0018",41,11.0235137652069
"S0018",42,11.2065233069479
"S0018",43,11.3462462284156
"S0018",44,11.4366175346064
"S0018",45,11.4875849655169
"S0018",46,11.5883015277624
"S0018",47,11.6864221200765
"S0018",48,11.8837804521359
"S0018",49,12.151777133206
"S0018",50,12.2304162663637
"S0018",51,12.967547615753
"S0018",52,13.4852766259323
"S0018",53,13.8267644637414
"S0018",54,14.097247650929
"S0018",55,14.4180073285308
"S0018",56,14.5909454212236
"S0018",57,14.8341447830409
"S0018",58,15.0487372762191
"S0018",59,15.2363886057284
"S0018",60,15.6750956861303
"S0018",61,15.7384876646748
"S0018",62,15.8993551945937
"S0018",63,15.9924703197248
"S0018",64,16.3796816804169
"S0018",65,16.4834452811169
"S0018",66,16.627814960235
"S0018",67,16.9347731392982
"S0018",68,17.1915023594842
"S0018",69,17.2912853886681
"S0018",70,17.6205293577238
"S0018",71,17.835647641047
"S0018",72,18.1568569951419
"S0018",73,18.2468015353996
"S0018",74,18.5882411989382
"S0018",75,18.6849095349173
"S0018",76,18.809429508633
"S0018",77,18.9647845792425
"S0018",78,19.1387603455392
"S0018",79,19.1785528996565
"S0018",80,19.2938667936364
"S0018",81,19.5979280189843
"S0018",82,19.7018440274841
"S0018",83,19.8404190722033
"S0018",84,20.0531280491417
"S0018",85,20.1914926911103
"S0018",86,20.756555865243
"S0018",87,21.1476391152557
"S0018",88,21.6299684272052
"S0018",89,22.1808009256809
"S0018",90,22.5263532061524
"S0018",91,22.9712297734292
"S0018",92,23.4793422622285
"S0018",93,23.9774403950858
"S0018",94,24.3560512017532
"S0018",95,24.9424606777174
"S0018",96,25.2461288668416
"S0018",97,25.4247147658056
"S0018",98,25.5630878148114
"S0018",99,25.7404451578362
"S0018",100,25.8258709530455
"S0018",101,26.0275894932207
"S0018",102,26.3744633683115
"S0018",103,26.8359585258114
"S0018",104,27.2734046701906
"S0018",105,27.6840243433363
"S0018",106,27.9440593409666
"S0018",107,28.5414512653557
"S0018",108,29.572850836791
"S0018",109,30.5708469401781
"S0018",110,31.1516249598076
"S0018",111,31.7152884095734
"S0018",112,32.402063334225
"S0018",113,33.193774734242
"S0018",114,33.7949823480719
"S0018",115,34.3989193995838
"S0018",116,34.8868842248999
"S0018",117,35.3031851957901
"S0018",118,35.8336153513996
"S0018",119,36.3519394409117
"S0018",120,37.1635766893758
"S0018",121,37.9260860557521
"S0018",122,38.4700005659084
"S0018",123,38.9062577284305
"S0018",124,39.2406088548631
"S0018",125,39.9833523151028
"S0018",126,40.2567175573766
"S0018",127,40.7200175773104
"S0018",128,41.2733305867549
"S0018",129,41.6679387524396
"S0018",130,42.0674697707134
"S0018",131,42.4655631002663
"S0018",132,42.9214440865447
"S0018",133,43.123722710791
"S0018",134,43.488966757384
"S0018",135,44.2247411249664
"S0018",136,47.8248128186438
"S0018",137,48.1454738887057
"S0018",138,48.4300821175287
"S0018",139,52.5054767478677
"S0018",140,53.1612702227716
"S0018",141,53.9982382337084
"S0018",142,54.5077538651099
"S0018",143,54.7733811423751
"S0018",144,55.3191898953335
"S0018",145,55.7311985877604
"S0018",146,55.8191721744732
"S0018",147,55.8722048386254
"S0018",148,55.931399438362
"S0018",149,55.9988458860206
"S0018",150,56.1499343316946
"S0018",151,56.2745874589574
"S0018",152,56.3803909772675
"S0018",153,56.5166468324796
"S0018",154,57.0934602437265
"S0018",155,57.193364897528
"S0018",156,57.3469753263347
"S0018",157,57.499034013102
"S0018",158,57.5643417812058
"S0018",159,57.6682917159136
"S0018",160,57.8587331378105
"S0018",161,58.3926239319455
"S0018",162,58.6211955919844
"S0018",163,59.1782750102853
"S0018",164,59.4277066612403
"S0018",165,59.5235978377877
"S0018",166,60.0911687448279
"S0018",167,60.4097033000343
"S0018",168,61.3526010763711
"S0019",1,0
"S0019",2,0.356794720349424
"S0019",3,0.619624024034078
"S0019",4,1.09531712211734
"S0019",5,1.41402999615608
"S0019",6,1.68094085874182
"S0019",7,2.0392500609673
"S0019",8,2.6416303818625
"S0019",9,2.93788559894497
"S0019",10,3.23670082715187
"S0019",11,3.47021303801582
"S0019",12,3.90989883803198
"S0019",13,4.27167127511281
"S0019",14,4.35420613936477
"S0019",15,4.41189668594378
"S0019",16,4.46600424353682
"S0019",17,4.55366065068078
"S0019",18,4.9259324498453
"S0019",19,5.11965578850789
"S0019",20,5.37667676947672
"S0019",21,5.77137546310492
"S0019",22,6.23117240926935
"S0019",23,6.76816998895158
"S0019",24,7.37051781528371
"S0019",25,7.5583454928995
"S0019",26,7.84477244839064
"S0019",27,8.34537745526664
"S0019",28,8.61338264102686
"S0019",29,9.02642399893223
"S0019",30,12.6628428736803
"S0019",31,12.9396318840156
"S0019",32,13.2250109756981
"S0019",33,13.4217420296844
"S0019",34,13.6757173860435
"S0019",35,14.1527989038682
"S0019",36,14.3702332215525
"S0019",37,14.755786185066
"S0019",38,14.9702278441133
"S0019",39,15.493366583277
"S0019",40,15.7135088318898
"S0019",41,15.8178826000115
"S0019",42,15.9241904716273
"S0019",43,15.9828274485809
"S0019",44,16.1021845066841
"S0019",45,16.1713728500263
"S0019",46,16.2706961940584
"S0019",47,16.3235345250497
"S0019",48,16.5933463850625
"S0019",49,16.9020247418962
"S0019",50,17.0848735751274
"S0019",51,17.4614284275649
"S0019",52,17.6931398345754
"S0019",53,18.1157533760984
"S0019",54,18.4711338619699
"S0019",55,18.7689247856009
"S0019",56,18.9437387806156
"S0019",57,19.1750323598159
"S0019",58,19.3550825190537
"S0019",59,20.0545674285541
"S0019",60,20.5797264341808
"S0019",61,20.8515070136778
"S0019",62,21.1468340481323
"S0019",63,21.7080708501969
"S0019",64,22.6978067593758
"S0019",65,23.0945050862244
"S0019",66,24.5883812086897
"S0019",67,25.0459059992994
"S0019",68,25.3863202462798
"S0019",69,25.5248759351359
"S0019",70,25.9272182400226
"S0019",71,26.2197115895272
"S0019",72,26.4120267226978
"S0019",73,26.9003672841428
"S0019",74,27.2956088578489
"S0019",75,27.6627524415878
"S0019",76,27.9734970185661
"S0019",77,28.2598103660787
"S0019",78,32.8069936151313
"S0019",79,33.3518466983079
"S0019",80,34.1969784433852
"S0019",81,34.8470547180212
"S0019",82,35.226610775446
"S0019",83,35.97962435996
"S0019",84,36.8299501286261
"S0019",85,37.669309200744
"S0019",86,38.0423983592144
"S0019",87,38.338815043902
"S0019",88,38.8706676581242
"S0019",89,39.4783557470449
"S0019",90,39.7457452748689
"S0019",91,42.2729583178434
"S0019",92,44.2567335647318
"S0019",93,45.9960559964899
"S0019",94,46.7488146275308
"S0019",95,47.7412176838971
"S0019",96,48.5806765172229
"S0019",97,48.6153454177694
"S0019",98,49.0494530940906
"S0019",99,49.1829195111965
"S0019",100,49.2756641822904
"S0019",101,49.3007814962226
"S0019",102,49.3429381526645
"S0019",103,49.9496542467603
"S0019",104,50.1080634544266
"S0019",105,50.9446632847334
"S0019",106,51.0246273905512
"S0019",107,51.2336873625209
"S0019",108,51.2608293950788
"S0019",109,51.2941227677264
"S0019",110,51.8986460636192
"S0019",111,52.2776050594556
"S0019",112,52.4210283342671
"S0019",113,52.7815895872257
"S0019",114,52.8280082299989
"S0019",115,52.8920567266321
"S0019",116,52.9666521079659
"S0019",117,52.9907301859094
"S0019",118,53.127978035934
"S0019",119,53.1819710819004
"S0019",120,53.2840626093372
"S0019",121,53.3759393668733
"S0019",122,53.4935335100631
"S0019",123,53.8518937349598
"S0019",124,54.0543783651461
"S0019",125,54.4045962434661
"S0019",126,54.7352555784221
"S0019",127,54.7910869149811
"S0019",128,54.8834385143572
"S0019",129,55.1198261786911
"S0019",130,55.8611640410654
"S0019",131,56.3113666103952
"S0019",132,56.5779316499304
"S0019",133,57.053240226827
"S0019",134,57.9516544576852
"S0019",135,58.517278623593
"S0019",136,58.631588870159
"S0019",137,58.7035026570133
"S0019",138,58.8123446449001
"S0019",139,59.0694716671843
"S0019",140,59.2154182974477
"S0019",141,59.3764989153854
"S0019",142,60.7760286417065
"S0019",143,61.3642714155214
"S0019",144,61.4581946008964
"S0019",145,61.9404716483833
"S0019",146,64.4686805151759
"S0019",147,64.8746502904771
"S0019",148,65.1692386210288
"S0019",149,65.2891440517313
"S0019",150,65.3403364658965
"S0019",151,65.3848782347462
"S0019",152,65.4825769500643
"S0019",153,65.6394617263504
"S0019",154,65.71145264811
"S0019",155,66.3311036276904
"S0019",156,66.5654699424971
"S0019",157,66.6364475015049
"S0019",158,66.7970596262014
"S0019",159,67.1988183605742
"S0019",160,67.6758323184785
"S0019",161,69.088119859062
"S0020",1,0
"S0020",2,0.289843748665791
"S0020",3,0.475777249775174
"S0020",4,0.591985817787231
"S0020",5,0.791755609328194
"S0020",6,0.952919156017362
"S0020",7,0.979703778476145
"S0020",8,1.02619614212615
"S0020",9,1.05373364276327
"S0020",10,1.10385805382684
"S0020",11,1.18469324215033
"S0020",12,1.24627082686708
"S0020",13,1.28612342259203
"S0020",14,1.50403427787413
"S0020",15,1.5744624551223
"S0020",16,1.60618014537574
"S0020",17,1.6688047810181
"S0020",18,1.68643631661928
"S0020",19,1.71936963202215
"S0020",20,1.74815976750575
"S0020",21,1.80173999533834
"S0020",22,1.83983713407847
"S0020",23,1.89445669640114
"S0020",24,2.19063512958967
"S0020",25,2.36012475260713
"S0020",26,2.47261856685289
"S0020",27,2.54747547769168
"S0020",28,2.65316809753187
"S0020",29,3.16994554712338
"S0020",30,3.44299424582588
"S0020",31,4.02100461785084
"S0020",32,4.15001661424501
"S0020",33,4.50649789260807
"S0020",34,4.78262474861556
"S0020",35,5.15298439697127
"S0020",36,5.62468662119739
"S0020",37,5.98680692865947
"S0020",38,6.21895562099929
"S0020",39,6.71582819271243
"S0020",40,7.07126674875149
"S0020",41,7.86694548323283
"S0020",42,8.75862190395126
"S0020",43,9.66526663153896
"S0020",44,9.76008604247775
"S0020",45,9.9471530233344
"S0020",46,10.1930900269308
"S0020",47,10.272410724431
"S0020",48,10.343644234564
"S0020",49,10.4220348563646
"S0020",50,10.4904467650719
"S0020",51,10.5925851926619
"S0020",52,10.655432103002
"S0020",53,10.747449825555
"S0020",54,10.7935654881734
"S0020",55,10.8740487659593
"S0020",56,11.081912632617
"S0020",57,11.3862969925263
"S0020",58,11.5046273534037
"S0020",59,11.5701851095289
"S0020",60,11.6890750384049
"S0020",61,11.8461185737433
"S0020",62,11.971634072059
"S0020",63,12.0866736241003
"S0020",64,12.2330831279822
"S0020",65,12.3300360135447
"S0020",66,12.8074781728106
"S0020",67,12.9717770214702
"S0020",68,13.092994166067
"S0020",69,13.2600589313301
"S0020",70,13.328606685714
"S0020",71,13.3881165976625
"S0020",72,13.4788030097564
"S0020",73,13.513195033777
"S0020",74,13.5596760789416
"S0020",75,13.587469643237
"S0020",76,13.9228144189914
"S0020",77,14.1103654960573
"S0020",78,14.4150865664014
"S0020",79,14.7602055750625
"S0020",80,15.3523020718951
"S0020",81,15.4993432174774
"S0020",82,15.7244073001654
"S0020",83,15.8464064105035
"S0020",84,15.9794362841825
"S0020",85,16.1021402301645
"S0020",86,16.2064187438196
"S0020",87,16.3945721583347
"S0020",88,16.5558230938292
"S0020",89,16.759656455139
"S0020",90,18.7327477792784
"S0020",91,19.0132806481908
"S0020",92,19.0641663519975
"S0020",93,19.1671860469399
"S0020",94,19.3681814788956
"S0020",95,19.4576361423266
"S0020",96,19.5869127233546
"S0020",97,19.602787225802
"S0020",98,19.6377057501945
"S0020",99,19.6547933911248
"S0020",100,19.6703406460894
"S0020",101,19.6803431584567
"S0020",102,19.7211097056394
"S0020",103,19.8197559550221
"S0020",104,19.9294144890606
"S0020",105,20.0877298148731
"S0020",106,20.1338301021493
"S0020",107,20.2688529498173
"S0020",108,20.3246275144308
"S0020",109,20.3472388557095
"S0020",110,20.4097184785601
"S0020",111,20.508890385496
"S0020",112,20.6255331555975
"S0020",113,20.6848641260979
"S0020",114,20.7461891466376
"S0020",115,20.7651070147113
"S0020",116,20.892869934981
"S0020",117,20.9703898621967
"S0020",118,21.0033440100472
"S0020",119,21.0595721173786
"S0020",120,22.528169452449
"S0020",121,22.5765540537454
"S0020",122,22.647216262728
"S0020",123,22.8180519146777
"S0020",124,22.9507011607719
"S0020",125,23.0780787937593
"S0020",126,23.1873616116715
"S0020",127,23.2838711344056
"S0020",128,23.3517429419882
"S0020",129,23.384140936026
"S0020",130,23.4241046323167
"S0020",131,23.4605327169387
"S0020",132,23.4813514646869
"S0020",133,23.5196444621154
"S0020",134,23.5561522406393
"S0020",135,23.589801551836
"S0020",136,23.6130234032123
"S0020",137,23.7233732125528
"S0020",138,23.8957274116118
"S0020",139,24.0724679320306
"S0020",140,24.2672790775706
"S0020",141,24.3885144040344
"S0020",142,24.4503590691226
"S0020",143,24.6054037125828
"S0020",144,24.6600867846632
"S0020",145,24.7543758580006
"S0020",146,24.9132537853906
"S0020",147,25.0738265879401
"S0020",148,25.218825707595
"S0020",149,25.2918761931181
"S0020",150,25.4414271147429
"S0020",151,25.6338474189735
"S0020",152,25.7612755685256
"S0021",1,0
"S0021",2,0.0724609371664477
"S0021",3,0.118944312443794
"S0021",4,0.147996454446808
"S0021",5,0.197938902332049
"S0021",6,0.238229789004341
"S0021",7,0.244925944619036
"S0021",8,0.256549035531537
"S0021",9,0.263433410690819
"S0021",10,0.275964513456711
"S0021",11,0.296173310537582
"S0021",12,0.311567706716771
"S0021",13,0.321530855648007
"S0021",14,0.376008569468532
"S0021",15,0.393615613780576
"S0021",16,0.401545036343935
"S0021",17,0.417201195254526
"S0021",18,0.42160907915482
"S0021",19,0.429842408005539
"S0021",20,0.437039941876438
"S0021",21,0.450434998834585
"S0021",22,0.459959283519618
"S0021",23,0.473614174100286
"S0021",24,0.547658782397417
"S0021",25,0.590031188151783
"S0021",26,0.618154641713222
"S0021",27,0.63686886942292
"S0021",28,0.663292024382968
"S0021",29,0.792486386780844
"S0021",30,0.860748561456471
"S0021",31,1.00525115446271
"S0021",32,1.03750415356125
"S0021",33,1.12662447315202
"S0021",34,1.19565618715389
"S0021",35,1.28824609924282
"S0021",36,1.40617165529935
"S0021",37,1.49670173216487
"S0021",38,1.55473890524982
"S0021",39,1.67895704817811
"S0021",40,1.76781668718787
"S0021",41,1.96673637080821
"S0021",42,2.18965547598781
"S0021",43,2.41631665788474
"S0021",44,2.44002151061944
"S0021",45,2.4867882558336
"S0021",46,2.54827250673269
"S0021",47,2.56810268110775
"S0021",48,2.585911058641
"S0021",49,2.60550871409116
"S0021",50,2.62261169126798
"S0021",51,2.64814629816547
"S0021",52,2.66385802575051
"S0021",53,2.68686245638874
"S0021",54,2.69839137204336
"S0021",55,2.71851219148983
"S0021",56,2.77047815815426
"S0021",57,2.84657424813158
"S0021",58,2.87615683835093
"S0021",59,2.89254627738221
"S0021",60,2.92226875960122
"S0021",61,2.96152964343582
"S0021",62,2.99290851801475
"S0021",63,3.02166840602508
"S0021",64,3.05827078199555
"S0021",65,3.08250900338616
"S0021",66,3.20186954320264
"S0021",67,3.24294425536756
"S0021",68,3.27324854151674
"S0021",69,3.31501473283251
"S0021",70,3.3321516714285
"S0021",71,3.34702914941563
"S0021",72,3.3697007524391
"S0021",73,3.37829875844424
"S0021",74,3.38991901973539
"S0021",75,3.39686741080926
"S0021",76,3.48070360474784
"S0021",77,3.52759137401432
"S0021",78,3.60377164160035
"S0021",79,3.69005139376563
"S0021",80,3.83807551797377
"S0021",81,3.87483580436934
"S0021",82,3.93110182504134
"S0021",83,3.96160160262588
"S0021",84,3.99485907104563
"S0021",85,4.02553505754113
"S0021",86,4.05160468595491
"S0021",87,4.09864303958368
"S0021",88,4.1389557734573
"S0021",89,4.18991411378475
"S0021",90,4.6831869448196
"S0021",91,4.75332016204769
"S0021",92,4.76604158799937
"S0021",93,4.79179651173497
"S0021",94,4.8420453697239
"S0021",95,4.86440903558166
"S0021",96,4.89672818083865
"S0021",97,4.9006968064505
"S0021",98,4.90942643754861
"S0021",99,4.91369834778119
"S0021",100,4.91758516152234
"S0021",101,4.92008578961418
"S0021",102,4.93027742640986
"S0021",103,4.95493898875552
"S0021",104,4.98235362226516
"S0021",105,5.02193245371827
"S0021",106,5.03345752553733
"S0021",107,5.06721323745433
"S0021",108,5.0811568786077
"S0021",109,5.08680971392737
"S0021",110,5.10242961964004
"S0021",111,5.127222596374
"S0021",112,5.15638328889938
"S0021",113,5.17121603152448
"S0021",114,5.18654728665941
"S0021",115,5.19127675367783
"S0021",116,5.22321748374525
"S0021",117,5.24259746554918
"S0021",118,5.2508360025118
"S0021",119,5.26489302934466
"S0021",120,5.63204236311225
"S0021",121,5.64413851343634
"S0021",122,5.66180406568199
"S0021",123,5.70451297866943
"S0021",124,5.73767529019298
"S0021",125,5.76951969843983
"S0021",126,5.79684040291788
"S0021",127,5.82096778360139
"S0021",128,5.83793573549705
"S0021",129,5.8460352340065
"S0021",130,5.85602615807917
"S0021",131,5.86513317923467
"S0021",132,5.87033786617171
"S0021",133,5.87991111552884
"S0021",134,5.88903806015983
"S0021",135,5.89745038795901
"S0021",136,5.90325585080307
"S0021",137,5.9308433031382
"S0021",138,5.97393185290296
"S0021",139,6.01811698300765
"S0021",140,6.06681976939264
"S0021",141,6.0971286010086
"S0021",142,6.11258976728065
"S0021",143,6.1513509281457
"S0021",144,6.16502169616581
"S0021",145,6.18859396450016
"S0021",146,6.22831344634766
"S0021",147,6.26845664698502
"S0021",148,6.30470642689875
"S0021",149,6.32296904827953
"S0021",150,6.36035677868574
"S0021",151,6.40846185474339
"S0021",152,6.44031889213139
"S0022",1,0
"S0022",2,0.295592050069037
"S0022",3,0.573344951941376
"S0022",4,0.858840016720544
"S0022",5,1.01405392921698
"S0022",6,1.12221476583832
"S0022",7,1.18545198298652
"S0022",8,1.24501775378152
"S0022",9,1.31305462819962
"S0022",10,1.56360587779056
"S0022",11,1.63391582167591
"S0022",12,1.6686851838802
"S0022",13,1.72362298242374
"S0022",14,1.77841915626987
"S0022",15,1.81489171295179
"S0022",16,1.87161392266608
"S0022",17,2.3237892015893
"S0022",18,2.51632491127868
"S0022",19,2.8489053382976
"S0022",20,4.8408891902743
"S0022",21,5.26020344350992
"S0022",22,5.38449503118262
"S0022",23,5.5087469958443
"S0022",24,5.99702365886944
"S0022",25,6.46894397847995
"S0022",26,6.81170505384266
"S0022",27,7.00812027452728
"S0022",28,7.31975943161675
"S0022",29,7.68298401859023
"S0022",30,7.99781471106539
"S0022",31,8.36168082769392
"S0022",32,9.03229508890415
"S0022",33,10.6994190253934
"S0022",34,10.8709218944188
"S0022",35,11.0978491317556
"S0022",36,11.1890653021336
"S0022",37,11.471684685035
"S0022",38,11.4812501685823
"S0022",39,11.5827703404243
"S0022",40,11.6105226839856
"S0022",41,11.6757383844632
"S0022",42,11.8002210079715
"S0022",43,11.8775157982755
"S0022",44,11.9918635366555
"S0022",45,12.2423626856276
"S0022",46,12.2672014221577
"S0022",47,12.2930031689089
"S0022",48,12.306907906017
"S0022",49,12.3710846116295
"S0022",50,12.4115192992941
"S0022",51,12.4278292572582
"S0022",52,12.4485047847695
"S0022",53,12.4705202545735
"S0022",54,12.4964113731276
"S0022",55,12.6804252878379
"S0022",56,12.7281883176017
"S0022",57,12.8544147726448
"S0022",58,13.0595263345893
"S0022",59,13.1497684198103
"S0022",60,13.302387197351
"S0022",61,13.4186503508505
"S0022",62,13.4715837916952
"S0022",63,13.6176601118047
"S0022",64,13.7576346105293
"S0022",65,13.9221752275727
"S0022",66,14.2090782020394
"S0022",67,14.3574488874333
"S0022",68,14.5868601394581
"S0022",69,15.398562768847
"S0022",70,15.5704120533814
"S0022",71,16.088800061826
"S0022",72,16.3236812872787
"S0022",73,16.5593884709213
"S0022",74,17.0391306089738
"S0022",75,17.4357740213701
"S0022",76,17.4800973021249
"S0022",77,17.5073754334948
"S0022",78,17.5382725673853
"S0022",79,17.5700045743228
"S0022",80,17.6248281983689
"S0022",81,17.6833520854526
"S0022",82,17.7074941655095
"S0022",83,17.7635146040501
"S0022",84,17.9325476813856
"S0022",85,18.4097142534737
"S0022",86,18.8353129906218
"S0022",87,18.9602282991396
"S0022",88,19.0608127511014
"S0022",89,19.1501830703083
"S0022",90,19.2223563484163
"S0022",91,19.2814174362763
"S0022",92,19.3510843837273
"S0022",93,19.4616631756222
"S0022",94,19.4891942953619
"S0022",95,19.660743992185
"S0022",96,19.7970674025315
"S0022",97,19.9812623550824
"S0022",98,20.1154602898167
"S0022",99,20.1605998201232
"S0022",100,20.2634226288794
"S0022",101,20.3897694504798
"S0022",102,20.4721920361711
"S0022",103,20.6423379246153
"S0022",104,20.8424140184864
"S0022",105,21.0347279459385
"S0022",106,21.1353872912884
"S0022",107,21.2287852754051
"S0022",108,21.3346188139161
"S0022",109,21.4162614743952
"S0022",110,21.5187032340009
"S0022",111,21.9648154080862
"S0022",112,22.1883804294045
"S0022",113,22.3414691418669
"S0022",114,22.5090260072028
"S0022",115,22.7107538572471
"S0022",116,22.8459891949445
"S0022",117,23.0275924485101
"S0022",118,23.1554358062779
"S0022",119,23.3308960527805
"S0022",120,23.4806167157833
"S0022",121,23.6277923558854
"S0022",122,23.8390849948169
"S0022",123,24.1712536125851
"S0022",124,24.3819838380517
"S0022",125,25.0703261824579
"S0022",126,25.1772152898271
"S0022",127,25.268639075212
"S0022",128,25.3303428647921
"S0022",129,25.4714893382261
"S0022",130,25.5329129817139
"S0022",131,25.6811346066886
"S0022",132,25.7564104682369
"S0022",133,25.8176315930528
"S0022",134,25.9085755753508
"S0022",135,25.9925662789895
"S0022",136,26.0509199872288
"S0022",137,26.1270303934813
"S0022",138,26.2793913967253
"S0022",139,26.3339575324284
"S0022",140,26.4074823669531
"S0022",141,26.4431499102894
"S0022",142,26.4816812204315
"S0022",143,26.506362448778
"S0022",144,26.5271314610377
"S0022",145,26.5464071106991
"S0022",146,26.5971410045385
"S0022",147,26.6873874372926
"S0022",148,26.7700689041706
"S0022",149,26.861570756519
"S0022",150,26.9534008506108
"S0022",151,27.0453904047594
"S0022",152,27.1479219933796
"S0022",153,27.2530980375946
"S0022",154,27.3603277356395
"S0023",1,0
"S0023",2,0.00831062668519862
"S0023",3,0.0159095608770448
"S0023",4,0.0417760037921384
"S0023",5,0.0797894555274091
"S0023",6,0.140438944642415
"S0023",7,0.156800233920314
"S0023",8,0.186120781580591
"S0023",9,0.210738444097406
"S0023",10,0.237801207344374
"S0023",11,0.250465449311711
"S0023",12,0.257165497897242
"S0023",13,0.270795322021443
"S0023",14,0.340796776851816
"S0023",15,0.360045447554144
"S0023",16,0.373323913158928
"S0023",17,0.410975539559322
"S0023",18,0.454337298843226
"S0023",19,0.46438085730521
"S0023",20,0.472902461919585
"S0023",21,0.475830807481245
"S0023",22,0.489085939255675
"S0023",23,0.536788281302676
"S0023",24,0.604034967444161
"S0023",25,0.629620175577132
"S0023",26,0.687988308944424
"S0023",27,0.764661887126465
"S0023",28,0.779686675583436
"S0023",29,0.811839439209978
"S0023",30,0.833316075661286
"S0023",31,0.847010972573264
"S0023",32,0.865672009854464
"S0023",33,0.878283049639612
"S0023",34,0.95806816095741
"S0023",35,1.01970655643527
"S0023",36,1.10174545956641
"S0023",37,1.17188525301458
"S0023",38,1.23876843904528
"S0023",39,1.28987436527456
"S0023",40,1.34623706487875
"S0023",41,1.39324947451059
"S0023",42,1.43661595883104
"S0023",43,1.52317095871983
"S0023",44,1.56730313471278
"S0023",45,1.60981807600143
"S0023",46,2.03389012667718
"S0023",47,2.1355326357017
"S0023",48,2.19747644765265
"S0023",49,2.29325400399515
"S0023",50,2.47649920147024
"S0023",51,2.51657234857238
"S0023",52,2.53362856617713
"S0023",53,2.54289392777828
"S0023",54,2.55916380979315
"S0023",55,2.57061786794999
"S0023",56,2.57944101527118
"S0023",57,2.58899108611366
"S0023",58,2.65282916520117
"S0023",59,2.68273536011775
"S0023",60,2.69353308650483
"S0023",61,2.70234759187647
"S0023",62,2.72245911154381
"S0023",63,2.8065439182949
"S0023",64,2.8911586886557
"S0023",65,2.92608969248546
"S0023",66,3.00153354673145
"S0023",67,3.03279445667835
"S0023",68,3.07774679930276
"S0023",69,3.0948068404103
"S0023",70,3.11038041426866
"S0023",71,3.14256483717071
"S0023",72,3.16743999534403
"S0023",73,3.19911916224681
"S0023",74,3.29923656335158
"S0023",75,3.61769664181454
"S0023",76,3.91281359827203
"S0023",77,3.96927801183067
"S0023",78,4.02193931340657
"S0023",79,4.06611314109413
"S0023",80,4.12213598377962
"S0023",81,4.1553220402491
"S0023",82,4.18881268430191
"S0023",83,4.20302667215277
"S0023",84,4.21082616282089
"S0023",85,4.21666304554907
"S0023",86,4.22998063926264
"S0023",87,4.24099439608698
"S0023",88,4.25063164161001
"S0023",89,4.26209883316063
"S0023",90,4.27059340309743
"S0023",91,4.29404826577572
"S0023",92,4.31847615300798
"S0023",93,4.34455398455971
"S0023",94,4.37329681713264
"S0023",95,4.42047192553812
"S0023",96,4.46907183761457
"S0023",97,4.50725277749149
"S0023",98,4.54282601563973
"S0023",99,4.59008026963217
"S0023",100,4.62419748053582
"S0023",101,4.65214096611016
"S0023",102,4.69302857416233
"S0023",103,4.71118197950504
"S0023",104,4.73260336729812
"S0023",105,4.77843207227889
"S0023",106,4.80293904288263
"S0023",107,4.85954578602566
"S0023",108,4.8945119832212
"S0023",109,4.93247119251812
"S0023",110,4.95680954744484
"S0023",111,5.44974425029852
"S0023",112,5.46476860071123
"S0023",113,5.48347368950203
"S0023",114,5.51136317851218
"S0023",115,5.5211474970803
"S0023",116,5.55317136430025
"S0023",117,5.58985404536698
"S0023",118,5.6182835927256
"S0023",119,5.64691440466519
"S0023",120,5.66891820093523
"S0023",121,5.70383694137897
"S0023",122,5.73814652218643
"S0023",123,5.76768519367374
"S0023",124,5.77752786532325
"S0023",125,5.81426779982055
"S0023",126,5.83500515470123
"S0023",127,5.83884049699108
"S0023",128,5.84498006143281
"S0023",129,5.84761888044005
"S0023",130,5.85189453951704
"S0023",131,5.85639387153308
"S0023",132,5.86031073810839
"S0023",133,5.86520008186506
"S0023",134,5.87946862235149
"S0023",135,5.89242125373064
"S0023",136,5.90987902873636
"S0023",137,5.92691829942817
"S0023",138,5.97528891381447
"S0023",139,6.01711551079419
"S0023",140,6.03773604486577
"S0023",141,6.06768365584152
"S0023",142,6.1050734839126
"S0023",143,6.112113055674
"S0023",144,6.13880701518364
"S0023",145,6.15862430156376
"S0023",146,6.21942315553001
"S0023",147,6.29956244897971
"S0024",1,0
"S0024",2,0.450220830457231
"S0024",3,0.796687692013671
"S0024",4,0.996917281864981
"S0024",5,1.31688958417649
"S0024",6,1.36879468221274
"S0024",7,1.4370512219215
"S0024",8,1.54075649545566
"S0024",9,1.56648728511457
"S0024",10,1.60449876855447
"S0024",11,1.62738004470489
"S0024",12,1.65510787279668
"S0024",13,1.89719335192112
"S0024",14,2.03747722691302
"S0024",15,2.08265222576294
"S0024",16,2.13055881707962
"S0024",17,2.2122062954671
"S0024",18,2.69060340958785
"S0024",19,2.7635271667069
"S0024",20,2.91126363437619
"S0024",21,3.01494319235908
"S0024",22,3.4737295828359
"S0024",23,3.60287809483007
"S0024",24,3.64870701085457
"S0024",25,3.70496798785451
"S0024",26,4.03723201686535
"S0024",27,4.05614294986495
"S0024",28,4.16564012219085
"S0024",29,4.2172723946993
"S0024",30,4.2559098980775
"S0024",31,4.37551917605364
"S0024",32,4.42768535267207
"S0024",33,4.5051494616858
"S0024",34,4.73157742834495
"S0024",35,4.89671189269675
"S0024",36,5.09357732824521
"S0024",37,5.21898078067462
"S0024",38,5.23751530018095
"S0024",39,5.37655847118965
"S0024",40,5.3944151433392
"S0024",41,5.45734082288222
"S0024",42,5.47019027781055
"S0024",43,5.73277454592843
"S0024",44,5.76261316651595
"S0024",45,5.84646940805349
"S0024",46,5.87620610781515
"S0024",47,5.95332988726772
"S0024",48,5.97766392444957
"S0024",49,6.53647586685646
"S0024",50,6.69145815830068
"S0024",51,6.91113420342328
"S0024",52,6.93315521347514
"S0024",53,7.04467408682583
"S0024",54,7.1950603612265
"S0024",55,7.32332799698866
"S0024",56,7.38222803811546
"S0024",57,7.42546708327875
"S0024",58,7.49446539396001
"S0024",59,7.5491444318221
"S0024",60,7.67497840850971
"S0024",61,7.81508306670244
"S0024",62,8.01804130511672
"S0024",63,8.45407883200595
"S0024",64,8.61075866215177
"S0024",65,8.83404082910987
"S0024",66,9.20863848464003
"S0024",67,9.45501318639912
"S0024",68,9.65083959469704
"S0024",69,10.1818839967494
"S0024",70,10.5007620590331
"S0024",71,10.6349959463011
"S0024",72,10.9132595735446
"S0024",73,11.2248097364354
"S0024",74,11.6432159099882
"S0024",75,12.2980175252466
"S0024",76,13.4527903969793
"S0024",77,14.1086620153693
"S0024",78,14.7042962030463
"S0024",79,14.9584024192684
"S0024",80,15.1951106705702
"S0024",81,15.3564529234559
"S0024",82,15.5557025387777
"S0024",83,15.7035975685051
"S0024",84,15.8666438898685
"S0024",85,15.9894180330156
"S0024",86,16.2304314220184
"S0024",87,16.3441017669957
"S0024",88,18.061474832106
"S0024",89,18.1206991921835
"S0024",90,18.2092042254404
"S0024",91,18.2896736296865
"S0024",92,18.4057908439594
"S0024",93,18.5031167836735
"S0024",94,18.6814128003705
"S0024",95,18.8384953054534
"S0024",96,18.9781956107788
"S0024",97,19.1293738311882
"S0024",98,19.1622622923042
"S0024",99,19.2233322937206
"S0024",100,19.2850517176933
"S0024",101,19.3184535307137
"S0024",102,19.376901208978
"S0024",103,19.4663461857609
"S0024",104,19.5547795402021
"S0024",105,19.6957173435301
"S0024",106,19.7704027138538
"S0024",107,19.8577972253033
"S0024",108,19.9582503059215
"S0024",109,20.0381189883292
"S0024",110,21.9255242409348
"S0024",111,22.143327922737
"S0024",112,22.2719530196487
"S0024",113,22.4542152105452
"S0024",114,22.6312865481778
"S0024",115,22.8806687294341
"S0024",116,22.9929925476488
"S0024",117,23.088075443822
"S0024",118,23.4095694246043
"S0024",119,23.5420485715805
"S0024",120,23.748965438268
"S0024",121,23.7827636681814
"S0024",122,23.8125283891403
"S0024",123,23.8475304354451
"S0024",124,23.9037425889133
"S0024",125,23.9329809343203
"S0024",126,24.1515339801555
"S0024",127,24.4234871853498
"S0024",128,24.492872378237
"S0024",129,24.591611094413
"S0024",130,24.7539268746252
"S0024",131,24.8690511068735
"S0024",132,24.9194196644017
"S0024",133,25.0222831740631
"S0024",134,25.2620328114915
"S0024",135,25.3094321724549
"S0024",136,25.4965221002386
"S0024",137,25.5328147909552
"S0024",138,25.7030182169818
"S0024",139,25.7543303534754
"S0024",140,25.9479698093122
"S0025",1,0
"S0025",2,0.623817880384027
"S0025",3,1.38982860442963
"S0025",4,1.63646577384024
"S0025",5,3.30682988852612
"S0025",6,3.39019838088059
"S0025",7,3.46967921866515
"S0025",8,3.57877551854746
"S0025",9,3.64597776914385
"S0025",10,3.73202018046854
"S0025",11,3.94871228416805
"S0025",12,4.08106012319297
"S0025",13,4.44523696309316
"S0025",14,4.98237713231349
"S0025",15,5.96760357789617
"S0025",16,6.76201479958493
"S0025",17,6.87004095469935
"S0025",18,7.16872180037169
"S0025",19,7.40263950896293
"S0025",20,7.63130535406796
"S0025",21,8.00749548916211
"S0025",22,8.2053189566078
"S0025",23,8.65137124949538
"S0025",24,9.00940324557127
"S0025",25,9.3213412372796
"S0025",26,9.83504254994935
"S0025",27,10.1446138551754
"S0025",28,10.550093476354
"S0025",29,10.9207151874047
"S0025",30,11.0148582955062
"S0025",31,11.3475941522875
"S0025",32,11.4110242158532
"S0025",33,11.526329083011
"S0025",34,12.1492392814313
"S0025",35,12.8589508346911
"S0025",36,13.5415535141898
"S0025",37,14.2973448685188
"S0025",38,15.6310216041193
"S0025",39,16.5422970836188
"S0025",40,16.6553715640782
"S0025",41,16.953127012214
"S0025",42,17.0749269300423
"S0025",43,17.2974382646202
"S0025",44,17.9290416094469
"S0025",45,18.199888445093
"S0025",46,18.9320538062337
"S0025",47,19.4701195356166
"S0025",48,19.6303382991043
"S0025",49,19.7987157998134
"S0025",50,19.8366404889246
"S0025",51,19.9231246259851
"S0025",52,20.0118765554769
"S0025",53,20.0842935707338
"S0025",54,20.3163156541116
"S0025",55,20.6036395180044
"S0025",56,20.892060790794
"S0025",57,21.113260936206
"S0025",58,21.2880429191151
"S0025",59,21.8360520590629
"S0025",60,22.0764142803595
"S0025",61,22.4933747855788
"S0025",62,23.0141241144736
"S0025",63,23.0743683770163
"S0025",64,23.2128120917801
"S0025",65,23.5770267639606
"S0025",66,23.9065167428347
"S0025",67,24.4465027890067
"S0025",68,25.007856372813
"S0025",69,26.1738055791013
"S0025",70,26.792895673596
"S0025",71,27.3783965347825
"S0025",72,28.3432059508206
"S0025",73,29.4788186290861
"S0025",74,30.4154863145772
"S0025",75,31.0313818486445
"S0025",76,31.8558236235419
"S0025",77,36.7033585374376
"S0025",78,37.8748304889375
"S0025",79,41.1646163823386
"S0025",80,41.683618642357
"S0025",81,42.2719227641381
"S0025",82,42.9794328055868
"S0025",83,43.4756491432917
"S0025",84,44.1093652676678
"S0025",85,44.5025451943203
"S0025",86,44.8606390539565
"S0025",87,45.512114832298
"S0025",88,45.8916564570734
"S0025",89,46.3956951664166
"S0025",90,46.5014147217653
"S0025",91,46.6364987184208
"S0025",92,46.7596439818521
"S0025",93,46.9845808196088
"S0025",94,47.1946693024034
"S0025",95,47.3175122432922
"S0025",96,47.5255628018667
"S0025",97,47.6831079257124
"S0025",98,48.0811440715168
"S0025",99,48.3527331793973
"S0025",100,48.5349839686112
"S0025",101,48.6912230898808
"S0025",102,49.1029873489713
"S0025",103,49.4374859250271
"S0025",104,49.6926120402374
"S0025",105,49.7707449228417
"S0025",106,49.8271995007912
"S0025",107,49.8799614817247
"S0025",108,49.9372362513707
"S0025",109,50.0148641194614
"S0025",110,50.0552920801131
"S0025",111,50.0985942450964
"S0025",112,50.1579678514429
"S0025",113,50.202866044231
"S0025",114,50.3539717106462
"S0025",115,50.5640694603923
"S0025",116,50.6859659397653
"S0025",117,50.9260388431343
"S0025",118,51.0879845110266
"S0025",119,51.3473567342409
"S0025",120,51.5985351237806
"S0025",121,51.8459909683378
"S0025",122,52.2659400754543
"S0025",123,52.4510103734865
"S0025",124,53.1591544200671
"S0025",125,55.1647965621036
"S0025",126,55.9646791419071
"S0025",127,56.2110510910976
"S0025",128,56.926458562905
"S0025",129,57.5096490857162
"S0025",130,57.998929843729
"S0025",131,58.4796647437747
"S0025",132,58.7773586522754
"S0025",133,59.4175372083305
"S0025",134,59.5775078199075
"S0025",135,59.780506381988
"S0025",136,59.8902090591985
"S0025",137,60.0147874465278
"S0025",138,60.1390975156574
"S0025",139,60.6493116103819
"S0025",140,60.7421371747952
"S0025",141,60.8576900462547
"S0025",142,61.0971260960499
"S0025",143,61.2300573248558
"S0025",144,61.3047034768968
"S0025",145,61.423716810885
"S0025",146,62.1634566850588
"S0025",147,62.2303371876894
"S0025",148,62.5091801231923
"S0025",149,62.8537190546967
"S0025",150,63.3276771313842
"S0025",151,63.5882664583862
"S0025",152,64.1950867917652
"S0026",1,0
"S0026",2,0.0453576930780251
"S0026",3,0.08583312638103
"S0026",4,0.137938105805272
"S0026",5,0.179918333512365
"S0026",6,0.225208531451755
"S0026",7,0.268701568422369
"S0026",8,0.313576504458283
"S0026",9,0.35973348880613
"S0026",10,0.401681034696782
"S0026",11,0.446733341242377
"S0026",12,0.494512282467646
"S0026",13,0.545719380563123
"S0026",14,0.586464570698215
"S0026",15,1.07043284435093
"S0026",16,1.12818338353907
"S0026",17,1.180290079922
"S0026",18,1.21475041751052
"S0026",19,1.3607368899989
"S0026",20,1.40936349750397
"S0026",21,1.43561184450995
"S0026",22,1.47503550325189
"S0026",23,1.52313585014035
"S0026",24,1.54922862324155
"S0026",25,1.58893972917002
"S0026",26,1.628055400945
"S0026",27,1.65247640845265
"S0026",28,1.67366620265794
"S0026",29,1.68342706447652
"S0026",30,1.69181522080703
"S0026",31,1.71109364744082
"S0026",32,1.72384953790903
"S0026",33,1.73660092686881
"S0026",34,1.78520449058265
"S0026",35,1.80166084813807
"S0026",36,1.81764223886687
"S0026",37,1.82908091499351
"S0026",38,1.83673850462753
"S0026",39,1.84534438150338
"S0026",40,1.85049544075575
"S0026",41,1.86193381859118
"S0026",42,1.89587123432552
"S0026",43,2.00378854314571
"S0026",44,2.03996083109137
"S0026",45,2.09928238329083
"S0026",46,2.17304621724445
"S0026",47,2.22348652506174
"S0026",48,2.24043331135739
"S0026",49,2.28201502802623
"S0026",50,2.31208866629719
"S0026",51,2.33051160790647
"S0026",52,2.41397187701713
"S0026",53,2.44105507586097
"S0026",54,2.49081193147124
"S0026",55,2.52101013845522
"S0026",56,2.54579724120188
"S0026",57,2.55058922389027
"S0026",58,2.5573751832365
"S0026",59,2.56589224842779
"S0026",60,2.57488587340749
"S0026",61,2.57940282779883
"S0026",62,2.59028895340021
"S0026",63,2.59820936891826
"S0026",64,2.63532412959383
"S0026",65,2.65466032735539
"S0026",66,2.69443365534584
"S0026",67,2.70844824490254
"S0026",68,2.73996127750098
"S0026",69,2.81790786556685
"S0026",70,2.88273610163706
"S0026",71,2.91033720288182
"S0026",72,2.96808620926817
"S0026",73,2.99565446660735
"S0026",74,3.03392528819827
"S0026",75,3.06493060629118
"S0026",76,3.10571780546271
"S0026",77,3.15046942830725
"S0026",78,3.1709510389536
"S0026",79,3.18905655876459
"S0026",80,3.66662322449223
"S0026",81,3.67490059741628
"S0026",82,3.71307420050221
"S0026",83,3.71509785033541
"S0026",84,3.73084823829649
"S0026",85,3.76882942610439
"S0026",86,3.8031126878586
"S0026",87,3.80941545778341
"S0026",88,3.83417988422027
"S0026",89,3.87344109489883
"S0026",90,3.8896524589397
"S0026",91,3.91345268670048
"S0026",92,3.92839434693555
"S0026",93,3.97509465447443
"S0026",94,4.00137137473504
"S0026",95,4.00521714596772
"S0026",96,4.00742980981623
"S0026",97,4.01150593146007
"S0026",98,4.01905637530433
"S0026",99,4.0266951700005
"S0026",100,4.03995817961221
"S0026",101,4.0464832501458
"S0026",102,4.06796664824797
"S0026",103,4.07405626161559
"S0026",104,4.14230754121524
"S0026",105,4.14543034931985
"S0026",106,4.14782051120608
"S0026",107,4.15829681564203
"S0026",108,4.16390331180309
"S0026",109,4.20263632399384
"S0026",110,4.21079035627224
"S0026",111,4.21686341960542
"S0026",112,4.22299033255372
"S0026",113,4.26190615772033
"S0026",114,4.33075302102615
"S0026",115,4.40099503180459
"S0026",116,4.46575485176339
"S0026",117,4.52399063054118
"S0026",118,4.55766752096083
"S0026",119,4.60482914654046
"S0026",120,4.64461992814013
"S0026",121,4.68450701058319
"S0026",122,4.75195467468556
"S0026",123,4.81240852142273
"S0026",124,4.86510043496983
"S0026",125,4.91223619774178
"S0026",126,4.95285575368692
"S0026",127,5.0109121192116
"S0026",128,5.30711732471918
"S0026",129,5.50620748309974
"S0026",130,5.55019071217755
"S0026",131,5.58269227559415
"S0026",132,5.602245701412
"S0026",133,5.62294360858987
"S0026",134,5.6613150493851
"S0026",135,5.69197513738151
"S0026",136,5.7172687465718
"S0026",137,5.7373137743834
"S0026",138,5.75889896760354
"S0026",139,5.79885397726292
"S0026",140,5.83314429360045
"S0026",141,5.87486089283843
"S0026",142,5.91001497737212
"S0026",143,5.96275532316815
"S0026",144,5.9898258015027
"S0026",145,6.01883069112603
"S0026",146,6.03868365775475
"S0026",147,6.08467414295723
"S0026",148,6.11815881156384
"S0026",149,6.16567035613683
"S0026",150,6.1998343572897
"S0026",151,6.22712994987218
"S0026",152,6.25042578724038
"S0026",153,6.29153779078658
"S0026",154,6.33019269263155
"S0026",155,6.36936572064373
"S0026",156,6.4203891993462
"S0026",157,6.45165463672618
"S0026",158,6.47728878324388
"S0026",159,6.50332752717452
"S0026",160,6.53970044335671
"S0026",161,6.58530365021334
"S0026",162,6.67477393531437
"S0026",163,6.71785336446966
"S0026",164,6.73744189889922
"S0026",165,6.76156653071326
"S0026",166,6.7688346598729
"S0026",167,6.77776843298579
"S0026",168,6.78836285121172
"S0026",169,6.85251365580678
"S0026",170,6.89981234630197
"S0026",171,7.04801727463278
"S0027",1,0
"S0027",2,0.26406629749088
"S0027",3,0.498545582654863
"S0027",4,0.639808857118217
"S0027",5,0.827958774815807
"S0027",6,1.05881882138148
"S0027",7,1.31446488514075
"S0027",8,1.50584341504846
"S0027",9,1.73028412174754
"S0027",10,1.94136907856009
"S0027",11,2.16650126841803
"S0027",12,2.47243971871194
"S0027",13,2.70578121328081
"S0027",14,2.95896747525574
"S0027",15,4.60634644323753
"S0027",16,4.90154130337099
"S0027",17,5.13914420060176
"S0027",18,5.84779648624567
"S0027",19,6.06311611220154
"S0027",20,6.11586781960414
"S0027",21,6.16683316209599
"S0027",22,6.25279704330554
"S0027",23,6.44211383726672
"S0027",24,6.45921026023053
"S0027",25,6.49496327461944
"S0027",26,6.52197712415193
"S0027",27,6.57275694450314
"S0027",28,6.60356856887669
"S0027",29,6.67335664255502
"S0027",30,6.73385555383515
"S0027",31,6.76690387043816
"S0027",32,6.93937820943903
"S0027",33,7.06333754585147
"S0027",34,7.32467597385209
"S0027",35,7.75798636390153
"S0027",36,8.19718000374869
"S0027",37,8.55916159724598
"S0027",38,9.00420536533259
"S0027",39,9.28964616415278
"S0027",40,9.60239574093344
"S0027",41,10.1253491073358
"S0027",42,10.4506062044177
"S0027",43,10.9076944735463
"S0027",44,11.2253046645945
"S0027",45,11.5163688486113
"S0027",46,11.8620058348112
"S0027",47,12.3285824375176
"S0027",48,13.0723877363228
"S0027",49,14.0994889501059
"S0027",50,15.3315541637265
"S0027",51,15.3819717561525
"S0027",52,15.5074879938661
"S0027",53,15.6746443119304
"S0027",54,15.8323837137961
"S0027",55,15.919051938734
"S0027",56,15.9744228809569
"S0027",57,16.0659978339432
"S0027",58,16.1663779011626
"S0027",59,16.2543224552533
"S0027",60,16.3394783770344
"S0027",61,16.4050396025735
"S0027",62,16.5671574697466
"S0027",63,16.6394757418319
"S0027",64,16.7531314136865
"S0027",65,16.8898194355581
"S0027",66,16.9565271759793
"S0027",67,17.0785830692069
"S0027",68,17.1552720758371
"S0027",69,17.3283145052311
"S0027",70,17.4160096726141
"S0027",71,17.5131114619099
"S0027",72,17.6196168606305
"S0027",73,17.6928528603104
"S0027",74,17.8054642590468
"S0027",75,17.9184706062359
"S0027",76,18.0547494741756
"S0027",77,18.2383046156024
"S0027",78,18.3527402428378
"S0027",79,18.4977478205942
"S0027",80,18.584400839548
"S0027",81,18.7152914741405
"S0027",82,18.9438728098068
"S0027",83,19.0777015910493
"S0027",84,19.5557445526095
"S0027",85,19.5941908054842
"S0027",86,19.6442826671793
"S0027",87,19.669224562773
"S0027",88,19.7382649844994
"S0027",89,19.7792227109596
"S0027",90,19.8919903518555
"S0027",91,20.2672237099299
"S0027",92,20.4027400836418
"S0027",93,20.7146308571099
"S0027",94,20.8221992563494
"S0027",95,21.172206521146
"S0027",96,21.3920955256855
"S0027",97,21.6666440744523
"S0027",98,21.7073538905595
"S0027",99,21.9132557606785
"S0027",100,22.093713175194
"S0027",101,22.2216404514441
"S0027",102,22.4280282666624
"S0027",103,22.4994848161501
"S0027",104,22.5894871707723
"S0027",105,22.6695653462895
"S0027",106,22.6846051302255
"S0027",107,22.7106213882121
"S0027",108,22.738768104661
"S0027",109,22.7856691470156
"S0027",110,22.824463090518
"S0027",111,22.8649944852309
"S0027",112,22.9448772072983
"S0027",113,22.9798082629831
"S0027",114,23.2690379802904
"S0027",115,23.304505446864
"S0027",116,23.3824249496331
"S0027",117,23.4685568496705
"S0027",118,23.6472243228173
"S0027",119,23.9013254386707
"S0027",120,24.1351762653797
"S0027",121,24.3263722164321
"S0027",122,24.6375296934861
"S0027",123,24.7069834602638
"S0027",124,24.9038412760436
"S0027",125,25.0219985230442
"S0027",126,26.7124606293987
"S0027",127,26.9312776822602
"S0027",128,26.9651782162624
"S0027",129,27.0346309865991
"S0027",130,27.1118003114758
"S0027",131,27.1327929273223
"S0027",132,27.182749617726
"S0027",133,27.3579090729469
"S0027",134,27.4768467872074
"S0027",135,27.5840815408901
"S0027",136,27.8288796124665
"S0027",137,27.8628196762997
"S0027",138,27.9184190089177
"S0027",139,27.9463899869997
"S0027",140,28.039943685253
"S0027",141,28.0858852790474
"S0027",142,28.1044243377903
"S0027",143,28.1626710948722
"S0027",144,28.214185241179
"S0027",145,28.3410226614708
"S0027",146,28.4025223126246
"S0027",147,28.5776000524613
"S0027",148,28.7527962446031
"S0027",149,28.8422987019168
"S0027",150,29.1544073500125
"S0027",151,29.2585230756186
"S0027",152,29.3553218548764
"S0027",153,29.4900984088034
"S0027",154,29.5437283854779
"S0027",155,29.778042350397
"S0027",156,29.8488163996294
"S0027",157,29.8806639287079
"S0027",158,30.1357868311537
"S0027",159,30.2514618522701
"S0027",160,30.3218736110033
"S0028",1,0
"S0028",2,0.0969133212284651
"S0028",3,0.126477308849006
"S0028",4,0.154054732298981
"S0028",5,0.190046579719724
"S0028",6,0.227125765568452
"S0028",7,0.268551985951813
"S0028",8,0.299889388118651
"S0028",9,0.333864227594947
"S0028",10,0.378789434461601
"S0028",11,0.439765332898325
"S0028",12,0.480119772642043
"S0028",13,0.495249842588982
"S0028",14,0.53456026706737
"S0028",15,0.557410156265868
"S0028",16,0.57111131319777
"S0028",17,0.582498977870514
"S0028",18,0.589521528517702
"S0028",19,0.599483747802317
"S0028",20,0.639418229479123
"S0028",21,0.677666237016285
"S0028",22,0.718412585928719
"S0028",23,0.753456350152374
"S0028",24,0.769370748343481
"S0028",25,0.826755810761704
"S0028",26,0.856545467325183
"S0028",27,0.886373155507838
"S0028",28,0.946089418213783
"S0028",29,0.983826991499235
"S0028",30,1.01711860325209
"S0028",31,1.08964495467954
"S0028",32,1.13609220603178
"S0028",33,1.1826606018276
"S0028",34,1.22527401740212
"S0028",35,1.27846630904686
"S0028",36,1.65909856902764
"S0028",37,1.69496192835737
"S0028",38,1.74957178468149
"S0028",39,1.78888622958664
"S0028",40,1.83805957206364
"S0028",41,1.87773190648191
"S0028",42,1.92098904421839
"S0028",43,1.96569091659257
"S0028",44,2.01155147427957
"S0028",45,2.05633034375096
"S0028",46,2.09920180048392
"S0028",47,2.15312118451973
"S0028",48,2.20427982772434
"S0028",49,2.25885494427587
"S0028",50,2.30025422509222
"S0028",51,2.34138044440971
"S0028",52,2.38627453355592
"S0028",53,2.42661149341165
"S0028",54,2.47016831655374
"S0028",55,2.52973659313743
"S0028",56,2.58669115371878
"S0028",57,2.664208281819
"S0028",58,2.72306579917559
"S0028",59,2.7334209521121
"S0028",60,2.75725313250168
"S0028",61,2.79786190264912
"S0028",62,2.84250905083389
"S0028",63,2.88446058550797
"S0028",64,2.91959749484241
"S0028",65,2.97588044585466
"S0028",66,2.98204108590505
"S0028",67,2.99016667658274
"S0028",68,2.99977675671335
"S0028",69,3.05810293038522
"S0028",70,3.11848966675752
"S0028",71,3.14723134371165
"S0028",72,3.17518635456364
"S0028",73,3.19914783744596
"S0028",74,3.23132734110872
"S0028",75,3.27037676749745
"S0028",76,3.31469105153745
"S0028",77,3.34251561371594
"S0028",78,3.36258735094686
"S0028",79,3.39152272175362
"S0028",80,3.41824482857249
"S0028",81,3.4618046162758
"S0028",82,3.49552138528764
"S0028",83,3.52577268725056
"S0028",84,3.549813729153
"S0028",85,3.63113496608783
"S0028",86,3.68282746763014
"S0028",87,3.72280634953222
"S0028",88,3.76757028514729
"S0028",89,3.81886011244008
"S0028",90,3.87093143894417
"S0028",91,3.91305373148138
"S0028",92,3.97573672767702
"S0028",93,4.03947532983765
"S0028",94,4.10881444982084
"S0028",95,4.13578293785801
"S0028",96,4.17324977398918
"S0028",97,4.23192424074873
"S0028",98,4.28701223909409
"S0028",99,4.35206183889021
"S0028",100,4.40178103977543
"S0028",101,4.47662610925352
"S0028",102,4.52346154684689
"S0028",103,4.5975114445808
"S0028",104,4.88278969198937
"S0028",105,4.95805627421643
"S0028",106,5.0259934363154
"S0028",107,5.07288225161256
"S0028",108,5.10709183453252
"S0028",109,5.15807184288191
"S0028",110,5.16354195519946
"S0028",111,5.16833515257816
"S0028",112,5.17503539395615
"S0028",113,5.18304314178882
"S0028",114,5.18846172927663
"S0028",115,5.19489752269318
"S0028",116,5.20506061578819
"S0028",117,5.22285226950491
"S0028",118,5.25544943419158
"S0028",119,5.27841257490777
"S0028",120,5.30556222140181
"S0028",121,5.37825062070877
"S0028",122,5.38765580576688
"S0028",123,5.3900093434915
"S0028",124,5.40114355460161
"S0028",125,5.42769042264543
"S0028",126,5.4369126197399
"S0028",127,5.44050699540575
"S0028",128,5.45859908620746
"S0028",129,5.46296219212601
"S0028",130,5.50712587033684
"S0028",131,5.54545722516943
"S0028",132,5.56394707924218
"S0028",133,5.60394349653121
"S0028",134,5.62515403683015
"S0028",135,5.66120937747266
"S0028",136,5.68052962048413
"S0028",137,5.69765209671946
"S0028",138,5.71790622278174
"S0028",139,5.74789843727012
"S0028",140,5.75162362902023
"S0028",141,5.79344948440233
"S0028",142,5.8190799293076
"S0028",143,5.84893328950746
"S0028",144,5.92975071952271
"S0028",145,6.04263857676989
"S0028",146,6.06730983825556
"S0028",147,6.09074744425964
"S0028",148,6.11080517311395
"S0028",149,6.12398282901127
"S0028",150,6.14065219420458
"S0028",151,6.1483233324128
"S0028",152,6.20178884262343
"S0028",153,6.21949175874714
"S0028",154,6.22923227119592
"S0028",155,6.24779152766114
"S0028",156,6.26038763268003
"S0028",157,6.27402211604703
"S0028",158,6.50664704199234
"S0028",159,6.55726987798982
"S0029",1,0
"S0029",2,0.689728544149338
"S0029",3,1.0874058199122
"S0029",4,1.3566920168943
"S0029",5,1.6559811594222
"S0029",6,2.24977347616269
"S0029",7,2.70184040696379
"S0029",8,3.0485109819797
"S0029",9,3.50212778609454
"S0029",10,4.04013781080158
"S0029",11,4.52918287462092
"S0029",12,5.12185941492802
"S0029",13,5.48528480888004
"S0029",14,6.49940624397424
"S0029",15,6.73581501463287
"S0029",16,6.98428591791283
"S0029",17,7.41356493896233
"S0029",18,7.76471021256952
"S0029",19,8.1765013427494
"S0029",20,9.07452276853035
"S0029",21,9.65860978695383
"S0029",22,9.80764988880227
"S0029",23,9.92953467829324
"S0029",24,9.99135045338059
"S0029",25,10.090580245766
"S0029",26,10.2324762561631
"S0029",27,10.8350976322101
"S0029",28,10.9228591956173
"S0029",29,11.0139661743842
"S0029",30,11.186037343029
"S0029",31,11.3315859988372
"S0029",32,11.4826816244213
"S0029",33,11.7980022098877
"S0029",34,12.8713386640948
"S0029",35,13.5394162327114
"S0029",36,14.3730267795944
"S0029",37,17.3440834174142
"S0029",38,17.9447367055298
"S0029",39,18.8117391787868
"S0029",40,19.6132554519454
"S0029",41,19.853672116387
"S0029",42,19.9307587888999
"S0029",43,20.015656270359
"S0029",44,20.3521121402544
"S0029",45,20.4947648504783
"S0029",46,20.6334888293026
"S0029",47,21.066754263578
"S0029",48,21.1803207321181
"S0029",49,21.3688766937835
"S0029",50,21.798325471
"S0029",51,21.8422082767939
"S0029",52,22.1537630153849
"S0029",53,22.4180950236016
"S0029",54,22.4569015316887
"S0029",55,22.5008051377009
"S0029",56,22.5717390381772
"S0029",57,22.6075583834443
"S0029",58,22.6365835483635
"S0029",59,22.6735201927162
"S0029",60,23.0984484477716
"S0029",61,23.1795391378468
"S0029",62,23.4103853053786
"S0029",63,23.4503857742584
"S0029",64,23.496415871406
"S0029",65,23.7552091098106
"S0029",66,24.2781441496112
"S0029",67,24.4268973826797
"S0029",68,24.503986314515
"S0029",69,24.6768968256022
"S0029",70,24.9002560172733
"S0029",71,25.325172134124
"S0029",72,25.417537748387
"S0029",73,25.668004535603
"S0029",74,25.8194401200363
"S0029",75,26.2808040693788
"S0029",76,27.6922345968614
"S0029",77,28.0724009115243
"S0029",78,28.4880167921518
"S0029",79,29.1240217917607
"S0029",80,29.5873152622591
"S0029",81,29.9921398267313
"S0029",82,30.2476548855031
"S0029",83,31.5028049877975
"S0029",84,31.933681959568
"S0029",85,32.3314368174889
"S0029",86,36.4710415910942
"S0029",87,37.4557187497486
"S0029",88,37.7396943558829
"S0029",89,37.9054445705894
"S0029",90,38.1887204221805
"S0029",91,38.5315214475807
"S0029",92,39.2464078709683
"S0029",93,39.964303934647
"S0029",94,40.5424495849107
"S0029",95,41.2311070481509
"S0029",96,41.2645479265888
"S0029",97,41.368739995015
"S0029",98,41.5132647157387
"S0029",99,41.6854889556063
"S0029",100,41.7374218728043
"S0029",101,41.8489566848551
"S0029",102,41.9001123977241
"S0029",103,41.9834749694271
"S0029",104,42.2483365089934
"S0029",105,42.3928549122693
"S0029",106,42.7661732501274
"S0029",107,42.9237290885211
"S0029",108,43.8832716768184
"S0029",109,44.1789897613672
"S0029",110,44.5973505044689
"S0029",111,44.8261792426899
"S0029",112,45.0848842444179
"S0029",113,45.3026384137457
"S0029",114,45.4628449859348
"S0029",115,45.6652657160975
"S0029",116,45.7951281302795
"S0029",117,46.0750592991415
"S0029",118,46.3695795580535
"S0029",119,46.7149623723462
"S0029",120,46.9822123094882
"S0029",121,47.2059749264338
"S0029",122,47.7998877913089
"S0029",123,47.9772292924187
"S0029",124,48.2760880210256
"S0029",125,48.4783092249774
"S0029",126,48.870286266666
"S0029",127,49.3451602306925
"S0029",128,49.6085555817487
"S0029",129,49.816242367516
"S0029",130,49.9372787386952
"S0029",131,50.2704994002073
"S0029",132,50.5473507790374
"S0029",133,50.8529940448662
"S0029",134,51.2453289082348
"S0029",135,51.7161766698557
"S0029",136,52.0899797083915
"S0029",137,52.1608947035574
"S0029",138,52.384046633537
"S0029",139,54.1751805020873
"S0029",140,55.0067862074022
"S0029",141,55.4662991980694
"S0029",142,55.7774733846632
"S0029",143,56.0161940477262
"S0029",144,56.2604749781524
"S0029",145,56.7395723153494
"S0029",146,57.1705730572939
"S0029",147,57.5555699280957
"S0029",148,57.7008694819309
"S0029",149,58.1171896766681
"S0029",150,58.4113134435557
"S0029",151,58.4978306292693
"S0029",152,58.9882070245417
"S0029",153,59.246411043466
"S0029",154,59.6232020322515
"S0029",155,59.7056263920337
"S0029",156,59.7852484241655
"S0029",157,59.8589242773997
"S0029",158,59.9713593794053
"S0029",159,60.1104453307782
"S0029",160,60.2177904740712
"S0029",161,60.4357064747351
"S0029",162,60.712019141031
"S0029",163,61.4350766980035
"S0029",164,61.8789004466858
"S0029",165,62.337082098027
"S0029",166,62.7245025556171
"S0029",167,62.8774256690909
"S0029",168,63.3683952384263
"S0029",169,63.7385099778133
"S0029",170,64.1052499106005
"S0030",1,0
"S0030",2,0.0358566675110048
"S0030",3,0.0663824010399773
"S0030",4,0.108999111123275
"S0030",5,0.152317717168314
"S0030",6,0.194653873367697
"S0030",7,0.219929402743937
"S0030",8,0.247763021757378
"S0030",9,0.298595760672415
"S0030",10,0.316273092624883
"S0030",11,0.352304409199035
"S0030",12,0.382217449997671
"S0030",13,0.426213815783154
"S0030",14,0.452848117683378
"S0030",15,0.480284154146216
"S0030",16,0.511874668353559
"S0030",17,0.557099330681869
"S0030",18,0.590899792930922
"S0030",19,0.622637689775734
"S0030",20,0.647589680486633
"S0030",21,0.666818926675433
"S0030",22,0.687783174715093
"S0030",23,0.706561719032484
"S0030",24,0.729060180750787
"S0030",25,0.764511324303056
"S0030",26,0.815945611935399
"S0030",27,0.865826279538996
"S0030",28,0.903816407490253
"S0030",29,0.953638583912044
"S0030",30,0.989972312498831
"S0030",31,1.00971058338541
"S0030",32,1.04036592234531
"S0030",33,1.09810139817427
"S0030",34,1.1370374326125
"S0030",35,1.15445285535238
"S0030",36,1.18926963776239
"S0030",37,1.22534741472787
"S0030",38,1.26003932432223
"S0030",39,1.33136738058493
"S0030",40,1.34857451056625
"S0030",41,1.36364985087216
"S0030",42,1.37327203815423
"S0030",43,1.40639299760445
"S0030",44,1.41767972691845
"S0030",45,1.45172969570356
"S0030",46,1.50411595209701
"S0030",47,1.55095226518991
"S0030",48,1.62033438335056
"S0030",49,1.72561805277762
"S0030",50,1.79738281537255
"S0030",51,1.81106000936994
"S0030",52,1.83223273874375
"S0030",53,1.86459551006877
"S0030",54,1.88578081019141
"S0030",55,1.91156765379868
"S0030",56,1.94162481907429
"S0030",57,1.95857557085684
"S0030",58,1.97826139239316
"S0030",59,1.98597725891105
"S0030",60,1.99236690707476
"S0030",61,1.99956000337335
"S0030",62,2.00181498654566
"S0030",63,2.00506828842375
"S0030",64,2.00753554026615
"S0030",65,2.01218377426196
"S0030",66,2.01813452859366
"S0030",67,2.03048842182746
"S0030",68,2.08058657896162
"S0030",69,2.11032229991666
"S0030",70,2.13329565731084
"S0030",71,2.14767004234306
"S0030",72,2.16289690476435
"S0030",73,2.1969841181882
"S0030",74,2.21444393452769
"S0030",75,2.25657392535062
"S0030",76,2.27933381725508
"S0030",77,2.31952060004548
"S0030",78,2.35022150581359
"S0030",79,2.37414832971373
"S0030",80,2.40898060936512
"S0030",81,2.45105131636451
"S0030",82,2.47590560783327
"S0030",83,2.51195003960053
"S0030",84,2.63241761194777
"S0030",85,2.69749938740381
"S0030",86,2.75563288913371
"S0030",87,2.82235395691312
"S0030",88,2.83554050673817
"S0030",89,2.89308831361967
"S0030",90,2.92468210466297
"S0030",91,2.96727037302419
"S0030",92,2.98793359893199
"S0030",93,3.00487586788209
"S0030",94,3.01310331548696
"S0030",95,3.02298814668297
"S0030",96,3.08297417128763
"S0030",97,3.13160540515344
"S0030",98,3.1900706579462
"S0030",99,3.2229097764006
"S0030",100,3.24275236386131
"S0030",101,3.29013288652552
"S0030",102,3.36095963564238
"S0030",103,3.39668852238714
"S0030",104,3.44012410657792
"S0030",105,3.47449675334221
"S0030",106,3.51918743143691
"S0030",107,3.58081977591375
"S0030",108,3.62645908619325
"S0030",109,3.64685168562777
"S0030",110,3.69794997026037
"S0030",111,3.74069456030037
"S0030",112,3.75396659520261
"S0030",113,3.80327284797999
"S0030",114,3.84424180264221
"S0030",115,3.88234053038902
"S0030",116,3.9595588487822
"S0030",117,3.99934841333911
"S0030",118,4.03944281286502
"S0030",119,4.14266013678866
"S0030",120,4.1949150469971
"S0030",121,4.24057215687754
"S0030",122,4.28472513720784
"S0030",123,4.32785474771865
"S0030",124,4.36693754892419
"S0030",125,4.41749502976264
"S0030",126,4.4596307062393
"S0030",127,4.48291501980362
"S0030",128,4.5137935122951
"S0030",129,4.5573155194385
"S0030",130,4.62148125666674
"S0030",131,4.67003496538902
"S0030",132,4.73130818012021
"S0030",133,4.86290048413365
"S0030",134,4.93928358614888
"S0030",135,4.95733296844348
"S0030",136,4.9769640573416
"S0030",137,5.02480514927759
"S0030",138,5.10223146353923
"S0030",139,5.12165886370228
"S0030",140,5.13956709129013
"S0030",141,5.14933365131995
"S0030",142,5.15997206452479
"S0030",143,5.1794055171723
"S0030",144,5.18694204933783
"S0030",145,5.19804948037409
"S0030",146,5.26053321355872
"S0030",147,5.26565390165506
"S0030",148,5.28552518699738
"S0030",149,5.2987749085544
"S0030",150,5.30896983956691
"S0030",151,5.31983578039314
"S0030",152,5.32894371814317
"S0030",153,5.34214972455881
"S0030",154,5.37981543920779
"S0030",155,5.4687779360703
"S0030",156,5.49608006160887
"S0030",157,5.57205017430127
"S0030",158,5.60505425838668
"S0030",159,6.02724390516903
"S0030",160,6.10409863263436
"S0030",161,6.17157838292883
"S0030",162,6.21596781158893
"S0030",163,6.25735199183563
"S0030",164,6.30280799003614
"S0030",165,6.35089860355288
"S0030",166,6.39410952006616
"S0030",167,6.43462396932356
"S0030",168,6.4795332782451
"S0030",169,6.52624624180254
"S0030",170,6.56784327695854
"S0030",171,6.61482306761267
"S0030",172,6.65394253588626
"S0030",173,6.69755699529193
"S0030",174,7.01331185742627
"S0031",1,0
"S0031",2,0.145052086824175
"S0031",3,0.269356626958022
"S0031",4,0.401227962096313
"S0031",5,0.520088014046533
"S0031",6,0.693625808215637
"S0031",7,0.821920483621072
"S0031",8,1.02905094221694
"S0031",9,1.14351247968073
"S0031",10,1.38398913990945
"S0031",11,1.5690000467527
"S0031",12,1.76298685479584
"S0031",13,1.97152085121586
"S0031",14,2.14452526877102
"S0031",15,2.31438484889959
"S0031",16,2.466245250839
"S0031",17,3.49427476240993
"S0031",18,4.58403689487577
"S0031",19,5.35569715647698
"S0031",20,5.62543285414959
"S0031",21,5.85441995153456
"S0031",22,6.08024326699956
"S0031",23,6.2891024305131
"S0031",24,6.51951808168721
"S0031",25,6.73247739244597
"S0031",26,6.93225960306318
"S0031",27,7.17377059527871
"S0031",28,7.42450812747146
"S0031",29,7.69859624288469
"S0031",30,7.96003230446022
"S0031",31,8.20679759596672
"S0031",32,8.45580791863989
"S0031",33,8.72537964656633
"S0031",34,9.91212596228031
"S0031",35,9.99069714388686
"S0031",36,10.2137183223973
"S0031",37,10.2948930909761
"S0031",38,10.424686349367
"S0031",39,10.6863843799914
"S0031",40,10.9241441674127
"S0031",41,11.0832821481616
"S0031",42,11.2029107682953
"S0031",43,11.3330492350402
"S0031",44,11.5231269010285
"S0031",45,11.7160890866803
"S0031",46,11.89616277183
"S0031",47,12.0744357448309
"S0031",48,12.2495159638198
"S0031",49,12.3707480771856
"S0031",50,12.5222343809142
"S0031",51,12.7212377120226
"S0031",52,12.8171664632035
"S0031",53,13.0544202835965
"S0031",54,13.1449915423525
"S0031",55,13.441748318606
"S0031",56,13.5705639381298
"S0031",57,13.7538597931212
"S0031",58,14.222108806884
"S0031",59,14.3891980426859
"S0031",60,14.5547295155605
"S0031",61,14.5902246216281
"S0031",62,14.6151628204183
"S0031",63,14.6506481787586
"S0031",64,14.6821622886589
"S0031",65,14.7980418055044
"S0031",66,15.0924008565968
"S0031",67,15.3746157997964
"S0031",68,15.6787543404053
"S0031",69,15.857044112298
"S0031",70,16.020891671506
"S0031",71,16.3292116860673
"S0031",72,16.4560988371563
"S0031",73,16.9704251614179
"S0031",74,17.223010425054
"S0031",75,17.4382222831019
"S0031",76,17.5923176066329
"S0031",77,17.7452012664815
"S0031",78,17.8982473944148
"S0031",79,17.9524443582134
"S0031",80,17.9764772436733
"S0031",81,18.0299617260358
"S0031",82,18.0898210369199
"S0031",83,18.1236138638703
"S0031",84,18.1956643402418
"S0031",85,18.236460835938
"S0031",86,18.4308428613698
"S0031",87,18.4919384486687
"S0031",88,18.5244226227584
"S0031",89,18.5435277819405
"S0031",90,18.5948931556792
"S0031",91,18.6231697076882
"S0031",92,18.6408895366424
"S0031",93,18.6793432731379
"S0031",94,18.6944181638411
"S0031",95,18.9029468271791
"S0031",96,19.1972891185546
"S0031",97,19.3417043980915
"S0031",98,19.4785817224292
"S0031",99,19.6032977981469
"S0031",100,19.6520116789769
"S0031",101,19.888825484699
"S0031",102,20.0143861549764
"S0031",103,20.0832841640211
"S0031",104,20.1674819141941
"S0031",105,20.2510884059153
"S0031",106,20.4261569994698
"S0031",107,20.5035167444982
"S0031",108,20.6328882498779
"S0031",109,20.6943786236068
"S0031",110,20.7397514454105
"S0031",111,20.7689899211853
"S0031",112,20.810433549329
"S0031",113,20.8587735898679
"S0031",114,20.8759946472951
"S0031",115,20.9116776013658
"S0031",116,20.9364787780756
"S0031",117,20.9730799520126
"S0031",118,21.0503865841354
"S0031",119,21.0777840242572
"S0031",120,21.1209557709132
"S0031",121,21.2786330526794
"S0031",122,21.3703234968007
"S0031",123,21.521870556262
"S0031",124,21.7759314489204
"S0031",125,21.9219165379269
"S0031",126,22.0643171507488
"S0031",127,22.2518866419009
"S0031",128,22.4133174910545
"S0031",129,22.5665448331364
"S0031",130,22.62127223929
"S0031",131,22.684504306548
"S0031",132,23.948781274826
"S0031",133,24.079334722915
"S0031",134,24.1814245438809
"S0031",135,24.2691834057388
"S0031",136,24.382328150829
"S0031",137,24.5274326141577
"S0031",138,24.7052336183003
"S0031",139,24.8222496632046
"S0031",140,24.8741521940528
"S0031",141,24.8897431912666
"S0031",142,24.9013141672808
"S0031",143,24.931479358586
"S0031",144,24.9735784990625
"S0031",145,25.0180905907612
"S0031",146,25.1894795358922
"S0031",147,25.3167965250357
"S0031",148,25.6527770983156
"S0031",149,25.710846429183
"S0031",150,25.7836439779246
"S0031",151,25.9146898459586
"S0031",152,26.1063839696822
"S0031",153,26.2591178435943
"S0031",154,26.5366108509268
"S0031",155,26.6945426156713
"S0031",156,26.7329624625667
"S0031",157,26.7941110728314
"S0031",158,26.829895912488
"S0031",159,26.8967579099913
"S0031",160,26.9280849173294
"S0031",161,27.0625174136565
"S0031",162,27.3075126684095
"S0031",163,27.3666190103592
"S0031",164,27.5428924375718
"S0031",165,27.6826228555703
"S0031",166,27.985809865581
"S0032",1,0
"S0032",2,0.0831062668519862
"S0032",3,0.159095608770448
"S0032",4,0.417760037921384
"S0032",5,0.797894555274091
"S0032",6,1.40438944642415
"S0032",7,1.56800233920314
"S0032",8,1.86120781580591
"S0032",9,2.10738444097406
"S0032",10,2.37801207344374
"S0032",11,2.50465449311711
"S0032",12,2.57165497897242
"S0032",13,2.70795322021443
"S0032",14,3.40796776851816
"S0032",15,3.60045447554144
"S0032",16,3.73323913158928
"S0032",17,4.10975539559322
"S0032",18,4.54337298843226
"S0032",19,4.64380857305209
"S0032",20,4.72902461919584
"S0032",21,4.75830807481244
"S0032",22,4.89085939255675
"S0032",23,5.36788281302676
"S0032",24,6.04034967444161
"S0032",25,6.29620175577132
"S0032",26,6.87988308944424
"S0032",27,7.64661887126465
"S0032",28,7.79686675583436
"S0032",29,8.11839439209978
"S0032",30,8.33316075661286
"S0032",31,8.47010972573264
"S0032",32,8.65672009854464
"S0032",33,8.78283049639612
"S0032",34,9.5806816095741
"S0032",35,10.1970655643527
"S0032",36,11.0174545956641
"S0032",37,11.7188525301458
"S0032",38,12.3876843904528
"S0032",39,12.8987436527456
"S0032",40,13.4623706487875
"S0032",41,13.9324947451059
"S0032",42,14.3661595883104
"S0032",43,15.2317095871983
"S0032",44,15.6730313471278
"S0032",45,16.0981807600143
"S0032",46,20.3389012667718
"S0032",47,21.355326357017
"S0032",48,21.9747644765265
"S0032",49,22.9325400399515
"S0032",50,24.7649920147024
"S0032",51,25.1657234857238
"S0032",52,25.3362856617713
"S0032",53,25.4289392777828
"S0032",54,25.5916380979315
"S0032",55,25.7061786794999
"S0032",56,25.7944101527118
"S0032",57,25.8899108611366
"S0032",58,26.5282916520117
"S0032",59,26.8273536011775
"S0032",60,26.9353308650483
"S0032",61,27.0234759187647
"S0032",62,27.2245911154381
"S0032",63,28.065439182949
"S0032",64,28.911586886557
"S0032",65,29.2608969248546
"S0032",66,30.0153354673145
"S0032",67,30.3279445667835
"S0032",68,30.7774679930276
"S0032",69,30.948068404103
"S0032",70,31.1038041426866
"S0032",71,31.4256483717071
"S0032",72,31.6743999534403
"S0032",73,31.9911916224681
"S0032",74,32.9923656335158
"S0032",75,36.1769664181454
"S0032",76,39.1281359827203
"S0032",77,39.6927801183067
"S0032",78,40.2193931340656
"S0032",79,40.6611314109413
"S0032",80,41.2213598377962
"S0032",81,41.553220402491
"S0032",82,41.8881268430191
"S0032",83,42.0302667215277
"S0032",84,42.1082616282089
"S0032",85,42.1666304554907
"S0032",86,42.2998063926264
"S0032",87,42.4099439608698
"S0032",88,42.5063164161001
"S0032",89,42.6209883316063
"S0032",90,42.7059340309743
"S0032",91,42.9404826577572
"S0032",92,43.1847615300798
"S0032",93,43.4455398455971
"S0032",94,43.7329681713264
"S0032",95,44.2047192553812
"S0032",96,44.6907183761457
"S0032",97,45.0725277749149
"S0032",98,45.4282601563973
"S0032",99,45.9008026963217
"S0032",100,46.2419748053582
"S0032",101,46.5214096611016
"S0032",102,46.9302857416233
"S0032",103,47.1118197950504
"S0032",104,47.3260336729812
"S0032",105,47.7843207227889
"S0032",106,48.0293904288263
"S0032",107,48.5954578602566
"S0032",108,48.945119832212
"S0032",109,49.3247119251812
"S0032",110,49.5680954744484
"S0032",111,54.4974425029852
"S0032",112,54.6476860071123
"S0032",113,54.8347368950203
"S0032",114,55.1136317851218
"S0032",115,55.211474970803
"S0032",116,55.5317136430025
"S0032",117,55.8985404536698
"S0032",118,56.182835927256
"S0032",119,56.4691440466519
"S0032",120,56.6891820093523
"S0032",121,57.0383694137897
"S0032",122,57.3814652218643
"S0032",123,57.6768519367374
"S0032",124,57.7752786532325
"S0032",125,58.1426779982055
"S0032",126,58.3500515470123
"S0032",127,58.3884049699108
"S0032",128,58.4498006143281
"S0032",129,58.4761888044005
"S0032",130,58.5189453951704
"S0032",131,58.5639387153308
"S0032",132,58.6031073810839
"S0032",133,58.6520008186506
"S0032",134,58.7946862235149
"S0032",135,58.9242125373064
"S0032",136,59.0987902873636
"S0032",137,59.2691829942817
"S0032",138,59.7528891381447
"S0032",139,60.1711551079419
"S0032",140,60.3773604486577
"S0032",141,60.6768365584152
"S0032",142,61.050734839126
"S0032",143,61.12113055674
"S0032",144,61.3880701518364
"S0032",145,61.5862430156376
"S0032",146,62.1942315553001
"S0032",147,62.9956244897971
"S0033",1,0
"S0033",2,0.0356794720349424
"S0033",3,0.0619624024034078
"S0033",4,0.109531712211734
"S0033",5,0.141402999615608
"S0033",6,0.168094085874182
"S0033",7,0.20392500609673
"S0033",8,0.26416303818625
"S0033",9,0.293788559894497
"S0033",10,0.323670082715187
"S0033",11,0.347021303801582
"S0033",12,0.390989883803198
"S0033",13,0.427167127511281
"S0033",14,0.435420613936477
"S0033",15,0.441189668594378
"S0033",16,0.446600424353682
"S0033",17,0.455366065068078
"S0033",18,0.49259324498453
"S0033",19,0.511965578850789
"S0033",20,0.537667676947672
"S0033",21,0.577137546310492
"S0033",22,0.623117240926935
"S0033",23,0.676816998895158
"S0033",24,0.737051781528371
"S0033",25,0.75583454928995
"S0033",26,0.784477244839064
"S0033",27,0.834537745526664
"S0033",28,0.861338264102686
"S0033",29,0.902642399893223
"S0033",30,1.26628428736803
"S0033",31,1.29396318840156
"S0033",32,1.32250109756981
"S0033",33,1.34217420296844
"S0033",34,1.36757173860435
"S0033",35,1.41527989038682
"S0033",36,1.43702332215525
"S0033",37,1.4755786185066
"S0033",38,1.49702278441133
"S0033",39,1.5493366583277
"S0033",40,1.57135088318898
"S0033",41,1.58178826000115
"S0033",42,1.59241904716273
"S0033",43,1.59828274485809
"S0033",44,1.61021845066841
"S0033",45,1.61713728500263
"S0033",46,1.62706961940584
"S0033",47,1.63235345250497
"S0033",48,1.65933463850625
"S0033",49,1.69020247418962
"S0033",50,1.70848735751274
"S0033",51,1.74614284275649
"S0033",52,1.76931398345754
"S0033",53,1.81157533760984
"S0033",54,1.84711338619699
"S0033",55,1.87689247856009
"S0033",56,1.89437387806156
"S0033",57,1.91750323598159
"S0033",58,1.93550825190537
"S0033",59,2.00545674285541
"S0033",60,2.05797264341808
"S0033",61,2.08515070136778
"S0033",62,2.11468340481323
"S0033",63,2.17080708501969
"S0033",64,2.26978067593758
"S0033",65,2.30945050862244
"S0033",66,2.45883812086897
"S0033",67,2.50459059992994
"S0033",68,2.53863202462798
"S0033",69,2.55248759351359
"S0033",70,2.59272182400226
"S0033",71,2.62197115895273
"S0033",72,2.64120267226978
"S0033",73,2.69003672841428
"S0033",74,2.72956088578489
"S0033",75,2.76627524415878
"S0033",76,2.79734970185661
"S0033",77,2.82598103660787
"S0033",78,3.28069936151313
"S0033",79,3.33518466983079
"S0033",80,3.41969784433852
"S0033",81,3.48470547180212
"S0033",82,3.5226610775446
"S0033",83,3.597962435996
"S0033",84,3.68299501286261
"S0033",85,3.76693092007441
"S0033",86,3.80423983592144
"S0033",87,3.8338815043902
"S0033",88,3.88706676581242
"S0033",89,3.94783557470449
"S0033",90,3.97457452748689
"S0033",91,4.22729583178434
"S0033",92,4.42567335647318
"S0033",93,4.59960559964899
"S0033",94,4.67488146275308
"S0033",95,4.77412176838971
"S0033",96,4.85806765172229
"S0033",97,4.86153454177694
"S0033",98,4.90494530940906
"S0033",99,4.91829195111965
"S0033",100,4.92756641822904
"S0033",101,4.93007814962226
"S0033",102,4.93429381526645
"S0033",103,4.99496542467603
"S0033",104,5.01080634544266
"S0033",105,5.09446632847334
"S0033",106,5.10246273905512
"S0033",107,5.12336873625209
"S0033",108,5.12608293950788
"S0033",109,5.12941227677264
"S0033",110,5.18986460636193
"S0033",111,5.22776050594556
"S0033",112,5.24210283342672
"S0033",113,5.27815895872257
"S0033",114,5.28280082299989
"S0033",115,5.28920567266321
"S0033",116,5.29666521079659
"S0033",117,5.29907301859094
"S0033",118,5.3127978035934
"S0033",119,5.31819710819004
"S0033",120,5.32840626093372
"S0033",121,5.33759393668733
"S0033",122,5.34935335100631
"S0033",123,5.38518937349598
"S0033",124,5.40543783651461
"S0033",125,5.44045962434661
"S0033",126,5.47352555784221
"S0033",127,5.47910869149811
"S0033",128,5.48834385143572
"S0033",129,5.51198261786911
"S0033",130,5.58611640410654
"S0033",131,5.63113666103952
"S0033",132,5.65779316499304
"S0033",133,5.7053240226827
"S0033",134,5.79516544576852
"S0033",135,5.8517278623593
"S0033",136,5.8631588870159
"S0033",137,5.87035026570133
"S0033",138,5.88123446449001
"S0033",139,5.90694716671843
"S0033",140,5.92154182974477
"S0033",141,5.93764989153854
"S0033",142,6.07760286417065
"S0033",143,6.13642714155214
"S0033",144,6.14581946008964
"S0033",145,6.19404716483833
"S0033",146,6.44686805151759
"S0033",147,6.48746502904771
"S0033",148,6.51692386210288
"S0033",149,6.52891440517313
"S0033",150,6.53403364658965
"S0033",151,6.53848782347462
"S0033",152,6.54825769500643
"S0033",153,6.56394617263504
"S0033",154,6.571145264811
"S0033",155,6.63311036276904
"S0033",156,6.65654699424971
"S0033",157,6.66364475015049
"S0033",158,6.67970596262014
"S0033",159,6.71988183605742
"S0033",160,6.76758323184785
"S0033",161,6.9088119859062
"S0034",1,0
"S0034",2,1.66277289671823
"S0034",3,1.74477063419663
"S0034",4,2.0085008410122
"S0034",5,2.11491962352119
"S0034",6,2.29317388690108
"S0034",7,2.53911629747072
"S0034",8,2.61079468871695
"S0034",9,2.71852546119332
"S0034",10,2.8746432502428
"S0034",11,2.92550954635486
"S0034",12,3.13705347511862
"S0034",13,3.21366365259313
"S0034",14,3.27055940588437
"S0034",15,3.38088714128658
"S0034",16,3.68345958806723
"S0034",17,3.7372770760434
"S0034",18,3.78247069492089
"S0034",19,3.81181635101147
"S0034",20,3.85513304855685
"S0034",21,3.88354474701164
"S0034",22,3.92583291871574
"S0034",23,3.98090624490339
"S0034",24,4.01981373817072
"S0034",25,4.06638177008471
"S0034",26,4.11203785694816
"S0034",27,4.28521832273575
"S0034",28,4.44480070410287
"S0034",29,4.50497355447566
"S0034",30,4.55277349046299
"S0034",31,4.68445868568006
"S0034",32,4.77891555296128
"S0034",33,4.8712228349579
"S0034",34,4.9829734980253
"S0034",35,5.13701457987914
"S0034",36,5.16829340266652
"S0034",37,5.42888053318471
"S0034",38,5.51935615975245
"S0034",39,5.65300574453424
"S0034",40,5.77491892633088
"S0034",41,5.93096904634512
"S0034",42,6.01520093393225
"S0034",43,6.1034222362625
"S0034",44,6.19089727466077
"S0034",45,6.27016896533388
"S0034",46,6.34065037528776
"S0034",47,6.43797957813828
"S0034",48,6.52450112700554
"S0034",49,6.59621738417908
"S0034",50,6.62634133274407
"S0034",51,6.66426513240182
"S0034",52,6.69772853125291
"S0034",53,6.75752742455639
"S0034",54,6.77992480252443
"S0034",55,6.83122000332761
"S0034",56,6.8721932075853
"S0034",57,6.92443658352963
"S0034",58,7.11029172871497
"S0034",59,7.29131085880306
"S0034",60,7.4046109982283
"S0034",61,7.55037839614054
"S0034",62,7.64041318098351
"S0034",63,7.74141649952217
"S0034",64,7.87732241427102
"S0034",65,7.95791818606752
"S0034",66,8.1081656959001
"S0034",67,8.19259363915486
"S0034",68,8.38531026590539
"S0034",69,8.53459343952515
"S0034",70,8.60135980561237
"S0034",71,8.72111485748958
"S0034",72,8.85680234087841
"S0034",73,8.98461654707063
"S0034",74,9.1441290097826
"S0034",75,9.26811249197109
"S0034",76,9.4167058693921
"S0034",77,9.52727192832488
"S0034",78,9.69634973650748
"S0034",79,9.83947819689917
"S0034",80,10.0255453317952
"S0034",81,10.192805418576
"S0034",82,10.3798416256502
"S0034",83,10.7881975568773
"S0034",84,10.9958976344842
"S0034",85,11.4911819630175
"S0034",86,11.7154235875101
"S0034",87,11.7878001846929
"S0034",88,11.967669537152
"S0034",89,12.0621291360495
"S0034",90,12.1188037011468
"S0034",91,12.2486250244157
"S0034",92,12.6630374278998
"S0034",93,12.7108296038236
"S0034",94,12.7799923633629
"S0034",95,12.7966918620384
"S0034",96,12.8153229327881
"S0034",97,12.8589279234939
"S0034",98,12.9342929762486
"S0034",99,12.9965508917377
"S0034",100,13.258816124635
"S0034",101,13.4765538951511
"S0034",102,13.5518988738441
"S0034",103,13.8529689222531
"S0034",104,14.0325398415565
"S0034",105,14.3193705456106
"S0034",106,14.4220164488113
"S0034",107,14.561269750052
"S0034",108,14.6979607336731
"S0034",109,14.7127214611829
"S0034",110,14.7926570061667
"S0034",111,14.87142130513
"S0034",112,14.9093446130072
"S0034",113,14.9475936401852
"S0034",114,15.1489653638132
"S0034",115,15.2799254488175
"S0034",116,15.3390930151376
"S0034",117,15.3811109959449
"S0034",118,15.4071965031496
"S0034",119,15.4552483128009
"S0034",120,15.4780030581562
"S0034",121,15.549928124628
"S0034",122,15.701842107547
"S0034",123,15.7211200525244
"S0034",124,15.8150949959682
"S0034",125,16.165643794791
"S0034",126,16.4376295389898
"S0034",127,16.7476803291406
"S0034",128,17.0006052304401
"S0034",129,17.1895066970065
"S0034",130,17.4082632727857
"S0034",131,17.6261881540384
"S0034",132,17.8598653747541
"S0034",133,18.1448276752588
"S0034",134,18.3299666068203
"S0034",135,18.5050264757589
"S0034",136,18.7899365190748
"S0034",137,19.0452021316123
"S0034",138,19.2281493629902
"S0034",139,19.452473151053
"S0034",140,19.673438822584
"S0034",141,19.8190960261276
"S0034",142,20.98944299039
"S0034",143,21.4964013135463
"S0034",144,22.2008648925587
"S0034",145,22.3392866114043
"S0034",146,22.5608776250335
"S0034",147,22.6352052731041
"S0034",148,22.815071350648
"S0034",149,22.8435623173672
"S0034",150,23.0281485566253
"S0034",151,23.174109746342
"S0034",152,23.4376251795037
"S0034",153,23.5845788699415
"S0034",154,23.635217125171
"S0034",155,23.6727031166798
"S0034",156,23.7422945602012
"S0034",157,23.8357393214803
"S0034",158,24.0626753599525
"S0034",159,24.1091024025745
"S0034",160,24.1660352268587
"S0034",161,24.1841257300878
"S0034",162,24.2248889614496
"S0034",163,24.2540877791439
"S0034",164,24.4769033514476
"S0034",165,25.0001039138999
"S0034",166,25.2053168089307
"S0035",1,0
"S0035",2,0.181850689903731
"S0035",3,0.351579280898761
"S0035",4,0.614495835325188
"S0035",5,0.755121801642368
"S0035",6,0.930489128731578
"S0035",7,1.10918552869578
"S0035",8,1.27384365964733
"S0035",9,1.40322094914349
"S0035",10,1.6017829858516
"S0035",11,1.80303998242487
"S0035",12,2.04125960361492
"S0035",13,2.22321286344892
"S0035",14,2.94456432828671
"S0035",15,3.69171603614456
"S0035",16,4.34660361105567
"S0035",17,5.27710095429537
"S0035",18,5.54993180406331
"S0035",19,5.81170106989601
"S0035",20,6.02028372646779
"S0035",21,6.26270232706413
"S0035",22,6.45116454807932
"S0035",23,6.69726277536149
"S0035",24,6.95329943679148
"S0035",25,7.20400594177247
"S0035",26,7.37840195737174
"S0035",27,7.60632814351671
"S0035",28,7.80368739147425
"S0035",29,8.01338419937834
"S0035",30,8.23584769739972
"S0035",31,8.43873328550834
"S0035",32,8.68038144036257
"S0035",33,8.84958344963221
"S0035",34,9.09965053554349
"S0035",35,9.31301332871297
"S0035",36,11.2783412839366
"S0035",37,11.727515470428
"S0035",38,11.7965034683716
"S0035",39,11.9038372612443
"S0035",40,11.9286522647484
"S0035",41,12.0124255037558
"S0035",42,12.1153010472672
"S0035",43,12.2051818850055
"S0035",44,12.2821863036219
"S0035",45,12.4435661122563
"S0035",46,12.5976132221865
"S0035",47,12.7566976782587
"S0035",48,12.8502972730659
"S0035",49,13.0253619034133
"S0035",50,13.0991394898187
"S0035",51,13.2211422196667
"S0035",52,13.3440238049883
"S0035",53,13.4931010202191
"S0035",54,13.70215912264
"S0035",55,13.7766571527403
"S0035",56,13.8727649237142
"S0035",57,14.0103962395677
"S0035",58,14.1105833074376
"S0035",59,14.1776731879833
"S0035",60,14.3720765053836
"S0035",61,14.4205992251755
"S0035",62,14.4599091658997
"S0035",63,14.5302171000505
"S0035",64,14.7440826798885
"S0035",65,14.8228524242166
"S0035",66,14.8825454680809
"S0035",67,14.9396584976496
"S0035",68,15.027709959704
"S0035",69,15.0781473058549
"S0035",70,15.1192411644574
"S0035",71,15.3953759192888
"S0035",72,15.6489726644629
"S0035",73,15.7642400955788
"S0035",74,16.1270741919007
"S0035",75,16.201702421712
"S0035",76,16.2511360123683
"S0035",77,16.2913052813504
"S0035",78,16.4045786447757
"S0035",79,16.6319444250817
"S0035",80,16.9305479709147
"S0035",81,17.0769480309575
"S0035",82,17.1529390542833
"S0035",83,17.4135182487131
"S0035",84,17.6183356637535
"S0035",85,17.8567854431159
"S0035",86,18.0755164020783
"S0035",87,18.2074688290869
"S0035",88,18.5156590684102
"S0035",89,18.7558898017821
"S0035",90,18.8549521392473
"S0035",91,18.8903539885188
"S0035",92,18.9264777173588
"S0035",93,19.0136711858383
"S0035",94,19.0628530757492
"S0035",95,19.1100648008467
"S0035",96,19.3134562743821
"S0035",97,19.4171159780404
"S0035",98,19.4468817290601
"S0035",99,19.4867875936685
"S0035",100,19.531611817855
"S0035",101,19.5665268985728
"S0035",102,19.586098071214
"S0035",103,19.6067663190078
"S0035",104,19.6378156549105
"S0035",105,19.7273361361646
"S0035",106,19.9312318295964
"S0035",107,20.2251642529036
"S0035",108,20.4468715006148
"S0035",109,20.5176949704274
"S0035",110,20.6035711559499
"S0035",111,20.6498231803038
"S0035",112,20.7130098088914
"S0035",113,20.7403775812367
"S0035",114,20.950520808134
"S0035",115,20.9937514909637
"S0035",116,21.0341889360468
"S0035",117,21.2188016741973
"S0035",118,21.5535707480638
"S0035",119,21.5990724551898
"S0035",120,21.6119469451436
"S0035",121,21.6927618635975
"S0035",122,21.7269387973278
"S0035",123,21.7534131869738
"S0035",124,21.7767872525297
"S0035",125,21.7962198805943
"S0035",126,21.8379430710654
"S0035",127,21.9614159336995
"S0035",128,21.9741386014872
"S0035",129,22.0551583499539
"S0035",130,22.2389564030754
"S0035",131,22.2821522311504
"S0035",132,22.5885887439619
"S0035",133,22.5971607887235
"S0035",134,22.6824904855375
"S0035",135,22.7006841138704
"S0035",136,22.7355473301968
"S0035",137,22.7610324795824
"S0035",138,22.8422068883631
"S0035",139,22.926421315044
"S0035",140,23.1516876969045
"S0035",141,23.2258837545344
"S0035",142,24.424902628945
"S0035",143,24.6285379976824
"S0035",144,24.8022231545856
"S0035",145,24.9827292278442
"S0035",146,25.1097889514865
"S0035",147,25.2812437144758
"S0035",148,25.443734717147
"S0035",149,25.5104777751852
"S0035",150,25.6570240387488
"S0035",151,25.8959914299632
"S0035",152,26.0308564040929
"S0035",153,26.1234066647367
"S0035",154,26.3144163284615
"S0035",155,26.5270958034666
"S0035",156,26.6949051511761
"S0035",157,26.73347342485
"S0035",158,26.7742971113702
"S0035",159,26.8398047804229
"S0035",160,26.8899940312845
"S0035",161,26.9282428685684
"S0035",162,27.0754426213444
"S0035",163,27.2588033814395
"S0035",164,27.3335454177357
"S0035",165,27.4240001270347
"S0035",166,27.5508171462961
"S0035",167,27.6407548351305
"S0035",168,27.8313266526199
"S0035",169,27.9337043427808
"S0035",170,28.1828565026595
"S0035",171,28.4047673741784
"S0035",172,28.4623668014865
"S0035",173,28.6339866719224
"S0035",174,28.7540596695412
"S0036",1,0
"S0036",2,0.0660165743727199
"S0036",3,0.124636395663716
"S0036",4,0.159952214279554
"S0036",5,0.206989693703952
"S0036",6,0.26470470534537
"S0036",7,0.328616221285187
"S0036",8,0.376460853762115
"S0036",9,0.432571030436884
"S0036",10,0.485342269640023
"S0036",11,0.541625317104507
"S0036",12,0.618109929677984
"S0036",13,0.676445303320201
"S0036",14,0.739741868813936
"S0036",15,1.15158661080938
"S0036",16,1.22538532584275
"S0036",17,1.28478605015044
"S0036",18,1.46194912156142
"S0036",19,1.51577902805039
"S0036",20,1.52896695490103
"S0036",21,1.541708290524
"S0036",22,1.56319926082639
"S0036",23,1.61052845931668
"S0036",24,1.61480256505763
"S0036",25,1.62374081865486
"S0036",26,1.63049428103798
"S0036",27,1.64318923612578
"S0036",28,1.65089214221917
"S0036",29,1.66833916063875
"S0036",30,1.68346388845879
"S0036",31,1.69172596760954
"S0036",32,1.73484455235976
"S0036",33,1.76583438646287
"S0036",34,1.83116899346302
"S0036",35,1.93949659097538
"S0036",36,2.04929500093717
"S0036",37,2.1397903993115
"S0036",38,2.25105134133315
"S0036",39,2.32241154103819
"S0036",40,2.40059893523336
"S0036",41,2.53133727683395
"S0036",42,2.61265155110442
"S0036",43,2.72692361838657
"S0036",44,2.80632616614862
"S0036",45,2.87909221215283
"S0036",46,2.96550145870279
"S0036",47,3.0821456093794
"S0036",48,3.26809693408071
"S0036",49,3.52487223752647
"S0036",50,3.83288854093163
"S0036",51,3.84549293903812
"S0036",52,3.87687199846654
"S0036",53,3.91866107798259
"S0036",54,3.95809592844902
"S0036",55,3.97976298468351
"S0036",56,3.99360572023922
"S0036",57,4.0164994584858
"S0036",58,4.04159447529066
"S0036",59,4.06358061381333
"S0036",60,4.08486959425861
"S0036",61,4.10125990064336
"S0036",62,4.14178936743665
"S0036",63,4.15986893545797
"S0036",64,4.18828285342162
"S0036",65,4.22245485888952
"S0036",66,4.23913179399482
"S0036",67,4.26964576730172
"S0036",68,4.28881801895928
"S0036",69,4.33207862630778
"S0036",70,4.35400241815352
"S0036",71,4.37827786547748
"S0036",72,4.40490421515763
"S0036",73,4.42321321507759
"S0036",74,4.45136606476169
"S0036",75,4.47961765155898
"S0036",76,4.51368736854389
"S0036",77,4.5595761539006
"S0036",78,4.58818506070944
"S0036",79,4.62443695514856
"S0036",80,4.64610020988699
"S0036",81,4.67882286853512
"S0036",82,4.7359682024517
"S0036",83,4.76942539776233
"S0036",84,4.88893613815238
"S0036",85,4.89854770137106
"S0036",86,4.91107066679481
"S0036",87,4.91730614069325
"S0036",88,4.93456624612484
"S0036",89,4.9448056777399
"S0036",90,4.97299758796389
"S0036",91,5.06680592748247
"S0036",92,5.10068502091044
"S0036",93,5.17865771427747
"S0036",94,5.20554981408734
"S0036",95,5.29305163028651
"S0036",96,5.34802388142137
"S0036",97,5.41666101861306
"S0036",98,5.42683847263987
"S0036",99,5.47831394016962
"S0036",100,5.5234282937985
"S0036",101,5.55541011286102
"S0036",102,5.60700706666559
"S0036",103,5.62487120403753
"S0036",104,5.64737179269308
"S0036",105,5.66739133657238
"S0036",106,5.67115128255638
"S0036",107,5.67765534705302
"S0036",108,5.68469202616525
"S0036",109,5.69641728675391
"S0036",110,5.70611577262951
"S0036",111,5.71624862130772
"S0036",112,5.73621930182458
"S0036",113,5.74495206574577
"S0036",114,5.81725949507261
"S0036",115,5.826126361716
"S0036",116,5.84560623740827
"S0036",117,5.86713921241762
"S0036",118,5.91180608070432
"S0036",119,5.97533135966767
"S0036",120,6.03379406634493
"S0036",121,6.08159305410802
"S0036",122,6.15938242337153
"S0036",123,6.17674586506595
"S0036",124,6.22596031901089
"S0036",125,6.25549963076104
"S0036",126,6.67811515734968
"S0036",127,6.73281942056505
"S0036",128,6.7412945540656
"S0036",129,6.75865774664977
"S0036",130,6.77795007786894
"S0036",131,6.78319823183057
"S0036",132,6.79568740443151
"S0036",133,6.83947726823672
"S0036",134,6.86921169680186
"S0036",135,6.89602038522253
"S0036",136,6.95721990311662
"S0036",137,6.96570491907491
"S0036",138,6.97960475222943
"S0036",139,6.98659749674992
"S0036",140,7.00998592131326
"S0036",141,7.02147131976186
"S0036",142,7.02610608444757
"S0036",143,7.04066777371804
"S0036",144,7.05354631029475
"S0036",145,7.08525566536769
"S0036",146,7.10063057815614
"S0036",147,7.14440001311533
"S0036",148,7.18819906115077
"S0036",149,7.21057467547919
"S0036",150,7.28860183750312
"S0036",151,7.31463076890464
"S0036",152,7.33883046371911
"S0036",153,7.37252460220086
"S0036",154,7.38593209636948
"S0036",155,7.44451058759924
"S0036",156,7.46220409990735
"S0036",157,7.47016598217698
"S0036",158,7.53394670778843
"S0036",159,7.56286546306752
"S0036",160,7.58046840275084
"S0037",1,0
"S0037",2,0.249527152153611
"S0037",3,0.555931441771851
"S0037",4,0.654586309536097
"S0037",5,1.32273195541045
"S0037",6,1.35607935235223
"S0037",7,1.38787168746606
"S0037",8,1.43151020741898
"S0037",9,1.45839110765754
"S0037",10,1.49280807218742
"S0037",11,1.57948491366722
"S0037",12,1.63242404927719
"S0037",13,1.77809478523726
"S0037",14,1.9929508529254
"S0037",15,2.38704143115847
"S0037",16,2.70480591983397
"S0037",17,2.74801638187974
"S0037",18,2.86748872014868
"S0037",19,2.96105580358517
"S0037",20,3.05252214162718
"S0037",21,3.20299819566484
"S0037",22,3.28212758264312
"S0037",23,3.46054849979815
"S0037",24,3.60376129822851
"S0037",25,3.72853649491184
"S0037",26,3.93401701997974
"S0037",27,4.05784554207018
"S0037",28,4.22003739054161
"S0037",29,4.36828607496187
"S0037",30,4.40594331820248
"S0037",31,4.53903766091502
"S0037",32,4.56440968634128
"S0037",33,4.61053163320442
"S0037",34,4.85969571257253
"S0037",35,5.14358033387643
"S0037",36,5.41662140567593
"S0037",37,5.71893794740752
"S0037",38,6.2524086416477
"S0037",39,6.61691883344751
"S0037",40,6.66214862563126
"S0037",41,6.78125080488561
"S0037",42,6.82997077201693
"S0037",43,6.91897530584806
"S0037",44,7.17161664377877
"S0037",45,7.27995537803719
"S0037",46,7.57282152249346
"S0037",47,7.78804781424665
"S0037",48,7.8521353196417
"S0037",49,7.91948631992536
"S0037",50,7.93465619556985
"S0037",51,7.96924985039405
"S0037",52,8.00475062219075
"S0037",53,8.03371742829352
"S0037",54,8.12652626164463
"S0037",55,8.24145580720175
"S0037",56,8.35682431631761
"S0037",57,8.4453043744824
"S0037",58,8.51521716764603
"S0037",59,8.73442082362515
"S0037",60,8.83056571214381
"S0037",61,8.99734991423151
"S0037",62,9.20564964578945
"S0037",63,9.22974735080654
"S0037",64,9.28512483671203
"S0037",65,9.43081070558422
"S0037",66,9.56260669713386
"S0037",67,9.7786011156027
"S0037",68,10.0031425491252
"S0037",69,10.4695222316405
"S0037",70,10.7171582694384
"S0037",71,10.951358613913
"S0037",72,11.3372823803283
"S0037",73,11.7915274516344
"S0037",74,12.1661945258309
"S0037",75,12.4125527394578
"S0037",76,12.7423294494168
"S0037",77,14.681343414975
"S0037",78,15.149932195575
"S0037",79,16.4658465529355
"S0037",80,16.6734474569428
"S0037",81,16.9087691056552
"S0037",82,17.1917731222347
"S0037",83,17.3902596573167
"S0037",84,17.6437461070671
"S0037",85,17.8010180777281
"S0037",86,17.9442556215826
"S0037",87,18.2048459329192
"S0037",88,18.3566625828294
"S0037",89,18.5582780665666
"S0037",90,18.6005658887061
"S0037",91,18.6545994873683
"S0037",92,18.7038575927408
"S0037",93,18.7938323278435
"S0037",94,18.8778677209613
"S0037",95,18.9270048973169
"S0037",96,19.0102251207467
"S0037",97,19.073243170285
"S0037",98,19.2324576286067
"S0037",99,19.3410932717589
"S0037",100,19.4139935874445
"S0037",101,19.4764892359523
"S0037",102,19.6411949395885
"S0037",103,19.7749943700108
"S0037",104,19.8770448160949
"S0037",105,19.9082979691367
"S0037",106,19.9308798003165
"S0037",107,19.9519845926899
"S0037",108,19.9748945005483
"S0037",109,20.0059456477846
"S0037",110,20.0221168320453
"S0037",111,20.0394376980386
"S0037",112,20.0631871405772
"S0037",113,20.0811464176924
"S0037",114,20.1415886842585
"S0037",115,20.2256277841569
"S0037",116,20.2743863759061
"S0037",117,20.3704155372537
"S0037",118,20.4351938044106
"S0037",119,20.5389426936964
"S0037",120,20.6394140495122
"S0037",121,20.7383963873351
"S0037",122,20.9063760301817
"S0037",123,20.9804041493946
"S0037",124,21.2636617680268
"S0037",125,22.0659186248414
"S0037",126,22.3858716567629
"S0037",127,22.484420436439
"S0037",128,22.770583425162
"S0037",129,23.0038596342865
"S0037",130,23.1995719374916
"S0037",131,23.3918658975099
"S0037",132,23.5109434609102
"S0037",133,23.7670148833322
"S0037",134,23.831003127963
"S0037",135,23.9122025527952
"S0037",136,23.9560836236794
"S0037",137,24.0059149786111
"S0037",138,24.0556390062629
"S0037",139,24.2597246441527
"S0037",140,24.2968548699181
"S0037",141,24.3430760185019
"S0037",142,24.43885043842
"S0037",143,24.4920229299423
"S0037",144,24.5218813907587
"S0037",145,24.569486724354
"S0037",146,24.8653826740235
"S0037",147,24.8921348750758
"S0037",148,25.0036720492769
"S0037",149,25.1414876218787
"S0037",150,25.3310708525537
"S0037",151,25.4353065833545
"S0037",152,25.6780347167061
"S0038",1,0
"S0038",2,0.0801753493923763
"S0038",3,0.140319945039468
"S0038",4,0.443300934091989
"S0038",5,0.49265442744036
"S0038",6,0.759706856516482
"S0038",7,0.867200660219355
"S0038",8,0.953244389652099
"S0038",9,1.07467690799561
"S0038",10,1.12610481158833
"S0038",11,1.23348546529144
"S0038",12,1.3925228961855
"S0038",13,1.43300008509073
"S0038",14,1.44916497536539
"S0038",15,1.50434136164263
"S0038",16,1.56539049594801
"S0038",17,1.59669507239413
"S0038",18,1.65399497061797
"S0038",19,1.78569799908926
"S0038",20,1.86977624307843
"S0038",21,1.92324928343849
"S0038",22,1.95150545688549
"S0038",23,2.00569140450998
"S0038",24,2.14133011339365
"S0038",25,2.20897752904914
"S0038",26,2.26193995612149
"S0038",27,2.36550358225839
"S0038",28,2.4273204387868
"S0038",29,2.50371500317933
"S0038",30,2.54505786294342
"S0038",31,2.74586230055959
"S0038",32,2.87534713023791
"S0038",33,3.14005501620577
"S0038",34,3.25203048496246
"S0038",35,3.46953199186132
"S0038",36,3.70416805808432
"S0038",37,4.11169402430223
"S0038",38,4.18507768553905
"S0038",39,4.337162544571
"S0038",40,4.37144260581117
"S0038",41,4.40940550608277
"S0038",42,4.48260932277918
"S0038",43,4.53849849136624
"S0038",44,4.57464701384256
"S0038",45,4.59503398620674
"S0038",46,4.63532061110497
"S0038",47,4.67456884803061
"S0038",48,4.75351218085435
"S0038",49,4.86071085328239
"S0038",50,4.8921665065455
"S0038",51,5.18701904630121
"S0038",52,5.39411065037293
"S0038",53,5.53070578549658
"S0038",54,5.63889906037159
"S0038",55,5.7672029314123
"S0038",56,5.83637816848944
"S0038",57,5.93365791321636
"S0038",58,6.01949491048766
"S0038",59,6.09455544229136
"S0038",60,6.27003827445214
"S0038",61,6.29539506586991
"S0038",62,6.35974207783748
"S0038",63,6.39698812788992
"S0038",64,6.55187267216677
"S0038",65,6.59337811244678
"S0038",66,6.65112598409401
"S0038",67,6.7739092557193
"S0038",68,6.87660094379367
"S0038",69,6.91651415546724
"S0038",70,7.04821174308952
"S0038",71,7.1342590564188
"S0038",72,7.26274279805674
"S0038",73,7.29872061415984
"S0038",74,7.4352964795753
"S0038",75,7.47396381396694
"S0038",76,7.5237718034532
"S0038",77,7.58591383169701
"S0038",78,7.65550413821569
"S0038",79,7.67142115986258
"S0038",80,7.71754671745455
"S0038",81,7.8391712075937
"S0038",82,7.88073761099363
"S0038",83,7.9361676288813
"S0038",84,8.02125121965666
"S0038",85,8.0765970764441
"S0038",86,8.30262234609721
"S0038",87,8.4590556461023
"S0038",88,8.65198737088209
"S0038",89,8.87232037027236
"S0038",90,9.01054128246097
"S0038",91,9.18849190937167
"S0038",92,9.3917369048914
"S0038",93,9.59097615803433
"S0038",94,9.7424204807013
"S0038",95,9.97698427108695
"S0038",96,10.0984515467367
"S0038",97,10.1698859063222
"S0038",98,10.2252351259246
"S0038",99,10.2961780631345
"S0038",100,10.3303483812182
"S0038",101,10.4110357972883
"S0038",102,10.5497853473246
"S0038",103,10.7343834103245
"S0038",104,10.9093618680762
"S0038",105,11.0736097373345
"S0038",106,11.1776237363866
"S0038",107,11.4165805061423
"S0038",108,11.8291403347164
"S0038",109,12.2283387760712
"S0038",110,12.460649983923
"S0038",111,12.6861153638293
"S0038",112,12.96082533369
"S0038",113,13.2775098936968
"S0038",114,13.5179929392288
"S0038",115,13.7595677598335
"S0038",116,13.95475368996
"S0038",117,14.121274078316
"S0038",118,14.3334461405599
"S0038",119,14.5407757763647
"S0038",120,14.8654306757503
"S0038",121,15.1704344223008
"S0038",122,15.3880002263634
"S0038",123,15.5625030913722
"S0038",124,15.6962435419452
"S0038",125,15.9933409260411
"S0038",126,16.1026870229506
"S0038",127,16.2880070309242
"S0038",128,16.509332234702
"S0038",129,16.6671755009758
"S0038",130,16.8269879082854
"S0038",131,16.9862252401065
"S0038",132,17.1685776346179
"S0038",133,17.2494890843164
"S0038",134,17.3955867029536
"S0038",135,17.6898964499865
"S0038",136,19.1299251274575
"S0038",137,19.2581895554823
"S0038",138,19.3720328470115
"S0038",139,21.0021906991471
"S0038",140,21.2645080891086
"S0038",141,21.5992952934833
"S0038",142,21.803101546044
"S0038",143,21.9093524569501
"S0038",144,22.1276759581334
"S0038",145,22.2924794351041
"S0038",146,22.3276688697893
"S0038",147,22.3488819354502
"S0038",148,22.3725597753448
"S0038",149,22.3995383544082
"S0038",150,22.4599737326778
"S0038",151,22.509834983583
"S0038",152,22.552156390907
"S0038",153,22.6066587329918
"S0038",154,22.8373840974906
"S0038",155,22.8773459590112
"S0038",156,22.9387901305339
"S0038",157,22.9996136052408
"S0038",158,23.0257367124823
"S0038",159,23.0673166863654
"S0038",160,23.1434932551242
"S0038",161,23.3570495727782
"S0038",162,23.4484782367938
"S0038",163,23.6713100041141
"S0038",164,23.7710826644961
"S0038",165,23.8094391351151
"S0038",166,24.0364674979311
"S0038",167,24.1638813200137
"S0038",168,24.5410404305484
"S0039",1,0
"S0039",2,0.576170301852748
"S0039",3,0.722478423433254
"S0039",4,0.916698866115357
"S0039",5,1.21064090360111
"S0039",6,1.29711161978244
"S0039",7,1.45387232593053
"S0039",8,1.62107512510012
"S0039",9,1.65737085825265
"S0039",10,1.79544809586643
"S0039",11,2.03822068957009
"S0039",12,2.1210866628995
"S0039",13,2.1831113432146
"S0039",14,2.24515438319011
"S0039",15,2.30574631283759
"S0039",16,2.3930186575176
"S0039",17,2.68900035406701
"S0039",18,2.73552880550304
"S0039",19,3.04946969351511
"S0039",20,3.07303119421767
"S0039",21,3.16116602391511
"S0039",22,3.17858238808284
"S0039",23,3.1937876784485
"S0039",24,3.21755944499423
"S0039",25,3.25793494725467
"S0039",26,3.28918889210796
"S0039",27,3.30888967251204
"S0039",28,3.32760133513801
"S0039",29,3.44627101961992
"S0039",30,3.53696122247134
"S0039",31,3.65261700806875
"S0039",32,3.75242333885367
"S0039",33,3.9737156813559
"S0039",34,4.29577348974045
"S0039",35,4.34265416439037
"S0039",36,4.35641186239536
"S0039",37,4.49280397685989
"S0039",38,4.68059642429226
"S0039",39,4.78868292823148
"S0039",40,5.06270840785108
"S0039",41,5.18366053732433
"S0039",42,5.28832799128625
"S0039",43,5.47973737966865
"S0039",44,5.64151350476118
"S0039",45,5.88435336115276
"S0039",46,6.0762723733159
"S0039",47,6.22166538428516
"S0039",48,6.38213621839006
"S0039",49,6.4853566206336
"S0039",50,6.58376644032369
"S0039",51,6.73983327764253
"S0039",52,6.89300211121477
"S0039",53,6.99660410757668
"S0039",54,8.97593037774347
"S0039",55,9.26289047734683
"S0039",56,9.7120327962843
"S0039",57,9.82498615175342
"S0039",58,9.94815359631986
"S0039",59,10.3347715414142
"S0039",60,10.4001220446613
"S0039",61,10.4447588995152
"S0039",62,10.481827848201
"S0039",63,10.5284472191383
"S0039",64,10.5608439251793
"S0039",65,10.591961655059
"S0039",66,10.6439712819393
"S0039",67,10.7156423963429
"S0039",68,11.1236039794356
"S0039",69,11.230298832093
"S0039",70,11.2969538534334
"S0039",71,11.545572004464
"S0039",72,11.6322318164698
"S0039",73,11.7588133881361
"S0039",74,11.831388801014
"S0039",75,11.90949234884
"S0039",76,12.0314174347859
"S0039",77,12.1251352736915
"S0039",78,12.2722483871281
"S0039",79,12.3977309076652
"S0039",80,12.4623674043528
"S0039",81,12.5533011936939
"S0039",82,12.7294274212124
"S0039",83,12.7763628073498
"S0039",84,12.8374170716326
"S0039",85,12.9485083367554
"S0039",86,13.0498199776216
"S0039",87,13.1281490937772
"S0039",88,13.2234330826977
"S0039",89,13.2754886019858
"S0039",90,13.3452751362738
"S0039",91,13.4016519921314
"S0039",92,13.477658574002
"S0039",93,13.5403894172318
"S0039",94,13.6384331947659
"S0039",95,13.6906335780503
"S0039",96,13.7620317296645
"S0039",97,13.8815682140512
"S0039",98,13.9461573907034
"S0039",99,14.2723506714097
"S0039",100,14.599590869559
"S0039",101,15.4083143751459
"S0039",102,15.8581639256543
"S0039",103,15.9914314808742
"S0039",104,16.1707667155093
"S0039",105,16.3015337532079
"S0039",106,16.4208500805207
"S0039",107,16.5430407091378
"S0039",108,16.6047647690936
"S0039",109,16.6575586383924
"S0039",110,16.6758372528341
"S0039",111,16.7209583607361
"S0039",112,16.7914849807809
"S0039",113,16.8138196083592
"S0039",114,16.845695912753
"S0039",115,16.8923371178825
"S0039",116,17.0845152743142
"S0039",117,17.1241153421694
"S0039",118,17.2419392225857
"S0039",119,17.2964434362142
"S0039",120,17.3110183870176
"S0039",121,17.3369533043121
"S0039",122,17.3648011291764
"S0039",123,17.5010591900533
"S0039",124,17.7275052960775
"S0039",125,17.9590639801065
"S0039",126,18.009859289284
"S0039",127,18.1389106193685
"S0039",128,18.3259107167337
"S0039",129,19.484230747639
"S0039",130,19.7064100790078
"S0039",131,19.9106838133695
"S0039",132,20.122276227956
"S0039",133,20.3557728138341
"S0039",134,20.5428814464307
"S0039",135,20.7363383742659
"S0039",136,20.919140643814
"S0039",137,21.1380034694077
"S0039",138,21.342040553848
"S0039",139,21.5308980445814
"S0039",140,21.7637775219914
"S0039",141,21.8678026389805
"S0039",142,21.9849324043084
"S0039",143,22.1459939237562
"S0039",144,22.2703798758211
"S0039",145,22.4140321810207
"S0039",146,22.5647964781391
"S0039",147,22.6326027488898
"S0039",148,22.7241237135656
"S0039",149,22.7736198522052
"S0039",150,22.8008134176386
"S0039",151,22.865695872645
"S0039",152,22.8964218405241
"S0039",153,22.9975905845708
"S0039",154,23.1781856696002
"S0039",155,23.2955616349036
"S0039",156,23.4071653707098
"S0039",157,23.5292288602932
"S0039",158,23.6509151943047
"S0039",159,23.7646890727289
"S0039",160,23.9024207685459
"S0039",161,23.9981950734288
"S0039",162,24.0866124743142
"S0039",163,24.2328207079375
"S0039",164,24.4015630324844
"S0039",165,24.5151924299621
"S0039",166,24.6725016015699
"S0039",167,24.8439963771368
"S0039",168,25.007031725399
"S0039",169,25.1651254561621
"S0039",170,25.2897971865368
"S0039",171,25.4479246289989
"S0039",172,25.5947037113692
"S0040",1,0
"S0040",2,0.148699013640571
"S0040",3,0.48278796435282
"S0040",4,0.69772489017631
"S0040",5,0.827012026593083
"S0040",6,0.909425371206401
"S0040",7,1.08676910248291
"S0040",8,1.35880610603898
"S0040",9,1.63473407643959
"S0040",10,1.72590285924896
"S0040",11,2.26826759901409
"S0040",12,2.37271626274076
"S0040",13,2.65123120233607
"S0040",14,2.75772728476868
"S0040",15,3.17918965019636
"S0040",16,3.32782595521548
"S0040",17,3.39124077621033
"S0040",18,3.41794321000943
"S0040",19,3.48641015853187
"S0040",20,3.82822119288943
"S0040",21,3.91261650566375
"S0040",22,4.1356601817975
"S0040",23,4.31707567993798
"S0040",24,4.93230723390448
"S0040",25,5.18315158788948
"S0040",26,5.40446722740162
"S0040",27,5.87130950750531
"S0040",28,6.08080040024608
"S0040",29,6.1612096735878
"S0040",30,6.94657580329266
"S0040",31,11.1081357124557
"S0040",32,11.7211945050487
"S0040",33,12.1383652144077
"S0040",34,12.5759427330896
"S0040",35,12.9535539132283
"S0040",36,13.2393772163457
"S0040",37,13.6657968619113
"S0040",38,14.2395830068627
"S0040",39,14.5748322361811
"S0040",40,14.8469659551213
"S0040",41,14.9273525866057
"S0040",42,14.9872883195106
"S0040",43,15.1216452711003
"S0040",44,15.2199422399339
"S0040",45,15.34968307274
"S0040",46,15.8415899231121
"S0040",47,16.4203979917754
"S0040",48,16.7998423118332
"S0040",49,17.2216660522227
"S0040",50,17.5352097148235
"S0040",51,17.9314004842327
"S0040",52,18.5735306656687
"S0040",53,19.026697138899
"S0040",54,19.5966088386396
"S0040",55,20.0542449678502
"S0040",56,20.3020477160738
"S0040",57,20.8167395884008
"S0040",58,21.3776104119704
"S0040",59,22.0892248882414
"S0040",60,22.5204913663025
"S0040",61,23.3598443031121
"S0040",62,24.2622299840087
"S0040",63,24.5164548871283
"S0040",64,24.9238252923838
"S0040",65,25.3513021699542
"S0040",66,25.6554334425957
"S0040",67,25.8891126778028
"S0040",68,25.9921557726492
"S0040",69,26.1037365352046
"S0040",70,26.1954026809333
"S0040",71,26.3101846030746
"S0040",72,26.3989169699538
"S0040",73,26.5237231970203
"S0040",74,26.6538280602445
"S0040",75,26.740273832582
"S0040",76,27.3552488342377
"S0040",77,27.4659168905074
"S0040",78,27.7472574392222
"S0040",79,27.898277168357
"S0040",80,27.9272591634927
"S0040",81,28.1481677894287
"S0040",82,28.6436439362748
"S0040",83,29.2553641741523
"S0040",84,29.6750973734769
"S0040",85,30.5572688567592
"S0040",86,30.6637817708458
"S0040",87,31.0069631999951
"S0040",88,31.5409434866448
"S0040",89,31.8525586029698
"S0040",90,32.3305786446959
"S0040",91,32.6987584871865
"S0040",92,33.1771853544876
"S0040",93,33.6446600596616
"S0040",94,34.0327297994003
"S0040",95,34.413870027164
"S0040",96,34.7884081252333
"S0040",97,35.1256624479578
"S0040",98,35.6970990974995
"S0040",99,36.2383802830974
"S0040",100,36.5507865861703
"S0040",101,39.4159699994318
"S0040",102,40.0864730093943
"S0040",103,40.3707100906012
"S0040",104,40.5885645270636
"S0040",105,41.3335011851651
"S0040",106,42.072234512627
"S0040",107,42.8293436692223
"S0040",108,42.88797813947
"S0040",109,43.0383633291064
"S0040",110,43.1787807356053
"S0040",111,43.2620036486672
"S0040",112,43.4455754642146
"S0040",113,43.5377721755243
"S0040",114,43.6097409219434
"S0040",115,44.1451915629977
"S0040",116,44.3536641054198
"S0040",117,45.344691892652
"S0040",118,45.9198577655267
"S0040",119,46.4110043524382
"S0040",120,46.5350307018735
"S0040",121,46.8697826341932
"S0040",122,47.2460639511611
"S0040",123,47.4231548678592
"S0040",124,47.6878740684568
"S0040",125,47.8402058267475
"S0040",126,47.9262867884292
"S0040",127,48.1541174680658
"S0040",128,48.4924849098195
"S0040",129,48.7488920412386
"S0040",130,48.7894078648762
"S0040",131,48.985762416726
"S0040",132,49.1741155944127
"S0040",133,49.3489293975261
"S0040",134,49.5007790235415
"S0040",135,49.6127744739302
"S0040",136,49.7131620534974
"S0040",137,49.9283235716675
"S0040",138,50.2121486308324
"S0040",139,50.3643327504256
"S0040",140,50.6477070832854
"S0040",141,51.101881702748
"S0040",142,51.3509767554909
"S0040",143,51.4850887252634
"S0040",144,51.718651298982
"S0040",145,52.0760887190151
"S0040",146,52.9182973695399
"S0040",147,53.4151454309161
"S0040",148,54.0147212650893
"S0040",149,54.6017177641137
"S0040",150,55.2303205180491
"S0040",151,55.9602091836066
"S0040",152,56.5952358461562
"S0040",153,57.3057532107296
"S0040",154,58.0389383080907
"S0040",155,58.6054403838658
"S0040",156,59.3036952406929
"S0040",157,59.8198955150322
"S0040",158,60.4875128628795
"S0040",159,61.1841581476641
"S0040",160,61.8381688220783
"S0040",161,64.7473680267467
"S0040",162,67.2476680411383
"S0040",163,67.9460023974566
"S0040",164,69.057993639592
"S0041",1,0
"S0041",2,0.203805372506073
"S0041",3,0.433231130275524
"S0041",4,0.616634290941833
"S0041",5,0.841280430421196
"S0041",6,0.991687077126985
"S0041",7,1.173726646131
"S0041",8,1.37234127121404
"S0041",9,1.58797902827969
"S0041",10,1.76503059142698
"S0041",11,1.96881498323012
"S0041",12,2.16247705902767
"S0041",13,2.23122321968495
"S0041",14,2.35372287039046
"S0041",15,2.46754215823131
"S0041",16,2.64221244698856
"S0041",17,2.97240033188161
"S0041",18,3.06787592047171
"S0041",19,3.09425162278147
"S0041",20,3.15208311447681
"S0041",21,3.28408238342059
"S0041",22,3.38369030406128
"S0041",23,3.50470371508919
"S0041",24,3.76352987929924
"S0041",25,3.94575446545705
"S0041",26,4.18746350359944
"S0041",27,4.4098526042566
"S0041",28,4.68098915929097
"S0041",29,4.79696164357048
"S0041",30,4.92488106287014
"S0041",31,5.16532442034587
"S0041",32,5.27682890182455
"S0041",33,5.42227863617189
"S0041",34,5.60026590554477
"S0041",35,5.89224052332953
"S0041",36,6.1702982854589
"S0041",37,6.38731843951518
"S0041",38,6.69068643469866
"S0041",39,6.99297477122153
"S0041",40,7.24897172425491
"S0041",41,7.28239447341093
"S0041",42,7.31409750834511
"S0041",43,7.38661139068517
"S0041",44,7.41755421762834
"S0041",45,7.48807256473951
"S0041",46,7.54018142267396
"S0041",47,7.65724086596969
"S0041",48,7.85305341455588
"S0041",49,8.09601957234752
"S0041",50,8.18766270789268
"S0041",51,8.41149987896587
"S0041",52,8.5025039570535
"S0041",53,8.65494396468836
"S0041",54,8.77375410892411
"S0041",55,8.83024315297482
"S0041",56,8.97191955635179
"S0041",57,9.06262013118359
"S0041",58,9.11745447305043
"S0041",59,9.25397889396652
"S0041",60,9.43053581492255
"S0041",61,9.49951215005225
"S0041",62,9.5836332501918
"S0041",63,9.68612500544477
"S0041",64,9.78449384107955
"S0041",65,9.85670435873118
"S0041",66,9.92866633638134
"S0041",67,10.0332270750076
"S0041",68,10.1032947015557
"S0041",69,10.1608300012097
"S0041",70,10.2624885628214
"S0041",71,10.3133967199271
"S0041",72,10.3832209554337
"S0041",73,10.6217743481474
"S0041",74,10.8657494953815
"S0041",75,11.1231757610467
"S0041",76,11.5196855869193
"S0041",77,11.8274082285067
"S0041",78,12.0321206743288
"S0041",79,12.3131629147291
"S0041",80,12.6765415937243
"S0041",81,13.0169839510934
"S0041",82,13.3096781119015
"S0041",83,13.6244544642871
"S0041",84,13.8968669335882
"S0041",85,14.1709284000726
"S0041",86,14.4299071060005
"S0041",87,14.7659021539964
"S0041",88,14.9932913443731
"S0041",89,16.4131942462648
"S0041",90,16.6976526297413
"S0041",91,16.9079079968195
"S0041",92,18.0783214383657
"S0041",93,18.2680371121152
"S0041",94,18.7315235537675
"S0041",95,18.9110553672446
"S0041",96,19.0955187143328
"S0041",97,19.3117808159456
"S0041",98,19.4920032428824
"S0041",99,19.6642177848164
"S0041",100,19.914988444745
"S0041",101,20.0354347741242
"S0041",102,20.102732460219
"S0041",103,20.1374441673099
"S0041",104,20.25349282221
"S0041",105,20.3331391196017
"S0041",106,20.5910527970576
"S0041",107,20.6367064171075
"S0041",108,20.6651087625351
"S0041",109,20.6947921376749
"S0041",110,20.7866733799894
"S0041",111,20.8441217678764
"S0041",112,20.9142890146285
"S0041",113,21.0456751914867
"S0041",114,21.0967369547186
"S0041",115,21.3579605279909
"S0041",116,21.837447184153
"S0041",117,21.8893638455692
"S0041",118,22.305370658304
"S0041",119,22.465929319214
"S0041",120,22.544140440322
"S0041",121,22.6231441554049
"S0041",122,22.6990339338616
"S0041",123,22.8641740045251
"S0041",124,22.999079281032
"S0041",125,23.2039457055883
"S0041",126,23.2671636295676
"S0041",127,23.3337914128769
"S0041",128,23.4070317372249
"S0041",129,23.4552539070169
"S0041",130,23.5038091885346
"S0041",131,23.6722905545786
"S0041",132,23.782639580001
"S0041",133,23.8379273598576
"S0041",134,24.101827658249
"S0041",135,24.1509105042805
"S0041",136,24.1789895698389
"S0041",137,24.207323244284
"S0041",138,24.2296401254631
"S0041",139,24.2895955742302
"S0041",140,24.371894137805
"S0041",141,24.401802155531
"S0041",142,24.5238987136722
"S0041",143,24.5636861665237
"S0041",144,24.6359791990287
"S0041",145,24.7381593542459
"S0041",146,24.9205350388037
"S0041",147,25.1115684837812
"S0041",148,25.1700114332922
"S0041",149,25.2529579959959
"S0041",150,25.2973182345481
"S0041",151,25.4291056003761
"S0041",152,25.566742675653
"S0041",153,25.6893458780843
"S0042",1,0
"S0042",2,0.275891417659735
"S0042",3,0.434962327964881
"S0042",4,0.54267680675772
"S0042",5,0.662392463768878
"S0042",6,0.899909390465077
"S0042",7,1.08073616278552
"S0042",8,1.21940439279188
"S0042",9,1.40085111443782
"S0042",10,1.61605512432063
"S0042",11,1.81167314984837
"S0042",12,2.04874376597121
"S0042",13,2.19411392355201
"S0042",14,2.5997624975897
"S0042",15,2.69432600585315
"S0042",16,2.79371436716513
"S0042",17,2.96542597558493
"S0042",18,3.10588408502781
"S0042",19,3.27060053709976
"S0042",20,3.62980910741214
"S0042",21,3.86344391478153
"S0042",22,3.92305995552091
"S0042",23,3.9718138713173
"S0042",24,3.99654018135223
"S0042",25,4.03623209830641
"S0042",26,4.09299050246523
"S0042",27,4.33403905288405
"S0042",28,4.36914367824693
"S0042",29,4.40558646975367
"S0042",30,4.4744149372116
"S0042",31,4.53263439953487
"S0042",32,4.59307264976854
"S0042",33,4.71920088395508
"S0042",34,5.1485354656379
"S0042",35,5.41576649308458
"S0042",36,5.74921071183775
"S0042",37,6.93763336696569
"S0042",38,7.17789468221192
"S0042",39,7.52469567151473
"S0042",40,7.84530218077817
"S0042",41,7.94146884655479
"S0042",42,7.97230351555997
"S0042",43,8.00626250814362
"S0042",44,8.14084485610176
"S0042",45,8.19790594019134
"S0042",46,8.25339553172105
"S0042",47,8.42670170543119
"S0042",48,8.47212829284724
"S0042",49,8.54755067751339
"S0042",50,8.71933018840001
"S0042",51,8.73688331071755
"S0042",52,8.86150520615397
"S0042",53,8.96723800944066
"S0042",54,8.98276061267546
"S0042",55,9.00032205508035
"S0042",56,9.02869561527088
"S0042",57,9.0430233533777
"S0042",58,9.0546334193454
"S0042",59,9.06940807708648
"S0042",60,9.23937937910862
"S0042",61,9.27181565513873
"S0042",62,9.36415412215144
"S0042",63,9.38015430970338
"S0042",64,9.39856634856241
"S0042",65,9.50208364392424
"S0042",66,9.71125765984448
"S0042",67,9.77075895307187
"S0042",68,9.801594525806
"S0042",69,9.87075873024089
"S0042",70,9.9601024069093
"S0042",71,10.1300688536496
"S0042",72,10.1670150993548
"S0042",73,10.2672018142412
"S0042",74,10.3277760480145
"S0042",75,10.5123216277515
"S0042",76,11.0768938387446
"S0042",77,11.2289603646097
"S0042",78,11.3952067168607
"S0042",79,11.6496087167043
"S0042",80,11.8349261049037
"S0042",81,11.9968559306925
"S0042",82,12.0990619542013
"S0042",83,12.601121995119
"S0042",84,12.7734727838272
"S0042",85,12.9325747269956
"S0042",86,14.5884166364377
"S0042",87,14.9822874998995
"S0042",88,15.0958777423532
"S0042",89,15.1621778282358
"S0042",90,15.2754881688722
"S0042",91,15.4126085790323
"S0042",92,15.6985631483873
"S0042",93,15.9857215738588
"S0042",94,16.2169798339643
"S0042",95,16.4924428192603
"S0042",96,16.5058191706355
"S0042",97,16.547495998006
"S0042",98,16.6053058862955
"S0042",99,16.6741955822425
"S0042",100,16.6949687491217
"S0042",101,16.739582673942
"S0042",102,16.7600449590897
"S0042",103,16.7933899877709
"S0042",104,16.8993346035973
"S0042",105,16.9571419649077
"S0042",106,17.106469300051
"S0042",107,17.1694916354084
"S0042",108,17.5533086707274
"S0042",109,17.6715959045469
"S0042",110,17.8389402017876
"S0042",111,17.930471697076
"S0042",112,18.0339536977672
"S0042",113,18.1210553654983
"S0042",114,18.1851379943739
"S0042",115,18.266106286439
"S0042",116,18.3180512521118
"S0042",117,18.4300237196566
"S0042",118,18.5478318232214
"S0042",119,18.6859849489385
"S0042",120,18.7928849237953
"S0042",121,18.8823899705735
"S0042",122,19.1199551165236
"S0042",123,19.1908917169675
"S0042",124,19.3104352084102
"S0042",125,19.391323689991
"S0042",126,19.5481145066664
"S0042",127,19.738064092277
"S0042",128,19.8434222326995
"S0042",129,19.9264969470064
"S0042",130,19.9749114954781
"S0042",131,20.1081997600829
"S0042",132,20.2189403116149
"S0042",133,20.3411976179465
"S0042",134,20.4981315632939
"S0042",135,20.6864706679423
"S0042",136,20.8359918833566
"S0042",137,20.864357881423
"S0042",138,20.9536186534148
"S0042",139,21.6700722008349
"S0042",140,22.0027144829609
"S0042",141,22.1865196792278
"S0042",142,22.3109893538653
"S0042",143,22.4064776190905
"S0042",144,22.504189991261
"S0042",145,22.6958289261398
"S0042",146,22.8682292229176
"S0042",147,23.0222279712383
"S0042",148,23.0803477927724
"S0042",149,23.2468758706672
"S0042",150,23.3645253774223
"S0042",151,23.3991322517077
"S0042",152,23.5952828098167
"S0042",153,23.6985644173864
"S0042",154,23.8492808129006
"S0042",155,23.8822505568135
"S0042",156,23.9140993696662
"S0042",157,23.9435697109599
"S0042",158,23.9885437517621
"S0042",159,24.0441781323113
"S0042",160,24.0871161896285
"S0042",161,24.1742825898941
"S0042",162,24.2848076564124
"S0042",163,24.5740306792014
"S0042",164,24.7515601786743
"S0042",165,24.9348328392108
"S0042",166,25.0898010222468
"S0042",167,25.1509702676364
"S0042",168,25.3473580953705
"S0042",169,25.4954039911253
"S0042",170,25.6420999642402
"S0043",1,0
"S0043",2,0.509513431265182
"S0043",3,1.08307782568881
"S0043",4,1.54158572735458
"S0043",5,2.10320107605299
"S0043",6,2.47921769281746
"S0043",7,2.9343166153275
"S0043",8,3.43085317803509
"S0043",9,3.96994757069923
"S0043",10,4.41257647856745
"S0043",11,4.92203745807529
"S0043",12,5.40619264756919
"S0043",13,5.57805804921238
"S0043",14,5.88430717597614
"S0043",15,6.16885539557828
"S0043",16,6.60553111747139
"S0043",17,7.43100082970402
"S0043",18,7.66968980117927
"S0043",19,7.73562905695367
"S0043",20,7.88020778619203
"S0043",21,8.21020595855148
"S0043",22,8.45922576015319
"S0043",23,8.76175928772298
"S0043",24,9.40882469824811
"S0043",25,9.86438616364263
"S0043",26,10.4686587589986
"S0043",27,11.0246315106415
"S0043",28,11.7024728982274
"S0043",29,11.9924041089262
"S0043",30,12.3122026571753
"S0043",31,12.9133110508647
"S0043",32,13.1920722545614
"S0043",33,13.5556965904297
"S0043",34,14.0006647638619
"S0043",35,14.7306013083238
"S0043",36,15.4257457136473
"S0043",37,15.9682960987879
"S0043",38,16.7267160867466
"S0043",39,17.4824369280538
"S0043",40,18.1224293106373
"S0043",41,18.2059861835273
"S0043",42,18.2852437708628
"S0043",43,18.4665284767129
"S0043",44,18.5438855440709
"S0043",45,18.7201814118488
"S0043",46,18.8504535566849
"S0043",47,19.1431021649242
"S0043",48,19.6326335363897
"S0043",49,20.2400489308688
"S0043",50,20.4691567697317
"S0043",51,21.0287496974147
"S0043",52,21.2562598926337
"S0043",53,21.6373599117209
"S0043",54,21.9343852723103
"S0043",55,22.075607882437
"S0043",56,22.4297988908795
"S0043",57,22.656550327959
"S0043",58,22.7936361826261
"S0043",59,23.1349472349163
"S0043",60,23.5763395373064
"S0043",61,23.7487803751306
"S0043",62,23.9590831254795
"S0043",63,24.2153125136119
"S0043",64,24.4612346026989
"S0043",65,24.641760896828
"S0043",66,24.8216658409534
"S0043",67,25.0830676875189
"S0043",68,25.2582367538891
"S0043",69,25.4020750030241
"S0043",70,25.6562214070535
"S0043",71,25.7834917998178
"S0043",72,25.9580523885842
"S0043",73,26.5544358703685
"S0043",74,27.1643737384538
"S0043",75,27.8079394026168
"S0043",76,28.7992139672982
"S0043",77,29.5685205712669
"S0043",78,30.0803016858221
"S0043",79,30.7829072868227
"S0043",80,31.6913539843109
"S0043",81,32.5424598777334
"S0043",82,33.2741952797537
"S0043",83,34.0611361607178
"S0043",84,34.7421673339705
"S0043",85,35.4273210001816
"S0043",86,36.0747677650012
"S0043",87,36.914755384991
"S0043",88,37.4832283609329
"S0043",89,41.0329856156619
"S0043",90,41.7441315743533
"S0043",91,42.2697699920487
"S0043",92,45.1958035959144
"S0043",93,45.670092780288
"S0043",94,46.8288088844187
"S0043",95,47.2776384181114
"S0043",96,47.7387967858321
"S0043",97,48.2794520398639
"S0043",98,48.730008107206
"S0043",99,49.1605444620409
"S0043",100,49.7874711118625
"S0043",101,50.0885869353105
"S0043",102,50.2568311505474
"S0043",103,50.3436104182747
"S0043",104,50.6337320555249
"S0043",105,50.8328477990042
"S0043",106,51.4776319926439
"S0043",107,51.5917660427687
"S0043",108,51.6627719063377
"S0043",109,51.7369803441872
"S0043",110,51.9666834499734
"S0043",111,52.1103044196911
"S0043",112,52.2857225365712
"S0043",113,52.6141879787166
"S0043",114,52.7418423867964
"S0043",115,53.3949013199772
"S0043",116,54.5936179603824
"S0043",117,54.7234096139229
"S0043",118,55.7634266457601
"S0043",119,56.164823298035
"S0043",120,56.3603511008049
"S0043",121,56.5578603885121
"S0043",122,56.7475848346539
"S0043",123,57.1604350113128
"S0043",124,57.49769820258
"S0043",125,58.0098642639706
"S0043",126,58.167909073919
"S0043",127,58.3344785321923
"S0043",128,58.5175793430622
"S0043",129,58.6381347675422
"S0043",130,58.7595229713364
"S0043",131,59.1807263864464
"S0043",132,59.4565989500024
"S0043",133,59.5948183996439
"S0043",134,60.2545691456225
"S0043",135,60.3772762607012
"S0043",136,60.4474739245973
"S0043",137,60.5183081107099
"S0043",138,60.5741003136578
"S0043",139,60.7239889355755
"S0043",140,60.9297353445124
"S0043",141,61.0045053888274
"S0043",142,61.3097467841806
"S0043",143,61.4092154163092
"S0043",144,61.5899479975718
"S0043",145,61.8453983856147
"S0043",146,62.3013375970092
"S0043",147,62.7789212094529
"S0043",148,62.9250285832306
"S0043",149,63.1323949899898
"S0043",150,63.2432955863702
"S0043",151,63.5727640009403
"S0043",152,63.9168566891325
"S0043",153,64.2233646952107
"S0044",1,0
"S0044",2,0.358566675110048
"S0044",3,0.663824010399773
"S0044",4,1.08999111123275
"S0044",5,1.52317717168314
"S0044",6,1.94653873367697
"S0044",7,2.19929402743937
"S0044",8,2.47763021757378
"S0044",9,2.98595760672415
"S0044",10,3.16273092624883
"S0044",11,3.52304409199035
"S0044",12,3.82217449997671
"S0044",13,4.26213815783154
"S0044",14,4.52848117683378
"S0044",15,4.80284154146216
"S0044",16,5.11874668353559
"S0044",17,5.57099330681869
"S0044",18,5.90899792930922
"S0044",19,6.22637689775734
"S0044",20,6.47589680486633
"S0044",21,6.66818926675433
"S0044",22,6.87783174715093
"S0044",23,7.06561719032484
"S0044",24,7.29060180750787
"S0044",25,7.64511324303056
"S0044",26,8.15945611935399
"S0044",27,8.65826279538996
"S0044",28,9.03816407490253
"S0044",29,9.53638583912044
"S0044",30,9.89972312498831
"S0044",31,10.0971058338541
"S0044",32,10.4036592234531
"S0044",33,10.9810139817427
"S0044",34,11.370374326125
"S0044",35,11.5445285535238
"S0044",36,11.8926963776239
"S0044",37,12.2534741472787
"S0044",38,12.6003932432223
"S0044",39,13.3136738058493
"S0044",40,13.4857451056625
"S0044",41,13.6364985087216
"S0044",42,13.7327203815423
"S0044",43,14.0639299760445
"S0044",44,14.1767972691845
"S0044",45,14.5172969570356
"S0044",46,15.0411595209701
"S0044",47,15.5095226518991
"S0044",48,16.2033438335056
"S0044",49,17.2561805277762
"S0044",50,17.9738281537255
"S0044",51,18.1106000936994
"S0044",52,18.3223273874375
"S0044",53,18.6459551006877
"S0044",54,18.8578081019141
"S0044",55,19.1156765379868
"S0044",56,19.4162481907429
"S0044",57,19.5857557085684
"S0044",58,19.7826139239316
"S0044",59,19.8597725891105
"S0044",60,19.9236690707476
"S0044",61,19.9956000337335
"S0044",62,20.0181498654566
"S0044",63,20.0506828842375
"S0044",64,20.0753554026615
"S0044",65,20.1218377426196
"S0044",66,20.1813452859366
"S0044",67,20.3048842182746
"S0044",68,20.8058657896162
"S0044",69,21.1032229991666
"S0044",70,21.3329565731084
"S0044",71,21.4767004234306
"S0044",72,21.6289690476435
"S0044",73,21.969841181882
"S0044",74,22.1444393452769
"S0044",75,22.5657392535062
"S0044",76,22.7933381725508
"S0044",77,23.1952060004548
"S0044",78,23.5022150581359
"S0044",79,23.7414832971373
"S0044",80,24.0898060936512
"S0044",81,24.5105131636451
"S0044",82,24.7590560783326
"S0044",83,25.1195003960053
"S0044",84,26.3241761194777
"S0044",85,26.9749938740381
"S0044",86,27.5563288913371
"S0044",87,28.2235395691312
"S0044",88,28.3554050673817
"S0044",89,28.9308831361967
"S0044",90,29.2468210466297
"S0044",91,29.6727037302419
"S0044",92,29.8793359893199
"S0044",93,30.0487586788209
"S0044",94,30.1310331548696
"S0044",95,30.2298814668297
"S0044",96,30.8297417128763
"S0044",97,31.3160540515344
"S0044",98,31.900706579462
"S0044",99,32.229097764006
"S0044",100,32.4275236386131
"S0044",101,32.9013288652552
"S0044",102,33.6095963564238
"S0044",103,33.9668852238714
"S0044",104,34.4012410657792
"S0044",105,34.7449675334221
"S0044",106,35.1918743143691
"S0044",107,35.8081977591375
"S0044",108,36.2645908619325
"S0044",109,36.4685168562777
"S0044",110,36.9794997026037
"S0044",111,37.4069456030037
"S0044",112,37.5396659520261
"S0044",113,38.0327284797999
"S0044",114,38.4424180264221
"S0044",115,38.8234053038902
"S0044",116,39.595588487822
"S0044",117,39.9934841333911
"S0044",118,40.3944281286502
"S0044",119,41.4266013678866
"S0044",120,41.949150469971
"S0044",121,42.4057215687754
"S0044",122,42.8472513720784
"S0044",123,43.2785474771865
"S0044",124,43.6693754892419
"S0044",125,44.1749502976264
"S0044",126,44.596307062393
"S0044",127,44.8291501980362
"S0044",128,45.137935122951
"S0044",129,45.573155194385
"S0044",130,46.2148125666674
"S0044",131,46.7003496538902
"S0044",132,47.3130818012021
"S0044",133,48.6290048413365
"S0044",134,49.3928358614888
"S0044",135,49.5733296844348
"S0044",136,49.769640573416
"S0044",137,50.2480514927759
"S0044",138,51.0223146353923
"S0044",139,51.2165886370228
"S0044",140,51.3956709129013
"S0044",141,51.4933365131995
"S0044",142,51.5997206452479
"S0044",143,51.7940551717229
"S0044",144,51.8694204933783
"S0044",145,51.9804948037409
"S0044",146,52.6053321355872
"S0044",147,52.6565390165506
"S0044",148,52.8552518699738
"S0044",149,52.987749085544
"S0044",150,53.0896983956691
"S0044",151,53.1983578039314
"S0044",152,53.2894371814317
"S0044",153,53.4214972455881
"S0044",154,53.7981543920779
"S0044",155,54.687779360703
"S0044",156,54.9608006160887
"S0044",157,55.7205017430127
"S0044",158,56.0505425838668
"S0044",159,60.2724390516903
"S0044",160,61.0409863263436
"S0044",161,61.7157838292883
"S0044",162,62.1596781158893
"S0044",163,62.5735199183563
"S0044",164,63.0280799003614
"S0044",165,63.5089860355288
"S0044",166,63.9410952006616
"S0044",167,64.3462396932356
"S0044",168,64.795332782451
"S0044",169,65.2624624180254
"S0044",170,65.6784327695854
"S0044",171,66.1482306761267
"S0044",172,66.5394253588626
"S0044",173,66.9755699529193
"S0044",174,70.1331185742627
"S0045",1,0
"S0045",2,0.0454626724759327
"S0045",3,0.0878948202246902
"S0045",4,0.153623958831297
"S0045",5,0.188780450410592
"S0045",6,0.232622282182894
"S0045",7,0.277296382173945
"S0045",8,0.318460914911833
"S0045",9,0.350805237285872
"S0045",10,0.400445746462901
"S0045",11,0.450759995606218
"S0045",12,0.510314900903731
"S0045",13,0.55580321586223
"S0045",14,0.736141082071677
"S0045",15,0.922929009036139
"S0045",16,1.08665090276392
"S0045",17,1.31927523857384
"S0045",18,1.38748295101583
"S0045",19,1.452925267474
"S0045",20,1.50507093161695
"S0045",21,1.56567558176603
"S0045",22,1.61279113701983
"S0045",23,1.67431569384037
"S0045",24,1.73832485919787
"S0045",25,1.80100148544312
"S0045",26,1.84460048934293
"S0045",27,1.90158203587918
"S0045",28,1.95092184786856
"S0045",29,2.00334604984458
"S0045",30,2.05896192434993
"S0045",31,2.10968332137708
"S0045",32,2.17009536009064
"S0045",33,2.21239586240805
"S0045",34,2.27491263388587
"S0045",35,2.32825333217824
"S0045",36,2.81958532098415
"S0045",37,2.931878867607
"S0045",38,2.9491258670929
"S0045",39,2.97595931531108
"S0045",40,2.98216306618709
"S0045",41,3.00310637593894
"S0045",42,3.02882526181679
"S0045",43,3.05129547125139
"S0045",44,3.07054657590546
"S0045",45,3.11089152806407
"S0045",46,3.14940330554663
"S0045",47,3.18917441956467
"S0045",48,3.21257431826648
"S0045",49,3.25634047585333
"S0045",50,3.27478487245468
"S0045",51,3.30528555491667
"S0045",52,3.33600595124707
"S0045",53,3.37327525505478
"S0045",54,3.42553978066
"S0045",55,3.44416428818508
"S0045",56,3.46819123092855
"S0045",57,3.50259905989192
"S0045",58,3.52764582685941
"S0045",59,3.54441829699583
"S0045",60,3.59301912634589
"S0045",61,3.60514980629388
"S0045",62,3.61497729147493
"S0045",63,3.63255427501263
"S0045",64,3.68602066997213
"S0045",65,3.70571310605414
"S0045",66,3.72063636702022
"S0045",67,3.73491462441241
"S0045",68,3.756927489926
"S0045",69,3.76953682646372
"S0045",70,3.77981029111434
"S0045",71,3.84884397982221
"S0045",72,3.91224316611573
"S0045",73,3.94106002389471
"S0045",74,4.03176854797519
"S0045",75,4.05042560542801
"S0045",76,4.06278400309208
"S0045",77,4.0728263203376
"S0045",78,4.10114466119392
"S0045",79,4.15798610627043
"S0045",80,4.23263699272868
"S0045",81,4.26923700773938
"S0045",82,4.28823476357082
"S0045",83,4.35337956217827
"S0045",84,4.40458391593836
"S0045",85,4.46419636077898
"S0045",86,4.51887910051957
"S0045",87,4.55186720727173
"S0045",88,4.62891476710255
"S0045",89,4.68897245044553
"S0045",90,4.71373803481184
"S0045",91,4.7225884971297
"S0045",92,4.73161942933969
"S0045",93,4.75341779645957
"S0045",94,4.7657132689373
"S0045",95,4.77751620021166
"S0045",96,4.82836406859553
"S0045",97,4.85427899451009
"S0045",98,4.86172043226503
"S0045",99,4.87169689841713
"S0045",100,4.88290295446376
"S0045",101,4.89163172464321
"S0045",102,4.89652451780349
"S0045",103,4.90169157975196
"S0045",104,4.90945391372763
"S0045",105,4.93183403404114
"S0045",106,4.98280795739909
"S0045",107,5.0562910632259
"S0045",108,5.11171787515371
"S0045",109,5.12942374260685
"S0045",110,5.15089278898749
"S0045",111,5.16245579507595
"S0045",112,5.17825245222285
"S0045",113,5.18509439530916
"S0045",114,5.2376302020335
"S0045",115,5.24843787274092
"S0045",116,5.25854723401171
"S0045",117,5.30470041854932
"S0045",118,5.38839268701596
"S0045",119,5.39976811379746
"S0045",120,5.40298673628591
"S0045",121,5.42319046589937
"S0045",122,5.43173469933196
"S0045",123,5.43835329674345
"S0045",124,5.44419681313244
"S0045",125,5.44905497014857
"S0045",126,5.45948576776636
"S0045",127,5.49035398342487
"S0045",128,5.49353465037181
"S0045",129,5.51378958748847
"S0045",130,5.55973910076886
"S0045",131,5.57053805778761
"S0045",132,5.64714718599048
"S0045",133,5.64929019718087
"S0045",134,5.67062262138438
"S0045",135,5.67517102846759
"S0045",136,5.68388683254919
"S0045",137,5.69025811989561
"S0045",138,5.71055172209077
"S0045",139,5.73160532876101
"S0045",140,5.78792192422612
"S0045",141,5.80647093863361
"S0045",142,6.10622565723624
"S0045",143,6.15713449942061
"S0045",144,6.2005557886464
"S0045",145,6.24568230696106
"S0045",146,6.27744723787161
"S0045",147,6.32031092861896
"S0045",148,6.36093367928674
"S0045",149,6.3776194437963
"S0045",150,6.4142560096872
"S0045",151,6.47399785749081
"S0045",152,6.50771410102322
"S0045",153,6.53085166618417
"S0045",154,6.57860408211537
"S0045",155,6.63177395086666
"S0045",156,6.67372628779402
"S0045",157,6.68336835621251
"S0045",158,6.69357427784255
"S0045",159,6.70995119510573
"S0045",160,6.72249850782114
"S0045",161,6.73206071714209
"S0045",162,6.76886065533609
"S0045",163,6.81470084535987
"S0045",164,6.83338635443393
"S0045",165,6.85600003175869
"S0045",166,6.88770428657403
"S0045",167,6.91018870878262
"S0045",168,6.95783166315498
"S0045",169,6.9834260856952
"S0045",170,7.04571412566487
"S0045",171,7.10119184354459
"S0045",172,7.11559170037163
"S0045",173,7.15849666798059
"S0045",174,7.1885149173853
"S0046",1,0
"S0046",2,4.15693224179558
"S0046",3,4.36192658549157
"S0046",4,5.0212521025305
"S0046",5,5.28729905880298
"S0046",6,5.73293471725271
"S0046",7,6.3477907436768
"S0046",8,6.52698672179238
"S0046",9,6.7963136529833
"S0046",10,7.18660812560701
"S0046",11,7.31377386588714
"S0046",12,7.84263368779654
"S0046",13,8.03415913148282
"S0046",14,8.17639851471093
"S0046",15,8.45221785321644
"S0046",16,9.20864897016808
"S0046",17,9.3431926901085
"S0046",18,9.45617673730222
"S0046",19,9.52954087752866
"S0046",20,9.63783262139212
"S0046",21,9.70886186752909
"S0046",22,9.81458229678936
"S0046",23,9.95226561225848
"S0046",24,10.0495343454268
"S0046",25,10.1659544252118
"S0046",26,10.2800946423704
"S0046",27,10.7130458068394
"S0046",28,11.1120017602572
"S0046",29,11.2624338861891
"S0046",30,11.3819337261575
"S0046",31,11.7111467142001
"S0046",32,11.9472888824032
"S0046",33,12.1780570873948
"S0046",34,12.4574337450633
"S0046",35,12.8425364496979
"S0046",36,12.9207335066663
"S0046",37,13.5722013329618
"S0046",38,13.7983903993811
"S0046",39,14.1325143613356
"S0046",40,14.4372973158272
"S0046",41,14.8274226158628
"S0046",42,15.0380023348306
"S0046",43,15.2585555906562
"S0046",44,15.4772431866519
"S0046",45,15.6754224133347
"S0046",46,15.8516259382194
"S0046",47,16.0949489453457
"S0046",48,16.3112528175138
"S0046",49,16.4905434604477
"S0046",50,16.5658533318602
"S0046",51,16.6606628310045
"S0046",52,16.7443213281323
"S0046",53,16.893818561391
"S0046",54,16.9498120063111
"S0046",55,17.078050008319
"S0046",56,17.1804830189633
"S0046",57,17.3110914588241
"S0046",58,17.7757293217874
"S0046",59,18.2282771470077
"S0046",60,18.5115274955707
"S0046",61,18.8759459903514
"S0046",62,19.1010329524588
"S0046",63,19.3535412488054
"S0046",64,19.6933060356775
"S0046",65,19.8947954651688
"S0046",66,20.2704142397502
"S0046",67,20.4814840978872
"S0046",68,20.9632756647635
"S0046",69,21.3364835988129
"S0046",70,21.5033995140309
"S0046",71,21.8027871437239
"S0046",72,22.142005852196
"S0046",73,22.4615413676766
"S0046",74,22.8603225244565
"S0046",75,23.1702812299277
"S0046",76,23.5417646734802
"S0046",77,23.8181798208122
"S0046",78,24.2408743412687
"S0046",79,24.5986954922479
"S0046",80,25.0638633294879
"S0046",81,25.4820135464399
"S0046",82,25.9496040641254
"S0046",83,26.9704938921932
"S0046",84,27.4897440862104
"S0046",85,28.7279549075437
"S0046",86,29.2885589687753
"S0046",87,29.4695004617322
"S0046",88,29.9191738428801
"S0046",89,30.1553228401238
"S0046",90,30.297009252867
"S0046",91,30.6215625610392
"S0046",92,31.6575935697495
"S0046",93,31.777074009559
"S0046",94,31.9499809084072
"S0046",95,31.9917296550959
"S0046",96,32.0383073319703
"S0046",97,32.1473198087347
"S0046",98,32.3357324406215
"S0046",99,32.4913772293442
"S0046",100,33.1470403115875
"S0046",101,33.6913847378777
"S0046",102,33.8797471846103
"S0046",103,34.6324223056328
"S0046",104,35.0813496038913
"S0046",105,35.7984263640265
"S0046",106,36.0550411220283
"S0046",107,36.40317437513
"S0046",108,36.7449018341827
"S0046",109,36.7818036529573
"S0046",110,36.9816425154167
"S0046",111,37.1785532628249
"S0046",112,37.2733615325179
"S0046",113,37.368984100463
"S0046",114,37.872413409533
"S0046",115,38.1998136220437
"S0046",116,38.3477325378439
"S0046",117,38.4527774898623
"S0046",118,38.5179912578741
"S0046",119,38.6381207820024
"S0046",120,38.6950076453905
"S0046",121,38.8748203115699
"S0046",122,39.2546052688674
"S0046",123,39.302800131311
"S0046",124,39.5377374899204
"S0046",125,40.4141094869775
"S0046",126,41.0940738474745
"S0046",127,41.8692008228514
"S0046",128,42.5015130761004
"S0046",129,42.9737667425164
"S0046",130,43.5206581819642
"S0046",131,44.065470385096
"S0046",132,44.6496634368852
"S0046",133,45.362069188147
"S0046",134,45.8249165170507
"S0046",135,46.2625661893974
"S0046",136,46.9748412976871
"S0046",137,47.6130053290308
"S0046",138,48.0703734074754
"S0046",139,48.6311828776324
"S0046",140,49.18359705646
"S0046",141,49.547740065319
"S0046",142,52.4736074759751
"S0046",143,53.7410032838657
"S0046",144,55.5021622313969
"S0046",145,55.8482165285108
"S0046",146,56.4021940625838
"S0046",147,56.5880131827604
"S0046",148,57.03767837662
"S0046",149,57.108905793418
"S0046",150,57.5703713915632
"S0046",151,57.9352743658551
"S0046",152,58.5940629487593
"S0046",153,58.9614471748536
"S0046",154,59.0880428129276
"S0046",155,59.1817577916994
"S0046",156,59.3557364005029
"S0046",157,59.5893483037008
"S0046",158,60.1566883998812
"S0046",159,60.2727560064363
"S0046",160,60.4150880671467
"S0046",161,60.4603143252194
"S0046",162,60.5622224036241
"S0046",163,60.6352194478596
"S0046",164,61.1922583786189
"S0046",165,62.5002597847497
"S0046",166,63.0132920223269
"S0047",1,0
"S0047",2,0.0623817880384027
"S0047",3,0.138982860442963
"S0047",4,0.163646577384024
"S0047",5,0.330682988852612
"S0047",6,0.339019838088059
"S0047",7,0.346967921866515
"S0047",8,0.357877551854746
"S0047",9,0.364597776914385
"S0047",10,0.373202018046854
"S0047",11,0.394871228416805
"S0047",12,0.408106012319297
"S0047",13,0.444523696309316
"S0047",14,0.498237713231349
"S0047",15,0.596760357789617
"S0047",16,0.676201479958493
"S0047",17,0.687004095469935
"S0047",18,0.716872180037169
"S0047",19,0.740263950896293
"S0047",20,0.763130535406796
"S0047",21,0.800749548916211
"S0047",22,0.82053189566078
"S0047",23,0.865137124949538
"S0047",24,0.900940324557127
"S0047",25,0.93213412372796
"S0047",26,0.983504254994935
"S0047",27,1.01446138551754
"S0047",28,1.0550093476354
"S0047",29,1.09207151874047
"S0047",30,1.10148582955062
"S0047",31,1.13475941522876
"S0047",32,1.14110242158532
"S0047",33,1.1526329083011
"S0047",34,1.21492392814313
"S0047",35,1.28589508346911
"S0047",36,1.35415535141898
"S0047",37,1.42973448685188
"S0047",38,1.56310216041193
"S0047",39,1.65422970836188
"S0047",40,1.66553715640782
"S0047",41,1.6953127012214
"S0047",42,1.70749269300423
"S0047",43,1.72974382646202
"S0047",44,1.79290416094469
"S0047",45,1.8199888445093
"S0047",46,1.89320538062337
"S0047",47,1.94701195356166
"S0047",48,1.96303382991043
"S0047",49,1.97987157998134
"S0047",50,1.98366404889246
"S0047",51,1.99231246259851
"S0047",52,2.00118765554769
"S0047",53,2.00842935707338
"S0047",54,2.03163156541116
"S0047",55,2.06036395180044
"S0047",56,2.0892060790794
"S0047",57,2.1113260936206
"S0047",58,2.12880429191151
"S0047",59,2.18360520590629
"S0047",60,2.20764142803595
"S0047",61,2.24933747855788
"S0047",62,2.30141241144736
"S0047",63,2.30743683770163
"S0047",64,2.32128120917801
"S0047",65,2.35770267639606
"S0047",66,2.39065167428347
"S0047",67,2.44465027890067
"S0047",68,2.5007856372813
"S0047",69,2.61738055791013
"S0047",70,2.6792895673596
"S0047",71,2.73783965347825
"S0047",72,2.83432059508206
"S0047",73,2.94788186290861
"S0047",74,3.04154863145772
"S0047",75,3.10313818486445
"S0047",76,3.18558236235419
"S0047",77,3.67033585374376
"S0047",78,3.78748304889375
"S0047",79,4.11646163823386
"S0047",80,4.1683618642357
"S0047",81,4.22719227641381
"S0047",82,4.29794328055868
"S0047",83,4.34756491432918
"S0047",84,4.41093652676678
"S0047",85,4.45025451943204
"S0047",86,4.48606390539565
"S0047",87,4.5512114832298
"S0047",88,4.58916564570734
"S0047",89,4.63956951664166
"S0047",90,4.65014147217653
"S0047",91,4.66364987184208
"S0047",92,4.67596439818521
"S0047",93,4.69845808196088
"S0047",94,4.71946693024034
"S0047",95,4.73175122432922
"S0047",96,4.75255628018667
"S0047",97,4.76831079257124
"S0047",98,4.80811440715168
"S0047",99,4.83527331793973
"S0047",100,4.85349839686112
"S0047",101,4.86912230898808
"S0047",102,4.91029873489713
"S0047",103,4.94374859250271
"S0047",104,4.96926120402374
"S0047",105,4.97707449228417
"S0047",106,4.98271995007912
"S0047",107,4.98799614817247
"S0047",108,4.99372362513707
"S0047",109,5.00148641194614
"S0047",110,5.00552920801131
"S0047",111,5.00985942450964
"S0047",112,5.01579678514429
"S0047",113,5.0202866044231
"S0047",114,5.03539717106462
"S0047",115,5.05640694603923
"S0047",116,5.06859659397653
"S0047",117,5.09260388431343
"S0047",118,5.10879845110266
"S0047",119,5.13473567342409
"S0047",120,5.15985351237806
"S0047",121,5.18459909683378
"S0047",122,5.22659400754543
"S0047",123,5.24510103734865
"S0047",124,5.31591544200671
"S0047",125,5.51647965621036
"S0047",126,5.59646791419071
"S0047",127,5.62110510910976
"S0047",128,5.6926458562905
"S0047",129,5.75096490857162
"S0047",130,5.7998929843729
"S0047",131,5.84796647437747
"S0047",132,5.87773586522754
"S0047",133,5.94175372083305
"S0047",134,5.95775078199075
"S0047",135,5.9780506381988
"S0047",136,5.98902090591985
"S0047",137,6.00147874465278
"S0047",138,6.01390975156574
"S0047",139,6.06493116103819
"S0047",140,6.07421371747952
"S0047",141,6.08576900462547
"S0047",142,6.10971260960499
"S0047",143,6.12300573248558
"S0047",144,6.13047034768968
"S0047",145,6.1423716810885
"S0047",146,6.21634566850588
"S0047",147,6.22303371876894
"S0047",148,6.25091801231923
"S0047",149,6.28537190546967
"S0047",150,6.33276771313842
"S0047",151,6.35882664583862
"S0047",152,6.41950867917652
"S0048",1,0
"S0048",2,0.144042575463187
"S0048",3,0.180619605858313
"S0048",4,0.229174716528839
"S0048",5,0.302660225900276
"S0048",6,0.32427790494561
"S0048",7,0.363468081482633
"S0048",8,0.405268781275029
"S0048",9,0.414342714563163
"S0048",10,0.448862023966608
"S0048",11,0.509555172392523
"S0048",12,0.530271665724875
"S0048",13,0.545777835803651
"S0048",14,0.561288595797528
"S0048",15,0.576436578209398
"S0048",16,0.5982546643794
"S0048",17,0.672250088516752
"S0048",18,0.68388220137576
"S0048",19,0.762367423378779
"S0048",20,0.768257798554418
"S0048",21,0.790291505978776
"S0048",22,0.794645597020709
"S0048",23,0.798446919612125
"S0048",24,0.804389861248556
"S0048",25,0.814483736813667
"S0048",26,0.82229722302699
"S0048",27,0.827222418128011
"S0048",28,0.831900333784503
"S0048",29,0.861567754904979
"S0048",30,0.884240305617836
"S0048",31,0.913154252017188
"S0048",32,0.938105834713417
"S0048",33,0.993428920338976
"S0048",34,1.07394337243511
"S0048",35,1.08566354109759
"S0048",36,1.08910296559884
"S0048",37,1.12320099421497
"S0048",38,1.17014910607307
"S0048",39,1.19717073205787
"S0048",40,1.26567710196277
"S0048",41,1.29591513433108
"S0048",42,1.32208199782156
"S0048",43,1.36993434491716
"S0048",44,1.41037837619029
"S0048",45,1.47108834028819
"S0048",46,1.51906809332898
"S0048",47,1.55541634607129
"S0048",48,1.59553405459751
"S0048",49,1.6213391551584
"S0048",50,1.64594161008092
"S0048",51,1.68495831941063
"S0048",52,1.72325052780369
"S0048",53,1.74915102689417
"S0048",54,2.24398259443587
"S0048",55,2.31572261933671
"S0048",56,2.42800819907107
"S0048",57,2.45624653793835
"S0048",58,2.48703839907997
"S0048",59,2.58369288535356
"S0048",60,2.60003051116532
"S0048",61,2.61118972487879
"S0048",62,2.62045696205026
"S0048",63,2.63211180478458
"S0048",64,2.64021098129482
"S0048",65,2.64799041376476
"S0048",66,2.66099282048484
"S0048",67,2.67891059908571
"S0048",68,2.7809009948589
"S0048",69,2.80757470802325
"S0048",70,2.82423846335835
"S0048",71,2.88639300111601
"S0048",72,2.90805795411746
"S0048",73,2.93970334703402
"S0048",74,2.9578472002535
"S0048",75,2.97737308721001
"S0048",76,3.00785435869647
"S0048",77,3.03128381842287
"S0048",78,3.06806209678203
"S0048",79,3.0994327269163
"S0048",80,3.11559185108819
"S0048",81,3.13832529842348
"S0048",82,3.18235685530309
"S0048",83,3.19409070183745
"S0048",84,3.20935426790815
"S0048",85,3.23712708418886
"S0048",86,3.26245499440539
"S0048",87,3.28203727344429
"S0048",88,3.30585827067441
"S0048",89,3.31887215049645
"S0048",90,3.33631878406845
"S0048",91,3.35041299803286
"S0048",92,3.36941464350051
"S0048",93,3.38509735430795
"S0048",94,3.40960829869146
"S0048",95,3.42265839451257
"S0048",96,3.44050793241612
"S0048",97,3.4703920535128
"S0048",98,3.48653934767584
"S0048",99,3.56808766785243
"S0048",100,3.64989771738975
"S0048",101,3.85207859378648
"S0048",102,3.96454098141358
"S0048",103,3.99785787021855
"S0048",104,4.04269167887733
"S0048",105,4.07538343830198
"S0048",106,4.10521252013018
"S0048",107,4.13576017728445
"S0048",108,4.1511911922734
"S0048",109,4.1643896595981
"S0048",110,4.16895931320853
"S0048",111,4.18023959018401
"S0048",112,4.19787124519523
"S0048",113,4.20345490208979
"S0048",114,4.21142397818825
"S0048",115,4.22308427947061
"S0048",116,4.27112881857856
"S0048",117,4.28102883554236
"S0048",118,4.31048480564643
"S0048",119,4.32411085905355
"S0048",120,4.3277545967544
"S0048",121,4.33423832607802
"S0048",122,4.34120028229409
"S0048",123,4.37526479751331
"S0048",124,4.43187632401938
"S0048",125,4.48976599502662
"S0048",126,4.50246482232101
"S0048",127,4.53472765484212
"S0048",128,4.58147767918343
"S0048",129,4.87105768690976
"S0048",130,4.92660251975196
"S0048",131,4.97767095334238
"S0048",132,5.030569056989
"S0048",133,5.08894320345853
"S0048",134,5.13572036160768
"S0048",135,5.18408459356647
"S0048",136,5.2297851609535
"S0048",137,5.28450086735192
"S0048",138,5.335510138462
"S0048",139,5.38272451114535
"S0048",140,5.44094438049785
"S0048",141,5.46695065974513
"S0048",142,5.49623310107711
"S0048",143,5.53649848093906
"S0048",144,5.56759496895528
"S0048",145,5.60350804525516
"S0048",146,5.64119911953477
"S0048",147,5.65815068722245
"S0048",148,5.6810309283914
"S0048",149,5.6934049630513
"S0048",150,5.70020335440964
"S0048",151,5.71642396816124
"S0048",152,5.72410546013102
"S0048",153,5.74939764614271
"S0048",154,5.79454641740005
"S0048",155,5.8238904087259
"S0048",156,5.85179134267745
"S0048",157,5.88230721507329
"S0048",158,5.91272879857618
"S0048",159,5.94117226818224
"S0048",160,5.97560519213647
"S0048",161,5.9995487683572
"S0048",162,6.02165311857855
"S0048",163,6.05820517698438
"S0048",164,6.10039075812109
"S0048",165,6.12879810749053
"S0048",166,6.16812540039247
"S0048",167,6.2109990942842
"S0048",168,6.25175793134974
"S0048",169,6.29128136404053
"S0048",170,6.32244929663419
"S0048",171,6.36198115724971
"S0048",172,6.39867592784231
"S0049",1,0
"S0049",2,0.0594796054562285
"S0049",3,0.193115185741128
"S0049",4,0.279089956070524
"S0049",5,0.330804810637233
"S0049",6,0.36377014848256
"S0049",7,0.434707640993166
"S0049",8,0.543522442415591
"S0049",9,0.653893630575837
"S0049",10,0.690361143699585
"S0049",11,0.907307039605637
"S0049",12,0.949086505096304
"S0049",13,1.06049248093443
"S0049",14,1.10309091390747
"S0049",15,1.27167586007854
"S0049",16,1.33113038208619
"S0049",17,1.35649631048413
"S0049",18,1.36717728400377
"S0049",19,1.39456406341275
"S0049",20,1.53128847715577
"S0049",21,1.5650466022655
"S0049",22,1.654264072719
"S0049",23,1.72683027197519
"S0049",24,1.97292289356179
"S0049",25,2.07326063515579
"S0049",26,2.16178689096065
"S0049",27,2.34852380300213
"S0049",28,2.43232016009843
"S0049",29,2.46448386943512
"S0049",30,2.77863032131707
"S0049",31,4.44325428498228
"S0049",32,4.68847780201946
"S0049",33,4.85534608576308
"S0049",34,5.03037709323583
"S0049",35,5.18142156529134
"S0049",36,5.29575088653829
"S0049",37,5.46631874476453
"S0049",38,5.69583320274509
"S0049",39,5.82993289447245
"S0049",40,5.93878638204854
"S0049",41,5.9709410346423
"S0049",42,5.99491532780422
"S0049",43,6.04865810844011
"S0049",44,6.08797689597354
"S0049",45,6.13987322909599
"S0049",46,6.33663596924485
"S0049",47,6.56815919671017
"S0049",48,6.71993692473328
"S0049",49,6.88866642088909
"S0049",50,7.01408388592939
"S0049",51,7.1725601936931
"S0049",52,7.42941226626749
"S0049",53,7.61067885555961
"S0049",54,7.83864353545583
"S0049",55,8.0216979871401
"S0049",56,8.12081908642953
"S0049",57,8.32669583536034
"S0049",58,8.55104416478817
"S0049",59,8.83568995529654
"S0049",60,9.008196546521
"S0049",61,9.34393772124483
"S0049",62,9.70489199360347
"S0049",63,9.80658195485133
"S0049",64,9.96953011695353
"S0049",65,10.1405208679817
"S0049",66,10.2621733770383
"S0049",67,10.3556450711211
"S0049",68,10.3968623090597
"S0049",69,10.4414946140818
"S0049",70,10.4781610723733
"S0049",71,10.5240738412298
"S0049",72,10.5595667879815
"S0049",73,10.6094892788081
"S0049",74,10.6615312240978
"S0049",75,10.6961095330328
"S0049",76,10.9420995336951
"S0049",77,10.986366756203
"S0049",78,11.0989029756889
"S0049",79,11.1593108673428
"S0049",80,11.1709036653971
"S0049",81,11.2592671157715
"S0049",82,11.4574575745099
"S0049",83,11.7021456696609
"S0049",84,11.8700389493907
"S0049",85,12.2229075427037
"S0049",86,12.2655127083383
"S0049",87,12.4027852799981
"S0049",88,12.6163773946579
"S0049",89,12.7410234411879
"S0049",90,12.9322314578784
"S0049",91,13.0795033948746
"S0049",92,13.270874141795
"S0049",93,13.4578640238646
"S0049",94,13.6130919197601
"S0049",95,13.7655480108656
"S0049",96,13.9153632500933
"S0049",97,14.0502649791831
"S0049",98,14.2788396389998
"S0049",99,14.495352113239
"S0049",100,14.6203146344681
"S0049",101,15.7663879997727
"S0049",102,16.0345892037577
"S0049",103,16.1482840362405
"S0049",104,16.2354258108254
"S0049",105,16.533400474066
"S0049",106,16.8288938050508
"S0049",107,17.1317374676889
"S0049",108,17.155191255788
"S0049",109,17.2153453316425
"S0049",110,17.2715122942421
"S0049",111,17.3048014594669
"S0049",112,17.3782301856858
"S0049",113,17.4151088702097
"S0049",114,17.4438963687773
"S0049",115,17.6580766251991
"S0049",116,17.7414656421679
"S0049",117,18.1378767570608
"S0049",118,18.3679431062107
"S0049",119,18.5644017409753
"S0049",120,18.6140122807494
"S0049",121,18.7479130536773
"S0049",122,18.8984255804645
"S0049",123,18.9692619471437
"S0049",124,19.0751496273827
"S0049",125,19.136082330699
"S0049",126,19.1705147153717
"S0049",127,19.2616469872263
"S0049",128,19.3969939639278
"S0049",129,19.4995568164955
"S0049",130,19.5157631459505
"S0049",131,19.5943049666904
"S0049",132,19.6696462377651
"S0049",133,19.7395717590104
"S0049",134,19.8003116094166
"S0049",135,19.8451097895721
"S0049",136,19.885264821399
"S0049",137,19.971329428667
"S0049",138,20.084859452333
"S0049",139,20.1457331001702
"S0049",140,20.2590828333142
"S0049",141,20.4407526810992
"S0049",142,20.5403907021964
"S0049",143,20.5940354901054
"S0049",144,20.6874605195928
"S0049",145,20.830435487606
"S0049",146,21.1673189478159
"S0049",147,21.3660581723665
"S0049",148,21.6058885060357
"S0049",149,21.8406871056455
"S0049",150,22.0921282072196
"S0049",151,22.3840836734426
"S0049",152,22.6380943384625
"S0049",153,22.9223012842918
"S0049",154,23.2155753232363
"S0049",155,23.4421761535463
"S0049",156,23.7214780962772
"S0049",157,23.9279582060129
"S0049",158,24.1950051451518
"S0049",159,24.4736632590656
"S0049",160,24.7352675288313
"S0049",161,25.8989472106987
"S0049",162,26.8990672164553
"S0049",163,27.1784009589826
"S0049",164,27.6231974558368
"S0050",1,0
"S0050",2,0.415693224179559
"S0050",3,0.436192658549158
"S0050",4,0.50212521025305
"S0050",5,0.528729905880298
"S0050",6,0.573293471725271
"S0050",7,0.63477907436768
"S0050",8,0.652698672179238
"S0050",9,0.67963136529833
"S0050",10,0.718660812560701
"S0050",11,0.731377386588714
"S0050",12,0.784263368779654
"S0050",13,0.803415913148282
"S0050",14,0.817639851471093
"S0050",15,0.845221785321644
"S0050",16,0.920864897016808
"S0050",17,0.934319269010851
"S0050",18,0.945617673730222
"S0050",19,0.952954087752866
"S0050",20,0.963783262139212
"S0050",21,0.970886186752909
"S0050",22,0.981458229678936
"S0050",23,0.995226561225848
"S0050",24,1.00495343454268
"S0050",25,1.01659544252118
"S0050",26,1.02800946423704
"S0050",27,1.07130458068394
"S0050",28,1.11120017602572
"S0050",29,1.12624338861891
"S0050",30,1.13819337261575
"S0050",31,1.17111467142001
"S0050",32,1.19472888824032
"S0050",33,1.21780570873948
"S0050",34,1.24574337450633
"S0050",35,1.28425364496979
"S0050",36,1.29207335066663
"S0050",37,1.35722013329618
"S0050",38,1.37983903993811
"S0050",39,1.41325143613356
"S0050",40,1.44372973158272
"S0050",41,1.48274226158628
"S0050",42,1.50380023348306
"S0050",43,1.52585555906562
"S0050",44,1.54772431866519
"S0050",45,1.56754224133347
"S0050",46,1.58516259382194
"S0050",47,1.60949489453457
"S0050",48,1.63112528175138
"S0050",49,1.64905434604477
"S0050",50,1.65658533318602
"S0050",51,1.66606628310045
"S0050",52,1.67443213281323
"S0050",53,1.6893818561391
"S0050",54,1.69498120063111
"S0050",55,1.7078050008319
"S0050",56,1.71804830189633
"S0050",57,1.73110914588241
"S0050",58,1.77757293217874
"S0050",59,1.82282771470077
"S0050",60,1.85115274955707
"S0050",61,1.88759459903514
"S0050",62,1.91010329524588
"S0050",63,1.93535412488054
"S0050",64,1.96933060356775
"S0050",65,1.98947954651688
"S0050",66,2.02704142397502
"S0050",67,2.04814840978872
"S0050",68,2.09632756647635
"S0050",69,2.13364835988129
"S0050",70,2.15033995140309
"S0050",71,2.18027871437239
"S0050",72,2.2142005852196
"S0050",73,2.24615413676766
"S0050",74,2.28603225244565
"S0050",75,2.31702812299277
"S0050",76,2.35417646734802
"S0050",77,2.38181798208122
"S0050",78,2.42408743412687
"S0050",79,2.45986954922479
"S0050",80,2.50638633294879
"S0050",81,2.54820135464399
"S0050",82,2.59496040641254
"S0050",83,2.69704938921932
"S0050",84,2.74897440862104
"S0050",85,2.87279549075437
"S0050",86,2.92885589687753
"S0050",87,2.94695004617322
"S0050",88,2.99191738428801
"S0050",89,3.01553228401238
"S0050",90,3.0297009252867
"S0050",91,3.06215625610392
"S0050",92,3.16575935697495
"S0050",93,3.1777074009559
"S0050",94,3.19499809084072
"S0050",95,3.19917296550959
"S0050",96,3.20383073319703
"S0050",97,3.21473198087347
"S0050",98,3.23357324406215
"S0050",99,3.24913772293442
"S0050",100,3.31470403115875
"S0050",101,3.36913847378777
"S0050",102,3.38797471846103
"S0050",103,3.46324223056328
"S0050",104,3.50813496038913
"S0050",105,3.57984263640265
"S0050",106,3.60550411220283
"S0050",107,3.640317437513
"S0050",108,3.67449018341827
"S0050",109,3.67818036529573
"S0050",110,3.69816425154167
"S0050",111,3.71785532628249
"S0050",112,3.72733615325179
"S0050",113,3.7368984100463
"S0050",114,3.7872413409533
"S0050",115,3.81998136220437
"S0050",116,3.83477325378439
"S0050",117,3.84527774898623
"S0050",118,3.85179912578741
"S0050",119,3.86381207820024
"S0050",120,3.86950076453905
"S0050",121,3.88748203115699
"S0050",122,3.92546052688674
"S0050",123,3.9302800131311
"S0050",124,3.95377374899204
"S0050",125,4.04141094869775
"S0050",126,4.10940738474745
"S0050",127,4.18692008228514
"S0050",128,4.25015130761004
"S0050",129,4.29737667425164
"S0050",130,4.35206581819642
"S0050",131,4.4065470385096
"S0050",132,4.46496634368852
"S0050",133,4.5362069188147
"S0050",134,4.58249165170507
"S0050",135,4.62625661893974
"S0050",136,4.69748412976871
"S0050",137,4.76130053290308
"S0050",138,4.80703734074754
"S0050",139,4.86311828776324
"S0050",140,4.918359705646
"S0050",141,4.9547740065319
"S0050",142,5.24736074759751
"S0050",143,5.37410032838657
"S0050",144,5.55021622313969
"S0050",145,5.58482165285109
"S0050",146,5.64021940625838
"S0050",147,5.65880131827604
"S0050",148,5.703767837662
"S0050",149,5.7108905793418
"S0050",150,5.75703713915632
"S0050",151,5.79352743658551
"S0050",152,5.85940629487593
"S0050",153,5.89614471748536
"S0050",154,5.90880428129276
"S0050",155,5.91817577916994
"S0050",156,5.93557364005029
"S0050",157,5.95893483037008
"S0050",158,6.01566883998813
"S0050",159,6.02727560064363
"S0050",160,6.04150880671467
"S0050",161,6.04603143252194
"S0050",162,6.05622224036241
"S0050",163,6.06352194478596
"S0050",164,6.11922583786189
"S0050",165,6.25002597847497
"S0050",166,6.30132920223269
"S0051",1,0
"S0051",2,0.14271788813977
"S0051",3,0.247849609613631
"S0051",4,0.438126848846937
"S0051",5,0.565611998462434
"S0051",6,0.672376343496729
"S0051",7,0.81570002438692
"S0051",8,1.056652152745
"S0051",9,1.17515423957799
"S0051",10,1.29468033086075
"S0051",11,1.38808521520633
"S0051",12,1.56395953521279
"S0051",13,1.70866851004512
"S0051",14,1.74168245574591
"S0051",15,1.76475867437751
"S0051",16,1.78640169741473
"S0051",17,1.82146426027231
"S0051",18,1.97037297993812
"S0051",19,2.04786231540316
"S0051",20,2.15067070779069
"S0051",21,2.30855018524197
"S0051",22,2.49246896370774
"S0051",23,2.70726799558063
"S0051",24,2.94820712611349
"S0051",25,3.0233381971598
"S0051",26,3.13790897935626
"S0051",27,3.33815098210666
"S0051",28,3.44535305641074
"S0051",29,3.61056959957289
"S0051",30,5.06513714947211
"S0051",31,5.17585275360623
"S0051",32,5.29000439027924
"S0051",33,5.36869681187377
"S0051",34,5.47028695441742
"S0051",35,5.66111956154729
"S0051",36,5.74809328862102
"S0051",37,5.9023144740264
"S0051",38,5.98809113764532
"S0051",39,6.19734663331079
"S0051",40,6.28540353275593
"S0051",41,6.3271530400046
"S0051",42,6.36967618865093
"S0051",43,6.39313097943236
"S0051",44,6.44087380267366
"S0051",45,6.46854914001053
"S0051",46,6.50827847762336
"S0051",47,6.52941381001989
"S0051",48,6.637338554025
"S0051",49,6.76080989675848
"S0051",50,6.83394943005098
"S0051",51,6.98457137102597
"S0051",52,7.07725593383017
"S0051",53,7.24630135043934
"S0051",54,7.38845354478796
"S0051",55,7.50756991424035
"S0051",56,7.57749551224622
"S0051",57,7.67001294392636
"S0051",58,7.74203300762148
"S0051",59,8.02182697142163
"S0051",60,8.23189057367232
"S0051",61,8.3406028054711
"S0051",62,8.4587336192529
"S0051",63,8.68322834007876
"S0051",64,9.0791227037503
"S0051",65,9.23780203448977
"S0051",66,9.8353524834759
"S0051",67,10.0183623997198
"S0051",68,10.1545280985119
"S0051",69,10.2099503740544
"S0051",70,10.3708872960091
"S0051",71,10.4878846358109
"S0051",72,10.5648106890791
"S0051",73,10.7601469136571
"S0051",74,10.9182435431395
"S0051",75,11.0651009766351
"S0051",76,11.1893988074265
"S0051",77,11.3039241464315
"S0051",78,13.1227974460525
"S0051",79,13.3407386793232
"S0051",80,13.6787913773541
"S0051",81,13.9388218872085
"S0051",82,14.0906443101784
"S0051",83,14.391849743984
"S0051",84,14.7319800514504
"S0051",85,15.0677236802976
"S0051",86,15.2169593436858
"S0051",87,15.3355260175608
"S0051",88,15.5482670632497
"S0051",89,15.7913422988179
"S0051",90,15.8982981099476
"S0051",91,16.9091833271374
"S0051",92,17.7026934258927
"S0051",93,18.3984223985959
"S0051",94,18.6995258510123
"S0051",95,19.0964870735588
"S0051",96,19.4322706068892
"S0051",97,19.4461381671078
"S0051",98,19.6197812376363
"S0051",99,19.6731678044786
"S0051",100,19.7102656729162
"S0051",101,19.720312598489
"S0051",102,19.7371752610658
"S0051",103,19.9798616987041
"S0051",104,20.0432253817706
"S0051",105,20.3778653138934
"S0051",106,20.4098509562205
"S0051",107,20.4934749450084
"S0051",108,20.5043317580315
"S0051",109,20.5176491070906
"S0051",110,20.7594584254477
"S0051",111,20.9110420237822
"S0051",112,20.9684113337069
"S0051",113,21.1126358348903
"S0051",114,21.1312032919995
"S0051",115,21.1568226906528
"S0051",116,21.1866608431864
"S0051",117,21.1962920743637
"S0051",118,21.2511912143736
"S0051",119,21.2727884327601
"S0051",120,21.3136250437349
"S0051",121,21.3503757467493
"S0051",122,21.3974134040252
"S0051",123,21.5407574939839
"S0051",124,21.6217513460584
"S0051",125,21.7618384973864
"S0051",126,21.8941022313688
"S0051",127,21.9164347659924
"S0051",128,21.9533754057429
"S0051",129,22.0479304714764
"S0051",130,22.3444656164262
"S0051",131,22.5245466441581
"S0051",132,22.6311726599722
"S0051",133,22.8212960907308
"S0051",134,23.1806617830741
"S0051",135,23.4069114494372
"S0051",136,23.4526355480636
"S0051",137,23.4814010628053
"S0051",138,23.5249378579601
"S0051",139,23.6277886668737
"S0051",140,23.6861673189791
"S0051",141,23.7505995661542
"S0051",142,24.3104114566826
"S0051",143,24.5457085662086
"S0051",144,24.5832778403586
"S0051",145,24.7761886593533
"S0051",146,25.7874722060704
"S0051",147,25.9498601161908
"S0051",148,26.0676954484115
"S0051",149,26.1156576206925
"S0051",150,26.1361345863586
"S0051",151,26.1539512938985
"S0051",152,26.1930307800257
"S0051",153,26.2557846905402
"S0051",154,26.284581059244
"S0051",155,26.5324414510761
"S0051",156,26.6261879769988
"S0051",157,26.654579000602
"S0051",158,26.7188238504806
"S0051",159,26.8795273442297
"S0051",160,27.0703329273914
"S0051",161,27.6352479436248
"S0052",1,0
"S0052",2,0.38765328491386
"S0052",3,0.505909235396026
"S0052",4,0.616218929195924
"S0052",5,0.760186318878897
"S0052",6,0.908503062273808
"S0052",7,1.07420794380725
"S0052",8,1.1995575524746
"S0052",9,1.33545691037979
"S0052",10,1.5151577378464
"S0052",11,1.7590613315933
"S0052",12,1.92047909056817
"S0052",13,1.98099937035593
"S0052",14,2.13824106826948
"S0052",15,2.22964062506347
"S0052",16,2.28444525279108
"S0052",17,2.32999591148205
"S0052",18,2.35808611407081
"S0052",19,2.39793499120927
"S0052",20,2.55767291791649
"S0052",21,2.71066494806514
"S0052",22,2.87365034371488
"S0052",23,3.0138254006095
"S0052",24,3.07748299337392
"S0052",25,3.30702324304681
"S0052",26,3.42618186930073
"S0052",27,3.54549262203135
"S0052",28,3.78435767285513
"S0052",29,3.93530796599694
"S0052",30,4.06847441300834
"S0052",31,4.35857981871814
"S0052",32,4.54436882412712
"S0052",33,4.73064240731039
"S0052",34,4.90109606960846
"S0052",35,5.11386523618746
"S0052",36,6.63639427611056
"S0052",37,6.77984771342948
"S0052",38,6.99828713872597
"S0052",39,7.15554491834657
"S0052",40,7.35223828825458
"S0052",41,7.51092762592765
"S0052",42,7.68395617687357
"S0052",43,7.86276366637029
"S0052",44,8.04620589711827
"S0052",45,8.22532137500384
"S0052",46,8.39680720193568
"S0052",47,8.6124847380789
"S0052",48,8.81711931089738
"S0052",49,9.03541977710348
"S0052",50,9.20101690036888
"S0052",51,9.36552177763883
"S0052",52,9.54509813422368
"S0052",53,9.70644597364659
"S0052",54,9.88067326621497
"S0052",55,10.1189463725497
"S0052",56,10.3467646148751
"S0052",57,10.656833127276
"S0052",58,10.8922631967023
"S0052",59,10.9336838084484
"S0052",60,11.0290125300067
"S0052",61,11.1914476105965
"S0052",62,11.3700362033356
"S0052",63,11.5378423420319
"S0052",64,11.6783899793696
"S0052",65,11.9035217834186
"S0052",66,11.9281643436202
"S0052",67,11.960666706331
"S0052",68,11.9991070268534
"S0052",69,12.2324117215409
"S0052",70,12.4739586670301
"S0052",71,12.5889253748466
"S0052",72,12.7007454182545
"S0052",73,12.7965913497838
"S0052",74,12.9253093644349
"S0052",75,13.0815070699898
"S0052",76,13.2587642061498
"S0052",77,13.3700624548638
"S0052",78,13.4503494037874
"S0052",79,13.5660908870145
"S0052",80,13.67297931429
"S0052",81,13.8472184651032
"S0052",82,13.9820855411505
"S0052",83,14.1030907490022
"S0052",84,14.199254916612
"S0052",85,14.5245398643513
"S0052",86,14.7313098705206
"S0052",87,14.8912253981289
"S0052",88,15.0702811405891
"S0052",89,15.2754404497603
"S0052",90,15.4837257557767
"S0052",91,15.6522149259255
"S0052",92,15.9029469107081
"S0052",93,16.1579013193506
"S0052",94,16.4352577992833
"S0052",95,16.5431317514321
"S0052",96,16.6929990959567
"S0052",97,16.9276969629949
"S0052",98,17.1480489563764
"S0052",99,17.4082473555608
"S0052",100,17.6071241591017
"S0052",101,17.9065044370141
"S0052",102,18.0938461873876
"S0052",103,18.3900457783232
"S0052",104,19.5311587679575
"S0052",105,19.8322250968657
"S0052",106,20.1039737452616
"S0052",107,20.2915290064502
"S0052",108,20.4283673381301
"S0052",109,20.6322873715276
"S0052",110,20.6541678207978
"S0052",111,20.6733406103126
"S0052",112,20.7001415758246
"S0052",113,20.7321725671553
"S0052",114,20.7538469171065
"S0052",115,20.7795900907727
"S0052",116,20.8202424631528
"S0052",117,20.8914090780196
"S0052",118,21.0217977367663
"S0052",119,21.1136502996311
"S0052",120,21.2222488856072
"S0052",121,21.5130024828351
"S0052",122,21.5506232230675
"S0052",123,21.560037373966
"S0052",124,21.6045742184064
"S0052",125,21.7107616905817
"S0052",126,21.7476504789596
"S0052",127,21.762027981623
"S0052",128,21.8343963448298
"S0052",129,21.851848768504
"S0052",130,22.0285034813474
"S0052",131,22.1818289006777
"S0052",132,22.2557883169687
"S0052",133,22.4157739861248
"S0052",134,22.5006161473206
"S0052",135,22.6448375098906
"S0052",136,22.7221184819365
"S0052",137,22.7906083868778
"S0052",138,22.871624891127
"S0052",139,22.9915937490805
"S0052",140,23.0064945160809
"S0052",141,23.1737979376093
"S0052",142,23.2763197172304
"S0052",143,23.3957331580299
"S0052",144,23.7190028780909
"S0052",145,24.1705543070795
"S0052",146,24.2692393530222
"S0052",147,24.3629897770386
"S0052",148,24.4432206924558
"S0052",149,24.4959313160451
"S0052",150,24.5626087768183
"S0052",151,24.5932933296512
"S0052",152,24.8071553704937
"S0052",153,24.8779670349886
"S0052",154,24.9169290847837
"S0052",155,24.9911661106446
"S0052",156,25.0415505307201
"S0052",157,25.0960884641881
"S0052",158,26.0265881679693
"S0052",159,26.2290795119593
"S0053",1,0
"S0053",2,0.738980125172593
"S0053",3,1.43336237985344
"S0053",4,2.14710004180136
"S0053",5,2.53513482304245
"S0053",6,2.8055369145958
"S0053",7,2.9636299574663
"S0053",8,3.1125443844538
"S0053",9,3.28263657049905
"S0053",10,3.9090146944764
"S0053",11,4.08478955418979
"S0053",12,4.17171295970049
"S0053",13,4.30905745605935
"S0053",14,4.44604789067468
"S0053",15,4.53722928237948
"S0053",16,4.67903480666519
"S0053",17,5.80947300397324
"S0053",18,6.2908122781967
"S0053",19,7.122263345744
"S0053",20,12.1022229756857
"S0053",21,13.1505086087748
"S0053",22,13.4612375779566
"S0053",23,13.7718674896107
"S0053",24,14.9925591471736
"S0053",25,16.1723599461999
"S0053",26,17.0292626346066
"S0053",27,17.5203006863182
"S0053",28,18.2993985790419
"S0053",29,19.2074600464756
"S0053",30,19.9945367776635
"S0053",31,20.9042020692348
"S0053",32,22.5807377222604
"S0053",33,26.7485475634834
"S0053",34,27.1773047360469
"S0053",35,27.7446228293889
"S0053",36,27.9726632553341
"S0053",37,28.6792117125874
"S0053",38,28.7031254214557
"S0053",39,28.9569258510607
"S0053",40,29.026306709964
"S0053",41,29.189345961158
"S0053",42,29.5005525199289
"S0053",43,29.6937894956888
"S0053",44,29.9796588416387
"S0053",45,30.605906714069
"S0053",46,30.6680035553941
"S0053",47,30.7325079222722
"S0053",48,30.7672697650426
"S0053",49,30.9277115290738
"S0053",50,31.0287982482351
"S0053",51,31.0695731431454
"S0053",52,31.1212619619237
"S0053",53,31.1763006364337
"S0053",54,31.241028432819
"S0053",55,31.7010632195946
"S0053",56,31.8204707940041
"S0053",57,32.1360369316119
"S0053",58,32.6488158364733
"S0053",59,32.8744210495258
"S0053",60,33.2559679933776
"S0053",61,33.5466258771263
"S0053",62,33.6789594792379
"S0053",63,34.0441502795119
"S0053",64,34.3940865263233
"S0053",65,34.8054380689317
"S0053",66,35.5226955050985
"S0053",67,35.8936222185833
"S0053",68,36.4671503486452
"S0053",69,38.4964069221175
"S0053",70,38.9260301334535
"S0053",71,40.2220001545649
"S0053",72,40.8092032181967
"S0053",73,41.3984711773032
"S0053",74,42.5978265224344
"S0053",75,43.5894350534252
"S0053",76,43.7002432553122
"S0053",77,43.7684385837369
"S0053",78,43.8456814184632
"S0053",79,43.9250114358069
"S0053",80,44.0620704959222
"S0053",81,44.2083802136315
"S0053",82,44.2687354137736
"S0053",83,44.4087865101251
"S0053",84,44.8313692034639
"S0053",85,46.0242856336841
"S0053",86,47.0882824765545
"S0053",87,47.4005707478489
"S0053",88,47.6520318777535
"S0053",89,47.8754576757708
"S0053",90,48.0558908710408
"S0053",91,48.2035435906907
"S0053",92,48.3777109593181
"S0053",93,48.6541579390556
"S0053",94,48.7229857384046
"S0053",95,49.1518599804625
"S0053",96,49.4926685063288
"S0053",97,49.9531558877059
"S0053",98,50.2886507245418
"S0053",99,50.4014995503079
"S0053",100,50.6585565721985
"S0053",101,50.9744236261994
"S0053",102,51.1804800904278
"S0053",103,51.6058448115381
"S0053",104,52.106035046216
"S0053",105,52.5868198648461
"S0053",106,52.8384682282211
"S0053",107,53.0719631885127
"S0053",108,53.3365470347901
"S0053",109,53.5406536859879
"S0053",110,53.7967580850023
"S0053",111,54.9120385202156
"S0053",112,55.4709510735112
"S0053",113,55.8536728546672
"S0053",114,56.2725650180071
"S0053",115,56.7768846431176
"S0053",116,57.1149729873611
"S0053",117,57.5689811212752
"S0053",118,57.8885895156948
"S0053",119,58.3272401319512
"S0053",120,58.7015417894582
"S0053",121,59.0694808897134
"S0053",122,59.5977124870422
"S0053",123,60.4281340314628
"S0053",124,60.9549595951294
"S0053",125,62.6758154561449
"S0053",126,62.9430382245677
"S0053",127,63.17159768803
"S0053",128,63.3258571619802
"S0053",129,63.6787233455654
"S0053",130,63.8322824542846
"S0053",131,64.2028365167216
"S0053",132,64.3910261705922
"S0053",133,64.5440789826319
"S0053",134,64.771438938377
"S0053",135,64.9814156974738
"S0053",136,65.127299968072
"S0053",137,65.3175759837033
"S0053",138,65.6984784918131
"S0053",139,65.8348938310711
"S0053",140,66.0187059173827
"S0053",141,66.1078747757234
"S0053",142,66.2042030510788
"S0053",143,66.265906121945
"S0053",144,66.3178286525942
"S0053",145,66.3660177767477
"S0053",146,66.4928525113463
"S0053",147,66.7184685932314
"S0053",148,66.9251722604264
"S0053",149,67.1539268912976
"S0053",150,67.3835021265269
"S0053",151,67.6134760118985
"S0053",152,67.869804983449
"S0053",153,68.1327450939865
"S0053",154,68.4008193390988
"S0054",1,0
"S0054",2,0.453576930780251
"S0054",3,0.8583312638103
"S0054",4,1.37938105805272
"S0054",5,1.79918333512365
"S0054",6,2.25208531451755
"S0054",7,2.68701568422369
"S0054",8,3.13576504458283
"S0054",9,3.5973348880613
"S0054",10,4.01681034696782
"S0054",11,4.46733341242377
"S0054",12,4.94512282467646
"S0054",13,5.45719380563123
"S0054",14,5.86464570698215
"S0054",15,10.7043284435093
"S0054",16,11.2818338353907
"S0054",17,11.80290079922
"S0054",18,12.1475041751052
"S0054",19,13.607368899989
"S0054",20,14.0936349750397
"S0054",21,14.3561184450995
"S0054",22,14.7503550325189
"S0054",23,15.2313585014035
"S0054",24,15.4922862324155
"S0054",25,15.8893972917002
"S0054",26,16.28055400945
"S0054",27,16.5247640845265
"S0054",28,16.7366620265794
"S0054",29,16.8342706447652
"S0054",30,16.9181522080703
"S0054",31,17.1109364744082
"S0054",32,17.2384953790903
"S0054",33,17.3660092686881
"S0054",34,17.8520449058265
"S0054",35,18.0166084813807
"S0054",36,18.1764223886687
"S0054",37,18.2908091499351
"S0054",38,18.3673850462753
"S0054",39,18.4534438150338
"S0054",40,18.5049544075575
"S0054",41,18.6193381859118
"S0054",42,18.9587123432552
"S0054",43,20.0378854314571
"S0054",44,20.3996083109137
"S0054",45,20.9928238329083
"S0054",46,21.7304621724445
"S0054",47,22.2348652506174
"S0054",48,22.4043331135739
"S0054",49,22.8201502802623
"S0054",50,23.1208866629719
"S0054",51,23.3051160790647
"S0054",52,24.1397187701713
"S0054",53,24.4105507586097
"S0054",54,24.9081193147124
"S0054",55,25.2101013845522
"S0054",56,25.4579724120188
"S0054",57,25.5058922389027
"S0054",58,25.573751832365
"S0054",59,25.6589224842779
"S0054",60,25.7488587340749
"S0054",61,25.7940282779883
"S0054",62,25.9028895340021
"S0054",63,25.9820936891826
"S0054",64,26.3532412959383
"S0054",65,26.5466032735539
"S0054",66,26.9443365534584
"S0054",67,27.0844824490254
"S0054",68,27.3996127750098
"S0054",69,28.1790786556685
"S0054",70,28.8273610163706
"S0054",71,29.1033720288181
"S0054",72,29.6808620926817
"S0054",73,29.9565446660735
"S0054",74,30.3392528819827
"S0054",75,30.6493060629118
"S0054",76,31.0571780546271
"S0054",77,31.5046942830725
"S0054",78,31.709510389536
"S0054",79,31.8905655876459
"S0054",80,36.6662322449223
"S0054",81,36.7490059741628
"S0054",82,37.1307420050221
"S0054",83,37.1509785033541
"S0054",84,37.3084823829649
"S0054",85,37.6882942610439
"S0054",86,38.031126878586
"S0054",87,38.0941545778341
"S0054",88,38.3417988422027
"S0054",89,38.7344109489883
"S0054",90,38.896524589397
"S0054",91,39.1345268670048
"S0054",92,39.2839434693555
"S0054",93,39.7509465447443
"S0054",94,40.0137137473504
"S0054",95,40.0521714596772
"S0054",96,40.0742980981623
"S0054",97,40.1150593146007
"S0054",98,40.1905637530433
"S0054",99,40.266951700005
"S0054",100,40.3995817961221
"S0054",101,40.464832501458
"S0054",102,40.6796664824797
"S0054",103,40.7405626161559
"S0054",104,41.4230754121524
"S0054",105,41.4543034931986
"S0054",106,41.4782051120608
"S0054",107,41.5829681564203
"S0054",108,41.6390331180309
"S0054",109,42.0263632399384
"S0054",110,42.1079035627224
"S0054",111,42.1686341960542
"S0054",112,42.2299033255372
"S0054",113,42.6190615772033
"S0054",114,43.3075302102615
"S0054",115,44.0099503180459
"S0054",116,44.6575485176339
"S0054",117,45.2399063054118
"S0054",118,45.5766752096083
"S0054",119,46.0482914654046
"S0054",120,46.4461992814013
"S0054",121,46.8450701058319
"S0054",122,47.5195467468556
"S0054",123,48.1240852142272
"S0054",124,48.6510043496983
"S0054",125,49.1223619774178
"S0054",126,49.5285575368692
"S0054",127,50.109121192116
"S0054",128,53.0711732471918
"S0054",129,55.0620748309974
"S0054",130,55.5019071217755
"S0054",131,55.8269227559415
"S0054",132,56.02245701412
"S0054",133,56.2294360858987
"S0054",134,56.613150493851
"S0054",135,56.9197513738151
"S0054",136,57.172687465718
"S0054",137,57.373137743834
"S0054",138,57.5889896760354
"S0054",139,57.9885397726292
"S0054",140,58.3314429360045
"S0054",141,58.7486089283843
"S0054",142,59.1001497737212
"S0054",143,59.6275532316815
"S0054",144,59.898258015027
"S0054",145,60.1883069112603
"S0054",146,60.3868365775475
"S0054",147,60.8467414295723
"S0054",148,61.1815881156384
"S0054",149,61.6567035613683
"S0054",150,61.998343572897
"S0054",151,62.2712994987218
"S0054",152,62.5042578724038
"S0054",153,62.9153779078658
"S0054",154,63.3019269263155
"S0054",155,63.6936572064373
"S0054",156,64.203891993462
"S0054",157,64.5165463672618
"S0054",158,64.7728878324388
"S0054",159,65.0332752717452
"S0054",160,65.3970044335671
"S0054",161,65.8530365021334
"S0054",162,66.7477393531437
"S0054",163,67.1785336446966
"S0054",164,67.3744189889922
"S0054",165,67.6156653071326
"S0054",166,67.688346598729
"S0054",167,67.7776843298579
"S0054",168,67.8836285121172
"S0054",169,68.5251365580678
"S0054",170,68.9981234630197
"S0054",171,70.4801727463278
"S0055",1,0
"S0055",2,0.251812282930861
"S0055",3,0.485468039806504
"S0055",4,1.01754387126984
"S0055",5,1.39837360773817
"S0055",6,1.58489259903516
"S0055",7,1.91612197925334
"S0055",8,2.17082380269657
"S0055",9,2.73839105969145
"S0055",10,3.10223062334555
"S0055",11,3.39029228747821
"S0055",12,3.84563026323151
"S0055",13,4.27554527420366
"S0055",14,4.56018465459136
"S0055",15,5.02979574601192
"S0055",16,5.45304052176472
"S0055",17,5.82465277744997
"S0055",18,5.97450195288881
"S0055",19,6.2238869532662
"S0055",20,6.57254765522445
"S0055",21,6.88866919122569
"S0055",22,7.12657689368673
"S0055",23,7.97616384174567
"S0055",24,8.51916415387613
"S0055",25,9.93957958198162
"S0055",26,10.3329083234382
"S0055",27,10.4292417132743
"S0055",28,10.5785967511484
"S0055",29,10.8175352791057
"S0055",30,11.3173251932873
"S0055",31,12.5613005270019
"S0055",32,13.3575816384346
"S0055",33,13.533021471243
"S0055",34,13.7206994197127
"S0055",35,13.8185156259165
"S0055",36,14.4545093282477
"S0055",37,15.2022976213908
"S0055",38,15.6449209283732
"S0055",39,15.7953360983151
"S0055",40,16.0354821344016
"S0055",41,16.5341235665315
"S0055",42,16.9438154196507
"S0055",43,16.971204924069
"S0055",44,17.0408998954908
"S0055",45,17.0815888315399
"S0055",46,17.4107690864544
"S0055",47,17.5539425584976
"S0055",48,17.6655537792443
"S0055",49,17.7996727637816
"S0055",50,17.8651911290025
"S0055",51,18.5273733399443
"S0055",52,18.8638394132063
"S0055",53,19.4178612088643
"S0055",54,19.7449996182965
"S0055",55,19.9062684580603
"S0055",56,20.0526797982773
"S0055",57,20.3384416861322
"S0055",58,20.5993988290981
"S0055",59,20.6721453019719
"S0055",60,21.3965601874093
"S0055",61,21.5608085195163
"S0055",62,21.7122370693582
"S0055",63,22.6448389862181
"S0055",64,23.2645555625083
"S0055",65,23.9546660520074
"S0055",66,24.2199175091515
"S0055",67,24.4491498584353
"S0055",68,24.6583039596633
"S0055",69,24.839323005129
"S0055",70,24.9361289866414
"S0055",71,25.1706654715278
"S0055",72,25.3643894837432
"S0055",73,25.6415309735977
"S0055",74,25.8124549480423
"S0055",75,25.9094611547902
"S0055",76,25.9823140659823
"S0055",77,26.0740020087474
"S0055",78,26.1346399312219
"S0055",79,26.2075691521125
"S0055",80,26.3096507004104
"S0055",81,26.3744920707775
"S0055",82,26.4468102965579
"S0055",83,26.5179639376904
"S0055",84,26.650823847122
"S0055",85,26.8082605852897
"S0055",86,27.0943309172357
"S0055",87,27.3568812022264
"S0055",88,27.5573760515552
"S0055",89,27.7686006018624
"S0055",90,28.12526601504
"S0055",91,28.4948634719265
"S0055",92,28.7299486794075
"S0055",93,28.9343633635782
"S0055",94,29.231650857809
"S0055",95,29.5343781234416
"S0055",96,29.8276277379312
"S0055",97,30.0430719474379
"S0055",98,30.2366679777953
"S0055",99,31.2959350337037
"S0055",100,32.2049359948903
"S0055",101,32.4505638882303
"S0055",102,32.815628540068
"S0055",103,33.3657694147567
"S0055",104,33.4115062531213
"S0055",105,33.5314290574599
"S0055",106,33.6757111421429
"S0055",107,33.8197616577357
"S0055",108,34.0636047732845
"S0055",109,34.1567887628129
"S0055",110,34.6843432653093
"S0055",111,34.7284748320152
"S0055",112,34.7620992994185
"S0055",113,34.9939973467863
"S0055",114,35.2166177929048
"S0055",115,35.3140091918771
"S0055",116,35.3942968729497
"S0055",117,35.4571648444407
"S0055",118,35.5041674814939
"S0055",119,35.7255324029476
"S0055",120,36.093259136047
"S0055",121,36.3803469957761
"S0055",122,36.8702104644434
"S0055",123,37.0214843336452
"S0055",124,37.5092600992607
"S0055",125,38.1739523445741
"S0055",126,39.1170091389447
"S0055",127,39.4982225868517
"S0055",128,40.7204859619876
"S0055",129,41.10905374163
"S0055",130,41.4663533687817
"S0055",131,41.9711741700417
"S0055",132,42.4290985092094
"S0055",133,42.7774771434602
"S0055",134,43.3687167638318
"S0055",135,43.9594796777343
"S0055",136,44.5303623231266
"S0055",137,45.0850216376744
"S0055",138,45.515031752098
"S0055",139,46.2003243498076
"S0055",140,46.6489883476452
"S0055",141,50.7408192590859
"S0055",142,51.6341737530139
"S0055",143,52.3661906044128
"S0055",144,53.3641604863874
"S0055",145,54.2191746250018
"S0055",146,54.873285188715
"S0055",147,55.6128011581848
"S0055",148,56.4760178423947
"S0055",149,57.2461939745617
"S0055",150,58.3418849339304
"S0055",151,59.585713006352
"S0055",152,60.534236553152
"S0055",153,61.3091440271473
"S0055",154,62.0180498014404
"S0055",155,66.0965873439531
"S0056",1,0
"S0056",2,0.583797275049053
"S0056",3,0.976964090851378
"S0056",4,1.41774106856243
"S0056",5,1.86967902232607
"S0056",6,2.17755481385659
"S0056",7,2.57866566708975
"S0056",8,3.10788792889888
"S0056",9,3.48756623670215
"S0056",10,3.74837675762329
"S0056",11,4.29898645850982
"S0056",12,4.7962486602979
"S0056",13,5.13030441593528
"S0056",14,6.3868210864082
"S0056",15,6.60873226511336
"S0056",16,6.79791656032463
"S0056",17,6.9612835255493
"S0056",18,7.11412898378175
"S0056",19,7.31232943805974
"S0056",20,7.48703303636009
"S0056",21,7.65835452459195
"S0056",22,7.93349534140808
"S0056",23,8.13597178660286
"S0056",24,8.32260556552138
"S0056",25,8.5030671021289
"S0056",26,8.65703574470822
"S0056",27,8.8301801843289
"S0056",28,9.00919535206611
"S0056",29,9.16777858872773
"S0056",30,9.36755569708199
"S0056",31,10.5147461414024
"S0056",32,11.4694185217902
"S0056",33,11.5897577376825
"S0056",34,11.793207251776
"S0056",35,12.0886175062745
"S0056",36,12.4219012840309
"S0056",37,12.5742746305872
"S0056",38,12.6839519111725
"S0056",39,12.7516410831156
"S0056",40,12.8188716230067
"S0056",41,13.0681902431585
"S0056",42,13.1269068082442
"S0056",43,13.1771672999995
"S0056",44,13.2568090489382
"S0056",45,13.2963493237323
"S0056",46,13.3478516468025
"S0056",47,13.4309829860814
"S0056",48,13.7337140651292
"S0056",49,14.0018215442689
"S0056",50,14.1072979782177
"S0056",51,14.2690117617911
"S0056",52,14.6400477402049
"S0056",53,15.0518372715319
"S0056",54,15.3130036264319
"S0056",55,15.5416252214048
"S0056",56,15.5987496123442
"S0056",57,15.7045337214973
"S0056",58,15.7330592584537
"S0056",59,15.7797397195866
"S0056",60,15.8286909285864
"S0056",61,15.8656746687847
"S0056",62,16.1818141422554
"S0056",63,16.4403781053591
"S0056",64,16.8304856425706
"S0056",65,16.9650771277344
"S0056",66,17.1737705630656
"S0056",67,17.342478247002
"S0056",68,17.4844540390781
"S0056",69,17.7715652590186
"S0056",70,17.9500129605302
"S0056",71,18.0480994126532
"S0056",72,18.1253528642039
"S0056",73,18.2041525474884
"S0056",74,18.3370707943038
"S0056",75,18.6281882544448
"S0056",76,18.6971242215921
"S0056",77,18.8396364773874
"S0056",78,18.9453484832046
"S0056",79,19.0323222376368
"S0056",80,19.2525838355207
"S0056",81,19.2900408135807
"S0056",82,19.4735290598905
"S0056",83,19.6193781105101
"S0056",84,19.7963318367293
"S0056",85,19.8535522624019
"S0056",86,19.8790532405871
"S0056",87,20.2572206334283
"S0056",88,20.7538904097441
"S0056",89,20.9053070016173
"S0056",90,20.9913582798632
"S0056",91,21.1110757057541
"S0056",92,21.1823631212457
"S0056",93,21.3629630268366
"S0056",94,21.5054361805721
"S0056",95,21.6529414443006
"S0056",96,21.7960062858025
"S0056",97,21.81578876607
"S0056",98,21.8772872438526
"S0056",99,21.9114857799432
"S0056",100,21.9498272048262
"S0056",101,21.9918959608484
"S0056",102,22.0432292923851
"S0056",103,22.1254272193842
"S0056",104,22.2322529074024
"S0056",105,22.3620822178555
"S0056",106,22.4683157054408
"S0056",107,22.5963194749052
"S0056",108,22.7005342051879
"S0056",109,22.7376187841911
"S0056",110,22.8305924613039
"S0056",111,23.0226711183293
"S0056",112,23.1524988673226
"S0056",113,23.257285087759
"S0056",114,23.3595092907508
"S0056",115,23.4872042393727
"S0056",116,23.5946058872197
"S0056",117,23.6365860123684
"S0056",118,25.0513205039812
"S0056",119,25.1906431957511
"S0056",120,25.4329499424464
"S0056",121,25.7194473900214
"S0056",122,25.856676226599
"S0056",123,26.0197003084918
"S0056",124,26.0944057349355
"S0056",125,26.2139953670835
"S0056",126,26.382868240123
"S0056",127,26.5133919039665
"S0056",128,26.7956807928741
"S0056",129,26.8642877635628
"S0056",130,26.8859168055089
"S0056",131,26.9188602191869
"S0056",132,26.9872212904501
"S0056",133,27.056213736911
"S0056",134,27.0899579231247
"S0056",135,27.1184598716754
"S0056",136,27.1566918780191
"S0056",137,27.3280285241289
"S0056",138,27.4870467842579
"S0056",139,27.5818828535552
"S0056",140,27.6866246533045
"S0056",141,27.730316958951
"S0056",142,27.9496130891513
"S0056",143,28.0206385597892
"S0056",144,28.2262847730663
"S0056",145,28.4069015474092
"S0056",146,28.5770551932034
"S0056",147,28.7030668315272
"S0056",148,28.8560820085807
"S0056",149,29.0743675578462
"S0056",150,29.1913571254028
"S0056",151,29.2866253005013
"S0056",152,29.5173228107229
"S0057",1,0
"S0057",2,0.362630217060438
"S0057",3,0.673391567395054
"S0057",4,1.00306990524078
"S0057",5,1.30022003511633
"S0057",6,1.73406452053909
"S0057",7,2.05480120905268
"S0057",8,2.57262735554234
"S0057",9,2.85878119920183
"S0057",10,3.45997284977362
"S0057",11,3.92250011688174
"S0057",12,4.4074671369896
"S0057",13,4.92880212803964
"S0057",14,5.36131317192755
"S0057",15,5.78596212224898
"S0057",16,6.1656131270975
"S0057",17,8.73568690602483
"S0057",18,11.4600922371894
"S0057",19,13.3892428911925
"S0057",20,14.063582135374
"S0057",21,14.6360498788364
"S0057",22,15.2006081674989
"S0057",23,15.7227560762827
"S0057",24,16.298795204218
"S0057",25,16.8311934811149
"S0057",26,17.330649007658
"S0057",27,17.9344264881968
"S0057",28,18.5612703186786
"S0057",29,19.2464906072117
"S0057",30,19.9000807611506
"S0057",31,20.5169939899168
"S0057",32,21.1395197965997
"S0057",33,21.8134491164158
"S0057",34,24.7803149057008
"S0057",35,24.9767428597172
"S0057",36,25.5342958059933
"S0057",37,25.7372327274404
"S0057",38,26.0617158734174
"S0057",39,26.7159609499784
"S0057",40,27.3103604185317
"S0057",41,27.708205370404
"S0057",42,28.0072769207382
"S0057",43,28.3326230876005
"S0057",44,28.8078172525712
"S0057",45,29.2902227167009
"S0057",46,29.7404069295749
"S0057",47,30.1860893620773
"S0057",48,30.6237899095494
"S0057",49,30.9268701929641
"S0057",50,31.3055859522856
"S0057",51,31.8030942800565
"S0057",52,32.0429161580088
"S0057",53,32.6360507089913
"S0057",54,32.8624788558811
"S0057",55,33.604370796515
"S0057",56,33.9264098453246
"S0057",57,34.3846494828031
"S0057",58,35.5552720172099
"S0057",59,35.9729951067146
"S0057",60,36.3868237889012
"S0057",61,36.4755615540702
"S0057",62,36.5379070510458
"S0057",63,36.6266204468966
"S0057",64,36.7054057216471
"S0057",65,36.9951045137611
"S0057",66,37.7310021414921
"S0057",67,38.436539499491
"S0057",68,39.1968858510133
"S0057",69,39.642610280745
"S0057",70,40.0522291787649
"S0057",71,40.8230292151682
"S0057",72,41.1402470928908
"S0057",73,42.4260629035448
"S0057",74,43.0575260626351
"S0057",75,43.5955557077547
"S0057",76,43.9807940165823
"S0057",77,44.3630031662036
"S0057",78,44.7456184860371
"S0057",79,44.8811108955335
"S0057",80,44.9411931091832
"S0057",81,45.0749043150896
"S0057",82,45.2245525922998
"S0057",83,45.3090346596758
"S0057",84,45.4891608506046
"S0057",85,45.591152089845
"S0057",86,46.0771071534246
"S0057",87,46.2298461216717
"S0057",88,46.3110565568961
"S0057",89,46.3588194548513
"S0057",90,46.4872328891979
"S0057",91,46.5579242692206
"S0057",92,46.602223841606
"S0057",93,46.6983581828447
"S0057",94,46.7360454096027
"S0057",95,47.2573670679477
"S0057",96,47.9932227963866
"S0057",97,48.3542609952286
"S0057",98,48.696454306073
"S0057",99,49.0082444953674
"S0057",100,49.1300291974423
"S0057",101,49.7220637117474
"S0057",102,50.035965387441
"S0057",103,50.2082104100527
"S0057",104,50.4187047854851
"S0057",105,50.6277210147883
"S0057",106,51.0653924986746
"S0057",107,51.2587918612456
"S0057",108,51.5822206246948
"S0057",109,51.7359465590171
"S0057",110,51.8493786135263
"S0057",111,51.9224748029633
"S0057",112,52.0260838733226
"S0057",113,52.1469339746697
"S0057",114,52.1899866182378
"S0057",115,52.2791940034146
"S0057",116,52.3411969451891
"S0057",117,52.4326998800314
"S0057",118,52.6259664603386
"S0057",119,52.694460060643
"S0057",120,52.802389427283
"S0057",121,53.1965826316984
"S0057",122,53.4258087420017
"S0057",123,53.804676390655
"S0057",124,54.4398286223011
"S0057",125,54.8047913448171
"S0057",126,55.160792876872
"S0057",127,55.6297166047522
"S0057",128,56.0332937276364
"S0057",129,56.4163620828409
"S0057",130,56.5531805982249
"S0057",131,56.71126076637
"S0057",132,59.871953187065
"S0057",133,60.1983368072876
"S0057",134,60.4535613597022
"S0057",135,60.6729585143469
"S0057",136,60.9558203770726
"S0057",137,61.3185815353943
"S0057",138,61.7630840457507
"S0057",139,62.0556241580114
"S0057",140,62.185380485132
"S0057",141,62.2243579781666
"S0057",142,62.2532854182021
"S0057",143,62.3286983964649
"S0057",144,62.4339462476562
"S0057",145,62.5452264769029
"S0057",146,62.9736988397304
"S0057",147,63.2919913125892
"S0057",148,64.1319427457891
"S0057",149,64.2771160729576
"S0057",150,64.4591099448116
"S0057",151,64.7867246148965
"S0057",152,65.2659599242055
"S0057",153,65.6477946089856
"S0057",154,66.3415271273169
"S0057",155,66.7363565391783
"S0057",156,66.8324061564167
"S0057",157,66.9852776820786
"S0057",158,67.07473978122
"S0057",159,67.2418947749783
"S0057",160,67.3202122933235
"S0057",161,67.6562935341413
"S0057",162,68.2687816710238
"S0057",163,68.416547525898
"S0057",164,68.8572310939294
"S0057",165,69.2065571389257
"S0057",166,69.9645246639525
"S0058",1,0
"S0058",2,0.0148699013640571
"S0058",3,0.048278796435282
"S0058",4,0.069772489017631
"S0058",5,0.0827012026593083
"S0058",6,0.0909425371206401
"S0058",7,0.108676910248291
"S0058",8,0.135880610603898
"S0058",9,0.163473407643959
"S0058",10,0.172590285924896
"S0058",11,0.226826759901409
"S0058",12,0.237271626274076
"S0058",13,0.265123120233607
"S0058",14,0.275772728476868
"S0058",15,0.317918965019636
"S0058",16,0.332782595521548
"S0058",17,0.339124077621033
"S0058",18,0.341794321000943
"S0058",19,0.348641015853187
"S0058",20,0.382822119288943
"S0058",21,0.391261650566375
"S0058",22,0.41356601817975
"S0058",23,0.431707567993798
"S0058",24,0.493230723390448
"S0058",25,0.518315158788948
"S0058",26,0.540446722740162
"S0058",27,0.587130950750531
"S0058",28,0.608080040024608
"S0058",29,0.61612096735878
"S0058",30,0.694657580329266
"S0058",31,1.11081357124557
"S0058",32,1.17211945050487
"S0058",33,1.21383652144077
"S0058",34,1.25759427330896
"S0058",35,1.29535539132283
"S0058",36,1.32393772163457
"S0058",37,1.36657968619113
"S0058",38,1.42395830068627
"S0058",39,1.45748322361811
"S0058",40,1.48469659551213
"S0058",41,1.49273525866057
"S0058",42,1.49872883195106
"S0058",43,1.51216452711003
"S0058",44,1.52199422399339
"S0058",45,1.534968307274
"S0058",46,1.58415899231121
"S0058",47,1.64203979917754
"S0058",48,1.67998423118332
"S0058",49,1.72216660522227
"S0058",50,1.75352097148235
"S0058",51,1.79314004842327
"S0058",52,1.85735306656687
"S0058",53,1.9026697138899
"S0058",54,1.95966088386396
"S0058",55,2.00542449678502
"S0058",56,2.03020477160738
"S0058",57,2.08167395884008
"S0058",58,2.13776104119704
"S0058",59,2.20892248882414
"S0058",60,2.25204913663025
"S0058",61,2.33598443031121
"S0058",62,2.42622299840087
"S0058",63,2.45164548871283
"S0058",64,2.49238252923838
"S0058",65,2.53513021699542
"S0058",66,2.56554334425957
"S0058",67,2.58891126778028
"S0058",68,2.59921557726492
"S0058",69,2.61037365352046
"S0058",70,2.61954026809333
"S0058",71,2.63101846030746
"S0058",72,2.63989169699538
"S0058",73,2.65237231970203
"S0058",74,2.66538280602445
"S0058",75,2.6740273832582
"S0058",76,2.73552488342377
"S0058",77,2.74659168905074
"S0058",78,2.77472574392222
"S0058",79,2.7898277168357
"S0058",80,2.79272591634927
"S0058",81,2.81481677894287
"S0058",82,2.86436439362748
"S0058",83,2.92553641741523
"S0058",84,2.96750973734769
"S0058",85,3.05572688567592
"S0058",86,3.06637817708458
"S0058",87,3.10069631999951
"S0058",88,3.15409434866448
"S0058",89,3.18525586029698
"S0058",90,3.23305786446959
"S0058",91,3.26987584871865
"S0058",92,3.31771853544876
"S0058",93,3.36446600596616
"S0058",94,3.40327297994003
"S0058",95,3.4413870027164
"S0058",96,3.47884081252333
"S0058",97,3.51256624479578
"S0058",98,3.56970990974995
"S0058",99,3.62383802830974
"S0058",100,3.65507865861703
"S0058",101,3.94159699994318
"S0058",102,4.00864730093943
"S0058",103,4.03707100906012
"S0058",104,4.05885645270636
"S0058",105,4.13335011851651
"S0058",106,4.2072234512627
"S0058",107,4.28293436692223
"S0058",108,4.288797813947
"S0058",109,4.30383633291064
"S0058",110,4.31787807356053
"S0058",111,4.32620036486672
"S0058",112,4.34455754642146
"S0058",113,4.35377721755243
"S0058",114,4.36097409219434
"S0058",115,4.41451915629977
"S0058",116,4.43536641054198
"S0058",117,4.5344691892652
"S0058",118,4.59198577655267
"S0058",119,4.64110043524382
"S0058",120,4.65350307018735
"S0058",121,4.68697826341932
"S0058",122,4.72460639511611
"S0058",123,4.74231548678592
"S0058",124,4.76878740684568
"S0058",125,4.78402058267475
"S0058",126,4.79262867884292
"S0058",127,4.81541174680658
"S0058",128,4.84924849098195
"S0058",129,4.87488920412386
"S0058",130,4.87894078648762
"S0058",131,4.8985762416726
"S0058",132,4.91741155944127
"S0058",133,4.93489293975261
"S0058",134,4.95007790235415
"S0058",135,4.96127744739302
"S0058",136,4.97131620534974
"S0058",137,4.99283235716675
"S0058",138,5.02121486308324
"S0058",139,5.03643327504256
"S0058",140,5.06477070832854
"S0058",141,5.1101881702748
"S0058",142,5.13509767554909
"S0058",143,5.14850887252634
"S0058",144,5.1718651298982
"S0058",145,5.20760887190151
"S0058",146,5.29182973695399
"S0058",147,5.34151454309162
"S0058",148,5.40147212650893
"S0058",149,5.46017177641137
"S0058",150,5.52303205180491
"S0058",151,5.59602091836066
"S0058",152,5.65952358461562
"S0058",153,5.73057532107296
"S0058",154,5.80389383080907
"S0058",155,5.86054403838658
"S0058",156,5.93036952406929
"S0058",157,5.98198955150322
"S0058",158,6.04875128628795
"S0058",159,6.11841581476641
"S0058",160,6.18381688220783
"S0058",161,6.47473680267467
"S0058",162,6.72476680411383
"S0058",163,6.79460023974566
"S0058",164,6.9057993639592
"S0059",1,0
"S0059",2,0.0509513431265182
"S0059",3,0.108307782568881
"S0059",4,0.154158572735458
"S0059",5,0.210320107605299
"S0059",6,0.247921769281746
"S0059",7,0.29343166153275
"S0059",8,0.343085317803509
"S0059",9,0.396994757069923
"S0059",10,0.441257647856745
"S0059",11,0.492203745807529
"S0059",12,0.540619264756919
"S0059",13,0.557805804921238
"S0059",14,0.588430717597614
"S0059",15,0.616885539557828
"S0059",16,0.660553111747139
"S0059",17,0.743100082970402
"S0059",18,0.766968980117927
"S0059",19,0.773562905695367
"S0059",20,0.788020778619203
"S0059",21,0.821020595855148
"S0059",22,0.845922576015319
"S0059",23,0.876175928772298
"S0059",24,0.940882469824811
"S0059",25,0.986438616364263
"S0059",26,1.04686587589986
"S0059",27,1.10246315106415
"S0059",28,1.17024728982274
"S0059",29,1.19924041089262
"S0059",30,1.23122026571753
"S0059",31,1.29133110508647
"S0059",32,1.31920722545614
"S0059",33,1.35556965904297
"S0059",34,1.40006647638619
"S0059",35,1.47306013083238
"S0059",36,1.54257457136473
"S0059",37,1.59682960987879
"S0059",38,1.67267160867466
"S0059",39,1.74824369280538
"S0059",40,1.81224293106373
"S0059",41,1.82059861835273
"S0059",42,1.82852437708628
"S0059",43,1.84665284767129
"S0059",44,1.85438855440709
"S0059",45,1.87201814118488
"S0059",46,1.88504535566849
"S0059",47,1.91431021649242
"S0059",48,1.96326335363897
"S0059",49,2.02400489308688
"S0059",50,2.04691567697317
"S0059",51,2.10287496974147
"S0059",52,2.12562598926337
"S0059",53,2.16373599117209
"S0059",54,2.19343852723103
"S0059",55,2.20756078824371
"S0059",56,2.24297988908795
"S0059",57,2.2656550327959
"S0059",58,2.27936361826261
"S0059",59,2.31349472349163
"S0059",60,2.35763395373064
"S0059",61,2.37487803751306
"S0059",62,2.39590831254795
"S0059",63,2.42153125136119
"S0059",64,2.44612346026989
"S0059",65,2.4641760896828
"S0059",66,2.48216658409534
"S0059",67,2.50830676875189
"S0059",68,2.52582367538891
"S0059",69,2.54020750030241
"S0059",70,2.56562214070535
"S0059",71,2.57834917998178
"S0059",72,2.59580523885842
"S0059",73,2.65544358703685
"S0059",74,2.71643737384538
"S0059",75,2.78079394026168
"S0059",76,2.87992139672982
"S0059",77,2.95685205712669
"S0059",78,3.00803016858221
"S0059",79,3.07829072868227
"S0059",80,3.16913539843109
"S0059",81,3.25424598777334
"S0059",82,3.32741952797537
"S0059",83,3.40611361607178
"S0059",84,3.47421673339705
"S0059",85,3.54273210001816
"S0059",86,3.60747677650012
"S0059",87,3.6914755384991
"S0059",88,3.74832283609329
"S0059",89,4.10329856156619
"S0059",90,4.17441315743533
"S0059",91,4.22697699920487
"S0059",92,4.51958035959144
"S0059",93,4.5670092780288
"S0059",94,4.68288088844187
"S0059",95,4.72776384181114
"S0059",96,4.77387967858321
"S0059",97,4.82794520398639
"S0059",98,4.8730008107206
"S0059",99,4.91605444620409
"S0059",100,4.97874711118625
"S0059",101,5.00885869353105
"S0059",102,5.02568311505474
"S0059",103,5.03436104182747
"S0059",104,5.06337320555249
"S0059",105,5.08328477990042
"S0059",106,5.14776319926439
"S0059",107,5.15917660427687
"S0059",108,5.16627719063377
"S0059",109,5.17369803441872
"S0059",110,5.19666834499734
"S0059",111,5.21103044196911
"S0059",112,5.22857225365712
"S0059",113,5.26141879787166
"S0059",114,5.27418423867964
"S0059",115,5.33949013199772
"S0059",116,5.45936179603824
"S0059",117,5.47234096139229
"S0059",118,5.57634266457601
"S0059",119,5.6164823298035
"S0059",120,5.63603511008049
"S0059",121,5.65578603885121
"S0059",122,5.67475848346539
"S0059",123,5.71604350113128
"S0059",124,5.749769820258
"S0059",125,5.80098642639706
"S0059",126,5.8167909073919
"S0059",127,5.83344785321923
"S0059",128,5.85175793430622
"S0059",129,5.86381347675422
"S0059",130,5.87595229713364
"S0059",131,5.91807263864464
"S0059",132,5.94565989500024
"S0059",133,5.95948183996439
"S0059",134,6.02545691456225
"S0059",135,6.03772762607012
"S0059",136,6.04474739245973
"S0059",137,6.05183081107099
"S0059",138,6.05741003136578
"S0059",139,6.07239889355755
"S0059",140,6.09297353445124
"S0059",141,6.10045053888274
"S0059",142,6.13097467841806
"S0059",143,6.14092154163092
"S0059",144,6.15899479975718
"S0059",145,6.18453983856147
"S0059",146,6.23013375970092
"S0059",147,6.27789212094529
"S0059",148,6.29250285832306
"S0059",149,6.31323949899898
"S0059",150,6.32432955863702
"S0059",151,6.35727640009403
"S0059",152,6.39168566891325
"S0059",153,6.42233646952107
"S0060",1,0
"S0060",2,1.12555207614308
"S0060",3,1.99171923003418
"S0060",4,2.49229320466245
"S0060",5,3.29222396044123
"S0060",6,3.42198670553185
"S0060",7,3.59262805480375
"S0060",8,3.85189123863915
"S0060",9,3.91621821278641
"S0060",10,4.01124692138619
"S0060",11,4.06845011176222
"S0060",12,4.13776968199169
"S0060",13,4.74298337980279
"S0060",14,5.09369306728254
"S0060",15,5.20663056440734
"S0060",16,5.32639704269905
"S0060",17,5.53051573866776
"S0060",18,6.72650852396964
"S0060",19,6.90881791676725
"S0060",20,7.27815908594047
"S0060",21,7.53735798089769
"S0060",22,8.68432395708975
"S0060",23,9.00719523707518
"S0060",24,9.12176752713642
"S0060",25,9.26241996963628
"S0060",26,10.0930800421634
"S0060",27,10.1403573746624
"S0060",28,10.4141003054771
"S0060",29,10.5431809867482
"S0060",30,10.6397747451938
"S0060",31,10.9387979401341
"S0060",32,11.0692133816802
"S0060",33,11.2628736542145
"S0060",34,11.8289435708624
"S0060",35,12.2417797317419
"S0060",36,12.733943320613
"S0060",37,13.0474519516866
"S0060",38,13.0937882504524
"S0060",39,13.4413961779741
"S0060",40,13.486037858348
"S0060",41,13.6433520572055
"S0060",42,13.6754756945264
"S0060",43,14.3319363648211
"S0060",44,14.4065329162899
"S0060",45,14.6161735201337
"S0060",46,14.6905152695379
"S0060",47,14.8833247181693
"S0060",48,14.9441598111239
"S0060",49,16.3411896671412
"S0060",50,16.7286453957517
"S0060",51,17.2778355085582
"S0060",52,17.3328880336879
"S0060",53,17.6116852170646
"S0060",54,17.9876509030662
"S0060",55,18.3083199924717
"S0060",56,18.4555700952887
"S0060",57,18.5636677081969
"S0060",58,18.7361634849
"S0060",59,18.8728610795553
"S0060",60,19.1874460212743
"S0060",61,19.5377076667561
"S0060",62,20.0451032627918
"S0060",63,21.1351970800149
"S0060",64,21.5268966553794
"S0060",65,22.0851020727747
"S0060",66,23.0215962116001
"S0060",67,23.6375329659978
"S0060",68,24.1270989867426
"S0060",69,25.4547099918734
"S0060",70,26.2519051475828
"S0060",71,26.5874898657528
"S0060",72,27.2831489338616
"S0060",73,28.0620243410884
"S0060",74,29.1080397749705
"S0060",75,30.7450438131164
"S0060",76,33.6319759924482
"S0060",77,35.2716550384234
"S0060",78,36.7607405076157
"S0060",79,37.3960060481709
"S0060",80,37.9877766764256
"S0060",81,38.3911323086397
"S0060",82,38.8892563469443
"S0060",83,39.2589939212628
"S0060",84,39.6666097246712
"S0060",85,39.9735450825389
"S0060",86,40.576078555046
"S0060",87,40.8602544174892
"S0060",88,45.1536870802649
"S0060",89,45.3017479804587
"S0060",90,45.5230105636011
"S0060",91,45.7241840742162
"S0060",92,46.0144771098984
"S0060",93,46.2577919591838
"S0060",94,46.7035320009263
"S0060",95,47.0962382636336
"S0060",96,47.4454890269469
"S0060",97,47.8234345779706
"S0060",98,47.9056557307604
"S0060",99,48.0583307343014
"S0060",100,48.2126292942333
"S0060",101,48.2961338267843
"S0060",102,48.442253022445
"S0060",103,48.6658654644024
"S0060",104,48.8869488505054
"S0060",105,49.2392933588253
"S0060",106,49.4260067846344
"S0060",107,49.6444930632583
"S0060",108,49.8956257648037
"S0060",109,50.0952974708229
"S0060",110,54.8138106023371
"S0060",111,55.3583198068425
"S0060",112,55.6798825491219
"S0060",113,56.135538026363
"S0060",114,56.5782163704446
"S0060",115,57.2016718235853
"S0060",116,57.4824813691219
"S0060",117,57.7201886095551
"S0060",118,58.5239235615106
"S0060",119,58.8551214289513
"S0060",120,59.37241359567
"S0060",121,59.4569091704536
"S0060",122,59.5313209728506
"S0060",123,59.6188260886127
"S0060",124,59.7593564722832
"S0060",125,59.8324523358008
"S0060",126,60.3788349503887
"S0060",127,61.0587179633745
"S0060",128,61.2321809455924
"S0060",129,61.4790277360326
"S0060",130,61.884817186563
"S0060",131,62.1726277671838
"S0060",132,62.2985491610043
"S0060",133,62.5557079351576
"S0060",134,63.1550820287287
"S0060",135,63.2735804311372
"S0060",136,63.7413052505966
"S0060",137,63.832036977388
"S0060",138,64.2575455424546
"S0060",139,64.3858258836884
"S0060",140,64.8699245232805
